1,122,1510.00,139.00,51.00,160.00,1,1,1.0
1,14,1273.00,129.00,46.00,153.00,1,1,1.0
1,20,1326.00,128.00,46.00,151.00,1,1,1.0
1,25,69.00,147.00,83.00,231.00,1,1,1.0
1,33,442.00,134.00,58.00,196.00,1,1,1.0
1,5,1739.00,178.00,73.00,212.00,1,1,1.0
1,27,1060.00,109.00,37.00,130.00,1,1,1.0
1,23,1555.00,139.00,52.00,159.00,1,1,1.0
1,1,924.00,137.00,48.00,181.00,1,1,1.0
1,34,504.00,129.00,53.00,186.00,1,1,1.0
1,18,1282.00,121.00,42.00,140.00,1,1,1.0
1,31,1434.00,768.00,388.00,1063.00,1,1,1.0
1,12,1692.00,157.00,61.00,180.00,1,1,1.0
1,35,939.00,107.00,36.00,134.00,1,1,1.0
1,247,1545.00,148.00,57.00,172.00,1,1,1.0
1,19,1383.00,123.00,44.00,140.00,1,1,1.0
1,24,1651.00,137.00,51.00,152.00,1,1,1.0
1,9,894.00,360.00,145.00,523.00,1,1,1.0
1,36,750.00,118.00,39.00,158.00,1,1,1.0
1,8,1063.00,330.00,138.00,471.00,1,1,1.0
1,3,1013.00,156.00,58.00,208.00,1,1,1.0
1,15,1473.00,139.00,51.00,161.00,1,1,1.0
1,4,1120.00,164.00,61.00,215.00,1,1,1.0
1,2,1190.00,114.00,39.00,133.00,1,1,1.0
1,38,1214.00,124.00,44.00,149.00,1,1,1.0
1,0,938.00,135.00,48.00,177.00,1,1,1.0
1,7,1038.00,295.00,121.00,420.00,1,1,1.0
1,13,1732.00,155.00,60.00,177.00,1,1,1.0
1,22,1383.00,131.00,47.00,153.00,1,1,1.0
1,21,1651.00,142.00,53.00,159.00,1,1,1.0
1,17,1361.00,144.00,54.00,175.00,1,1,1.0
1,10,1202.00,128.00,46.00,156.00,1,1,1.0
1,37,953.00,104.00,34.00,128.00,1,1,1.0
2,4,1066.00,169.00,64.00,226.00,1,1,1.0
2,12,1652.00,153.00,60.00,176.00,1,1,1.0
2,22,1367.00,130.00,47.00,151.00,1,1,1.0
2,33,442.00,134.00,58.00,196.00,1,1,1.0
2,27,1060.00,109.00,37.00,130.00,1,1,1.0
2,21,1655.00,142.00,54.00,159.00,1,1,1.0
2,24,1642.00,137.00,51.00,151.00,1,1,1.0
2,19,1394.00,123.00,43.00,138.00,1,1,1.0
2,1,924.00,137.00,48.00,181.00,1,1,1.0
2,10,1179.00,127.00,44.00,154.00,1,1,1.0
2,3,955.00,160.00,59.00,217.00,1,1,1.0
2,35,938.00,107.00,35.00,134.00,1,1,1.0
2,0,934.00,135.00,47.00,177.00,1,1,1.0
2,5,1657.00,171.00,69.00,203.00,1,1,1.0
2,18,1258.00,122.00,43.00,143.00,1,1,1.0
2,15,1453.00,136.00,50.00,158.00,1,1,1.0
2,13,1711.00,152.00,59.00,173.00,1,1,1.0
2,7,884.00,303.00,120.00,437.00,1,1,1.0
2,2,1178.00,110.00,37.00,129.00,1,1,1.0
2,23,1556.00,139.00,51.00,158.00,1,1,1.0
2,383,1262.00,126.00,44.00,150.00,1,1,1.0
2,8,919.00,337.00,136.00,487.00,1,1,1.0
2,36,748.00,118.00,39.00,158.00,1,1,1.0
2,37,952.00,104.00,34.00,128.00,1,1,1.0
2,14,1279.00,125.00,44.00,148.00,1,1,1.0
2,122,1485.00,137.00,50.00,157.00,1,1,1.0
2,34,502.00,129.00,53.00,186.00,1,1,1.0
2,17,1296.00,139.00,51.00,167.00,1,1,1.0
2,247,1516.00,146.00,55.00,171.00,1,1,1.0
2,20,1320.00,129.00,46.00,151.00,1,1,1.0
2,9,743.00,369.00,144.00,542.00,1,1,1.0
3,18,1221.00,123.00,43.00,147.00,1,1,1.0
3,1,919.00,137.00,48.00,180.00,1,1,1.0
3,24,1642.00,137.00,51.00,151.00,1,1,1.0
3,19,1389.00,120.00,41.00,135.00,1,1,1.0
3,22,1375.00,130.00,47.00,152.00,1,1,1.0
3,247,1497.00,143.00,54.00,167.00,1,1,1.0
3,8,761.00,359.00,140.00,527.00,1,1,1.0
3,14,1284.00,123.00,43.00,143.00,1,1,1.0
3,0,931.00,134.00,47.00,176.00,1,1,1.0
3,35,936.00,107.00,35.00,133.00,1,1,1.0
3,34,504.00,129.00,53.00,186.00,1,1,1.0
3,3,898.00,166.00,61.00,229.00,1,1,1.0
3,7,697.00,307.00,118.00,452.00,1,1,1.0
3,10,1150.00,125.00,44.00,152.00,1,1,1.0
3,20,1318.00,128.00,46.00,151.00,1,1,1.0
3,27,1037.00,106.00,35.00,127.00,1,1,1.0
3,17,1271.00,134.00,49.00,163.00,1,1,1.0
3,33,444.00,134.00,58.00,196.00,1,1,1.0
3,122,1463.00,136.00,49.00,156.00,1,1,1.0
3,36,748.00,118.00,39.00,158.00,1,1,1.0
3,4,998.00,172.00,64.00,233.00,1,1,1.0
3,12,1634.00,151.00,58.00,174.00,1,1,1.0
3,23,1556.00,139.00,51.00,158.00,1,1,1.0
3,37,952.00,104.00,34.00,128.00,1,1,1.0
3,9,571.00,384.00,157.00,568.00,1,1,1.0
3,2,1168.00,108.00,36.00,124.00,1,1,1.0
3,5,1604.00,162.00,64.00,193.00,1,1,1.0
3,13,1696.00,149.00,57.00,168.00,1,1,1.0
3,21,1653.00,142.00,54.00,159.00,1,1,1.0
3,15,1457.00,136.00,50.00,156.00,1,1,1.0
4,21,1653.00,142.00,54.00,159.00,1,1,1.0
4,5,1555.00,158.00,62.00,189.00,1,1,1.0
4,37,950.00,104.00,34.00,128.00,1,1,1.0
4,40,1455.00,339.00,155.00,467.00,1,1,1.0
4,15,1438.00,133.00,48.00,153.00,1,1,1.0
4,24,1637.00,136.00,50.00,150.00,1,1,1.0
4,34,505.00,129.00,53.00,186.00,1,1,1.0
4,39,1824.00,173.00,70.00,200.00,1,1,1.0
4,7,498.00,315.00,135.00,471.00,1,1,1.0
4,0,944.00,134.00,47.00,175.00,1,1,1.0
4,23,1553.00,139.00,52.00,158.00,1,1,1.0
4,122,1434.00,129.00,46.00,146.00,1,1,1.0
4,18,1185.00,122.00,43.00,145.00,1,1,1.0
4,36,750.00,118.00,39.00,158.00,1,1,1.0
4,9,404.00,409.00,187.00,611.00,1,1,1.0
4,27,1038.00,104.00,34.00,124.00,1,1,1.0
4,1,912.00,136.00,48.00,179.00,1,1,1.0
4,12,1613.00,148.00,56.00,169.00,1,1,1.0
4,247,1483.00,141.00,53.00,164.00,1,1,1.0
4,3,841.00,170.00,62.00,236.00,1,1,1.0
4,35,937.00,107.00,35.00,133.00,1,1,1.0
4,8,568.00,354.00,145.00,525.00,1,1,1.0
4,383,1760.00,170.00,68.00,198.00,1,1,1.0
4,33,446.00,134.00,58.00,196.00,1,1,1.0
4,22,1358.00,126.00,45.00,146.00,1,1,1.0
4,2,1146.00,106.00,35.00,122.00,1,1,1.0
4,19,1406.00,120.00,42.00,133.00,1,1,1.0
4,10,1165.00,123.00,43.00,149.00,1,1,1.0
4,14,1271.00,121.00,42.00,140.00,1,1,1.0
4,4,940.00,177.00,66.00,243.00,1,1,1.0
4,20,1320.00,129.00,46.00,151.00,1,1,1.0
4,13,1675.00,147.00,56.00,166.00,1,1,1.0
4,17,1263.00,134.00,48.00,161.00,1,1,1.0
5,14,1245.00,116.00,40.00,135.00,1,1,1.0
5,24,1635.00,136.00,50.00,150.00,1,1,1.0
5,13,1678.00,146.00,56.00,164.00,1,1,1.0
5,19,1435.00,120.00,41.00,132.00,1,1,1.0
5,40,1282.00,350.00,156.00,493.00,1,1,1.0
5,17,1229.00,130.00,46.00,158.00,1,1,1.0
5,5,1521.00,153.00,59.00,181.00,1,1,1.0
5,9,186.00,422.00,219.00,637.00,1,1,1.0
5,39,1790.00,167.00,68.00,193.00,1,1,1.0
5,10,1158.00,116.00,40.00,139.00,1,1,1.0
5,36,751.00,118.00,40.00,158.00,1,1,1.0
5,35,938.00,107.00,35.00,133.00,1,1,1.0
5,12,1612.00,145.00,54.00,165.00,1,1,1.0
5,37,949.00,104.00,34.00,128.00,1,1,1.0
5,8,292.00,369.00,181.00,558.00,1,1,1.0
5,7,288.00,330.00,163.00,501.00,1,1,1.0
5,4,883.00,183.00,68.00,255.00,1,1,1.0
5,27,1037.00,104.00,34.00,124.00,1,1,1.0
5,0,946.00,134.00,47.00,175.00,1,1,1.0
5,2,1141.00,103.00,33.00,117.00,1,1,1.0
5,15,1434.00,133.00,48.00,153.00,1,1,1.0
5,21,1651.00,142.00,53.00,159.00,1,1,1.0
5,20,1306.00,123.00,43.00,143.00,1,1,1.0
5,3,785.00,176.00,64.00,249.00,1,1,1.0
5,34,505.00,129.00,53.00,186.00,1,1,1.0
5,23,1556.00,139.00,51.00,158.00,1,1,1.0
5,247,1446.00,139.00,52.00,162.00,1,1,1.0
5,1,918.00,136.00,48.00,180.00,1,1,1.0
5,383,1718.00,167.00,68.00,196.00,1,1,1.0
5,33,444.00,134.00,58.00,195.00,1,1,1.0
5,38,1160.00,116.00,40.00,138.00,1,1,1.0
5,22,1353.00,125.00,44.00,143.00,1,1,1.0
5,122,1420.00,126.00,45.00,143.00,1,1,1.0
6,122,1418.00,124.00,44.00,140.00,1,1,1.0
6,20,1294.00,122.00,43.00,143.00,1,1,1.0
6,4,801.00,192.00,71.00,273.00,1,1,1.0
6,42,1061.00,762.00,348.00,1069.00,1,1,1.0
6,37,950.00,104.00,34.00,128.00,1,1,1.0
6,15,1427.00,131.00,47.00,150.00,1,1,1.0
6,13,1676.00,145.00,54.00,162.00,1,1,1.0
6,7,52.00,348.00,196.00,536.00,1,1,1.0
6,19,1452.00,119.00,41.00,130.00,1,1,1.0
6,17,1204.00,128.00,45.00,155.00,1,1,1.0
6,33,444.00,134.00,57.00,195.00,1,1,1.0
6,27,1066.00,103.00,34.00,120.00,1,1,1.0
6,247,1431.00,137.00,50.00,159.00,1,1,1.0
6,2,1130.00,102.00,33.00,118.00,1,1,1.0
6,24,1631.00,136.00,49.00,150.00,1,1,1.0
6,36,751.00,118.00,40.00,158.00,1,1,1.0
6,35,936.00,107.00,35.00,133.00,1,1,1.0
6,14,1224.00,114.00,39.00,132.00,1,1,1.0
6,0,944.00,134.00,47.00,175.00,1,1,1.0
6,43,1777.00,174.00,72.00,204.00,1,1,1.0
6,23,1556.00,139.00,51.00,158.00,1,1,1.0
6,38,1114.00,110.00,37.00,130.00,1,1,1.0
6,41,1536.00,531.00,264.00,742.00,1,1,1.0
6,22,1358.00,124.00,44.00,142.00,1,1,1.0
6,12,1613.00,145.00,55.00,164.00,1,1,1.0
6,34,507.00,129.00,53.00,186.00,1,1,1.0
6,383,1679.00,163.00,64.00,191.00,1,1,1.0
6,1,913.00,137.00,49.00,181.00,1,1,1.0
6,8,89.00,381.00,210.00,584.00,1,1,1.0
6,10,1168.00,117.00,40.00,139.00,1,1,1.0
6,40,1176.00,364.00,159.00,516.00,1,1,1.0
6,3,707.00,185.00,68.00,265.00,1,1,1.0
6,5,1493.00,148.00,56.00,173.00,1,1,1.0
6,39,1719.00,161.00,64.00,186.00,1,1,1.0
6,21,1653.00,142.00,54.00,159.00,1,1,1.0
7,41,1288.00,564.00,266.00,796.00,1,1,1.0
7,22,1343.00,121.00,41.00,138.00,1,1,1.0
7,383,1626.00,157.00,62.00,185.00,1,1,1.0
7,13,1676.00,145.00,54.00,162.00,1,1,1.0
7,20,1299.00,121.00,42.00,141.00,1,1,1.0
7,247,1456.00,136.00,49.00,157.00,1,1,1.0
7,19,1471.00,119.00,41.00,129.00,1,1,1.0
7,122,1427.00,123.00,43.00,138.00,1,1,1.0
7,43,1727.00,170.00,69.00,200.00,1,1,1.0
7,27,1084.00,103.00,33.00,120.00,1,1,1.0
7,5,1484.00,143.00,53.00,167.00,1,1,1.0
7,40,964.00,376.00,156.00,544.00,1,1,1.0
7,37,950.00,104.00,34.00,128.00,1,1,1.0
7,33,440.00,134.00,58.00,195.00,1,1,1.0
7,151,1415.00,130.00,46.00,150.00,1,1,1.0
7,23,1553.00,139.00,52.00,158.00,1,1,1.0
7,38,1115.00,107.00,36.00,125.00,1,1,1.0
7,3,627.00,193.00,74.00,279.00,1,1,1.0
7,4,733.00,201.00,74.00,290.00,1,1,1.0
7,24,1631.00,136.00,50.00,149.00,1,1,1.0
7,21,1651.00,142.00,53.00,159.00,1,1,1.0
7,36,751.00,118.00,39.00,157.00,1,1,1.0
7,12,1615.00,144.00,54.00,164.00,1,1,1.0
7,1,913.00,137.00,49.00,181.00,1,1,1.0
7,14,1194.00,111.00,37.00,128.00,1,1,1.0
7,17,1176.00,121.00,42.00,146.00,1,1,1.0
7,35,935.00,107.00,35.00,133.00,1,1,1.0
7,0,942.00,134.00,47.00,175.00,1,1,1.0
7,42,646.00,937.00,401.00,1303.00,1,1,1.0
7,34,509.00,129.00,53.00,186.00,1,1,1.0
7,39,1671.00,155.00,60.00,179.00,1,1,1.0
7,10,1166.00,116.00,40.00,138.00,1,1,1.0
8,34,507.00,129.00,53.00,185.00,1,1,1.0
8,27,1083.00,103.00,33.00,119.00,1,1,1.0
8,122,1417.00,122.00,43.00,137.00,1,1,1.0
8,4,630.00,207.00,79.00,302.00,1,1,1.0
8,5,1455.00,139.00,51.00,161.00,1,1,1.0
8,37,956.00,104.00,35.00,128.00,1,1,1.0
8,39,1640.00,151.00,58.00,174.00,1,1,1.0
8,24,1628.00,135.00,49.00,149.00,1,1,1.0
8,3,535.00,203.00,84.00,299.00,1,1,1.0
8,19,1473.00,117.00,40.00,127.00,1,1,1.0
8,247,1458.00,135.00,50.00,156.00,1,1,1.0
8,22,1350.00,120.00,41.00,136.00,1,1,1.0
8,40,693.00,412.00,163.00,607.00,1,1,1.0
8,1,917.00,137.00,48.00,182.00,1,1,1.0
8,151,1392.00,129.00,46.00,149.00,1,1,1.0
8,41,999.00,593.00,259.00,848.00,1,1,1.0
8,42,365.00,998.00,452.00,1385.00,1,1,1.0
8,38,1123.00,105.00,34.00,121.00,1,1,1.0
8,10,1158.00,109.00,36.00,126.00,1,1,1.0
8,35,935.00,107.00,35.00,133.00,1,1,1.0
8,33,438.00,133.00,58.00,195.00,1,1,1.0
8,23,1551.00,139.00,52.00,158.00,1,1,1.0
8,14,1183.00,109.00,36.00,125.00,1,1,1.0
8,12,1591.00,143.00,54.00,162.00,1,1,1.0
8,13,1678.00,145.00,55.00,162.00,1,1,1.0
8,0,942.00,134.00,47.00,175.00,1,1,1.0
8,36,749.00,118.00,39.00,157.00,1,1,1.0
8,383,1583.00,154.00,60.00,181.00,1,1,1.0
8,17,1159.00,121.00,42.00,144.00,1,1,1.0
8,20,1276.00,117.00,40.00,134.00,1,1,1.0
8,43,1660.00,164.00,66.00,194.00,1,1,1.0
8,21,1651.00,142.00,53.00,158.00,1,1,1.0
9,38,1097.00,103.00,33.00,121.00,1,1,1.0
9,39,1595.00,149.00,56.00,171.00,1,1,1.0
9,44,1826.00,169.00,69.00,195.00,1,1,1.0
9,24,1630.00,135.00,49.00,149.00,1,1,1.0
9,13,1676.00,145.00,54.00,162.00,1,1,1.0
9,40,470.00,430.00,188.00,640.00,1,1,1.0
9,43,1613.00,159.00,63.00,187.00,1,1,1.0
9,3,432.00,210.00,94.00,315.00,1,1,1.0
9,37,956.00,104.00,35.00,128.00,1,1,1.0
9,41,791.00,662.00,274.00,949.00,1,1,1.0
9,151,1398.00,128.00,46.00,146.00,1,1,1.0
9,35,931.00,107.00,36.00,132.00,1,1,1.0
9,42,100.00,994.00,504.00,1387.00,1,1,1.0
9,36,749.00,118.00,39.00,157.00,1,1,1.0
9,23,1551.00,139.00,52.00,158.00,1,1,1.0
9,4,547.00,219.00,90.00,324.00,1,1,1.0
9,122,1399.00,118.00,41.00,131.00,1,1,1.0
9,17,1118.00,115.00,39.00,137.00,1,1,1.0
9,22,1353.00,119.00,41.00,133.00,1,1,1.0
9,19,1475.00,117.00,40.00,125.00,1,1,1.0
9,33,436.00,133.00,58.00,195.00,1,1,1.0
9,383,1551.00,150.00,57.00,174.00,1,1,1.0
9,12,1589.00,143.00,53.00,162.00,1,1,1.0
9,247,1451.00,133.00,48.00,152.00,1,1,1.0
9,1,914.00,137.00,49.00,182.00,1,1,1.0
9,0,942.00,134.00,47.00,175.00,1,1,1.0
9,5,1385.00,134.00,48.00,158.00,1,1,1.0
9,34,509.00,129.00,53.00,186.00,1,1,1.0
9,14,1170.00,106.00,35.00,122.00,1,1,1.0
9,27,1084.00,102.00,33.00,118.00,1,1,1.0
9,20,1281.00,115.00,39.00,132.00,1,1,1.0
9,21,1651.00,142.00,53.00,158.00,1,1,1.0
9,10,1148.00,105.00,35.00,121.00,1,1,1.0
10,41,472.00,758.00,329.00,1085.00,1,1,1.0
10,4,383.00,226.00,105.00,342.00,1,1,1.0
10,35,931.00,107.00,36.00,132.00,1,1,1.0
10,27,1085.00,102.00,33.00,118.00,1,1,1.0
10,21,1649.00,142.00,53.00,158.00,1,1,1.0
10,1,912.00,137.00,48.00,181.00,1,1,1.0
10,19,1466.00,115.00,39.00,122.00,1,1,1.0
10,22,1345.00,116.00,40.00,130.00,1,1,1.0
10,17,1098.00,112.00,37.00,134.00,1,1,1.0
10,37,955.00,104.00,34.00,128.00,1,1,1.0
10,40,183.00,470.00,243.00,707.00,1,1,1.0
10,13,1664.00,144.00,54.00,162.00,1,1,1.0
10,24,1630.00,135.00,50.00,149.00,1,1,1.0
10,151,1398.00,128.00,45.00,146.00,1,1,1.0
10,14,1167.00,103.00,34.00,116.00,1,1,1.0
10,20,1285.00,114.00,38.00,129.00,1,1,1.0
10,36,748.00,118.00,39.00,157.00,1,1,1.0
10,30,1434.00,132.00,48.00,151.00,1,1,1.0
10,39,1563.00,146.00,55.00,169.00,1,1,1.0
10,122,1395.00,117.00,40.00,129.00,1,1,1.0
10,23,1551.00,139.00,52.00,158.00,1,1,1.0
10,5,1379.00,132.00,48.00,155.00,1,1,1.0
10,12,1591.00,143.00,54.00,162.00,1,1,1.0
10,43,1580.00,155.00,59.00,181.00,1,1,1.0
10,0,942.00,134.00,47.00,175.00,1,1,1.0
10,3,302.00,219.00,107.00,333.00,1,1,1.0
10,10,1133.00,104.00,34.00,120.00,1,1,1.0
10,44,1810.00,166.00,67.00,191.00,1,1,1.0
10,34,494.00,129.00,53.00,185.00,1,1,1.0
10,33,446.00,134.00,58.00,196.00,1,1,1.0
10,18,856.00,128.00,44.00,170.00,1,1,1.0
10,383,1470.00,145.00,55.00,171.00,1,1,1.0
10,38,1085.00,103.00,33.00,120.00,1,1,1.0
11,247,1449.00,126.00,45.00,143.00,1,1,1.0
11,6,1637.00,296.00,138.00,398.00,1,1,1.0
11,18,805.00,130.00,44.00,174.00,1,1,1.0
11,17,1104.00,105.00,35.00,123.00,1,1,1.0
11,13,1651.00,144.00,54.00,162.00,1,1,1.0
11,12,1542.00,143.00,54.00,166.00,1,1,1.0
11,1,923.00,138.00,49.00,183.00,1,1,1.0
11,21,1634.00,141.00,53.00,159.00,1,1,1.0
11,4,260.00,238.00,119.00,365.00,1,1,1.0
11,383,1429.00,141.00,52.00,166.00,1,1,1.0
11,19,1446.00,112.00,37.00,120.00,1,1,1.0
11,10,1140.00,98.00,32.00,110.00,1,1,1.0
11,3,154.00,229.00,123.00,354.00,1,1,1.0
11,122,1387.00,115.00,39.00,126.00,1,1,1.0
11,0,939.00,134.00,47.00,175.00,1,1,1.0
11,5,1341.00,128.00,45.00,149.00,1,1,1.0
11,14,1171.00,98.00,31.00,109.00,1,1,1.0
11,22,1333.00,113.00,38.00,125.00,1,1,1.0
11,43,1552.00,151.00,58.00,177.00,1,1,1.0
11,23,1532.00,139.00,52.00,159.00,1,1,1.0
11,30,1458.00,119.00,42.00,131.00,1,1,1.0
11,116,1797.00,174.00,71.00,204.00,1,1,1.0
11,44,1782.00,159.00,63.00,179.00,1,1,1.0
11,20,1278.00,111.00,37.00,124.00,1,1,1.0
12,5,1316.00,124.00,44.00,145.00,1,1,1.0
12,17,1096.00,105.00,34.00,123.00,1,1,1.0
12,20,1280.00,109.00,36.00,121.00,1,1,1.0
12,4,81.00,256.00,143.00,399.00,1,1,1.0
12,43,1533.00,148.00,56.00,173.00,1,1,1.0
12,1,923.00,138.00,49.00,183.00,1,1,1.0
12,21,1634.00,141.00,53.00,159.00,1,1,1.0
12,116,1763.00,167.00,67.00,193.00,1,1,1.0
12,12,1556.00,143.00,54.00,165.00,1,1,1.0
12,247,1454.00,126.00,44.00,141.00,1,1,1.0
12,14,1160.00,98.00,31.00,108.00,1,1,1.0
12,122,1386.00,113.00,38.00,123.00,1,1,1.0
12,30,1442.00,117.00,40.00,127.00,1,1,1.0
12,0,939.00,134.00,47.00,175.00,1,1,1.0
12,10,1140.00,98.00,31.00,110.00,1,1,1.0
12,6,1468.00,292.00,131.00,397.00,1,1,1.0
12,13,1656.00,144.00,54.00,162.00,1,1,1.0
12,168,1822.00,175.00,72.00,205.00,1,1,1.0
12,23,1532.00,139.00,52.00,159.00,1,1,1.0
12,383,1436.00,141.00,52.00,167.00,1,1,1.0
12,22,1333.00,111.00,37.00,122.00,1,1,1.0
12,44,1782.00,159.00,63.00,179.00,1,1,1.0
12,18,749.00,131.00,44.00,179.00,1,1,1.0
13,116,1709.00,164.00,65.00,190.00,1,1,1.0
13,22,1335.00,110.00,37.00,121.00,1,1,1.0
13,383,1427.00,137.00,50.00,159.00,1,1,1.0
13,21,1634.00,141.00,53.00,159.00,1,1,1.0
13,1,923.00,138.00,49.00,183.00,1,1,1.0
13,6,1327.00,289.00,126.00,400.00,1,1,1.0
13,12,1556.00,143.00,54.00,165.00,1,1,1.0
13,30,1443.00,116.00,39.00,127.00,1,1,1.0
13,5,1305.00,122.00,42.00,141.00,1,1,1.0
13,13,1656.00,144.00,54.00,162.00,1,1,1.0
13,164,739.00,913.00,383.00,1270.00,1,1,1.0
13,168,1808.00,169.00,68.00,194.00,1,1,1.0
13,0,939.00,134.00,47.00,175.00,1,1,1.0
13,10,1134.00,98.00,31.00,110.00,1,1,1.0
13,43,1518.00,144.00,54.00,168.00,1,1,1.0
13,18,696.00,134.00,47.00,185.00,1,1,1.0
13,122,1386.00,112.00,37.00,121.00,1,1,1.0
13,44,1736.00,148.00,56.00,165.00,1,1,1.0
13,20,1282.00,108.00,36.00,119.00,1,1,1.0
13,23,1532.00,139.00,52.00,159.00,1,1,1.0
13,17,1091.00,102.00,33.00,118.00,1,1,1.0
14,20,1289.00,107.00,35.00,117.00,1,1,1.0
14,18,623.00,135.00,51.00,190.00,1,1,1.0
14,168,1783.00,163.00,65.00,187.00,1,1,1.0
14,21,1634.00,141.00,53.00,159.00,1,1,1.0
14,1,923.00,138.00,49.00,183.00,1,1,1.0
14,0,939.00,134.00,47.00,175.00,1,1,1.0
14,12,1556.00,143.00,54.00,165.00,1,1,1.0
14,43,1489.00,141.00,52.00,163.00,1,1,1.0
14,383,1392.00,133.00,48.00,155.00,1,1,1.0
14,5,1291.00,120.00,42.00,139.00,1,1,1.0
14,116,1656.00,158.00,62.00,184.00,1,1,1.0
14,44,1723.00,144.00,54.00,158.00,1,1,1.0
14,6,1164.00,301.00,128.00,423.00,1,1,1.0
14,122,1380.00,110.00,37.00,119.00,1,1,1.0
14,30,1444.00,115.00,39.00,124.00,1,1,1.0
14,17,1087.00,101.00,33.00,117.00,1,1,1.0
14,22,1336.00,109.00,36.00,119.00,1,1,1.0
14,23,1532.00,139.00,52.00,159.00,1,1,1.0
14,13,1652.00,145.00,55.00,162.00,1,1,1.0
15,1,917.00,138.00,49.00,182.00,1,1,1.0
15,6,1031.00,306.00,126.00,436.00,1,1,1.0
15,13,1652.00,145.00,55.00,162.00,1,1,1.0
15,20,1291.00,105.00,35.00,115.00,1,1,1.0
15,116,1607.00,153.00,59.00,177.00,1,1,1.0
15,21,1634.00,141.00,53.00,159.00,1,1,1.0
15,5,1276.00,118.00,40.00,135.00,1,1,1.0
15,43,1464.00,137.00,51.00,158.00,1,1,1.0
15,44,1705.00,140.00,52.00,154.00,1,1,1.0
15,122,1411.00,111.00,37.00,119.00,1,1,1.0
15,12,1556.00,143.00,54.00,165.00,1,1,1.0
15,22,1335.00,107.00,36.00,116.00,1,1,1.0
15,0,939.00,134.00,47.00,175.00,1,1,1.0
15,383,1363.00,129.00,46.00,150.00,1,1,1.0
15,18,544.00,138.00,55.00,199.00,1,1,1.0
15,30,1384.00,109.00,36.00,117.00,1,1,1.0
15,23,1532.00,139.00,52.00,159.00,1,1,1.0
15,168,1772.00,158.00,62.00,178.00,1,1,1.0
16,1,917.00,138.00,49.00,182.00,1,1,1.0
16,22,1334.00,106.00,35.00,114.00,1,1,1.0
16,44,1698.00,137.00,50.00,148.00,1,1,1.0
16,13,1652.00,145.00,55.00,162.00,1,1,1.0
16,6,850.00,315.00,124.00,458.00,1,1,1.0
16,168,1752.00,154.00,59.00,172.00,1,1,1.0
16,21,1634.00,141.00,53.00,159.00,1,1,1.0
16,383,1340.00,126.00,44.00,146.00,1,1,1.0
16,20,1294.00,104.00,34.00,114.00,1,1,1.0
16,5,1265.00,114.00,38.00,129.00,1,1,1.0
16,0,939.00,134.00,47.00,175.00,1,1,1.0
16,23,1537.00,139.00,51.00,159.00,1,1,1.0
16,626,1279.00,124.00,44.00,146.00,1,1,1.0
16,116,1558.00,147.00,55.00,170.00,1,1,1.0
16,18,491.00,138.00,58.00,201.00,1,1,1.0
16,12,1584.00,143.00,54.00,164.00,1,1,1.0
16,122,1423.00,111.00,37.00,119.00,1,1,1.0
16,43,1441.00,135.00,50.00,156.00,1,1,1.0
16,30,1381.00,108.00,36.00,116.00,1,1,1.0
17,626,1254.00,122.00,42.00,143.00,1,1,1.0
17,116,1513.00,142.00,53.00,165.00,1,1,1.0
17,23,1540.00,139.00,51.00,159.00,1,1,1.0
17,1,926.00,138.00,49.00,183.00,1,1,1.0
17,21,1636.00,142.00,53.00,158.00,1,1,1.0
17,24,1668.00,133.00,49.00,144.00,1,1,1.0
17,0,937.00,134.00,47.00,176.00,1,1,1.0
17,20,1310.00,104.00,34.00,113.00,1,1,1.0
17,5,1257.00,113.00,38.00,128.00,1,1,1.0
17,18,399.00,141.00,63.00,208.00,1,1,1.0
17,22,1333.00,105.00,34.00,112.00,1,1,1.0
17,6,668.00,336.00,132.00,496.00,1,1,1.0
17,30,1383.00,107.00,36.00,115.00,1,1,1.0
17,168,1749.00,148.00,57.00,164.00,1,1,1.0
17,13,1654.00,145.00,55.00,162.00,1,1,1.0
17,12,1587.00,143.00,54.00,164.00,1,1,1.0
17,383,1314.00,123.00,43.00,142.00,1,1,1.0
17,43,1413.00,131.00,47.00,150.00,1,1,1.0
18,383,1297.00,120.00,42.00,139.00,1,1,1.0
18,12,1587.00,143.00,54.00,164.00,1,1,1.0
18,13,1657.00,145.00,54.00,163.00,1,1,1.0
18,24,1664.00,131.00,48.00,141.00,1,1,1.0
18,43,1392.00,127.00,45.00,146.00,1,1,1.0
18,626,1244.00,120.00,42.00,141.00,1,1,1.0
18,23,1550.00,139.00,51.00,157.00,1,1,1.0
18,116,1486.00,138.00,51.00,160.00,1,1,1.0
18,21,1636.00,142.00,53.00,158.00,1,1,1.0
18,5,1256.00,111.00,38.00,126.00,1,1,1.0
18,0,939.00,134.00,47.00,176.00,1,1,1.0
18,6,480.00,347.00,151.00,519.00,1,1,1.0
18,1,925.00,138.00,49.00,183.00,1,1,1.0
18,18,334.00,142.00,67.00,213.00,1,1,1.0
18,168,1739.00,145.00,55.00,160.00,1,1,1.0
18,20,1299.00,102.00,33.00,110.00,1,1,1.0
18,30,1376.00,106.00,35.00,114.00,1,1,1.0
19,383,1271.00,118.00,41.00,136.00,1,1,1.0
19,21,1634.00,141.00,53.00,159.00,1,1,1.0
19,6,219.00,387.00,198.00,587.00,1,1,1.0
19,122,1426.00,111.00,37.00,118.00,1,1,1.0
19,23,1531.00,139.00,51.00,158.00,1,1,1.0
19,5,1260.00,109.00,36.00,122.00,1,1,1.0
19,24,1488.00,117.00,40.00,125.00,1,1,1.0
19,1,928.00,138.00,49.00,183.00,1,1,1.0
19,12,1587.00,143.00,54.00,164.00,1,1,1.0
19,247,1362.00,112.00,38.00,123.00,1,1,1.0
19,168,1731.00,142.00,54.00,155.00,1,1,1.0
19,0,939.00,134.00,47.00,175.00,1,1,1.0
19,20,1294.00,102.00,32.00,108.00,1,1,1.0
19,13,1655.00,145.00,54.00,162.00,1,1,1.0
19,30,1378.00,107.00,35.00,115.00,1,1,1.0
19,626,1220.00,117.00,41.00,138.00,1,1,1.0
19,116,1487.00,137.00,50.00,157.00,1,1,1.0
19,186,1766.00,178.00,74.00,211.00,1,1,1.0
19,18,230.00,142.00,72.00,218.00,1,1,1.0
19,43,1388.00,124.00,44.00,142.00,1,1,1.0
20,13,1657.00,145.00,55.00,162.00,1,1,1.0
20,186,1665.00,168.00,68.00,199.00,1,1,1.0
20,18,148.00,147.00,79.00,227.00,1,1,1.0
20,122,1417.00,110.00,37.00,117.00,1,1,1.0
20,43,1388.00,122.00,43.00,138.00,1,1,1.0
20,168,1727.00,139.00,52.00,151.00,1,1,1.0
20,1,928.00,138.00,49.00,183.00,1,1,1.0
20,12,1587.00,143.00,54.00,164.00,1,1,1.0
20,30,1365.00,106.00,34.00,114.00,1,1,1.0
20,0,952.00,135.00,47.00,175.00,1,1,1.0
20,23,1531.00,139.00,51.00,158.00,1,1,1.0
20,383,1254.00,115.00,39.00,133.00,1,1,1.0
20,247,1363.00,111.00,37.00,122.00,1,1,1.0
20,626,1201.00,114.00,39.00,134.00,1,1,1.0
20,21,1646.00,142.00,53.00,159.00,1,1,1.0
20,24,1478.00,115.00,39.00,122.00,1,1,1.0
20,116,1466.00,131.00,47.00,149.00,1,1,1.0
20,5,1262.00,107.00,36.00,120.00,1,1,1.0
21,24,1454.00,112.00,38.00,118.00,1,1,1.0
21,383,1237.00,113.00,38.00,129.00,1,1,1.0
21,18,52.00,147.00,85.00,233.00,1,1,1.0
21,186,1601.00,162.00,64.00,193.00,1,1,1.0
21,23,1542.00,137.00,50.00,156.00,1,1,1.0
21,13,1641.00,144.00,55.00,163.00,1,1,1.0
21,626,1196.00,113.00,38.00,131.00,1,1,1.0
21,247,1355.00,109.00,36.00,119.00,1,1,1.0
21,12,1579.00,143.00,54.00,164.00,1,1,1.0
21,5,1261.00,105.00,34.00,117.00,1,1,1.0
21,43,1391.00,120.00,41.00,135.00,1,1,1.0
21,21,1656.00,142.00,53.00,159.00,1,1,1.0
21,168,1746.00,140.00,52.00,151.00,1,1,1.0
21,116,1483.00,129.00,46.00,144.00,1,1,1.0
21,1,919.00,137.00,48.00,182.00,1,1,1.0
21,0,960.00,135.00,48.00,176.00,1,1,1.0
22,12,1563.00,142.00,52.00,161.00,1,1,1.0
22,21,1653.00,142.00,54.00,159.00,1,1,1.0
22,24,1436.00,110.00,37.00,118.00,1,1,1.0
22,23,1516.00,136.00,50.00,154.00,1,1,1.0
22,0,960.00,135.00,48.00,176.00,1,1,1.0
22,116,1490.00,127.00,45.00,142.00,1,1,1.0
22,247,1348.00,108.00,36.00,118.00,1,1,1.0
22,168,1757.00,140.00,52.00,151.00,1,1,1.0
22,5,1263.00,104.00,34.00,114.00,1,1,1.0
22,626,1172.00,110.00,37.00,127.00,1,1,1.0
22,383,1216.00,110.00,36.00,125.00,1,1,1.0
22,1,920.00,138.00,48.00,182.00,1,1,1.0
22,43,1396.00,118.00,41.00,132.00,1,1,1.0
22,186,1542.00,156.00,60.00,185.00,1,1,1.0
22,13,1647.00,143.00,54.00,161.00,1,1,1.0
23,247,1345.00,107.00,35.00,115.00,1,1,1.0
23,626,1151.00,108.00,36.00,126.00,1,1,1.0
23,181,1716.00,163.00,65.00,190.00,1,1,1.0
23,21,1650.00,141.00,53.00,158.00,1,1,1.0
23,43,1394.00,116.00,40.00,129.00,1,1,1.0
23,5,1259.00,102.00,32.00,110.00,1,1,1.0
23,23,1496.00,134.00,49.00,152.00,1,1,1.0
23,13,1642.00,143.00,54.00,161.00,1,1,1.0
23,168,1777.00,140.00,52.00,150.00,1,1,1.0
23,24,1424.00,109.00,36.00,116.00,1,1,1.0
23,12,1543.00,140.00,52.00,161.00,1,1,1.0
23,1,920.00,138.00,48.00,182.00,1,1,1.0
23,116,1510.00,126.00,44.00,139.00,1,1,1.0
23,186,1488.00,150.00,57.00,178.00,1,1,1.0
23,383,1206.00,108.00,36.00,124.00,1,1,1.0
23,0,960.00,135.00,48.00,176.00,1,1,1.0
24,23,1485.00,132.00,47.00,149.00,1,1,1.0
24,626,1128.00,106.00,35.00,123.00,1,1,1.0
24,116,1526.00,125.00,44.00,137.00,1,1,1.0
24,5,1272.00,100.00,31.00,106.00,1,1,1.0
24,181,1653.00,158.00,62.00,183.00,1,1,1.0
24,43,1389.00,113.00,38.00,124.00,1,1,1.0
24,383,1194.00,106.00,35.00,121.00,1,1,1.0
24,13,1649.00,143.00,53.00,160.00,1,1,1.0
24,21,1648.00,141.00,53.00,158.00,1,1,1.0
24,247,1339.00,106.00,35.00,113.00,1,1,1.0
24,24,1422.00,108.00,36.00,115.00,1,1,1.0
24,1,920.00,138.00,48.00,182.00,1,1,1.0
24,186,1452.00,144.00,54.00,170.00,1,1,1.0
24,12,1548.00,139.00,52.00,158.00,1,1,1.0
24,168,1759.00,139.00,52.00,150.00,1,1,1.0
24,0,960.00,135.00,48.00,176.00,1,1,1.0
25,24,1415.00,107.00,35.00,112.00,1,1,1.0
25,383,1185.00,104.00,34.00,118.00,1,1,1.0
25,43,1389.00,112.00,38.00,121.00,1,1,1.0
25,626,1119.00,104.00,35.00,120.00,1,1,1.0
25,5,1272.00,100.00,31.00,106.00,1,1,1.0
25,168,1755.00,139.00,51.00,149.00,1,1,1.0
25,116,1539.00,124.00,44.00,135.00,1,1,1.0
25,186,1399.00,139.00,51.00,164.00,1,1,1.0
25,181,1593.00,152.00,58.00,177.00,1,1,1.0
25,23,1473.00,130.00,46.00,146.00,1,1,1.0
25,13,1636.00,142.00,53.00,159.00,1,1,1.0
25,1,920.00,138.00,48.00,182.00,1,1,1.0
25,247,1331.00,104.00,33.00,110.00,1,1,1.0
25,12,1551.00,138.00,51.00,156.00,1,1,1.0
25,0,960.00,135.00,48.00,176.00,1,1,1.0
25,21,1648.00,141.00,53.00,157.00,1,1,1.0
26,12,1557.00,138.00,50.00,155.00,1,1,1.0
26,13,1604.00,140.00,52.00,157.00,1,1,1.0
26,23,1464.00,129.00,47.00,146.00,1,1,1.0
26,383,1173.00,102.00,33.00,116.00,1,1,1.0
26,5,1269.00,99.00,31.00,107.00,1,1,1.0
26,168,1767.00,139.00,51.00,148.00,1,1,1.0
26,21,1654.00,141.00,53.00,156.00,1,1,1.0
26,24,1420.00,104.00,33.00,106.00,1,1,1.0
26,43,1384.00,110.00,37.00,118.00,1,1,1.0
26,626,1118.00,102.00,33.00,118.00,1,1,1.0
26,181,1533.00,146.00,56.00,171.00,1,1,1.0
26,1,920.00,138.00,48.00,182.00,1,1,1.0
26,149,1815.00,185.00,78.00,220.00,1,1,1.0
26,116,1560.00,123.00,43.00,133.00,1,1,1.0
26,186,1366.00,135.00,49.00,160.00,1,1,1.0
26,0,960.00,135.00,48.00,176.00,1,1,1.0
27,168,1756.00,138.00,51.00,148.00,1,1,1.0
27,23,1455.00,128.00,46.00,145.00,1,1,1.0
27,149,1792.00,179.00,75.00,212.00,1,1,1.0
27,135,1793.00,191.00,81.00,230.00,1,1,1.0
27,5,1245.00,98.00,31.00,105.00,1,1,1.0
27,13,1596.00,139.00,52.00,157.00,1,1,1.0
27,186,1323.00,132.00,48.00,155.00,1,1,1.0
27,12,1546.00,136.00,49.00,153.00,1,1,1.0
27,383,1164.00,101.00,32.00,113.00,1,1,1.0
27,0,950.00,133.00,47.00,175.00,1,1,1.0
27,181,1494.00,142.00,53.00,165.00,1,1,1.0
27,21,1643.00,139.00,51.00,155.00,1,1,1.0
27,1,920.00,138.00,48.00,182.00,1,1,1.0
27,626,1111.00,102.00,33.00,117.00,1,1,1.0
27,43,1377.00,108.00,36.00,116.00,1,1,1.0
28,21,1637.00,139.00,51.00,154.00,1,1,1.0
28,626,1097.00,100.00,32.00,115.00,1,1,1.0
28,149,1744.00,174.00,71.00,206.00,1,1,1.0
28,181,1446.00,137.00,50.00,158.00,1,1,1.0
28,135,1740.00,180.00,75.00,215.00,1,1,1.0
28,186,1295.00,128.00,45.00,152.00,1,1,1.0
28,13,1588.00,138.00,51.00,156.00,1,1,1.0
28,12,1544.00,136.00,49.00,153.00,1,1,1.0
28,383,1154.00,100.00,32.00,112.00,1,1,1.0
28,43,1366.00,107.00,35.00,113.00,1,1,1.0
28,1,920.00,138.00,48.00,182.00,1,1,1.0
28,0,943.00,133.00,46.00,173.00,1,1,1.0
28,168,1753.00,138.00,51.00,149.00,1,1,1.0
28,23,1455.00,128.00,46.00,145.00,1,1,1.0
29,125,1821.00,177.00,73.00,206.00,1,1,1.0
29,168,1772.00,140.00,52.00,151.00,1,1,1.0
29,23,1455.00,128.00,46.00,145.00,1,1,1.0
29,116,1699.00,130.00,47.00,139.00,1,1,1.0
29,1,923.00,138.00,49.00,182.00,1,1,1.0
29,43,1354.00,106.00,34.00,112.00,1,1,1.0
29,186,1269.00,126.00,44.00,148.00,1,1,1.0
29,12,1523.00,134.00,49.00,150.00,1,1,1.0
29,13,1581.00,138.00,51.00,156.00,1,1,1.0
29,135,1660.00,172.00,70.00,206.00,1,1,1.0
29,181,1410.00,134.00,49.00,156.00,1,1,1.0
29,149,1704.00,170.00,69.00,202.00,1,1,1.0
29,21,1621.00,138.00,51.00,153.00,1,1,1.0
29,0,898.00,130.00,45.00,171.00,1,1,1.0
30,0,861.00,128.00,44.00,169.00,1,1,1.0
30,168,1770.00,140.00,52.00,151.00,1,1,1.0
30,21,1621.00,138.00,51.00,153.00,1,1,1.0
30,23,1453.00,128.00,46.00,144.00,1,1,1.0
30,181,1370.00,129.00,46.00,150.00,1,1,1.0
30,186,1245.00,122.00,42.00,143.00,1,1,1.0
30,1,897.00,137.00,48.00,181.00,1,1,1.0
30,125,1769.00,170.00,69.00,198.00,1,1,1.0
30,149,1673.00,166.00,66.00,195.00,1,1,1.0
30,116,1707.00,131.00,47.00,139.00,1,1,1.0
30,12,1517.00,133.00,48.00,151.00,1,1,1.0
30,135,1584.00,164.00,65.00,196.00,1,1,1.0
30,13,1578.00,137.00,50.00,153.00,1,1,1.0
31,21,1587.00,135.00,49.00,149.00,1,1,1.0
31,0,805.00,126.00,43.00,167.00,1,1,1.0
31,186,1225.00,117.00,40.00,137.00,1,1,1.0
31,181,1326.00,124.00,43.00,142.00,1,1,1.0
31,135,1544.00,158.00,61.00,188.00,1,1,1.0
31,13,1575.00,136.00,50.00,153.00,1,1,1.0
31,149,1637.00,161.00,63.00,189.00,1,1,1.0
31,116,1738.00,135.00,49.00,143.00,1,1,1.0
31,1,903.00,137.00,48.00,182.00,1,1,1.0
31,125,1707.00,163.00,65.00,189.00,1,1,1.0
31,23,1455.00,128.00,46.00,145.00,1,1,1.0
31,12,1512.00,133.00,48.00,151.00,1,1,1.0
31,168,1773.00,141.00,53.00,152.00,1,1,1.0
32,23,1453.00,126.00,45.00,142.00,1,1,1.0
32,168,1773.00,141.00,53.00,152.00,1,1,1.0
32,12,1503.00,132.00,48.00,148.00,1,1,1.0
32,181,1301.00,121.00,42.00,141.00,1,1,1.0
32,21,1586.00,134.00,49.00,149.00,1,1,1.0
32,13,1575.00,136.00,50.00,153.00,1,1,1.0
32,135,1471.00,150.00,58.00,180.00,1,1,1.0
32,149,1610.00,157.00,61.00,183.00,1,1,1.0
32,1,893.00,136.00,48.00,179.00,1,1,1.0
32,125,1666.00,159.00,62.00,185.00,1,1,1.0
32,121,1788.00,180.00,75.00,212.00,1,1,1.0
32,116,1746.00,136.00,49.00,145.00,1,1,1.0
32,0,754.00,123.00,42.00,166.00,1,1,1.0
32,186,1205.00,115.00,39.00,134.00,1,1,1.0
33,1,883.00,134.00,46.00,177.00,1,1,1.0
33,186,1180.00,112.00,38.00,132.00,1,1,1.0
33,121,1719.00,173.00,71.00,205.00,1,1,1.0
33,181,1268.00,118.00,40.00,136.00,1,1,1.0
33,12,1505.00,130.00,47.00,146.00,1,1,1.0
33,149,1558.00,152.00,58.00,178.00,1,1,1.0
33,13,1580.00,136.00,50.00,153.00,1,1,1.0
33,124,1810.00,178.00,74.00,210.00,1,1,1.0
33,135,1442.00,145.00,55.00,173.00,1,1,1.0
33,116,1741.00,136.00,50.00,144.00,1,1,1.0
33,168,1773.00,141.00,53.00,152.00,1,1,1.0
33,23,1449.00,126.00,45.00,141.00,1,1,1.0
33,21,1571.00,132.00,48.00,146.00,1,1,1.0
33,125,1619.00,153.00,60.00,178.00,1,1,1.0
34,124,1772.00,170.00,69.00,197.00,1,1,1.0
34,121,1663.00,168.00,67.00,199.00,1,1,1.0
34,116,1749.00,136.00,50.00,146.00,1,1,1.0
34,125,1591.00,148.00,57.00,170.00,1,1,1.0
34,186,1163.00,109.00,37.00,128.00,1,1,1.0
34,1,853.00,131.00,45.00,175.00,1,1,1.0
34,13,1556.00,133.00,48.00,149.00,1,1,1.0
34,21,1568.00,131.00,47.00,145.00,1,1,1.0
34,135,1414.00,140.00,52.00,165.00,1,1,1.0
34,181,1241.00,114.00,39.00,132.00,1,1,1.0
34,168,1773.00,141.00,53.00,152.00,1,1,1.0
34,23,1435.00,124.00,43.00,138.00,1,1,1.0
34,12,1496.00,128.00,45.00,143.00,1,1,1.0
34,149,1539.00,148.00,56.00,172.00,1,1,1.0
35,181,1215.00,111.00,37.00,126.00,1,1,1.0
35,149,1504.00,144.00,54.00,167.00,1,1,1.0
35,21,1564.00,130.00,47.00,142.00,1,1,1.0
35,121,1609.00,163.00,64.00,193.00,1,1,1.0
35,13,1557.00,133.00,49.00,148.00,1,1,1.0
35,116,1747.00,136.00,50.00,146.00,1,1,1.0
35,12,1493.00,127.00,45.00,141.00,1,1,1.0
35,23,1423.00,122.00,43.00,137.00,1,1,1.0
35,1,825.00,129.00,45.00,172.00,1,1,1.0
35,186,1150.00,108.00,36.00,125.00,1,1,1.0
35,135,1389.00,136.00,50.00,159.00,1,1,1.0
35,168,1771.00,141.00,53.00,151.00,1,1,1.0
35,125,1558.00,144.00,54.00,165.00,1,1,1.0
35,124,1709.00,165.00,66.00,193.00,1,1,1.0
36,125,1520.00,140.00,51.00,161.00,1,1,1.0
36,149,1465.00,140.00,52.00,162.00,1,1,1.0
36,186,1144.00,105.00,34.00,120.00,1,1,1.0
36,181,1194.00,108.00,36.00,123.00,1,1,1.0
36,135,1372.00,132.00,48.00,155.00,1,1,1.0
36,116,1747.00,136.00,50.00,146.00,1,1,1.0
36,168,1771.00,141.00,53.00,151.00,1,1,1.0
36,124,1663.00,160.00,63.00,187.00,1,1,1.0
36,13,1557.00,132.00,48.00,148.00,1,1,1.0
36,1,801.00,126.00,43.00,170.00,1,1,1.0
36,21,1563.00,128.00,46.00,140.00,1,1,1.0
36,23,1417.00,121.00,42.00,135.00,1,1,1.0
36,121,1570.00,158.00,61.00,186.00,1,1,1.0
36,12,1486.00,125.00,44.00,137.00,1,1,1.0
37,186,1120.00,103.00,34.00,119.00,1,1,1.0
37,121,1535.00,153.00,58.00,182.00,1,1,1.0
37,181,1183.00,105.00,35.00,120.00,1,1,1.0
37,139,1175.00,102.00,33.00,114.00,1,1,1.0
37,23,1406.00,120.00,41.00,133.00,1,1,1.0
37,1,789.00,125.00,43.00,167.00,1,1,1.0
37,135,1333.00,127.00,45.00,147.00,1,1,1.0
37,21,1558.00,127.00,44.00,138.00,1,1,1.0
37,124,1609.00,156.00,61.00,182.00,1,1,1.0
37,125,1497.00,136.00,50.00,157.00,1,1,1.0
37,12,1489.00,124.00,44.00,137.00,1,1,1.0
37,149,1443.00,137.00,50.00,159.00,1,1,1.0
37,168,1771.00,141.00,53.00,151.00,1,1,1.0
37,116,1747.00,136.00,50.00,146.00,1,1,1.0
37,288,1782.00,187.00,78.00,225.00,1,1,1.0
37,136,1795.00,180.00,75.00,212.00,1,1,1.0
37,13,1541.00,130.00,46.00,143.00,1,1,1.0
38,1,741.00,123.00,42.00,167.00,1,1,1.0
38,125,1480.00,134.00,49.00,153.00,1,1,1.0
38,13,1488.00,125.00,45.00,139.00,1,1,1.0
38,181,1163.00,103.00,34.00,117.00,1,1,1.0
38,149,1427.00,134.00,49.00,156.00,1,1,1.0
38,23,1382.00,117.00,40.00,131.00,1,1,1.0
38,124,1584.00,152.00,59.00,178.00,1,1,1.0
38,135,1304.00,124.00,43.00,144.00,1,1,1.0
38,121,1513.00,149.00,57.00,176.00,1,1,1.0
38,187,1814.00,187.00,79.00,222.00,1,1,1.0
38,139,1204.00,103.00,34.00,116.00,1,1,1.0
38,136,1729.00,173.00,71.00,204.00,1,1,1.0
38,12,1490.00,123.00,43.00,135.00,1,1,1.0
38,21,1546.00,125.00,44.00,135.00,1,1,1.0
38,168,1771.00,141.00,53.00,151.00,1,1,1.0
38,288,1741.00,180.00,74.00,214.00,1,1,1.0
38,116,1747.00,136.00,50.00,146.00,1,1,1.0
38,186,1116.00,103.00,34.00,118.00,1,1,1.0
39,124,1546.00,148.00,56.00,171.00,1,1,1.0
39,12,1475.00,121.00,42.00,132.00,1,1,1.0
39,139,1230.00,106.00,35.00,118.00,1,1,1.0
39,121,1489.00,145.00,55.00,170.00,1,1,1.0
39,21,1519.00,121.00,42.00,131.00,1,1,1.0
39,187,1767.00,180.00,75.00,214.00,1,1,1.0
39,136,1683.00,167.00,67.00,197.00,1,1,1.0
39,116,1745.00,136.00,50.00,146.00,1,1,1.0
39,23,1357.00,115.00,39.00,127.00,1,1,1.0
39,288,1694.00,174.00,71.00,207.00,1,1,1.0
39,125,1456.00,131.00,47.00,150.00,1,1,1.0
39,168,1778.00,141.00,53.00,152.00,1,1,1.0
39,181,1157.00,102.00,33.00,114.00,1,1,1.0
39,149,1403.00,131.00,47.00,150.00,1,1,1.0
39,135,1268.00,120.00,41.00,140.00,1,1,1.0
39,186,1103.00,99.00,31.00,113.00,1,1,1.0
39,1,722.00,121.00,41.00,165.00,1,1,1.0
39,13,1467.00,123.00,43.00,137.00,1,1,1.0
40,168,1780.00,141.00,53.00,152.00,1,1,1.0
40,116,1745.00,136.00,50.00,146.00,1,1,1.0
40,1,699.00,121.00,41.00,164.00,1,1,1.0
40,13,1440.00,120.00,41.00,133.00,1,1,1.0
40,149,1385.00,128.00,46.00,148.00,1,1,1.0
40,187,1699.00,173.00,70.00,206.00,1,1,1.0
40,125,1443.00,129.00,46.00,146.00,1,1,1.0
40,12,1456.00,119.00,41.00,130.00,1,1,1.0
40,124,1521.00,144.00,54.00,168.00,1,1,1.0
40,23,1351.00,114.00,38.00,126.00,1,1,1.0
40,186,1095.00,98.00,31.00,113.00,1,1,1.0
40,21,1511.00,120.00,41.00,129.00,1,1,1.0
40,139,1257.00,108.00,35.00,120.00,1,1,1.0
40,135,1241.00,117.00,40.00,137.00,1,1,1.0
40,288,1648.00,169.00,67.00,200.00,1,1,1.0
40,121,1470.00,142.00,53.00,166.00,1,1,1.0
40,136,1651.00,163.00,64.00,192.00,1,1,1.0
40,181,1141.00,100.00,33.00,112.00,1,1,1.0
41,139,1274.00,111.00,37.00,124.00,1,1,1.0
41,187,1647.00,164.00,66.00,195.00,1,1,1.0
41,135,1218.00,114.00,38.00,131.00,1,1,1.0
41,147,1708.00,262.00,120.00,344.00,1,1,1.0
41,12,1431.00,116.00,39.00,126.00,1,1,1.0
41,121,1421.00,139.00,51.00,164.00,1,1,1.0
41,125,1425.00,126.00,45.00,142.00,1,1,1.0
41,124,1504.00,141.00,53.00,163.00,1,1,1.0
41,21,1479.00,117.00,40.00,125.00,1,1,1.0
41,136,1602.00,157.00,62.00,185.00,1,1,1.0
41,288,1581.00,164.00,65.00,195.00,1,1,1.0
41,116,1772.00,138.00,51.00,148.00,1,1,1.0
41,168,1768.00,140.00,52.00,150.00,1,1,1.0
41,23,1329.00,111.00,37.00,123.00,1,1,1.0
41,149,1358.00,123.00,44.00,142.00,1,1,1.0
41,13,1427.00,118.00,41.00,131.00,1,1,1.0
42,23,1319.00,110.00,37.00,122.00,1,1,1.0
42,135,1189.00,110.00,37.00,127.00,1,1,1.0
42,116,1788.00,139.00,51.00,149.00,1,1,1.0
42,12,1431.00,115.00,39.00,125.00,1,1,1.0
42,147,1639.00,259.00,117.00,341.00,1,1,1.0
42,149,1341.00,121.00,42.00,138.00,1,1,1.0
42,124,1465.00,137.00,50.00,159.00,1,1,1.0
42,13,1409.00,116.00,40.00,127.00,1,1,1.0
42,136,1545.00,153.00,59.00,180.00,1,1,1.0
42,121,1389.00,136.00,49.00,160.00,1,1,1.0
42,139,1313.00,113.00,38.00,127.00,1,1,1.0
42,125,1391.00,123.00,43.00,139.00,1,1,1.0
42,288,1554.00,158.00,61.00,187.00,1,1,1.0
42,187,1611.00,160.00,62.00,189.00,1,1,1.0
42,168,1768.00,140.00,52.00,150.00,1,1,1.0
42,21,1466.00,115.00,39.00,123.00,1,1,1.0
43,288,1499.00,154.00,59.00,183.00,1,1,1.0
43,168,1766.00,140.00,51.00,150.00,1,1,1.0
43,13,1391.00,114.00,39.00,124.00,1,1,1.0
43,149,1313.00,119.00,41.00,135.00,1,1,1.0
43,139,1346.00,115.00,39.00,128.00,1,1,1.0
43,116,1788.00,139.00,51.00,149.00,1,1,1.0
43,147,1566.00,259.00,116.00,344.00,1,1,1.0
43,12,1422.00,113.00,38.00,122.00,1,1,1.0
43,21,1446.00,113.00,38.00,121.00,1,1,1.0
43,23,1314.00,109.00,36.00,119.00,1,1,1.0
43,136,1534.00,149.00,56.00,173.00,1,1,1.0
43,125,1369.00,120.00,41.00,136.00,1,1,1.0
43,187,1577.00,154.00,60.00,182.00,1,1,1.0
43,121,1378.00,133.00,48.00,156.00,1,1,1.0
43,124,1452.00,135.00,50.00,157.00,1,1,1.0
43,135,1176.00,108.00,36.00,125.00,1,1,1.0
44,168,1766.00,140.00,51.00,150.00,1,1,1.0
44,12,1413.00,112.00,38.00,120.00,1,1,1.0
44,288,1465.00,148.00,56.00,177.00,1,1,1.0
44,136,1488.00,145.00,54.00,169.00,1,1,1.0
44,23,1297.00,107.00,35.00,118.00,1,1,1.0
44,116,1788.00,139.00,51.00,149.00,1,1,1.0
44,187,1538.00,149.00,57.00,174.00,1,1,1.0
44,21,1444.00,112.00,38.00,118.00,1,1,1.0
44,147,1477.00,250.00,109.00,334.00,1,1,1.0
44,135,1165.00,105.00,35.00,121.00,1,1,1.0
44,124,1407.00,132.00,47.00,154.00,1,1,1.0
44,121,1349.00,131.00,48.00,154.00,1,1,1.0
44,13,1371.00,111.00,37.00,122.00,1,1,1.0
44,125,1339.00,118.00,40.00,134.00,1,1,1.0
44,149,1300.00,117.00,40.00,133.00,1,1,1.0
44,139,1386.00,119.00,41.00,133.00,1,1,1.0
45,168,1766.00,140.00,51.00,150.00,1,1,1.0
45,136,1465.00,141.00,52.00,164.00,1,1,1.0
45,125,1319.00,115.00,39.00,129.00,1,1,1.0
45,12,1397.00,110.00,37.00,118.00,1,1,1.0
45,149,1288.00,114.00,38.00,129.00,1,1,1.0
45,116,1788.00,139.00,51.00,149.00,1,1,1.0
45,124,1383.00,129.00,46.00,149.00,1,1,1.0
45,139,1424.00,122.00,43.00,136.00,1,1,1.0
45,147,1375.00,242.00,104.00,325.00,1,1,1.0
45,21,1431.00,110.00,37.00,117.00,1,1,1.0
45,288,1437.00,144.00,53.00,169.00,1,1,1.0
45,121,1320.00,128.00,45.00,150.00,1,1,1.0
45,187,1490.00,145.00,55.00,171.00,1,1,1.0
45,135,1154.00,103.00,33.00,118.00,1,1,1.0
45,13,1350.00,109.00,36.00,118.00,1,1,1.0
45,23,1290.00,105.00,35.00,115.00,1,1,1.0
46,168,1766.00,140.00,51.00,150.00,1,1,1.0
46,149,1271.00,112.00,37.00,127.00,1,1,1.0
46,147,1258.00,239.00,100.00,325.00,1,1,1.0
46,23,1284.00,103.00,34.00,113.00,1,1,1.0
46,136,1464.00,137.00,51.00,160.00,1,1,1.0
46,116,1788.00,139.00,51.00,149.00,1,1,1.0
46,125,1308.00,113.00,38.00,127.00,1,1,1.0
46,12,1381.00,108.00,36.00,116.00,1,1,1.0
46,124,1359.00,125.00,44.00,144.00,1,1,1.0
46,187,1449.00,141.00,52.00,166.00,1,1,1.0
46,21,1413.00,109.00,36.00,115.00,1,1,1.0
46,121,1289.00,125.00,44.00,147.00,1,1,1.0
46,288,1412.00,139.00,51.00,164.00,1,1,1.0
46,135,1141.00,101.00,33.00,116.00,1,1,1.0
46,13,1332.00,107.00,35.00,115.00,1,1,1.0
46,139,1465.00,126.00,44.00,141.00,1,1,1.0
47,187,1425.00,137.00,50.00,161.00,1,1,1.0
47,125,1293.00,111.00,37.00,125.00,1,1,1.0
47,147,1153.00,230.00,93.00,316.00,1,1,1.0
47,23,1281.00,102.00,33.00,110.00,1,1,1.0
47,12,1371.00,107.00,35.00,114.00,1,1,1.0
47,124,1323.00,122.00,43.00,141.00,1,1,1.0
47,135,1122.00,100.00,32.00,114.00,1,1,1.0
47,116,1785.00,139.00,52.00,149.00,1,1,1.0
47,118,1523.00,357.00,168.00,494.00,1,1,1.0
47,155,1761.00,180.00,74.00,214.00,1,1,1.0
47,149,1251.00,109.00,37.00,123.00,1,1,1.0
47,136,1445.00,135.00,50.00,157.00,1,1,1.0
47,121,1263.00,122.00,43.00,142.00,1,1,1.0
47,168,1763.00,139.00,52.00,150.00,1,1,1.0
47,13,1328.00,105.00,34.00,113.00,1,1,1.0
47,288,1382.00,135.00,49.00,160.00,1,1,1.0
47,139,1509.00,129.00,46.00,144.00,1,1,1.0
48,12,1360.00,105.00,34.00,112.00,1,1,1.0
48,147,1085.00,224.00,89.00,310.00,1,1,1.0
48,149,1239.00,108.00,35.00,121.00,1,1,1.0
48,23,1282.00,101.00,32.00,109.00,1,1,1.0
48,124,1294.00,120.00,42.00,139.00,1,1,1.0
48,118,1395.00,383.00,177.00,536.00,1,1,1.0
48,125,1280.00,109.00,36.00,122.00,1,1,1.0
48,121,1234.00,119.00,41.00,140.00,1,1,1.0
48,168,1761.00,139.00,52.00,150.00,1,1,1.0
48,116,1783.00,139.00,52.00,149.00,1,1,1.0
48,13,1312.00,103.00,34.00,110.00,1,1,1.0
48,152,1820.00,174.00,71.00,202.00,1,1,1.0
48,136,1424.00,132.00,48.00,152.00,1,1,1.0
48,397,1791.00,161.00,64.00,184.00,1,1,1.0
48,155,1708.00,176.00,72.00,210.00,1,1,1.0
48,187,1397.00,135.00,49.00,157.00,1,1,1.0
48,139,1550.00,132.00,48.00,148.00,1,1,1.0
48,288,1351.00,132.00,47.00,156.00,1,1,1.0
49,152,1770.00,169.00,68.00,197.00,1,1,1.0
49,125,1264.00,107.00,36.00,120.00,1,1,1.0
49,187,1373.00,130.00,47.00,151.00,1,1,1.0
49,121,1203.00,117.00,40.00,138.00,1,1,1.0
49,124,1264.00,117.00,40.00,136.00,1,1,1.0
49,155,1684.00,169.00,68.00,199.00,1,1,1.0
49,397,1718.00,154.00,59.00,174.00,1,1,1.0
49,288,1329.00,129.00,47.00,152.00,1,1,1.0
49,168,1761.00,139.00,52.00,150.00,1,1,1.0
49,12,1357.00,103.00,33.00,109.00,1,1,1.0
49,118,1248.00,390.00,174.00,552.00,1,1,1.0
49,139,1592.00,136.00,50.00,151.00,1,1,1.0
49,148,1309.00,102.00,33.00,109.00,1,1,1.0
49,147,965.00,215.00,83.00,300.00,1,1,1.0
49,136,1402.00,129.00,46.00,147.00,1,1,1.0
49,116,1781.00,139.00,51.00,149.00,1,1,1.0
49,149,1221.00,106.00,35.00,118.00,1,1,1.0
50,121,1183.00,115.00,39.00,137.00,1,1,1.0
50,149,1208.00,104.00,34.00,115.00,1,1,1.0
50,147,882.00,211.00,80.00,299.00,1,1,1.0
50,155,1644.00,165.00,65.00,194.00,1,1,1.0
50,118,1089.00,435.00,189.00,624.00,1,1,1.0
50,168,1761.00,139.00,52.00,150.00,1,1,1.0
50,187,1355.00,127.00,45.00,148.00,1,1,1.0
50,397,1659.00,147.00,56.00,167.00,1,1,1.0
50,136,1385.00,126.00,45.00,143.00,1,1,1.0
50,124,1233.00,115.00,39.00,133.00,1,1,1.0
50,125,1253.00,106.00,35.00,117.00,1,1,1.0
50,322,1409.00,109.00,36.00,116.00,1,1,1.0
50,288,1300.00,125.00,44.00,146.00,1,1,1.0
50,116,1781.00,139.00,51.00,149.00,1,1,1.0
50,152,1714.00,164.00,66.00,191.00,1,1,1.0
50,139,1648.00,140.00,52.00,157.00,1,1,1.0
51,122,813.00,10.00,78.00,279.00,1,1,1.0
51,14,1216.00,6.00,80.00,308.00,1,1,1.0
51,20,1096.00,9.00,78.00,318.00,1,1,1.0
51,5,869.00,0.00,52.00,195.00,1,1,1.0
51,27,1880.00,15.00,168.00,489.00,1,1,1.0
51,23,716.00,12.00,83.00,283.00,1,1,1.0
51,18,1137.00,15.00,95.00,379.00,1,1,1.0
51,12,724.00,6.00,68.00,232.00,1,1,1.0
51,247,861.00,5.00,67.00,249.00,1,1,1.0
51,19,857.00,20.00,102.00,374.00,1,1,1.0
51,24,431.00,19.00,105.00,304.00,1,1,1.0
51,15,891.00,8.00,74.00,276.00,1,1,1.0
51,2,1389.00,19.00,127.00,447.00,1,1,1.0
51,38,1330.00,6.00,90.00,331.00,1,1,1.0
51,13,639.00,8.00,73.00,237.00,1,1,1.0
51,22,990.00,10.00,77.00,308.00,1,1,1.0
51,21,553.00,14.00,90.00,279.00,1,1,1.0
51,17,1137.00,0.00,61.00,248.00,1,1,1.0
51,10,1357.00,3.00,83.00,301.00,1,1,1.0
52,12,742.00,6.00,70.00,239.00,1,1,1.0
52,22,1011.00,10.00,78.00,315.00,1,1,1.0
52,27,1880.00,15.00,168.00,489.00,1,1,1.0
52,21,547.00,14.00,91.00,279.00,1,1,1.0
52,24,439.00,19.00,105.00,306.00,1,1,1.0
52,19,808.00,21.00,107.00,383.00,1,1,1.0
52,10,1404.00,3.00,87.00,308.00,1,1,1.0
52,5,907.00,0.00,54.00,203.00,1,1,1.0
52,18,1213.00,12.00,93.00,360.00,1,1,1.0
52,15,895.00,9.00,77.00,288.00,1,1,1.0
52,13,628.00,9.00,76.00,244.00,1,1,1.0
52,2,1444.00,26.00,151.00,514.00,1,1,1.0
52,23,713.00,12.00,84.00,283.00,1,1,1.0
52,383,1228.00,7.00,84.00,324.00,1,1,1.0
52,14,1183.00,9.00,86.00,334.00,1,1,1.0
52,122,830.00,10.00,80.00,290.00,1,1,1.0
52,17,1214.00,1.00,67.00,263.00,1,1,1.0
52,247,895.00,5.00,67.00,251.00,1,1,1.0
52,20,1110.00,9.00,78.00,316.00,1,1,1.0
53,18,1312.00,8.00,92.00,341.00,1,1,1.0
53,24,439.00,19.00,105.00,306.00,1,1,1.0
53,19,754.00,26.00,121.00,417.00,1,1,1.0
53,22,996.00,10.00,78.00,313.00,1,1,1.0
53,247,893.00,6.00,70.00,261.00,1,1,1.0
53,14,1150.00,13.00,90.00,358.00,1,1,1.0
53,10,1465.00,2.00,91.00,318.00,1,1,1.0
53,20,1114.00,9.00,78.00,317.00,1,1,1.0
53,17,1242.00,2.00,72.00,278.00,1,1,1.0
53,122,862.00,10.00,80.00,293.00,1,1,1.0
53,12,745.00,7.00,71.00,244.00,1,1,1.0
53,23,713.00,12.00,84.00,283.00,1,1,1.0
53,2,1504.00,34.00,180.00,592.00,1,1,1.0
53,5,911.00,1.00,57.00,216.00,1,1,1.0
53,13,601.00,10.00,80.00,255.00,1,1,1.0
53,21,547.00,14.00,91.00,279.00,1,1,1.0
53,15,876.00,10.00,79.00,292.00,1,1,1.0
54,21,547.00,14.00,91.00,279.00,1,1,1.0
54,5,947.00,1.00,57.00,221.00,1,1,1.0
54,15,882.00,11.00,82.00,304.00,1,1,1.0
54,24,431.00,20.00,106.00,310.00,1,1,1.0
54,39,723.00,3.00,60.00,205.00,1,1,1.0
54,23,716.00,12.00,84.00,284.00,1,1,1.0
54,122,814.00,16.00,93.00,334.00,1,1,1.0
54,18,1395.00,7.00,98.00,348.00,1,1,1.0
54,12,736.00,8.00,74.00,253.00,1,1,1.0
54,247,896.00,7.00,71.00,268.00,1,1,1.0
54,383,773.00,2.00,59.00,209.00,1,1,1.0
54,22,990.00,13.00,85.00,339.00,1,1,1.0
54,2,1637.00,37.00,207.00,646.00,1,1,1.0
54,19,666.00,29.00,130.00,429.00,1,1,1.0
54,10,1438.00,4.00,93.00,331.00,1,1,1.0
54,14,1169.00,15.00,96.00,377.00,1,1,1.0
54,20,1110.00,9.00,78.00,316.00,1,1,1.0
54,13,606.00,11.00,82.00,260.00,1,1,1.0
54,17,1254.00,2.00,73.00,280.00,1,1,1.0
55,14,1213.00,20.00,112.00,428.00,1,1,1.0
55,24,434.00,20.00,106.00,310.00,1,1,1.0
55,13,574.00,12.00,85.00,265.00,1,1,1.0
55,19,544.00,32.00,142.00,438.00,1,1,1.0
55,17,1308.00,3.00,79.00,294.00,1,1,1.0
55,5,949.00,2.00,60.00,233.00,1,1,1.0
55,39,707.00,4.00,63.00,213.00,1,1,1.0
55,10,1479.00,11.00,116.00,397.00,1,1,1.0
55,12,699.00,10.00,78.00,262.00,1,1,1.0
55,2,1752.00,54.00,276.00,803.00,1,1,1.0
55,15,887.00,11.00,81.00,306.00,1,1,1.0
55,21,550.00,14.00,91.00,280.00,1,1,1.0
55,20,1095.00,14.00,88.00,359.00,1,1,1.0
55,23,713.00,12.00,84.00,283.00,1,1,1.0
55,247,940.00,7.00,71.00,275.00,1,1,1.0
55,383,804.00,2.00,60.00,211.00,1,1,1.0
55,38,1475.00,12.00,117.00,403.00,1,1,1.0
55,22,980.00,15.00,89.00,351.00,1,1,1.0
55,122,804.00,18.00,99.00,352.00,1,1,1.0
56,122,760.00,21.00,107.00,373.00,1,1,1.0
56,20,1121.00,14.00,90.00,362.00,1,1,1.0
56,15,873.00,13.00,86.00,317.00,1,1,1.0
56,13,557.00,13.00,87.00,269.00,1,1,1.0
56,19,421.00,36.00,159.00,460.00,1,1,1.0
56,17,1354.00,3.00,83.00,305.00,1,1,1.0
56,247,950.00,8.00,73.00,282.00,1,1,1.0
56,2,1837.00,55.00,292.00,822.00,1,1,1.0
56,24,439.00,20.00,107.00,311.00,1,1,1.0
56,14,1274.00,22.00,123.00,454.00,1,1,1.0
56,43,790.00,1.00,57.00,203.00,1,1,1.0
56,23,713.00,12.00,84.00,283.00,1,1,1.0
56,38,1676.00,18.00,156.00,488.00,1,1,1.0
56,22,949.00,17.00,93.00,362.00,1,1,1.0
56,12,686.00,10.00,80.00,265.00,1,1,1.0
56,383,816.00,3.00,60.00,217.00,1,1,1.0
56,10,1450.00,12.00,113.00,395.00,1,1,1.0
56,5,947.00,4.00,63.00,245.00,1,1,1.0
56,39,734.00,5.00,66.00,223.00,1,1,1.0
56,21,547.00,14.00,91.00,279.00,1,1,1.0
57,22,944.00,20.00,101.00,394.00,1,1,1.0
57,383,835.00,3.00,62.00,227.00,1,1,1.0
57,13,557.00,13.00,87.00,269.00,1,1,1.0
57,20,1096.00,16.00,93.00,375.00,1,1,1.0
57,247,883.00,10.00,78.00,290.00,1,1,1.0
57,19,300.00,40.00,174.00,475.00,1,1,1.0
57,122,706.00,23.00,115.00,386.00,1,1,1.0
57,43,819.00,1.00,57.00,207.00,1,1,1.0
57,5,915.00,6.00,68.00,261.00,1,1,1.0
57,151,895.00,13.00,85.00,319.00,1,1,1.0
57,23,716.00,12.00,84.00,284.00,1,1,1.0
57,38,1744.00,27.00,191.00,577.00,1,1,1.0
57,24,436.00,20.00,107.00,312.00,1,1,1.0
57,21,550.00,14.00,91.00,280.00,1,1,1.0
57,12,674.00,11.00,81.00,266.00,1,1,1.0
57,14,1379.00,26.00,145.00,508.00,1,1,1.0
57,17,1418.00,7.00,98.00,348.00,1,1,1.0
57,39,739.00,6.00,69.00,234.00,1,1,1.0
57,10,1457.00,12.00,116.00,402.00,1,1,1.0
58,122,702.00,25.00,119.00,398.00,1,1,1.0
58,5,922.00,7.00,72.00,276.00,1,1,1.0
58,39,738.00,7.00,71.00,244.00,1,1,1.0
58,24,428.00,20.00,108.00,316.00,1,1,1.0
58,19,199.00,45.00,194.00,506.00,1,1,1.0
58,247,871.00,10.00,79.00,293.00,1,1,1.0
58,22,898.00,23.00,108.00,407.00,1,1,1.0
58,151,936.00,13.00,84.00,324.00,1,1,1.0
58,38,1780.00,38.00,228.00,673.00,1,1,1.0
58,10,1535.00,28.00,166.00,546.00,1,1,1.0
58,23,716.00,12.00,85.00,285.00,1,1,1.0
58,14,1428.00,32.00,167.00,569.00,1,1,1.0
58,12,702.00,10.00,80.00,270.00,1,1,1.0
58,13,555.00,13.00,86.00,269.00,1,1,1.0
58,383,869.00,3.00,62.00,233.00,1,1,1.0
58,17,1460.00,7.00,101.00,352.00,1,1,1.0
58,20,1112.00,22.00,107.00,430.00,1,1,1.0
58,43,853.00,2.00,58.00,214.00,1,1,1.0
58,21,547.00,14.00,91.00,280.00,1,1,1.0
59,39,786.00,7.00,70.00,248.00,1,1,1.0
59,44,678.00,4.00,64.00,212.00,1,1,1.0
59,24,425.00,20.00,109.00,315.00,1,1,1.0
59,13,557.00,13.00,87.00,269.00,1,1,1.0
59,43,869.00,2.00,60.00,223.00,1,1,1.0
59,151,897.00,15.00,89.00,335.00,1,1,1.0
59,23,716.00,12.00,85.00,285.00,1,1,1.0
59,122,632.00,33.00,141.00,455.00,1,1,1.0
59,17,1602.00,11.00,126.00,410.00,1,1,1.0
59,22,853.00,26.00,116.00,428.00,1,1,1.0
59,19,120.00,49.00,208.00,527.00,1,1,1.0
59,383,870.00,5.00,66.00,243.00,1,1,1.0
59,12,705.00,10.00,80.00,271.00,1,1,1.0
59,247,846.00,12.00,84.00,308.00,1,1,1.0
59,5,1023.00,7.00,71.00,289.00,1,1,1.0
59,14,1509.00,40.00,198.00,649.00,1,1,1.0
59,20,1077.00,25.00,113.00,454.00,1,1,1.0
59,21,547.00,14.00,91.00,280.00,1,1,1.0
59,10,1643.00,42.00,220.00,681.00,1,1,1.0
60,21,550.00,14.00,91.00,281.00,1,1,1.0
60,22,814.00,31.00,131.00,468.00,1,1,1.0
60,17,1699.00,13.00,143.00,448.00,1,1,1.0
60,13,571.00,13.00,86.00,270.00,1,1,1.0
60,24,421.00,20.00,109.00,316.00,1,1,1.0
60,151,900.00,14.00,89.00,336.00,1,1,1.0
60,14,1582.00,62.00,274.00,846.00,1,1,1.0
60,20,1027.00,30.00,124.00,491.00,1,1,1.0
60,30,874.00,12.00,83.00,311.00,1,1,1.0
60,39,811.00,7.00,71.00,254.00,1,1,1.0
60,122,589.00,36.00,153.00,483.00,1,1,1.0
60,23,716.00,12.00,85.00,285.00,1,1,1.0
60,5,1011.00,9.00,74.00,301.00,1,1,1.0
60,12,702.00,10.00,80.00,270.00,1,1,1.0
60,43,877.00,3.00,62.00,232.00,1,1,1.0
60,10,1754.00,44.00,245.00,722.00,1,1,1.0
60,44,665.00,5.00,66.00,216.00,1,1,1.0
60,383,964.00,4.00,64.00,252.00,1,1,1.0
61,247,719.00,20.00,105.00,355.00,1,1,1.0
61,17,1843.00,32.00,217.00,628.00,1,1,1.0
61,13,595.00,12.00,86.00,271.00,1,1,1.0
61,12,811.00,8.00,74.00,263.00,1,1,1.0
61,21,575.00,14.00,90.00,281.00,1,1,1.0
61,383,998.00,5.00,66.00,264.00,1,1,1.0
61,122,544.00,41.00,169.00,519.00,1,1,1.0
61,5,1056.00,10.00,79.00,323.00,1,1,1.0
61,22,744.00,41.00,158.00,545.00,1,1,1.0
61,43,884.00,4.00,65.00,239.00,1,1,1.0
61,23,761.00,11.00,82.00,282.00,1,1,1.0
61,30,420.00,36.00,156.00,452.00,1,1,1.0
61,116,768.00,2.00,58.00,202.00,1,1,1.0
61,44,603.00,8.00,73.00,231.00,1,1,1.0
61,20,987.00,40.00,145.00,569.00,1,1,1.0
62,5,1080.00,13.00,85.00,348.00,1,1,1.0
62,17,1883.00,31.00,220.00,628.00,1,1,1.0
62,20,905.00,50.00,169.00,642.00,1,1,1.0
62,43,886.00,5.00,66.00,246.00,1,1,1.0
62,21,575.00,14.00,90.00,281.00,1,1,1.0
62,116,739.00,3.00,62.00,214.00,1,1,1.0
62,12,783.00,8.00,75.00,265.00,1,1,1.0
62,247,684.00,21.00,110.00,364.00,1,1,1.0
62,122,413.00,51.00,202.00,583.00,1,1,1.0
62,30,353.00,42.00,177.00,498.00,1,1,1.0
62,13,584.00,12.00,87.00,271.00,1,1,1.0
62,168,749.00,2.00,58.00,202.00,1,1,1.0
62,23,761.00,11.00,82.00,282.00,1,1,1.0
62,383,989.00,5.00,66.00,263.00,1,1,1.0
62,22,651.00,49.00,185.00,605.00,1,1,1.0
62,44,603.00,8.00,73.00,231.00,1,1,1.0
63,116,779.00,3.00,62.00,218.00,1,1,1.0
63,22,572.00,56.00,206.00,647.00,1,1,1.0
63,383,957.00,8.00,72.00,283.00,1,1,1.0
63,21,575.00,14.00,90.00,281.00,1,1,1.0
63,12,783.00,8.00,75.00,265.00,1,1,1.0
63,30,299.00,45.00,189.00,516.00,1,1,1.0
63,5,1083.00,15.00,91.00,372.00,1,1,1.0
63,13,584.00,12.00,87.00,271.00,1,1,1.0
63,168,699.00,4.00,63.00,211.00,1,1,1.0
63,43,869.00,6.00,70.00,258.00,1,1,1.0
63,122,317.00,57.00,227.00,626.00,1,1,1.0
63,44,501.00,13.00,86.00,260.00,1,1,1.0
63,20,831.00,59.00,195.00,706.00,1,1,1.0
63,23,761.00,11.00,82.00,282.00,1,1,1.0
64,20,704.00,70.00,232.00,781.00,1,1,1.0
64,168,665.00,6.00,67.00,221.00,1,1,1.0
64,21,575.00,14.00,90.00,281.00,1,1,1.0
64,12,783.00,8.00,75.00,265.00,1,1,1.0
64,43,878.00,8.00,72.00,271.00,1,1,1.0
64,383,990.00,9.00,74.00,298.00,1,1,1.0
64,5,1103.00,17.00,96.00,389.00,1,1,1.0
64,116,796.00,4.00,64.00,227.00,1,1,1.0
64,44,417.00,16.00,97.00,280.00,1,1,1.0
64,122,187.00,68.00,269.00,701.00,1,1,1.0
64,30,196.00,51.00,211.00,550.00,1,1,1.0
64,22,486.00,63.00,233.00,698.00,1,1,1.0
64,23,761.00,11.00,82.00,282.00,1,1,1.0
64,13,601.00,12.00,85.00,269.00,1,1,1.0
65,13,601.00,12.00,85.00,269.00,1,1,1.0
65,20,561.00,85.00,285.00,889.00,1,1,1.0
65,116,811.00,5.00,67.00,238.00,1,1,1.0
65,21,575.00,14.00,90.00,281.00,1,1,1.0
65,5,1126.00,20.00,105.00,415.00,1,1,1.0
65,43,879.00,9.00,77.00,286.00,1,1,1.0
65,44,368.00,19.00,104.00,294.00,1,1,1.0
65,122,6.00,70.00,286.00,691.00,1,1,1.0
65,12,783.00,8.00,75.00,265.00,1,1,1.0
65,22,292.00,80.00,298.00,814.00,1,1,1.0
65,383,1013.00,11.00,79.00,318.00,1,1,1.0
65,30,31.00,78.00,311.00,759.00,1,1,1.0
65,23,761.00,11.00,82.00,282.00,1,1,1.0
65,168,605.00,8.00,74.00,234.00,1,1,1.0
66,22,122.00,95.00,361.00,919.00,1,1,1.0
66,44,270.00,23.00,117.00,315.00,1,1,1.0
66,13,601.00,12.00,85.00,269.00,1,1,1.0
66,168,573.00,10.00,78.00,243.00,1,1,1.0
66,21,575.00,14.00,90.00,281.00,1,1,1.0
66,383,1035.00,13.00,84.00,338.00,1,1,1.0
66,20,421.00,99.00,338.00,983.00,1,1,1.0
66,5,1113.00,28.00,122.00,482.00,1,1,1.0
66,23,755.00,11.00,82.00,282.00,1,1,1.0
66,626,1176.00,10.00,87.00,343.00,1,1,1.0
66,116,827.00,6.00,70.00,253.00,1,1,1.0
66,12,723.00,10.00,79.00,268.00,1,1,1.0
66,43,902.00,10.00,78.00,293.00,1,1,1.0
67,626,1224.00,12.00,94.00,360.00,1,1,1.0
67,116,851.00,7.00,73.00,267.00,1,1,1.0
67,23,747.00,11.00,82.00,283.00,1,1,1.0
67,21,573.00,14.00,89.00,281.00,1,1,1.0
67,24,226.00,26.00,127.00,337.00,1,1,1.0
67,20,130.00,113.00,417.00,1065.00,1,1,1.0
67,5,1132.00,29.00,128.00,501.00,1,1,1.0
67,168,465.00,14.00,89.00,262.00,1,1,1.0
67,13,601.00,12.00,84.00,268.00,1,1,1.0
67,12,720.00,10.00,79.00,267.00,1,1,1.0
67,383,1070.00,15.00,88.00,361.00,1,1,1.0
67,43,909.00,12.00,83.00,315.00,1,1,1.0
68,383,1089.00,17.00,95.00,387.00,1,1,1.0
68,12,717.00,10.00,80.00,268.00,1,1,1.0
68,13,598.00,12.00,85.00,268.00,1,1,1.0
68,24,147.00,29.00,139.00,354.00,1,1,1.0
68,43,912.00,14.00,88.00,337.00,1,1,1.0
68,626,1242.00,13.00,99.00,375.00,1,1,1.0
68,23,717.00,12.00,84.00,286.00,1,1,1.0
68,116,852.00,9.00,76.00,282.00,1,1,1.0
68,21,575.00,14.00,90.00,280.00,1,1,1.0
68,5,1105.00,36.00,139.00,549.00,1,1,1.0
68,168,415.00,16.00,95.00,274.00,1,1,1.0
69,383,1142.00,19.00,104.00,412.00,1,1,1.0
69,21,575.00,14.00,90.00,281.00,1,1,1.0
69,23,759.00,11.00,82.00,284.00,1,1,1.0
69,5,1044.00,45.00,158.00,618.00,1,1,1.0
69,24,41.00,51.00,218.00,533.00,1,1,1.0
69,12,720.00,10.00,79.00,267.00,1,1,1.0
69,247,531.00,49.00,191.00,585.00,1,1,1.0
69,168,350.00,18.00,103.00,289.00,1,1,1.0
69,13,598.00,12.00,85.00,268.00,1,1,1.0
69,626,1299.00,15.00,109.00,403.00,1,1,1.0
69,116,826.00,10.00,81.00,289.00,1,1,1.0
69,186,838.00,0.00,54.00,196.00,1,1,1.0
69,43,867.00,18.00,98.00,363.00,1,1,1.0
70,13,595.00,12.00,85.00,268.00,1,1,1.0
70,186,878.00,1.00,56.00,207.00,1,1,1.0
70,43,818.00,22.00,108.00,387.00,1,1,1.0
70,168,271.00,21.00,112.00,304.00,1,1,1.0
70,12,720.00,10.00,79.00,267.00,1,1,1.0
70,23,759.00,11.00,82.00,284.00,1,1,1.0
70,383,1174.00,23.00,117.00,450.00,1,1,1.0
70,247,452.00,55.00,212.00,626.00,1,1,1.0
70,626,1352.00,19.00,124.00,444.00,1,1,1.0
70,21,561.00,14.00,90.00,279.00,1,1,1.0
70,116,775.00,15.00,92.00,321.00,1,1,1.0
70,5,967.00,56.00,184.00,702.00,1,1,1.0
71,383,1217.00,27.00,129.00,489.00,1,1,1.0
71,186,914.00,1.00,56.00,216.00,1,1,1.0
71,23,711.00,13.00,86.00,291.00,1,1,1.0
71,13,622.00,12.00,84.00,268.00,1,1,1.0
71,626,1370.00,22.00,133.00,473.00,1,1,1.0
71,247,356.00,65.00,249.00,700.00,1,1,1.0
71,12,731.00,10.00,78.00,268.00,1,1,1.0
71,5,878.00,73.00,224.00,830.00,1,1,1.0
71,43,746.00,26.00,121.00,417.00,1,1,1.0
71,21,544.00,14.00,91.00,279.00,1,1,1.0
71,168,231.00,22.00,114.00,304.00,1,1,1.0
71,116,675.00,19.00,104.00,341.00,1,1,1.0
72,12,742.00,10.00,79.00,273.00,1,1,1.0
72,21,547.00,14.00,91.00,279.00,1,1,1.0
72,23,743.00,13.00,86.00,297.00,1,1,1.0
72,116,613.00,22.00,111.00,355.00,1,1,1.0
72,247,313.00,72.00,271.00,747.00,1,1,1.0
72,168,218.00,22.00,114.00,302.00,1,1,1.0
72,5,755.00,91.00,277.00,962.00,1,1,1.0
72,626,1470.00,27.00,157.00,527.00,1,1,1.0
72,383,1282.00,34.00,154.00,562.00,1,1,1.0
72,43,660.00,31.00,136.00,448.00,1,1,1.0
72,186,944.00,2.00,58.00,226.00,1,1,1.0
72,13,590.00,13.00,86.00,272.00,1,1,1.0
73,247,141.00,87.00,334.00,855.00,1,1,1.0
73,626,1572.00,29.00,175.00,562.00,1,1,1.0
73,181,766.00,4.00,63.00,218.00,1,1,1.0
73,21,535.00,15.00,92.00,283.00,1,1,1.0
73,43,589.00,37.00,153.00,484.00,1,1,1.0
73,5,507.00,139.00,429.00,1308.00,1,1,1.0
73,23,751.00,14.00,89.00,307.00,1,1,1.0
73,13,595.00,13.00,87.00,273.00,1,1,1.0
73,168,150.00,24.00,120.00,305.00,1,1,1.0
73,12,761.00,10.00,80.00,277.00,1,1,1.0
73,116,494.00,26.00,125.00,374.00,1,1,1.0
73,186,979.00,2.00,60.00,238.00,1,1,1.0
73,383,1319.00,38.00,169.00,602.00,1,1,1.0
74,23,741.00,15.00,93.00,318.00,1,1,1.0
74,626,1716.00,33.00,205.00,620.00,1,1,1.0
74,116,398.00,29.00,136.00,388.00,1,1,1.0
74,181,797.00,4.00,64.00,228.00,1,1,1.0
74,43,423.00,49.00,197.00,570.00,1,1,1.0
74,383,1384.00,44.00,194.00,667.00,1,1,1.0
74,13,573.00,13.00,88.00,276.00,1,1,1.0
74,21,538.00,15.00,92.00,283.00,1,1,1.0
74,186,986.00,4.00,63.00,254.00,1,1,1.0
74,12,727.00,11.00,84.00,284.00,1,1,1.0
74,168,171.00,24.00,119.00,308.00,1,1,1.0
75,383,1445.00,57.00,238.00,782.00,1,1,1.0
75,43,305.00,57.00,227.00,623.00,1,1,1.0
75,626,1821.00,41.00,244.00,703.00,1,1,1.0
75,168,176.00,24.00,120.00,309.00,1,1,1.0
75,116,287.00,33.00,150.00,407.00,1,1,1.0
75,186,1035.00,5.00,66.00,270.00,1,1,1.0
75,181,830.00,5.00,66.00,238.00,1,1,1.0
75,23,727.00,17.00,98.00,332.00,1,1,1.0
75,13,581.00,13.00,89.00,280.00,1,1,1.0
75,12,695.00,13.00,87.00,290.00,1,1,1.0
75,21,535.00,15.00,93.00,284.00,1,1,1.0
76,12,678.00,13.00,88.00,292.00,1,1,1.0
76,13,615.00,14.00,90.00,284.00,1,1,1.0
76,23,742.00,17.00,97.00,334.00,1,1,1.0
76,383,1557.00,70.00,294.00,908.00,1,1,1.0
76,168,130.00,25.00,124.00,312.00,1,1,1.0
76,21,514.00,15.00,94.00,286.00,1,1,1.0
76,43,121.00,71.00,283.00,718.00,1,1,1.0
76,626,1909.00,51.00,297.00,802.00,1,1,1.0
76,181,865.00,6.00,69.00,252.00,1,1,1.0
76,149,837.00,0.00,52.00,188.00,1,1,1.0
76,116,142.00,37.00,168.00,426.00,1,1,1.0
76,186,1069.00,6.00,69.00,283.00,1,1,1.0
77,168,143.00,25.00,123.00,314.00,1,1,1.0
77,23,745.00,18.00,99.00,341.00,1,1,1.0
77,149,818.00,0.00,54.00,195.00,1,1,1.0
77,13,619.00,14.00,89.00,288.00,1,1,1.0
77,186,1128.00,6.00,74.00,298.00,1,1,1.0
77,12,666.00,15.00,91.00,301.00,1,1,1.0
77,383,1681.00,88.00,372.00,1071.00,1,1,1.0
77,181,885.00,7.00,71.00,265.00,1,1,1.0
77,21,506.00,16.00,97.00,292.00,1,1,1.0
78,21,505.00,17.00,98.00,294.00,1,1,1.0
78,149,832.00,1.00,56.00,200.00,1,1,1.0
78,181,916.00,8.00,74.00,286.00,1,1,1.0
78,135,879.00,0.00,52.00,192.00,1,1,1.0
78,186,1166.00,8.00,79.00,315.00,1,1,1.0
78,13,622.00,14.00,90.00,291.00,1,1,1.0
78,12,669.00,15.00,91.00,301.00,1,1,1.0
78,383,1815.00,97.00,443.00,1157.00,1,1,1.0
78,168,166.00,24.00,121.00,312.00,1,1,1.0
78,23,745.00,18.00,99.00,341.00,1,1,1.0
79,125,761.00,2.00,58.00,199.00,1,1,1.0
79,168,175.00,23.00,118.00,303.00,1,1,1.0
79,23,745.00,18.00,99.00,341.00,1,1,1.0
79,186,1209.00,8.00,85.00,329.00,1,1,1.0
79,12,678.00,15.00,94.00,312.00,1,1,1.0
79,13,631.00,14.00,90.00,292.00,1,1,1.0
79,135,915.00,0.00,53.00,201.00,1,1,1.0
79,181,960.00,9.00,76.00,295.00,1,1,1.0
79,149,848.00,1.00,57.00,205.00,1,1,1.0
79,21,526.00,16.00,97.00,298.00,1,1,1.0
80,168,178.00,23.00,117.00,304.00,1,1,1.0
80,21,526.00,16.00,97.00,298.00,1,1,1.0
80,23,746.00,18.00,99.00,342.00,1,1,1.0
80,181,994.00,11.00,80.00,321.00,1,1,1.0
80,186,1249.00,11.00,95.00,357.00,1,1,1.0
80,125,764.00,2.00,60.00,208.00,1,1,1.0
80,149,848.00,2.00,58.00,212.00,1,1,1.0
80,12,687.00,15.00,94.00,313.00,1,1,1.0
80,135,948.00,0.00,55.00,212.00,1,1,1.0
80,13,610.00,15.00,94.00,298.00,1,1,1.0
81,21,525.00,18.00,103.00,315.00,1,1,1.0
81,186,1283.00,16.00,110.00,408.00,1,1,1.0
81,181,1043.00,15.00,88.00,358.00,1,1,1.0
81,135,957.00,1.00,57.00,222.00,1,1,1.0
81,13,601.00,16.00,95.00,302.00,1,1,1.0
81,149,852.00,2.00,60.00,221.00,1,1,1.0
81,116,55.00,29.00,137.00,336.00,1,1,1.0
81,125,773.00,4.00,63.00,218.00,1,1,1.0
81,23,742.00,18.00,100.00,341.00,1,1,1.0
81,12,700.00,15.00,93.00,312.00,1,1,1.0
81,168,196.00,22.00,115.00,300.00,1,1,1.0
82,23,705.00,20.00,106.00,358.00,1,1,1.0
82,168,196.00,22.00,115.00,300.00,1,1,1.0
82,12,690.00,16.00,96.00,321.00,1,1,1.0
82,181,1089.00,16.00,93.00,376.00,1,1,1.0
82,21,518.00,19.00,104.00,316.00,1,1,1.0
82,13,601.00,16.00,95.00,302.00,1,1,1.0
82,135,1007.00,2.00,58.00,236.00,1,1,1.0
82,149,852.00,3.00,62.00,228.00,1,1,1.0
82,125,792.00,4.00,64.00,225.00,1,1,1.0
82,121,825.00,0.00,54.00,195.00,1,1,1.0
82,116,72.00,28.00,133.00,330.00,1,1,1.0
82,186,1340.00,18.00,121.00,434.00,1,1,1.0
83,186,1426.00,21.00,136.00,470.00,1,1,1.0
83,121,854.00,0.00,55.00,202.00,1,1,1.0
83,181,1152.00,19.00,105.00,414.00,1,1,1.0
83,12,646.00,18.00,102.00,333.00,1,1,1.0
83,149,882.00,4.00,64.00,237.00,1,1,1.0
83,13,589.00,16.00,96.00,302.00,1,1,1.0
83,124,789.00,1.00,56.00,197.00,1,1,1.0
83,135,1013.00,3.00,61.00,249.00,1,1,1.0
83,116,77.00,28.00,134.00,331.00,1,1,1.0
83,168,196.00,22.00,115.00,300.00,1,1,1.0
83,23,699.00,21.00,109.00,363.00,1,1,1.0
83,21,497.00,21.00,110.00,329.00,1,1,1.0
83,125,800.00,5.00,67.00,237.00,1,1,1.0
84,124,756.00,3.00,61.00,208.00,1,1,1.0
84,121,879.00,1.00,56.00,208.00,1,1,1.0
84,116,89.00,27.00,131.00,326.00,1,1,1.0
84,125,780.00,7.00,72.00,251.00,1,1,1.0
84,186,1508.00,26.00,160.00,532.00,1,1,1.0
84,13,582.00,18.00,101.00,317.00,1,1,1.0
84,21,478.00,22.00,113.00,337.00,1,1,1.0
84,135,1016.00,5.00,66.00,267.00,1,1,1.0
84,181,1211.00,24.00,121.00,460.00,1,1,1.0
84,168,196.00,22.00,115.00,300.00,1,1,1.0
84,23,686.00,24.00,115.00,384.00,1,1,1.0
84,12,620.00,21.00,109.00,348.00,1,1,1.0
84,149,873.00,5.00,66.00,248.00,1,1,1.0
85,181,1292.00,30.00,146.00,533.00,1,1,1.0
85,149,887.00,6.00,69.00,260.00,1,1,1.0
85,21,433.00,24.00,121.00,350.00,1,1,1.0
85,121,910.00,1.00,56.00,214.00,1,1,1.0
85,13,566.00,18.00,103.00,321.00,1,1,1.0
85,116,92.00,27.00,130.00,326.00,1,1,1.0
85,12,584.00,23.00,115.00,361.00,1,1,1.0
85,23,689.00,25.00,119.00,397.00,1,1,1.0
85,186,1580.00,30.00,179.00,573.00,1,1,1.0
85,135,1024.00,7.00,69.00,284.00,1,1,1.0
85,168,195.00,22.00,115.00,301.00,1,1,1.0
85,125,784.00,8.00,76.00,264.00,1,1,1.0
85,124,795.00,3.00,61.00,214.00,1,1,1.0
86,125,805.00,9.00,78.00,277.00,1,1,1.0
86,149,913.00,7.00,72.00,273.00,1,1,1.0
86,186,1676.00,43.00,229.00,699.00,1,1,1.0
86,181,1380.00,38.00,175.00,608.00,1,1,1.0
86,135,1029.00,8.00,73.00,299.00,1,1,1.0
86,116,92.00,27.00,130.00,326.00,1,1,1.0
86,168,195.00,22.00,115.00,301.00,1,1,1.0
86,124,808.00,3.00,62.00,223.00,1,1,1.0
86,13,548.00,19.00,106.00,325.00,1,1,1.0
86,21,386.00,26.00,127.00,363.00,1,1,1.0
86,23,667.00,27.00,126.00,413.00,1,1,1.0
86,121,919.00,2.00,59.00,224.00,1,1,1.0
86,12,531.00,26.00,126.00,385.00,1,1,1.0
87,186,1850.00,46.00,264.00,749.00,1,1,1.0
87,121,934.00,2.00,60.00,233.00,1,1,1.0
87,181,1447.00,49.00,215.00,713.00,1,1,1.0
87,139,1555.00,80.00,323.00,987.00,1,1,1.0
87,23,674.00,29.00,129.00,427.00,1,1,1.0
87,135,1062.00,11.00,81.00,331.00,1,1,1.0
87,21,341.00,29.00,136.00,378.00,1,1,1.0
87,124,845.00,4.00,63.00,229.00,1,1,1.0
87,125,799.00,11.00,82.00,292.00,1,1,1.0
87,12,493.00,28.00,131.00,393.00,1,1,1.0
87,149,924.00,8.00,74.00,285.00,1,1,1.0
87,168,195.00,22.00,115.00,301.00,1,1,1.0
87,116,92.00,27.00,130.00,326.00,1,1,1.0
87,136,817.00,0.00,55.00,195.00,1,1,1.0
87,13,521.00,22.00,113.00,343.00,1,1,1.0
88,125,793.00,13.00,86.00,304.00,1,1,1.0
88,13,552.00,25.00,122.00,376.00,1,1,1.0
88,181,1602.00,58.00,264.00,815.00,1,1,1.0
88,149,929.00,9.00,77.00,294.00,1,1,1.0
88,23,690.00,32.00,138.00,460.00,1,1,1.0
88,124,844.00,4.00,66.00,238.00,1,1,1.0
88,135,1110.00,13.00,86.00,349.00,1,1,1.0
88,121,929.00,3.00,64.00,243.00,1,1,1.0
88,187,848.00,0.00,51.00,186.00,1,1,1.0
88,139,1307.00,71.00,255.00,874.00,1,1,1.0
88,136,838.00,1.00,56.00,202.00,1,1,1.0
88,12,452.00,30.00,138.00,406.00,1,1,1.0
88,21,282.00,32.00,149.00,402.00,1,1,1.0
88,168,195.00,22.00,115.00,301.00,1,1,1.0
88,288,876.00,0.00,52.00,193.00,1,1,1.0
88,116,92.00,27.00,130.00,326.00,1,1,1.0
88,186,1892.00,48.00,280.00,769.00,1,1,1.0
89,124,857.00,5.00,67.00,250.00,1,1,1.0
89,12,403.00,34.00,152.00,438.00,1,1,1.0
89,139,1155.00,58.00,197.00,742.00,1,1,1.0
89,121,928.00,5.00,67.00,254.00,1,1,1.0
89,21,213.00,38.00,169.00,446.00,1,1,1.0
89,187,852.00,0.00,53.00,193.00,1,1,1.0
89,136,848.00,1.00,57.00,210.00,1,1,1.0
89,116,94.00,27.00,131.00,326.00,1,1,1.0
89,23,705.00,37.00,150.00,504.00,1,1,1.0
89,288,887.00,0.00,54.00,200.00,1,1,1.0
89,125,806.00,14.00,89.00,318.00,1,1,1.0
89,168,187.00,22.00,116.00,300.00,1,1,1.0
89,181,1699.00,73.00,327.00,953.00,1,1,1.0
89,149,932.00,12.00,81.00,314.00,1,1,1.0
89,135,1176.00,15.00,97.00,379.00,1,1,1.0
89,13,549.00,27.00,129.00,398.00,1,1,1.0
90,168,185.00,22.00,115.00,299.00,1,1,1.0
90,116,94.00,27.00,131.00,326.00,1,1,1.0
90,13,540.00,32.00,141.00,433.00,1,1,1.0
90,149,946.00,13.00,84.00,327.00,1,1,1.0
90,187,877.00,0.00,54.00,201.00,1,1,1.0
90,125,796.00,16.00,94.00,333.00,1,1,1.0
90,12,390.00,38.00,163.00,465.00,1,1,1.0
90,124,862.00,6.00,70.00,259.00,1,1,1.0
90,23,694.00,40.00,157.00,526.00,1,1,1.0
90,21,161.00,42.00,183.00,469.00,1,1,1.0
90,139,1022.00,51.00,174.00,673.00,1,1,1.0
90,135,1236.00,17.00,108.00,408.00,1,1,1.0
90,288,903.00,0.00,55.00,207.00,1,1,1.0
90,121,933.00,6.00,68.00,263.00,1,1,1.0
90,136,854.00,2.00,59.00,216.00,1,1,1.0
91,139,1006.00,40.00,145.00,569.00,1,1,1.0
91,187,871.00,1.00,58.00,214.00,1,1,1.0
91,135,1293.00,23.00,127.00,464.00,1,1,1.0
91,12,354.00,44.00,184.00,516.00,1,1,1.0
91,121,997.00,5.00,68.00,271.00,1,1,1.0
91,125,781.00,19.00,102.00,356.00,1,1,1.0
91,124,850.00,8.00,74.00,271.00,1,1,1.0
91,21,111.00,49.00,208.00,525.00,1,1,1.0
91,136,868.00,3.00,61.00,226.00,1,1,1.0
91,288,951.00,0.00,54.00,212.00,1,1,1.0
91,116,104.00,26.00,126.00,314.00,1,1,1.0
91,168,168.00,23.00,119.00,306.00,1,1,1.0
91,23,689.00,48.00,178.00,595.00,1,1,1.0
91,149,941.00,17.00,95.00,367.00,1,1,1.0
91,13,517.00,35.00,151.00,459.00,1,1,1.0
92,23,695.00,52.00,188.00,630.00,1,1,1.0
92,135,1398.00,28.00,153.00,531.00,1,1,1.0
92,116,95.00,25.00,124.00,311.00,1,1,1.0
92,12,276.00,49.00,201.00,545.00,1,1,1.0
92,149,950.00,20.00,100.00,391.00,1,1,1.0
92,124,885.00,9.00,76.00,283.00,1,1,1.0
92,13,483.00,40.00,168.00,503.00,1,1,1.0
92,136,913.00,3.00,62.00,234.00,1,1,1.0
92,121,1031.00,6.00,69.00,281.00,1,1,1.0
92,139,874.00,36.00,140.00,521.00,1,1,1.0
92,125,825.00,21.00,106.00,380.00,1,1,1.0
92,288,942.00,1.00,58.00,223.00,1,1,1.0
92,187,881.00,2.00,60.00,221.00,1,1,1.0
92,168,168.00,23.00,119.00,306.00,1,1,1.0
92,21,19.00,56.00,236.00,573.00,1,1,1.0
93,288,988.00,1.00,58.00,230.00,1,1,1.0
93,168,171.00,23.00,119.00,307.00,1,1,1.0
93,13,453.00,47.00,187.00,551.00,1,1,1.0
93,149,1009.00,21.00,103.00,413.00,1,1,1.0
93,139,766.00,35.00,142.00,496.00,1,1,1.0
93,116,95.00,25.00,124.00,311.00,1,1,1.0
93,12,175.00,57.00,232.00,600.00,1,1,1.0
93,23,645.00,59.00,211.00,689.00,1,1,1.0
93,136,889.00,4.00,66.00,246.00,1,1,1.0
93,125,832.00,24.00,114.00,411.00,1,1,1.0
93,187,880.00,3.00,62.00,232.00,1,1,1.0
93,121,1026.00,8.00,72.00,294.00,1,1,1.0
93,124,885.00,10.00,78.00,292.00,1,1,1.0
93,135,1461.00,32.00,170.00,572.00,1,1,1.0
94,168,171.00,23.00,119.00,307.00,1,1,1.0
94,12,92.00,64.00,261.00,652.00,1,1,1.0
94,288,1001.00,2.00,60.00,242.00,1,1,1.0
94,136,925.00,5.00,67.00,255.00,1,1,1.0
94,23,675.00,67.00,228.00,756.00,1,1,1.0
94,116,95.00,25.00,124.00,311.00,1,1,1.0
94,187,886.00,4.00,65.00,245.00,1,1,1.0
94,135,1547.00,44.00,216.00,690.00,1,1,1.0
94,124,948.00,10.00,78.00,304.00,1,1,1.0
94,121,1067.00,8.00,74.00,304.00,1,1,1.0
94,13,397.00,56.00,219.00,629.00,1,1,1.0
94,125,898.00,25.00,114.00,431.00,1,1,1.0
94,149,1020.00,24.00,110.00,441.00,1,1,1.0
94,139,721.00,29.00,129.00,437.00,1,1,1.0
95,168,171.00,23.00,119.00,307.00,1,1,1.0
95,136,928.00,6.00,70.00,268.00,1,1,1.0
95,125,897.00,31.00,128.00,483.00,1,1,1.0
95,12,0.00,75.00,302.00,731.00,1,1,1.0
95,149,1013.00,31.00,125.00,493.00,1,1,1.0
95,116,95.00,25.00,124.00,311.00,1,1,1.0
95,124,963.00,12.00,81.00,322.00,1,1,1.0
95,139,666.00,26.00,123.00,404.00,1,1,1.0
95,288,1007.00,4.00,63.00,255.00,1,1,1.0
95,121,1105.00,9.00,79.00,322.00,1,1,1.0
95,187,932.00,5.00,65.00,252.00,1,1,1.0
95,135,1662.00,55.00,266.00,801.00,1,1,1.0
95,13,336.00,69.00,262.00,729.00,1,1,1.0
95,23,581.00,83.00,279.00,880.00,1,1,1.0
96,168,171.00,23.00,119.00,307.00,1,1,1.0
96,149,1053.00,34.00,134.00,530.00,1,1,1.0
96,23,413.00,110.00,371.00,1078.00,1,1,1.0
96,136,887.00,9.00,76.00,283.00,1,1,1.0
96,116,95.00,25.00,124.00,311.00,1,1,1.0
96,125,892.00,36.00,140.00,524.00,1,1,1.0
96,124,971.00,15.00,88.00,349.00,1,1,1.0
96,187,962.00,5.00,68.00,266.00,1,1,1.0
96,121,1157.00,10.00,85.00,337.00,1,1,1.0
96,288,1013.00,5.00,66.00,270.00,1,1,1.0
96,135,1815.00,68.00,335.00,927.00,1,1,1.0
96,13,245.00,86.00,320.00,857.00,1,1,1.0
96,139,658.00,22.00,111.00,363.00,1,1,1.0
97,187,968.00,7.00,71.00,279.00,1,1,1.0
97,125,913.00,41.00,148.00,566.00,1,1,1.0
97,23,174.00,143.00,499.00,1303.00,1,1,1.0
97,124,1031.00,16.00,92.00,372.00,1,1,1.0
97,116,98.00,25.00,124.00,311.00,1,1,1.0
97,155,857.00,0.00,52.00,193.00,1,1,1.0
97,149,1094.00,43.00,155.00,608.00,1,1,1.0
97,136,898.00,10.00,77.00,292.00,1,1,1.0
97,121,1198.00,13.00,94.00,364.00,1,1,1.0
97,168,174.00,23.00,118.00,307.00,1,1,1.0
97,13,18.00,108.00,415.00,1011.00,1,1,1.0
97,288,1038.00,6.00,70.00,284.00,1,1,1.0
97,139,605.00,20.00,108.00,343.00,1,1,1.0
98,149,1141.00,47.00,169.00,648.00,1,1,1.0
98,124,1099.00,17.00,95.00,386.00,1,1,1.0
98,125,918.00,48.00,165.00,631.00,1,1,1.0
98,121,1267.00,13.00,102.00,384.00,1,1,1.0
98,168,176.00,23.00,119.00,307.00,1,1,1.0
98,116,100.00,25.00,125.00,311.00,1,1,1.0
98,152,738.00,2.00,59.00,204.00,1,1,1.0
98,136,902.00,11.00,81.00,308.00,1,1,1.0
98,397,630.00,7.00,70.00,225.00,1,1,1.0
98,155,886.00,0.00,53.00,197.00,1,1,1.0
98,187,999.00,7.00,72.00,290.00,1,1,1.0
98,139,568.00,19.00,105.00,324.00,1,1,1.0
98,288,1075.00,7.00,73.00,297.00,1,1,1.0
99,152,755.00,3.00,60.00,209.00,1,1,1.0
99,125,961.00,55.00,181.00,692.00,1,1,1.0
99,187,1000.00,10.00,78.00,314.00,1,1,1.0
99,121,1351.00,14.00,111.00,400.00,1,1,1.0
99,124,1159.00,20.00,107.00,418.00,1,1,1.0
99,155,859.00,1.00,57.00,207.00,1,1,1.0
99,397,634.00,8.00,75.00,242.00,1,1,1.0
99,288,1095.00,9.00,77.00,313.00,1,1,1.0
99,168,176.00,23.00,119.00,307.00,1,1,1.0
99,139,548.00,17.00,100.00,306.00,1,1,1.0
99,136,904.00,14.00,87.00,328.00,1,1,1.0
99,116,103.00,25.00,124.00,312.00,1,1,1.0
99,149,1214.00,57.00,203.00,743.00,1,1,1.0
100,121,1410.00,15.00,119.00,418.00,1,1,1.0
100,149,1275.00,72.00,252.00,878.00,1,1,1.0
100,155,877.00,1.00,58.00,213.00,1,1,1.0
100,168,176.00,23.00,119.00,307.00,1,1,1.0
100,187,1011.00,12.00,82.00,331.00,1,1,1.0
100,397,640.00,10.00,80.00,258.00,1,1,1.0
100,136,897.00,16.00,94.00,352.00,1,1,1.0
100,124,1245.00,21.00,119.00,448.00,1,1,1.0
100,125,973.00,65.00,207.00,784.00,1,1,1.0
100,288,1128.00,11.00,85.00,340.00,1,1,1.0
100,116,103.00,25.00,124.00,312.00,1,1,1.0
100,152,776.00,3.00,62.00,217.00,1,1,1.0
100,139,519.00,15.00,95.00,288.00,1,1,1.0
101,122,1523.00,351.00,233.00,693.00,1,1,1.0
101,25,1306.00,100.00,46.00,174.00,1,1,1.0
101,26,1005.00,98.00,37.00,142.00,1,1,1.0
101,33,1478.00,109.00,62.00,209.00,1,1,1.0
101,5,216.00,282.00,150.00,441.00,1,1,1.0
101,28,1013.00,99.00,38.00,145.00,1,1,1.0
101,23,1529.00,402.00,272.00,789.00,1,1,1.0
101,1,1468.00,147.00,87.00,289.00,1,1,1.0
101,34,1575.00,109.00,70.00,222.00,1,1,1.0
101,31,50.00,156.00,58.00,168.00,1,1,1.0
101,12,556.00,362.00,196.00,626.00,1,1,1.0
101,247,1050.00,314.00,155.00,577.00,1,1,1.0
101,24,1893.00,699.00,636.00,1341.00,1,1,1.0
101,9,307.00,149.00,58.00,178.00,1,1,1.0
101,16,1065.00,101.00,40.00,153.00,1,1,1.0
101,8,295.00,154.00,62.00,188.00,1,1,1.0
101,29,1106.00,97.00,39.00,149.00,1,1,1.0
101,3,1084.00,157.00,71.00,271.00,1,1,1.0
101,15,1505.00,318.00,206.00,627.00,1,1,1.0
101,4,943.00,168.00,77.00,280.00,1,1,1.0
101,0,1520.00,149.00,92.00,298.00,1,1,1.0
101,7,354.00,154.00,63.00,192.00,1,1,1.0
101,13,485.00,414.00,230.00,718.00,1,1,1.0
101,32,929.00,97.00,36.00,130.00,1,1,1.0
101,21,1321.00,518.00,307.00,978.00,1,1,1.0
101,17,1263.00,235.00,119.00,444.00,1,1,1.0
102,4,899.00,161.00,72.00,262.00,1,1,1.0
102,12,726.00,358.00,188.00,633.00,1,1,1.0
102,25,1278.00,99.00,44.00,170.00,1,1,1.0
102,33,1478.00,109.00,62.00,209.00,1,1,1.0
102,21,1299.00,523.00,305.00,983.00,1,1,1.0
102,1,1468.00,147.00,87.00,289.00,1,1,1.0
102,3,1043.00,151.00,68.00,255.00,1,1,1.0
102,26,1000.00,98.00,37.00,142.00,1,1,1.0
102,0,1526.00,149.00,92.00,297.00,1,1,1.0
102,5,413.00,275.00,142.00,443.00,1,1,1.0
102,15,1682.00,322.00,239.00,655.00,1,1,1.0
102,13,621.00,427.00,233.00,754.00,1,1,1.0
102,7,390.00,148.00,59.00,186.00,1,1,1.0
102,23,1537.00,404.00,275.00,794.00,1,1,1.0
102,8,329.00,150.00,59.00,181.00,1,1,1.0
102,122,1687.00,350.00,261.00,706.00,1,1,1.0
102,32,929.00,97.00,36.00,130.00,1,1,1.0
102,34,1577.00,109.00,70.00,221.00,1,1,1.0
102,16,1067.00,101.00,40.00,153.00,1,1,1.0
102,17,1482.00,225.00,139.00,445.00,1,1,1.0
102,247,1135.00,303.00,150.00,565.00,1,1,1.0
102,28,1057.00,97.00,37.00,143.00,1,1,1.0
102,9,334.00,145.00,56.00,174.00,1,1,1.0
103,1,1474.00,147.00,87.00,288.00,1,1,1.0
103,247,1286.00,309.00,167.00,590.00,1,1,1.0
103,8,342.00,146.00,56.00,174.00,1,1,1.0
103,0,1544.00,148.00,94.00,298.00,1,1,1.0
103,34,1575.00,109.00,70.00,222.00,1,1,1.0
103,3,985.00,146.00,64.00,239.00,1,1,1.0
103,7,433.00,143.00,57.00,178.00,1,1,1.0
103,16,1067.00,101.00,40.00,153.00,1,1,1.0
103,26,1002.00,98.00,37.00,141.00,1,1,1.0
103,25,1201.00,99.00,41.00,162.00,1,1,1.0
103,17,1662.00,225.00,160.00,463.00,1,1,1.0
103,33,1480.00,109.00,62.00,210.00,1,1,1.0
103,32,931.00,97.00,36.00,130.00,1,1,1.0
103,122,1753.00,338.00,264.00,691.00,1,1,1.0
103,4,893.00,155.00,69.00,247.00,1,1,1.0
103,12,823.00,360.00,187.00,645.00,1,1,1.0
103,23,1537.00,404.00,275.00,794.00,1,1,1.0
103,9,354.00,142.00,55.00,169.00,1,1,1.0
103,5,599.00,279.00,144.00,470.00,1,1,1.0
103,13,785.00,455.00,242.00,818.00,1,1,1.0
103,21,1319.00,524.00,310.00,987.00,1,1,1.0
103,15,1742.00,332.00,257.00,679.00,1,1,1.0
104,21,1319.00,524.00,310.00,987.00,1,1,1.0
104,5,736.00,272.00,137.00,467.00,1,1,1.0
104,26,1002.00,98.00,38.00,142.00,1,1,1.0
104,40,154.00,167.00,69.00,202.00,1,1,1.0
104,34,1577.00,109.00,70.00,222.00,1,1,1.0
104,39,49.00,345.00,195.00,547.00,1,1,1.0
104,7,466.00,138.00,54.00,172.00,1,1,1.0
104,0,1553.00,150.00,96.00,302.00,1,1,1.0
104,23,1545.00,403.00,275.00,791.00,1,1,1.0
104,9,359.00,140.00,53.00,164.00,1,1,1.0
104,16,1073.00,101.00,40.00,154.00,1,1,1.0
104,1,1497.00,146.00,88.00,289.00,1,1,1.0
104,12,992.00,371.00,187.00,680.00,1,1,1.0
104,247,1390.00,312.00,184.00,605.00,1,1,1.0
104,3,964.00,142.00,62.00,229.00,1,1,1.0
104,8,391.00,141.00,55.00,171.00,1,1,1.0
104,383,225.00,325.00,178.00,524.00,1,1,1.0
104,33,1482.00,109.00,62.00,210.00,1,1,1.0
104,32,935.00,96.00,36.00,131.00,1,1,1.0
104,4,867.00,150.00,66.00,235.00,1,1,1.0
104,13,922.00,455.00,236.00,831.00,1,1,1.0
104,17,1685.00,223.00,162.00,461.00,1,1,1.0
105,13,995.00,485.00,248.00,892.00,1,1,1.0
105,16,1069.00,101.00,41.00,154.00,1,1,1.0
105,40,205.00,161.00,64.00,192.00,1,1,1.0
105,17,1852.00,218.00,179.00,468.00,1,1,1.0
105,5,908.00,276.00,138.00,493.00,1,1,1.0
105,9,382.00,137.00,51.00,160.00,1,1,1.0
105,39,162.00,358.00,202.00,583.00,1,1,1.0
105,12,1121.00,397.00,204.00,741.00,1,1,1.0
105,8,424.00,136.00,52.00,164.00,1,1,1.0
105,7,483.00,134.00,52.00,166.00,1,1,1.0
105,4,835.00,146.00,63.00,224.00,1,1,1.0
105,0,1550.00,150.00,96.00,303.00,1,1,1.0
105,21,1329.00,521.00,311.00,985.00,1,1,1.0
105,3,921.00,139.00,60.00,218.00,1,1,1.0
105,34,1577.00,109.00,70.00,222.00,1,1,1.0
105,26,1004.00,98.00,38.00,141.00,1,1,1.0
105,23,1537.00,404.00,275.00,794.00,1,1,1.0
105,247,1518.00,300.00,196.00,596.00,1,1,1.0
105,1,1489.00,147.00,87.00,289.00,1,1,1.0
105,383,335.00,314.00,169.00,512.00,1,1,1.0
105,33,1484.00,108.00,63.00,211.00,1,1,1.0
105,32,937.00,96.00,35.00,131.00,1,1,1.0
106,4,794.00,142.00,60.00,210.00,1,1,1.0
106,42,102.00,152.00,56.00,164.00,1,1,1.0
106,13,1074.00,504.00,266.00,932.00,1,1,1.0
106,7,497.00,131.00,49.00,160.00,1,1,1.0
106,33,1488.00,108.00,63.00,211.00,1,1,1.0
106,247,1628.00,301.00,214.00,607.00,1,1,1.0
106,16,1072.00,101.00,41.00,154.00,1,1,1.0
106,0,1553.00,150.00,96.00,302.00,1,1,1.0
106,32,935.00,96.00,36.00,131.00,1,1,1.0
106,9,394.00,134.00,49.00,156.00,1,1,1.0
106,43,160.00,314.00,172.00,498.00,1,1,1.0
106,23,1537.00,404.00,275.00,794.00,1,1,1.0
106,26,1006.00,98.00,37.00,141.00,1,1,1.0
106,41,61.00,161.00,62.00,180.00,1,1,1.0
106,12,1152.00,406.00,212.00,760.00,1,1,1.0
106,34,1575.00,110.00,70.00,221.00,1,1,1.0
106,383,467.00,313.00,167.00,524.00,1,1,1.0
106,1,1469.00,146.00,86.00,286.00,1,1,1.0
106,8,443.00,134.00,51.00,159.00,1,1,1.0
106,40,226.00,157.00,62.00,186.00,1,1,1.0
106,3,873.00,136.00,57.00,206.00,1,1,1.0
106,5,1098.00,283.00,138.00,524.00,1,1,1.0
106,39,412.00,351.00,192.00,592.00,1,1,1.0
106,21,1319.00,524.00,310.00,987.00,1,1,1.0
107,41,105.00,156.00,60.00,173.00,1,1,1.0
107,383,659.00,311.00,162.00,538.00,1,1,1.0
107,13,1074.00,504.00,266.00,932.00,1,1,1.0
107,7,512.00,129.00,48.00,156.00,1,1,1.0
107,247,1719.00,328.00,250.00,670.00,1,1,1.0
107,8,449.00,132.00,49.00,157.00,1,1,1.0
107,43,292.00,306.00,165.00,493.00,1,1,1.0
107,5,1303.00,302.00,165.00,577.00,1,1,1.0
107,40,272.00,151.00,59.00,179.00,1,1,1.0
107,33,1488.00,108.00,63.00,210.00,1,1,1.0
107,23,1545.00,403.00,275.00,791.00,1,1,1.0
107,26,1006.00,98.00,37.00,141.00,1,1,1.0
107,16,1069.00,102.00,40.00,154.00,1,1,1.0
107,3,843.00,133.00,55.00,198.00,1,1,1.0
107,4,761.00,139.00,58.00,201.00,1,1,1.0
107,9,394.00,134.00,50.00,155.00,1,1,1.0
107,21,1329.00,521.00,311.00,985.00,1,1,1.0
107,12,1184.00,415.00,220.00,781.00,1,1,1.0
107,1,1469.00,146.00,86.00,286.00,1,1,1.0
107,0,1556.00,150.00,96.00,302.00,1,1,1.0
107,42,121.00,148.00,55.00,158.00,1,1,1.0
107,34,1577.00,110.00,70.00,222.00,1,1,1.0
107,39,632.00,356.00,190.00,622.00,1,1,1.0
107,32,933.00,96.00,36.00,131.00,1,1,1.0
108,34,1579.00,109.00,71.00,222.00,1,1,1.0
108,4,760.00,135.00,56.00,193.00,1,1,1.0
108,5,1524.00,307.00,201.00,609.00,1,1,1.0
108,32,934.00,96.00,36.00,131.00,1,1,1.0
108,39,809.00,363.00,190.00,651.00,1,1,1.0
108,3,807.00,130.00,54.00,190.00,1,1,1.0
108,247,1758.00,335.00,262.00,685.00,1,1,1.0
108,40,302.00,145.00,55.00,170.00,1,1,1.0
108,1,1460.00,147.00,85.00,286.00,1,1,1.0
108,26,1006.00,98.00,37.00,141.00,1,1,1.0
108,41,149.00,151.00,57.00,168.00,1,1,1.0
108,7,523.00,126.00,47.00,153.00,1,1,1.0
108,42,135.00,146.00,53.00,156.00,1,1,1.0
108,33,1490.00,108.00,63.00,210.00,1,1,1.0
108,23,1561.00,403.00,279.00,794.00,1,1,1.0
108,12,1276.00,401.00,221.00,762.00,1,1,1.0
108,13,1062.00,506.00,266.00,934.00,1,1,1.0
108,16,1092.00,101.00,40.00,154.00,1,1,1.0
108,0,1556.00,150.00,96.00,302.00,1,1,1.0
108,383,796.00,302.00,154.00,532.00,1,1,1.0
108,43,481.00,298.00,157.00,494.00,1,1,1.0
108,9,386.00,133.00,48.00,152.00,1,1,1.0
108,21,1338.00,525.00,315.00,990.00,1,1,1.0
108,8,449.00,130.00,48.00,154.00,1,1,1.0
109,39,962.00,344.00,174.00,627.00,1,1,1.0
109,44,49.00,371.00,214.00,598.00,1,1,1.0
109,13,1074.00,504.00,266.00,932.00,1,1,1.0
109,40,327.00,142.00,53.00,164.00,1,1,1.0
109,32,934.00,96.00,36.00,131.00,1,1,1.0
109,43,648.00,297.00,154.00,509.00,1,1,1.0
109,3,792.00,128.00,52.00,182.00,1,1,1.0
109,41,161.00,148.00,55.00,163.00,1,1,1.0
109,26,1009.00,98.00,38.00,141.00,1,1,1.0
109,8,470.00,127.00,46.00,147.00,1,1,1.0
109,42,155.00,145.00,52.00,154.00,1,1,1.0
109,23,1561.00,403.00,279.00,794.00,1,1,1.0
109,7,537.00,124.00,46.00,149.00,1,1,1.0
109,4,724.00,133.00,54.00,186.00,1,1,1.0
109,33,1493.00,108.00,62.00,210.00,1,1,1.0
109,383,980.00,308.00,154.00,559.00,1,1,1.0
109,12,1284.00,399.00,222.00,760.00,1,1,1.0
109,9,413.00,129.00,47.00,146.00,1,1,1.0
109,1,1463.00,146.00,85.00,286.00,1,1,1.0
109,16,1092.00,101.00,40.00,154.00,1,1,1.0
109,0,1556.00,150.00,96.00,302.00,1,1,1.0
109,5,1742.00,282.00,216.00,582.00,1,1,1.0
109,34,1577.00,110.00,70.00,222.00,1,1,1.0
109,21,1338.00,525.00,315.00,990.00,1,1,1.0
110,41,172.00,146.00,54.00,158.00,1,1,1.0
110,4,732.00,128.00,51.00,177.00,1,1,1.0
110,21,1348.00,522.00,317.00,988.00,1,1,1.0
110,32,934.00,96.00,36.00,131.00,1,1,1.0
110,1,1466.00,146.00,85.00,286.00,1,1,1.0
110,40,339.00,138.00,52.00,160.00,1,1,1.0
110,26,1008.00,98.00,37.00,141.00,1,1,1.0
110,13,1135.00,494.00,264.00,918.00,1,1,1.0
110,9,420.00,127.00,45.00,142.00,1,1,1.0
110,42,204.00,140.00,51.00,151.00,1,1,1.0
110,7,543.00,122.00,45.00,145.00,1,1,1.0
110,8,482.00,124.00,44.00,144.00,1,1,1.0
110,39,1101.00,337.00,168.00,626.00,1,1,1.0
110,23,1561.00,403.00,279.00,794.00,1,1,1.0
110,5,1902.00,291.00,250.00,615.00,1,1,1.0
110,12,1276.00,401.00,221.00,762.00,1,1,1.0
110,43,794.00,299.00,153.00,525.00,1,1,1.0
110,16,1092.00,101.00,40.00,154.00,1,1,1.0
110,0,1556.00,150.00,96.00,302.00,1,1,1.0
110,3,780.00,125.00,50.00,175.00,1,1,1.0
110,44,110.00,382.00,220.00,624.00,1,1,1.0
110,34,1586.00,108.00,70.00,221.00,1,1,1.0
110,33,1482.00,109.00,62.00,210.00,1,1,1.0
110,18,1697.00,138.00,100.00,292.00,1,1,1.0
110,383,1203.00,281.00,141.00,529.00,1,1,1.0
111,6,105.00,181.00,77.00,224.00,1,1,1.0
111,18,1638.00,132.00,90.00,276.00,1,1,1.0
111,41,181.00,142.00,51.00,153.00,1,1,1.0
111,7,568.00,118.00,42.00,138.00,1,1,1.0
111,13,1162.00,473.00,253.00,883.00,1,1,1.0
111,12,1261.00,342.00,182.00,651.00,1,1,1.0
111,1,1443.00,147.00,84.00,287.00,1,1,1.0
111,21,1384.00,500.00,310.00,951.00,1,1,1.0
111,4,712.00,126.00,50.00,171.00,1,1,1.0
111,383,1395.00,277.00,162.00,539.00,1,1,1.0
111,3,770.00,122.00,48.00,168.00,1,1,1.0
111,0,1556.00,149.00,96.00,301.00,1,1,1.0
111,40,362.00,135.00,49.00,154.00,1,1,1.0
111,16,1089.00,101.00,40.00,155.00,1,1,1.0
111,9,433.00,124.00,44.00,139.00,1,1,1.0
111,8,497.00,121.00,43.00,139.00,1,1,1.0
111,43,930.00,300.00,150.00,541.00,1,1,1.0
111,26,1000.00,99.00,38.00,142.00,1,1,1.0
111,23,1545.00,377.00,256.00,745.00,1,1,1.0
111,116,115.00,323.00,179.00,512.00,1,1,1.0
111,44,267.00,434.00,250.00,734.00,1,1,1.0
112,3,757.00,120.00,46.00,161.00,1,1,1.0
112,4,690.00,124.00,48.00,164.00,1,1,1.0
112,43,1049.00,304.00,150.00,558.00,1,1,1.0
112,9,452.00,121.00,42.00,134.00,1,1,1.0
112,1,1443.00,147.00,84.00,287.00,1,1,1.0
112,21,1384.00,500.00,310.00,951.00,1,1,1.0
112,116,238.00,343.00,190.00,560.00,1,1,1.0
112,12,1257.00,356.00,190.00,676.00,1,1,1.0
112,8,511.00,119.00,42.00,135.00,1,1,1.0
112,40,365.00,132.00,48.00,149.00,1,1,1.0
112,7,585.00,115.00,41.00,135.00,1,1,1.0
112,0,1556.00,149.00,96.00,301.00,1,1,1.0
112,16,1089.00,101.00,40.00,155.00,1,1,1.0
112,41,198.00,141.00,51.00,151.00,1,1,1.0
112,6,191.00,172.00,73.00,216.00,1,1,1.0
112,13,1155.00,482.00,258.00,899.00,1,1,1.0
112,168,49.00,331.00,185.00,520.00,1,1,1.0
112,26,1000.00,99.00,38.00,142.00,1,1,1.0
112,23,1545.00,377.00,256.00,745.00,1,1,1.0
112,383,1378.00,279.00,161.00,542.00,1,1,1.0
112,44,267.00,434.00,250.00,734.00,1,1,1.0
112,18,1582.00,128.00,83.00,259.00,1,1,1.0
113,4,681.00,121.00,46.00,158.00,1,1,1.0
113,116,399.00,328.00,177.00,546.00,1,1,1.0
113,383,1640.00,299.00,214.00,605.00,1,1,1.0
113,40,375.00,129.00,46.00,145.00,1,1,1.0
113,41,218.00,139.00,50.00,149.00,1,1,1.0
113,21,1384.00,500.00,310.00,951.00,1,1,1.0
113,1,1443.00,147.00,84.00,287.00,1,1,1.0
113,6,256.00,166.00,69.00,208.00,1,1,1.0
113,12,1257.00,356.00,190.00,676.00,1,1,1.0
113,13,1155.00,482.00,258.00,899.00,1,1,1.0
113,164,117.00,149.00,55.00,158.00,1,1,1.0
113,168,106.00,360.00,204.00,582.00,1,1,1.0
113,0,1556.00,149.00,96.00,301.00,1,1,1.0
113,43,1221.00,316.00,163.00,597.00,1,1,1.0
113,18,1510.00,124.00,75.00,246.00,1,1,1.0
113,8,518.00,117.00,40.00,131.00,1,1,1.0
113,16,1095.00,100.00,40.00,155.00,1,1,1.0
113,7,591.00,113.00,40.00,131.00,1,1,1.0
113,3,747.00,117.00,45.00,155.00,1,1,1.0
113,44,722.00,550.00,300.00,985.00,1,1,1.0
113,9,451.00,120.00,41.00,133.00,1,1,1.0
113,26,1000.00,99.00,38.00,142.00,1,1,1.0
113,23,1545.00,377.00,256.00,745.00,1,1,1.0
114,18,1476.00,120.00,70.00,232.00,1,1,1.0
114,8,529.00,115.00,39.00,129.00,1,1,1.0
114,164,138.00,145.00,52.00,153.00,1,1,1.0
114,168,216.00,386.00,220.00,642.00,1,1,1.0
114,9,463.00,119.00,41.00,130.00,1,1,1.0
114,21,1384.00,500.00,310.00,951.00,1,1,1.0
114,7,592.00,111.00,39.00,128.00,1,1,1.0
114,1,1443.00,147.00,84.00,287.00,1,1,1.0
114,0,1556.00,149.00,96.00,301.00,1,1,1.0
114,12,1257.00,356.00,190.00,676.00,1,1,1.0
114,43,1423.00,320.00,195.00,624.00,1,1,1.0
114,383,1869.00,296.00,249.00,623.00,1,1,1.0
114,16,1098.00,100.00,40.00,155.00,1,1,1.0
114,116,598.00,327.00,173.00,561.00,1,1,1.0
114,44,1114.00,685.00,385.00,1246.00,1,1,1.0
114,6,302.00,158.00,64.00,197.00,1,1,1.0
114,4,662.00,120.00,45.00,152.00,1,1,1.0
114,3,729.00,116.00,44.00,150.00,1,1,1.0
114,40,383.00,127.00,45.00,140.00,1,1,1.0
114,26,1002.00,99.00,38.00,141.00,1,1,1.0
114,23,1545.00,377.00,256.00,745.00,1,1,1.0
114,13,1129.00,467.00,247.00,870.00,1,1,1.0
115,1,1446.00,147.00,84.00,285.00,1,1,1.0
115,8,532.00,114.00,39.00,127.00,1,1,1.0
115,6,339.00,153.00,62.00,191.00,1,1,1.0
115,9,477.00,117.00,39.00,128.00,1,1,1.0
115,13,1129.00,467.00,247.00,870.00,1,1,1.0
115,116,816.00,327.00,168.00,582.00,1,1,1.0
115,40,391.00,125.00,44.00,136.00,1,1,1.0
115,21,1384.00,500.00,310.00,951.00,1,1,1.0
115,4,661.00,117.00,44.00,147.00,1,1,1.0
115,16,1100.00,100.00,40.00,155.00,1,1,1.0
115,43,1650.00,328.00,237.00,661.00,1,1,1.0
115,44,1556.00,802.00,604.00,1476.00,1,1,1.0
115,12,1257.00,356.00,190.00,676.00,1,1,1.0
115,0,1556.00,149.00,96.00,301.00,1,1,1.0
115,7,589.00,110.00,38.00,126.00,1,1,1.0
115,3,710.00,114.00,43.00,145.00,1,1,1.0
115,26,1002.00,99.00,38.00,141.00,1,1,1.0
115,18,1416.00,116.00,62.00,219.00,1,1,1.0
115,164,148.00,140.00,49.00,145.00,1,1,1.0
115,23,1545.00,377.00,256.00,745.00,1,1,1.0
115,168,317.00,434.00,248.00,738.00,1,1,1.0
116,1,1446.00,147.00,84.00,285.00,1,1,1.0
116,7,593.00,109.00,37.00,123.00,1,1,1.0
116,13,1129.00,467.00,247.00,870.00,1,1,1.0
116,6,379.00,147.00,58.00,183.00,1,1,1.0
116,168,468.00,466.00,263.00,812.00,1,1,1.0
116,21,1384.00,500.00,310.00,951.00,1,1,1.0
116,3,711.00,112.00,41.00,140.00,1,1,1.0
116,0,1556.00,149.00,96.00,301.00,1,1,1.0
116,23,1530.00,380.00,255.00,748.00,1,1,1.0
116,26,1002.00,99.00,38.00,141.00,1,1,1.0
116,116,1081.00,329.00,162.00,610.00,1,1,1.0
116,18,1415.00,113.00,61.00,213.00,1,1,1.0
116,16,1102.00,100.00,40.00,154.00,1,1,1.0
116,12,1255.00,388.00,209.00,735.00,1,1,1.0
116,4,654.00,115.00,42.00,141.00,1,1,1.0
116,43,1778.00,323.00,256.00,666.00,1,1,1.0
117,7,596.00,108.00,36.00,121.00,1,1,1.0
117,3,704.00,110.00,39.00,137.00,1,1,1.0
117,116,1333.00,327.00,185.00,630.00,1,1,1.0
117,23,1537.00,385.00,260.00,757.00,1,1,1.0
117,1,1443.00,148.00,84.00,287.00,1,1,1.0
117,21,1374.00,502.00,309.00,954.00,1,1,1.0
117,0,1550.00,149.00,95.00,300.00,1,1,1.0
117,16,1100.00,100.00,40.00,155.00,1,1,1.0
117,18,1376.00,109.00,56.00,202.00,1,1,1.0
117,4,651.00,113.00,41.00,137.00,1,1,1.0
117,6,394.00,143.00,55.00,174.00,1,1,1.0
117,168,689.00,594.00,326.00,1057.00,1,1,1.0
117,13,1110.00,467.00,246.00,867.00,1,1,1.0
117,26,1000.00,99.00,38.00,142.00,1,1,1.0
117,12,1247.00,389.00,208.00,737.00,1,1,1.0
118,16,1102.00,100.00,40.00,155.00,1,1,1.0
118,12,1253.00,391.00,210.00,741.00,1,1,1.0
118,13,1099.00,468.00,246.00,870.00,1,1,1.0
118,26,998.00,99.00,38.00,142.00,1,1,1.0
118,3,696.00,108.00,38.00,132.00,1,1,1.0
118,23,1578.00,404.00,282.00,795.00,1,1,1.0
118,116,1571.00,336.00,229.00,669.00,1,1,1.0
118,21,1366.00,499.00,304.00,948.00,1,1,1.0
118,0,1547.00,149.00,95.00,300.00,1,1,1.0
118,6,418.00,139.00,54.00,169.00,1,1,1.0
118,1,1440.00,148.00,84.00,286.00,1,1,1.0
118,4,648.00,111.00,40.00,134.00,1,1,1.0
118,7,608.00,107.00,36.00,119.00,1,1,1.0
118,18,1356.00,107.00,53.00,195.00,1,1,1.0
118,168,943.00,682.00,365.00,1227.00,1,1,1.0
119,16,1099.00,100.00,40.00,155.00,1,1,1.0
119,21,1384.00,500.00,310.00,951.00,1,1,1.0
119,6,415.00,136.00,51.00,162.00,1,1,1.0
119,23,1568.00,379.00,261.00,751.00,1,1,1.0
119,1,1440.00,148.00,84.00,287.00,1,1,1.0
119,12,1247.00,389.00,208.00,737.00,1,1,1.0
119,168,1312.00,831.00,530.00,1498.00,1,1,1.0
119,0,1556.00,149.00,96.00,301.00,1,1,1.0
119,13,1117.00,469.00,248.00,873.00,1,1,1.0
119,3,688.00,108.00,38.00,129.00,1,1,1.0
119,26,1002.00,99.00,38.00,141.00,1,1,1.0
119,4,636.00,110.00,39.00,130.00,1,1,1.0
119,116,1680.00,351.00,261.00,708.00,1,1,1.0
119,186,165.00,293.00,157.00,456.00,1,1,1.0
119,18,1354.00,103.00,51.00,187.00,1,1,1.0
120,13,1106.00,471.00,248.00,875.00,1,1,1.0
120,186,425.00,286.00,150.00,466.00,1,1,1.0
120,6,425.00,133.00,49.00,156.00,1,1,1.0
120,16,1099.00,100.00,40.00,155.00,1,1,1.0
120,18,1309.00,102.00,47.00,180.00,1,1,1.0
120,3,686.00,105.00,36.00,124.00,1,1,1.0
120,4,633.00,108.00,38.00,126.00,1,1,1.0
120,1,1440.00,148.00,84.00,287.00,1,1,1.0
120,12,1247.00,389.00,208.00,737.00,1,1,1.0
120,0,1538.00,151.00,95.00,303.00,1,1,1.0
120,23,1568.00,379.00,261.00,751.00,1,1,1.0
120,26,1002.00,99.00,38.00,141.00,1,1,1.0
120,21,1333.00,510.00,305.00,966.00,1,1,1.0
121,3,684.00,103.00,35.00,120.00,1,1,1.0
121,18,1304.00,99.00,46.00,174.00,1,1,1.0
121,186,606.00,279.00,143.00,469.00,1,1,1.0
121,23,1687.00,412.00,311.00,821.00,1,1,1.0
121,13,1144.00,450.00,238.00,841.00,1,1,1.0
121,6,430.00,130.00,47.00,150.00,1,1,1.0
121,4,643.00,105.00,36.00,120.00,1,1,1.0
121,16,1109.00,100.00,40.00,156.00,1,1,1.0
121,12,1265.00,383.00,208.00,729.00,1,1,1.0
121,21,1308.00,526.00,309.00,990.00,1,1,1.0
121,1,1457.00,147.00,85.00,286.00,1,1,1.0
121,26,1007.00,98.00,38.00,142.00,1,1,1.0
121,0,1526.00,152.00,95.00,304.00,1,1,1.0
122,3,686.00,101.00,34.00,116.00,1,1,1.0
122,12,1359.00,381.00,224.00,733.00,1,1,1.0
122,21,1319.00,524.00,310.00,987.00,1,1,1.0
122,23,1797.00,397.00,323.00,806.00,1,1,1.0
122,0,1526.00,152.00,95.00,304.00,1,1,1.0
122,16,1107.00,100.00,39.00,154.00,1,1,1.0
122,6,440.00,127.00,46.00,145.00,1,1,1.0
122,1,1452.00,147.00,84.00,286.00,1,1,1.0
122,4,639.00,104.00,35.00,118.00,1,1,1.0
122,186,810.00,275.00,138.00,481.00,1,1,1.0
122,26,1007.00,98.00,38.00,142.00,1,1,1.0
122,13,1216.00,480.00,262.00,900.00,1,1,1.0
123,181,388.00,334.00,182.00,556.00,1,1,1.0
123,21,1394.00,539.00,340.00,1023.00,1,1,1.0
123,6,454.00,124.00,44.00,140.00,1,1,1.0
123,16,1107.00,100.00,39.00,154.00,1,1,1.0
123,13,1239.00,476.00,261.00,895.00,1,1,1.0
123,12,1449.00,374.00,235.00,729.00,1,1,1.0
123,1,1452.00,147.00,84.00,286.00,1,1,1.0
123,186,1012.00,270.00,132.00,490.00,1,1,1.0
123,26,1007.00,98.00,38.00,142.00,1,1,1.0
123,0,1526.00,152.00,95.00,304.00,1,1,1.0
124,181,608.00,327.00,173.00,562.00,1,1,1.0
124,16,1107.00,100.00,39.00,154.00,1,1,1.0
124,13,1264.00,497.00,279.00,934.00,1,1,1.0
124,21,1404.00,537.00,342.00,1019.00,1,1,1.0
124,6,457.00,122.00,42.00,136.00,1,1,1.0
124,1,1452.00,147.00,84.00,286.00,1,1,1.0
124,186,1256.00,276.00,143.00,524.00,1,1,1.0
124,12,1545.00,396.00,270.00,779.00,1,1,1.0
124,26,1007.00,98.00,38.00,142.00,1,1,1.0
124,0,1526.00,152.00,95.00,304.00,1,1,1.0
125,186,1493.00,270.00,171.00,534.00,1,1,1.0
125,181,844.00,319.00,164.00,571.00,1,1,1.0
125,6,461.00,120.00,41.00,133.00,1,1,1.0
125,13,1349.00,493.00,296.00,935.00,1,1,1.0
125,26,1007.00,98.00,38.00,142.00,1,1,1.0
125,1,1452.00,147.00,84.00,286.00,1,1,1.0
125,12,1664.00,420.00,313.00,835.00,1,1,1.0
125,0,1526.00,152.00,95.00,304.00,1,1,1.0
125,21,1414.00,540.00,346.00,1026.00,1,1,1.0
125,16,1109.00,100.00,40.00,155.00,1,1,1.0
126,16,1111.00,100.00,41.00,156.00,1,1,1.0
126,12,1685.00,432.00,328.00,859.00,1,1,1.0
126,13,1501.00,470.00,316.00,910.00,1,1,1.0
126,21,1441.00,564.00,371.00,1071.00,1,1,1.0
126,181,1120.00,314.00,156.00,585.00,1,1,1.0
126,1,1452.00,147.00,84.00,286.00,1,1,1.0
126,149,50.00,290.00,155.00,439.00,1,1,1.0
126,186,1680.00,266.00,194.00,547.00,1,1,1.0
126,26,1007.00,98.00,38.00,142.00,1,1,1.0
126,0,1526.00,152.00,95.00,304.00,1,1,1.0
127,149,108.00,300.00,163.00,464.00,1,1,1.0
127,135,81.00,267.00,139.00,397.00,1,1,1.0
127,13,1566.00,470.00,331.00,917.00,1,1,1.0
127,186,1867.00,257.00,215.00,548.00,1,1,1.0
127,12,1867.00,448.00,383.00,905.00,1,1,1.0
127,0,1569.00,151.00,98.00,305.00,1,1,1.0
127,181,1347.00,314.00,179.00,606.00,1,1,1.0
127,21,1595.00,580.00,428.00,1113.00,1,1,1.0
127,1,1452.00,147.00,84.00,286.00,1,1,1.0
127,16,1117.00,100.00,40.00,157.00,1,1,1.0
127,26,1007.00,98.00,38.00,142.00,1,1,1.0
128,21,1664.00,585.00,452.00,1126.00,1,1,1.0
128,149,229.00,298.00,159.00,471.00,1,1,1.0
128,181,1652.00,314.00,227.00,634.00,1,1,1.0
128,135,205.00,278.00,147.00,431.00,1,1,1.0
128,13,1631.00,471.00,347.00,923.00,1,1,1.0
128,26,1008.00,98.00,38.00,142.00,1,1,1.0
128,12,1875.00,446.00,383.00,903.00,1,1,1.0
128,16,1120.00,100.00,41.00,157.00,1,1,1.0
128,1,1452.00,147.00,84.00,286.00,1,1,1.0
128,0,1594.00,150.00,99.00,306.00,1,1,1.0
129,125,49.00,324.00,181.00,508.00,1,1,1.0
129,1,1451.00,147.00,85.00,287.00,1,1,1.0
129,16,1127.00,100.00,40.00,158.00,1,1,1.0
129,13,1658.00,465.00,349.00,915.00,1,1,1.0
129,26,1008.00,98.00,38.00,142.00,1,1,1.0
129,135,391.00,271.00,140.00,434.00,1,1,1.0
129,181,1810.00,304.00,245.00,631.00,1,1,1.0
129,149,335.00,295.00,157.00,475.00,1,1,1.0
129,21,1739.00,565.00,455.00,1099.00,1,1,1.0
129,0,1653.00,144.00,100.00,299.00,1,1,1.0
130,0,1710.00,138.00,102.00,295.00,1,1,1.0
130,21,1739.00,565.00,455.00,1099.00,1,1,1.0
130,16,1134.00,100.00,40.00,158.00,1,1,1.0
130,26,1008.00,98.00,38.00,142.00,1,1,1.0
130,1,1478.00,144.00,85.00,283.00,1,1,1.0
130,125,201.00,328.00,181.00,529.00,1,1,1.0
130,149,440.00,298.00,158.00,492.00,1,1,1.0
130,135,604.00,267.00,136.00,445.00,1,1,1.0
130,13,1792.00,487.00,400.00,967.00,1,1,1.0
131,26,1006.00,98.00,38.00,142.00,1,1,1.0
131,0,1752.00,131.00,100.00,285.00,1,1,1.0
131,135,761.00,269.00,135.00,465.00,1,1,1.0
131,16,1130.00,101.00,40.00,158.00,1,1,1.0
131,13,1870.00,497.00,429.00,994.00,1,1,1.0
131,149,578.00,301.00,157.00,511.00,1,1,1.0
131,1,1461.00,145.00,84.00,283.00,1,1,1.0
131,125,413.00,331.00,179.00,553.00,1,1,1.0
132,26,1006.00,98.00,38.00,142.00,1,1,1.0
132,13,1870.00,497.00,429.00,994.00,1,1,1.0
132,135,1015.00,262.00,128.00,474.00,1,1,1.0
132,149,700.00,306.00,159.00,530.00,1,1,1.0
132,16,1131.00,100.00,41.00,159.00,1,1,1.0
132,1,1501.00,144.00,86.00,284.00,1,1,1.0
132,125,560.00,327.00,174.00,559.00,1,1,1.0
132,121,115.00,297.00,160.00,459.00,1,1,1.0
132,0,1802.00,125.00,99.00,276.00,1,1,1.0
133,1,1547.00,142.00,89.00,286.00,1,1,1.0
133,121,284.00,291.00,154.00,463.00,1,1,1.0
133,149,898.00,300.00,152.00,538.00,1,1,1.0
133,13,1876.00,508.00,442.00,1014.00,1,1,1.0
133,124,73.00,312.00,171.00,485.00,1,1,1.0
133,135,1206.00,266.00,133.00,500.00,1,1,1.0
133,16,1131.00,100.00,41.00,159.00,1,1,1.0
133,26,1006.00,98.00,38.00,142.00,1,1,1.0
133,125,773.00,331.00,172.00,584.00,1,1,1.0
134,16,1133.00,100.00,41.00,159.00,1,1,1.0
134,124,195.00,332.00,184.00,535.00,1,1,1.0
134,121,433.00,286.00,150.00,467.00,1,1,1.0
134,125,1000.00,348.00,175.00,638.00,1,1,1.0
134,1,1601.00,138.00,91.00,284.00,1,1,1.0
134,135,1444.00,273.00,167.00,537.00,1,1,1.0
134,26,1007.00,98.00,38.00,142.00,1,1,1.0
134,149,1051.00,309.00,153.00,569.00,1,1,1.0
135,149,1262.00,311.00,164.00,590.00,1,1,1.0
135,26,1011.00,98.00,37.00,142.00,1,1,1.0
135,16,1127.00,100.00,41.00,158.00,1,1,1.0
135,121,582.00,279.00,144.00,469.00,1,1,1.0
135,1,1657.00,135.00,94.00,281.00,1,1,1.0
135,135,1674.00,279.00,204.00,570.00,1,1,1.0
135,125,1238.00,354.00,187.00,671.00,1,1,1.0
135,124,378.00,319.00,172.00,528.00,1,1,1.0
136,125,1467.00,353.00,224.00,690.00,1,1,1.0
136,149,1475.00,308.00,195.00,608.00,1,1,1.0
136,26,1013.00,98.00,38.00,142.00,1,1,1.0
136,135,1875.00,284.00,240.00,601.00,1,1,1.0
136,124,543.00,319.00,170.00,542.00,1,1,1.0
136,16,1133.00,100.00,40.00,158.00,1,1,1.0
136,1,1724.00,131.00,98.00,281.00,1,1,1.0
136,121,734.00,281.00,143.00,485.00,1,1,1.0
137,121,879.00,281.00,140.00,498.00,1,1,1.0
137,1,1764.00,129.00,100.00,282.00,1,1,1.0
137,124,721.00,309.00,160.00,539.00,1,1,1.0
137,125,1716.00,365.00,279.00,738.00,1,1,1.0
137,16,1127.00,100.00,40.00,157.00,1,1,1.0
137,149,1644.00,311.00,223.00,628.00,1,1,1.0
137,26,1050.00,97.00,38.00,143.00,1,1,1.0
137,288,108.00,273.00,143.00,410.00,1,1,1.0
137,136,101.00,300.00,162.00,463.00,1,1,1.0
138,1,1799.00,124.00,98.00,273.00,1,1,1.0
138,149,1792.00,314.00,250.00,648.00,1,1,1.0
138,26,1072.00,96.00,38.00,144.00,1,1,1.0
138,124,857.00,314.00,160.00,560.00,1,1,1.0
138,121,1024.00,287.00,142.00,524.00,1,1,1.0
138,187,50.00,285.00,152.00,430.00,1,1,1.0
138,136,266.00,296.00,159.00,473.00,1,1,1.0
138,288,206.00,279.00,148.00,433.00,1,1,1.0
138,16,1136.00,100.00,40.00,158.00,1,1,1.0
139,124,1058.00,316.00,156.00,582.00,1,1,1.0
139,16,1132.00,100.00,40.00,157.00,1,1,1.0
139,121,1205.00,293.00,149.00,552.00,1,1,1.0
139,187,154.00,287.00,153.00,443.00,1,1,1.0
139,136,405.00,297.00,157.00,487.00,1,1,1.0
139,288,322.00,279.00,146.00,443.00,1,1,1.0
139,1,1844.00,121.00,101.00,272.00,1,1,1.0
140,1,1859.00,118.00,99.00,269.00,1,1,1.0
140,187,320.00,283.00,149.00,450.00,1,1,1.0
140,16,1131.00,101.00,40.00,158.00,1,1,1.0
140,124,1224.00,319.00,165.00,604.00,1,1,1.0
140,288,448.00,277.00,145.00,452.00,1,1,1.0
140,121,1340.00,296.00,167.00,572.00,1,1,1.0
140,136,518.00,299.00,157.00,500.00,1,1,1.0
141,187,502.00,291.00,152.00,483.00,1,1,1.0
141,16,1108.00,102.00,41.00,158.00,1,1,1.0
141,147,88.00,194.00,87.00,249.00,1,1,1.0
141,121,1480.00,280.00,177.00,554.00,1,1,1.0
141,124,1407.00,330.00,199.00,643.00,1,1,1.0
141,136,700.00,299.00,154.00,517.00,1,1,1.0
141,288,610.00,266.00,135.00,445.00,1,1,1.0
142,16,1125.00,101.00,40.00,158.00,1,1,1.0
142,147,136.00,189.00,84.00,246.00,1,1,1.0
142,124,1616.00,324.00,228.00,651.00,1,1,1.0
142,136,880.00,288.00,145.00,513.00,1,1,1.0
142,121,1638.00,276.00,196.00,560.00,1,1,1.0
142,288,752.00,274.00,138.00,472.00,1,1,1.0
142,187,633.00,292.00,151.00,496.00,1,1,1.0
143,288,906.00,264.00,131.00,468.00,1,1,1.0
143,147,181.00,184.00,81.00,238.00,1,1,1.0
143,136,1030.00,302.00,149.00,553.00,1,1,1.0
143,16,1127.00,101.00,40.00,158.00,1,1,1.0
143,187,801.00,298.00,152.00,524.00,1,1,1.0
143,121,1817.00,283.00,230.00,594.00,1,1,1.0
143,124,1747.00,329.00,255.00,672.00,1,1,1.0
144,16,1128.00,101.00,41.00,158.00,1,1,1.0
144,288,1083.00,266.00,129.00,487.00,1,1,1.0
144,136,1226.00,295.00,151.00,558.00,1,1,1.0
144,187,1012.00,303.00,150.00,552.00,1,1,1.0
144,147,249.00,180.00,78.00,236.00,1,1,1.0
145,136,1407.00,300.00,178.00,586.00,1,1,1.0
145,16,1128.00,101.00,41.00,158.00,1,1,1.0
145,147,323.00,174.00,76.00,233.00,1,1,1.0
145,288,1282.00,270.00,142.00,515.00,1,1,1.0
145,187,1184.00,292.00,147.00,547.00,1,1,1.0
146,16,1130.00,100.00,41.00,159.00,1,1,1.0
146,147,392.00,167.00,72.00,225.00,1,1,1.0
146,136,1609.00,323.00,226.00,648.00,1,1,1.0
146,187,1389.00,288.00,169.00,561.00,1,1,1.0
146,288,1481.00,276.00,173.00,544.00,1,1,1.0
147,16,1132.00,100.00,41.00,158.00,1,1,1.0
147,187,1590.00,293.00,202.00,590.00,1,1,1.0
147,147,470.00,162.00,70.00,220.00,1,1,1.0
147,118,117.00,169.00,69.00,200.00,1,1,1.0
147,155,168.00,286.00,152.00,442.00,1,1,1.0
147,136,1758.00,324.00,253.00,665.00,1,1,1.0
147,288,1678.00,275.00,201.00,563.00,1,1,1.0
148,147,522.00,158.00,67.00,218.00,1,1,1.0
148,118,146.00,163.00,65.00,191.00,1,1,1.0
148,152,58.00,337.00,189.00,532.00,1,1,1.0
148,16,1127.00,101.00,40.00,158.00,1,1,1.0
148,397,206.00,411.00,237.00,686.00,1,1,1.0
148,155,284.00,278.00,146.00,438.00,1,1,1.0
148,187,1734.00,288.00,221.00,595.00,1,1,1.0
148,288,1860.00,271.00,225.00,573.00,1,1,1.0
149,152,204.00,333.00,185.00,539.00,1,1,1.0
149,155,388.00,292.00,154.00,475.00,1,1,1.0
149,397,570.00,420.00,231.00,736.00,1,1,1.0
149,16,1128.00,101.00,41.00,158.00,1,1,1.0
149,118,185.00,158.00,63.00,186.00,1,1,1.0
149,147,612.00,151.00,64.00,213.00,1,1,1.0
150,147,659.00,147.00,62.00,208.00,1,1,1.0
150,155,505.00,289.00,151.00,480.00,1,1,1.0
150,118,198.00,154.00,59.00,177.00,1,1,1.0
150,16,1128.00,101.00,41.00,158.00,1,1,1.0
150,397,949.00,430.00,221.00,788.00,1,1,1.0
150,152,381.00,329.00,179.00,546.00,1,1,1.0
150,139,1485.00,560.00,380.00,1068.00,1,1,1.0
151,25,1141.00,121.00,63.00,213.00,1,1,1.0
151,26,568.00,143.00,75.00,270.00,1,1,1.0
151,33,1469.00,119.00,72.00,200.00,1,1,1.0
151,28,641.00,143.00,71.00,267.00,1,1,1.0
151,34,1532.00,116.00,71.00,192.00,1,1,1.0
151,9,1896.00,377.00,299.00,602.00,1,1,1.0
151,36,1802.00,112.00,75.00,176.00,1,1,1.0
151,16,837.00,139.00,62.00,254.00,1,1,1.0
151,29,746.00,132.00,62.00,245.00,1,1,1.0
151,32,199.00,152.00,97.00,297.00,1,1,1.0
152,25,1085.00,122.00,61.00,216.00,1,1,1.0
152,33,1469.00,119.00,72.00,200.00,1,1,1.0
152,26,550.00,144.00,75.00,271.00,1,1,1.0
152,7,1903.00,313.00,245.00,504.00,1,1,1.0
152,36,1800.00,112.00,75.00,175.00,1,1,1.0
152,32,199.00,152.00,97.00,297.00,1,1,1.0
152,34,1530.00,116.00,71.00,192.00,1,1,1.0
152,16,836.00,138.00,61.00,254.00,1,1,1.0
152,28,614.00,136.00,69.00,256.00,1,1,1.0
152,9,1712.00,369.00,271.00,596.00,1,1,1.0
153,8,1736.00,361.00,266.00,582.00,1,1,1.0
153,34,1532.00,116.00,71.00,192.00,1,1,1.0
153,7,1682.00,301.00,214.00,491.00,1,1,1.0
153,16,836.00,138.00,61.00,254.00,1,1,1.0
153,26,548.00,143.00,76.00,271.00,1,1,1.0
153,25,980.00,126.00,60.00,228.00,1,1,1.0
153,33,1471.00,119.00,72.00,199.00,1,1,1.0
153,32,198.00,152.00,97.00,296.00,1,1,1.0
153,36,1800.00,112.00,75.00,175.00,1,1,1.0
153,9,1534.00,366.00,247.00,597.00,1,1,1.0
154,26,552.00,143.00,76.00,271.00,1,1,1.0
154,34,1533.00,116.00,72.00,192.00,1,1,1.0
154,7,1482.00,293.00,189.00,484.00,1,1,1.0
154,36,1802.00,112.00,75.00,176.00,1,1,1.0
154,9,1377.00,374.00,234.00,615.00,1,1,1.0
154,16,855.00,138.00,61.00,252.00,1,1,1.0
154,3,1896.00,169.00,123.00,270.00,1,1,1.0
154,8,1539.00,336.00,226.00,551.00,1,1,1.0
154,33,1473.00,119.00,72.00,199.00,1,1,1.0
154,32,202.00,151.00,96.00,295.00,1,1,1.0
155,16,858.00,138.00,62.00,254.00,1,1,1.0
155,9,1196.00,366.00,206.00,608.00,1,1,1.0
155,36,1803.00,112.00,75.00,176.00,1,1,1.0
155,8,1289.00,327.00,193.00,546.00,1,1,1.0
155,7,1292.00,291.00,171.00,489.00,1,1,1.0
155,3,1825.00,173.00,123.00,279.00,1,1,1.0
155,34,1533.00,116.00,72.00,192.00,1,1,1.0
155,26,551.00,143.00,75.00,270.00,1,1,1.0
155,33,1471.00,119.00,72.00,199.00,1,1,1.0
155,32,201.00,150.00,96.00,295.00,1,1,1.0
156,4,1838.00,190.00,138.00,308.00,1,1,1.0
156,7,1104.00,291.00,152.00,495.00,1,1,1.0
156,33,1471.00,119.00,72.00,198.00,1,1,1.0
156,16,860.00,138.00,61.00,253.00,1,1,1.0
156,36,1803.00,112.00,75.00,176.00,1,1,1.0
156,32,202.00,151.00,96.00,295.00,1,1,1.0
156,9,993.00,370.00,182.00,619.00,1,1,1.0
156,26,550.00,143.00,75.00,269.00,1,1,1.0
156,34,1535.00,116.00,72.00,193.00,1,1,1.0
156,8,1127.00,323.00,173.00,543.00,1,1,1.0
156,3,1731.00,178.00,123.00,291.00,1,1,1.0
157,7,968.00,287.00,137.00,494.00,1,1,1.0
157,8,1026.00,324.00,162.00,549.00,1,1,1.0
157,33,1467.00,118.00,72.00,199.00,1,1,1.0
157,26,550.00,143.00,75.00,269.00,1,1,1.0
157,16,863.00,139.00,62.00,253.00,1,1,1.0
157,3,1642.00,181.00,122.00,300.00,1,1,1.0
157,4,1755.00,195.00,138.00,319.00,1,1,1.0
157,9,959.00,371.00,178.00,623.00,1,1,1.0
157,36,1803.00,112.00,75.00,175.00,1,1,1.0
157,34,1537.00,116.00,72.00,193.00,1,1,1.0
157,32,202.00,151.00,97.00,296.00,1,1,1.0
158,34,1535.00,116.00,72.00,192.00,1,1,1.0
158,4,1641.00,196.00,132.00,323.00,1,1,1.0
158,32,207.00,151.00,96.00,295.00,1,1,1.0
158,3,1545.00,187.00,121.00,312.00,1,1,1.0
158,40,1647.00,408.00,293.00,656.00,1,1,1.0
158,26,550.00,143.00,75.00,269.00,1,1,1.0
158,7,841.00,285.00,127.00,495.00,1,1,1.0
158,42,1238.00,951.00,607.00,1368.00,1,1,1.0
158,33,1466.00,118.00,71.00,198.00,1,1,1.0
158,16,868.00,136.00,60.00,248.00,1,1,1.0
158,36,1801.00,111.00,74.00,176.00,1,1,1.0
158,9,816.00,389.00,175.00,653.00,1,1,1.0
158,8,877.00,331.00,150.00,564.00,1,1,1.0
159,40,1430.00,402.00,260.00,653.00,1,1,1.0
159,32,207.00,151.00,96.00,295.00,1,1,1.0
159,3,1443.00,189.00,117.00,320.00,1,1,1.0
159,41,1677.00,691.00,533.00,1045.00,1,1,1.0
159,26,548.00,142.00,75.00,269.00,1,1,1.0
159,8,603.00,327.00,157.00,566.00,1,1,1.0
159,42,1062.00,888.00,498.00,1301.00,1,1,1.0
159,36,1801.00,111.00,74.00,176.00,1,1,1.0
159,7,693.00,282.00,131.00,493.00,1,1,1.0
159,4,1552.00,203.00,133.00,339.00,1,1,1.0
159,33,1464.00,118.00,71.00,198.00,1,1,1.0
159,9,485.00,380.00,192.00,651.00,1,1,1.0
159,16,868.00,136.00,60.00,248.00,1,1,1.0
159,34,1537.00,116.00,72.00,193.00,1,1,1.0
160,41,1363.00,729.00,481.00,1101.00,1,1,1.0
160,4,1394.00,202.00,123.00,342.00,1,1,1.0
160,32,207.00,151.00,96.00,295.00,1,1,1.0
160,40,1186.00,410.00,231.00,674.00,1,1,1.0
160,26,549.00,142.00,75.00,270.00,1,1,1.0
160,9,215.00,387.00,222.00,668.00,1,1,1.0
160,42,612.00,762.00,355.00,1163.00,1,1,1.0
160,7,507.00,283.00,145.00,501.00,1,1,1.0
160,36,1799.00,111.00,75.00,176.00,1,1,1.0
160,8,371.00,327.00,177.00,573.00,1,1,1.0
160,16,868.00,136.00,60.00,248.00,1,1,1.0
160,3,1323.00,191.00,112.00,327.00,1,1,1.0
160,34,1522.00,115.00,71.00,191.00,1,1,1.0
160,33,1473.00,119.00,72.00,199.00,1,1,1.0
161,18,1864.00,125.00,87.00,197.00,1,1,1.0
161,41,838.00,816.00,394.00,1224.00,1,1,1.0
161,7,171.00,277.00,167.00,501.00,1,1,1.0
161,4,1284.00,207.00,118.00,354.00,1,1,1.0
161,3,1198.00,193.00,106.00,335.00,1,1,1.0
161,40,921.00,407.00,191.00,677.00,1,1,1.0
161,16,874.00,136.00,61.00,249.00,1,1,1.0
161,8,91.00,326.00,201.00,579.00,1,1,1.0
161,26,567.00,144.00,75.00,271.00,1,1,1.0
162,3,1051.00,196.00,98.00,345.00,1,1,1.0
162,4,1137.00,214.00,113.00,370.00,1,1,1.0
162,40,600.00,425.00,201.00,714.00,1,1,1.0
162,16,874.00,136.00,61.00,249.00,1,1,1.0
162,41,712.00,768.00,362.00,1168.00,1,1,1.0
162,26,567.00,144.00,75.00,271.00,1,1,1.0
162,18,1796.00,125.00,85.00,199.00,1,1,1.0
163,4,976.00,218.00,103.00,381.00,1,1,1.0
163,40,264.00,436.00,242.00,737.00,1,1,1.0
163,41,412.00,743.00,365.00,1145.00,1,1,1.0
163,18,1735.00,126.00,84.00,203.00,1,1,1.0
163,16,869.00,135.00,61.00,248.00,1,1,1.0
163,3,908.00,199.00,90.00,353.00,1,1,1.0
163,26,567.00,144.00,75.00,271.00,1,1,1.0
164,18,1654.00,125.00,81.00,204.00,1,1,1.0
164,164,910.00,1046.00,537.00,1478.00,1,1,1.0
164,16,866.00,135.00,60.00,247.00,1,1,1.0
164,4,818.00,225.00,101.00,400.00,1,1,1.0
164,3,764.00,204.00,93.00,366.00,1,1,1.0
164,26,566.00,143.00,75.00,271.00,1,1,1.0
165,4,645.00,227.00,110.00,407.00,1,1,1.0
165,16,865.00,135.00,60.00,246.00,1,1,1.0
165,3,573.00,211.00,106.00,383.00,1,1,1.0
165,26,566.00,143.00,75.00,271.00,1,1,1.0
165,18,1570.00,126.00,79.00,208.00,1,1,1.0
166,6,1857.00,323.00,248.00,521.00,1,1,1.0
166,3,407.00,211.00,116.00,389.00,1,1,1.0
166,26,566.00,143.00,75.00,271.00,1,1,1.0
166,18,1517.00,124.00,76.00,207.00,1,1,1.0
166,16,863.00,134.00,60.00,247.00,1,1,1.0
166,4,409.00,232.00,127.00,423.00,1,1,1.0
167,3,226.00,215.00,130.00,400.00,1,1,1.0
167,16,865.00,135.00,60.00,246.00,1,1,1.0
167,18,1427.00,124.00,74.00,209.00,1,1,1.0
167,4,202.00,236.00,143.00,434.00,1,1,1.0
167,6,1643.00,327.00,231.00,535.00,1,1,1.0
167,26,567.00,144.00,75.00,271.00,1,1,1.0
168,16,871.00,135.00,60.00,246.00,1,1,1.0
168,26,568.00,144.00,75.00,272.00,1,1,1.0
168,6,1457.00,322.00,208.00,532.00,1,1,1.0
168,18,1366.00,124.00,72.00,210.00,1,1,1.0
169,16,874.00,135.00,60.00,247.00,1,1,1.0
169,6,1227.00,338.00,192.00,563.00,1,1,1.0
169,26,566.00,143.00,75.00,271.00,1,1,1.0
169,18,1275.00,121.00,67.00,209.00,1,1,1.0
170,6,996.00,343.00,168.00,579.00,1,1,1.0
170,16,874.00,135.00,60.00,247.00,1,1,1.0
170,18,1205.00,122.00,66.00,214.00,1,1,1.0
170,26,566.00,143.00,75.00,271.00,1,1,1.0
171,18,1128.00,121.00,62.00,213.00,1,1,1.0
171,6,726.00,353.00,158.00,602.00,1,1,1.0
171,16,882.00,134.00,59.00,245.00,1,1,1.0
171,26,571.00,143.00,74.00,269.00,1,1,1.0
172,16,863.00,134.00,60.00,245.00,1,1,1.0
172,6,422.00,358.00,188.00,619.00,1,1,1.0
172,26,571.00,143.00,74.00,269.00,1,1,1.0
173,6,107.00,360.00,218.00,629.00,1,1,1.0
173,16,863.00,134.00,60.00,245.00,1,1,1.0
173,26,571.00,143.00,74.00,269.00,1,1,1.0
174,16,863.00,134.00,60.00,245.00,1,1,1.0
174,26,571.00,143.00,74.00,269.00,1,1,1.0
175,26,571.00,143.00,74.00,269.00,1,1,1.0
175,16,869.00,134.00,60.00,245.00,1,1,1.0
176,16,895.00,134.00,60.00,244.00,1,1,1.0
176,26,571.00,143.00,74.00,269.00,1,1,1.0
177,16,902.00,133.00,60.00,244.00,1,1,1.0
177,26,571.00,143.00,74.00,269.00,1,1,1.0
178,26,575.00,143.00,74.00,269.00,1,1,1.0
178,16,911.00,133.00,60.00,243.00,1,1,1.0
179,16,921.00,133.00,61.00,241.00,1,1,1.0
179,26,575.00,143.00,74.00,269.00,1,1,1.0
180,16,927.00,132.00,60.00,240.00,1,1,1.0
180,26,575.00,143.00,74.00,269.00,1,1,1.0
181,26,567.00,143.00,75.00,269.00,1,1,1.0
181,0,1867.00,121.00,84.00,190.00,1,1,1.0
181,16,934.00,133.00,61.00,241.00,1,1,1.0
182,26,567.00,143.00,75.00,269.00,1,1,1.0
182,16,933.00,132.00,60.00,241.00,1,1,1.0
182,0,1805.00,117.00,80.00,185.00,1,1,1.0
183,16,933.00,132.00,60.00,241.00,1,1,1.0
183,26,567.00,143.00,75.00,269.00,1,1,1.0
184,16,931.00,132.00,61.00,240.00,1,1,1.0
184,26,571.00,143.00,74.00,269.00,1,1,1.0
185,26,569.00,142.00,74.00,268.00,1,1,1.0
185,16,917.00,133.00,60.00,241.00,1,1,1.0
185,1,1890.00,125.00,88.00,197.00,1,1,1.0
186,26,580.00,142.00,73.00,267.00,1,1,1.0
186,16,924.00,132.00,60.00,240.00,1,1,1.0
186,1,1861.00,122.00,84.00,191.00,1,1,1.0
187,1,1847.00,120.00,83.00,189.00,1,1,1.0
187,16,909.00,132.00,60.00,242.00,1,1,1.0
187,26,606.00,137.00,70.00,258.00,1,1,1.0
188,1,1790.00,117.00,79.00,185.00,1,1,1.0
188,26,632.00,134.00,68.00,253.00,1,1,1.0
188,16,925.00,132.00,60.00,239.00,1,1,1.0
189,16,909.00,132.00,60.00,240.00,1,1,1.0
189,1,1768.00,114.00,77.00,182.00,1,1,1.0
190,1,1742.00,113.00,75.00,180.00,1,1,1.0
190,16,937.00,133.00,61.00,240.00,1,1,1.0
191,16,937.00,135.00,62.00,245.00,1,1,1.0
192,16,934.00,133.00,62.00,242.00,1,1,1.0
193,16,933.00,133.00,61.00,242.00,1,1,1.0
194,16,931.00,133.00,61.00,241.00,1,1,1.0
195,16,931.00,133.00,61.00,241.00,1,1,1.0
196,16,930.00,132.00,60.00,241.00,1,1,1.0
197,16,928.00,132.00,61.00,241.00,1,1,1.0
198,16,933.00,133.00,61.00,242.00,1,1,1.0
199,16,931.00,133.00,61.00,241.00,1,1,1.0
200,16,931.00,133.00,61.00,241.00,1,1,1.0
201,5,389.00,176.00,62.00,264.00,1,1,1.0
201,1,461.00,149.00,137.00,639.00,1,1,1.0
201,8,1854.00,191.00,94.00,250.00,1,1,1.0
201,3,920.00,168.00,99.00,448.00,1,1,1.0
201,4,889.00,171.00,85.00,393.00,1,1,1.0
201,0,299.00,146.00,160.00,657.00,1,1,1.0
201,7,1811.00,189.00,97.00,264.00,1,1,1.0
202,4,1070.00,173.00,96.00,389.00,1,1,1.0
202,1,461.00,149.00,137.00,639.00,1,1,1.0
202,3,1113.00,170.00,114.00,447.00,1,1,1.0
202,0,296.00,145.00,162.00,664.00,1,1,1.0
202,5,316.00,174.00,69.00,282.00,1,1,1.0
203,1,460.00,148.00,139.00,646.00,1,1,1.0
203,0,259.00,144.00,170.00,676.00,1,1,1.0
203,3,1319.00,172.00,127.00,437.00,1,1,1.0
203,4,1222.00,174.00,108.00,395.00,1,1,1.0
203,5,173.00,171.00,83.00,300.00,1,1,1.0
204,5,120.00,170.00,90.00,315.00,1,1,1.0
204,40,1658.00,190.00,78.00,231.00,1,1,1.0
204,39,196.00,174.00,70.00,258.00,1,1,1.0
204,0,202.00,144.00,176.00,670.00,1,1,1.0
204,1,426.00,146.00,146.00,665.00,1,1,1.0
204,3,1469.00,174.00,139.00,438.00,1,1,1.0
204,383,187.00,174.00,73.00,268.00,1,1,1.0
204,4,1375.00,176.00,118.00,394.00,1,1,1.0
205,40,1768.00,191.00,85.00,236.00,1,1,1.0
205,39,98.00,173.00,78.00,266.00,1,1,1.0
205,4,1523.00,178.00,126.00,389.00,1,1,1.0
205,0,204.00,144.00,175.00,667.00,1,1,1.0
205,3,1631.00,176.00,147.00,429.00,1,1,1.0
205,1,428.00,147.00,144.00,655.00,1,1,1.0
205,383,174.00,173.00,77.00,277.00,1,1,1.0
206,4,1713.00,180.00,136.00,382.00,1,1,1.0
206,0,202.00,144.00,176.00,670.00,1,1,1.0
206,43,263.00,175.00,68.00,262.00,1,1,1.0
206,41,1864.00,193.00,79.00,212.00,1,1,1.0
206,383,105.00,171.00,83.00,288.00,1,1,1.0
206,1,489.00,148.00,137.00,647.00,1,1,1.0
206,40,1841.00,191.00,88.00,239.00,1,1,1.0
206,3,1820.00,179.00,157.00,418.00,1,1,1.0
206,39,2.00,171.00,88.00,283.00,1,1,1.0
207,383,2.00,169.00,94.00,304.00,1,1,1.0
207,43,231.00,174.00,72.00,272.00,1,1,1.0
207,4,1850.00,182.00,142.00,374.00,1,1,1.0
207,1,489.00,148.00,137.00,647.00,1,1,1.0
207,0,199.00,144.00,178.00,673.00,1,1,1.0
208,1,500.00,149.00,134.00,640.00,1,1,1.0
208,0,199.00,144.00,178.00,673.00,1,1,1.0
208,43,160.00,172.00,81.00,289.00,1,1,1.0
209,44,106.00,173.00,76.00,260.00,1,1,1.0
209,43,63.00,170.00,90.00,304.00,1,1,1.0
209,1,499.00,149.00,136.00,643.00,1,1,1.0
209,0,199.00,144.00,178.00,673.00,1,1,1.0
210,1,499.00,148.00,136.00,647.00,1,1,1.0
210,0,199.00,144.00,178.00,673.00,1,1,1.0
210,44,49.00,173.00,79.00,264.00,1,1,1.0
210,18,16.00,126.00,258.00,876.00,1,1,1.0
211,6,1443.00,188.00,70.00,229.00,1,1,1.0
211,18,379.00,127.00,202.00,897.00,1,1,1.0
211,1,520.00,150.00,131.00,627.00,1,1,1.0
211,0,208.00,143.00,177.00,677.00,1,1,1.0
211,116,248.00,175.00,68.00,260.00,1,1,1.0
212,1,520.00,150.00,131.00,627.00,1,1,1.0
212,116,114.00,173.00,78.00,270.00,1,1,1.0
212,0,208.00,143.00,177.00,677.00,1,1,1.0
212,6,1527.00,188.00,76.00,239.00,1,1,1.0
212,168,249.00,175.00,67.00,256.00,1,1,1.0
212,18,758.00,129.00,195.00,916.00,1,1,1.0
213,116,85.00,172.00,83.00,282.00,1,1,1.0
213,1,520.00,150.00,131.00,627.00,1,1,1.0
213,6,1608.00,188.00,82.00,248.00,1,1,1.0
213,168,116.00,173.00,76.00,263.00,1,1,1.0
213,0,208.00,143.00,177.00,677.00,1,1,1.0
213,18,1125.00,135.00,243.00,894.00,1,1,1.0
214,18,1499.00,135.00,320.00,940.00,1,1,1.0
214,1,520.00,150.00,131.00,627.00,1,1,1.0
214,0,208.00,143.00,177.00,677.00,1,1,1.0
214,6,1740.00,189.00,90.00,254.00,1,1,1.0
215,1,529.00,150.00,131.00,632.00,1,1,1.0
215,6,1835.00,190.00,96.00,260.00,1,1,1.0
215,0,208.00,143.00,177.00,677.00,1,1,1.0
216,1,529.00,150.00,131.00,632.00,1,1,1.0
216,0,208.00,143.00,177.00,677.00,1,1,1.0
217,1,511.00,150.00,131.00,624.00,1,1,1.0
217,0,229.00,144.00,174.00,674.00,1,1,1.0
218,0,231.00,144.00,173.00,671.00,1,1,1.0
218,1,521.00,150.00,129.00,624.00,1,1,1.0
219,1,511.00,151.00,130.00,621.00,1,1,1.0
219,0,208.00,143.00,177.00,677.00,1,1,1.0
219,186,362.00,176.00,62.00,260.00,1,1,1.0
220,186,249.00,173.00,74.00,284.00,1,1,1.0
220,1,511.00,151.00,130.00,621.00,1,1,1.0
220,0,220.00,145.00,170.00,656.00,1,1,1.0
221,186,172.00,171.00,83.00,301.00,1,1,1.0
221,1,500.00,149.00,134.00,637.00,1,1,1.0
221,0,228.00,146.00,166.00,643.00,1,1,1.0
222,0,228.00,146.00,166.00,643.00,1,1,1.0
222,1,510.00,150.00,133.00,633.00,1,1,1.0
222,186,53.00,169.00,97.00,322.00,1,1,1.0
223,181,71.00,172.00,83.00,281.00,1,1,1.0
223,1,510.00,150.00,133.00,633.00,1,1,1.0
223,0,228.00,146.00,166.00,643.00,1,1,1.0
224,1,510.00,150.00,133.00,633.00,1,1,1.0
224,0,228.00,146.00,166.00,643.00,1,1,1.0
225,1,510.00,150.00,133.00,633.00,1,1,1.0
225,0,228.00,146.00,166.00,643.00,1,1,1.0
226,1,510.00,150.00,133.00,633.00,1,1,1.0
226,149,442.00,177.00,56.00,251.00,1,1,1.0
226,0,228.00,146.00,166.00,643.00,1,1,1.0
227,149,358.00,176.00,62.00,257.00,1,1,1.0
227,135,561.00,178.00,50.00,250.00,1,1,1.0
227,0,148.00,143.00,184.00,674.00,1,1,1.0
227,1,510.00,150.00,133.00,633.00,1,1,1.0
228,149,304.00,175.00,66.00,267.00,1,1,1.0
228,135,421.00,176.00,59.00,263.00,1,1,1.0
228,1,510.00,150.00,133.00,633.00,1,1,1.0
228,0,103.00,141.00,195.00,694.00,1,1,1.0
229,125,276.00,175.00,65.00,256.00,1,1,1.0
229,1,501.00,150.00,132.00,631.00,1,1,1.0
229,135,350.00,174.00,67.00,280.00,1,1,1.0
229,149,259.00,174.00,71.00,276.00,1,1,1.0
229,0,49.00,134.00,226.00,780.00,1,1,1.0
230,1,516.00,147.00,139.00,665.00,1,1,1.0
230,125,185.00,174.00,73.00,267.00,1,1,1.0
230,149,182.00,172.00,78.00,285.00,1,1,1.0
230,135,236.00,172.00,79.00,301.00,1,1,1.0
231,135,115.00,169.00,92.00,319.00,1,1,1.0
231,149,88.00,171.00,87.00,297.00,1,1,1.0
231,1,537.00,149.00,135.00,650.00,1,1,1.0
231,125,67.00,171.00,84.00,284.00,1,1,1.0
232,1,473.00,145.00,146.00,682.00,1,1,1.0
232,125,3.00,170.00,91.00,295.00,1,1,1.0
232,121,369.00,176.00,61.00,257.00,1,1,1.0
233,1,389.00,142.00,163.00,721.00,1,1,1.0
233,121,307.00,174.00,67.00,272.00,1,1,1.0
233,124,319.00,176.00,63.00,255.00,1,1,1.0
234,124,174.00,174.00,74.00,266.00,1,1,1.0
234,121,244.00,173.00,75.00,284.00,1,1,1.0
234,1,331.00,135.00,187.00,794.00,1,1,1.0
235,121,184.00,171.00,81.00,299.00,1,1,1.0
235,1,244.00,127.00,222.00,885.00,1,1,1.0
235,124,129.00,172.00,80.00,281.00,1,1,1.0
236,124,39.00,170.00,89.00,294.00,1,1,1.0
236,1,76.00,115.00,284.00,1012.00,1,1,1.0
236,121,77.00,169.00,93.00,314.00,1,1,1.0
237,288,510.00,178.00,53.00,253.00,1,1,1.0
237,136,362.00,176.00,61.00,256.00,1,1,1.0
238,187,468.00,177.00,54.00,250.00,1,1,1.0
238,136,289.00,174.00,68.00,270.00,1,1,1.0
238,288,413.00,176.00,60.00,263.00,1,1,1.0
239,187,400.00,176.00,60.00,259.00,1,1,1.0
239,136,207.00,173.00,76.00,282.00,1,1,1.0
239,288,347.00,175.00,66.00,273.00,1,1,1.0
240,187,328.00,174.00,67.00,274.00,1,1,1.0
240,288,279.00,173.00,73.00,286.00,1,1,1.0
240,136,134.00,171.00,83.00,292.00,1,1,1.0
241,187,178.00,172.00,80.00,290.00,1,1,1.0
241,147,1255.00,186.00,63.00,232.00,1,1,1.0
241,136,24.00,169.00,94.00,309.00,1,1,1.0
241,288,235.00,172.00,80.00,302.00,1,1,1.0
242,147,1282.00,186.00,66.00,237.00,1,1,1.0
242,288,100.00,169.00,92.00,317.00,1,1,1.0
242,187,95.00,170.00,88.00,303.00,1,1,1.0
243,288,36.00,167.00,101.00,336.00,1,1,1.0
243,147,1332.00,186.00,69.00,242.00,1,1,1.0
244,147,1350.00,186.00,73.00,250.00,1,1,1.0
245,147,1384.00,185.00,77.00,262.00,1,1,1.0
246,147,1462.00,185.00,85.00,274.00,1,1,1.0
247,147,1510.00,185.00,92.00,288.00,1,1,1.0
247,118,1663.00,191.00,76.00,225.00,1,1,1.0
247,155,400.00,176.00,60.00,260.00,1,1,1.0
248,147,1546.00,184.00,97.00,300.00,1,1,1.0
248,118,1764.00,191.00,82.00,227.00,1,1,1.0
248,152,222.00,175.00,68.00,257.00,1,1,1.0
248,155,373.00,175.00,64.00,270.00,1,1,1.0
249,152,165.00,173.00,74.00,268.00,1,1,1.0
249,155,241.00,173.00,74.00,281.00,1,1,1.0
249,118,1839.00,192.00,86.00,231.00,1,1,1.0
249,147,1623.00,183.00,109.00,323.00,1,1,1.0
250,147,1701.00,183.00,119.00,337.00,1,1,1.0
250,155,186.00,172.00,79.00,291.00,1,1,1.0
250,152,92.00,172.00,82.00,281.00,1,1,1.0
251,122,647.00,120.00,29.00,122.00,1,1,1.0
251,14,468.00,120.00,32.00,130.00,1,1,1.0
251,20,491.00,119.00,32.00,126.00,1,1,1.0
251,33,0.00,136.00,59.00,213.00,1,1,1.0
251,5,936.00,126.00,32.00,135.00,1,1,1.0
251,27,160.00,116.00,34.00,129.00,1,1,1.0
251,23,666.00,119.00,29.00,119.00,1,1,1.0
251,1,353.00,128.00,42.00,165.00,1,1,1.0
251,18,406.00,117.00,31.00,122.00,1,1,1.0
251,31,1887.00,171.00,103.00,275.00,1,1,1.0
251,12,816.00,122.00,29.00,124.00,1,1,1.0
251,35,57.00,118.00,37.00,137.00,1,1,1.0
251,247,716.00,122.00,30.00,126.00,1,1,1.0
251,19,478.00,117.00,29.00,117.00,1,1,1.0
251,24,691.00,118.00,27.00,112.00,1,1,1.0
251,9,1375.00,160.00,77.00,253.00,1,1,1.0
251,36,38.00,125.00,46.00,166.00,1,1,1.0
251,8,1324.00,155.00,69.00,236.00,1,1,1.0
251,3,556.00,131.00,43.00,171.00,1,1,1.0
251,15,632.00,120.00,31.00,125.00,1,1,1.0
251,4,653.00,131.00,41.00,167.00,1,1,1.0
251,2,293.00,116.00,32.00,123.00,1,1,1.0
251,38,400.00,119.00,33.00,131.00,1,1,1.0
251,0,344.00,127.00,42.00,162.00,1,1,1.0
251,7,1222.00,152.00,65.00,229.00,1,1,1.0
251,13,822.00,121.00,28.00,121.00,1,1,1.0
251,22,538.00,119.00,31.00,124.00,1,1,1.0
251,21,719.00,119.00,28.00,115.00,1,1,1.0
251,17,623.00,123.00,33.00,136.00,1,1,1.0
251,10,429.00,121.00,34.00,134.00,1,1,1.0
251,37,31.00,116.00,37.00,134.00,1,1,1.0
252,4,667.00,133.00,42.00,174.00,1,1,1.0
252,12,784.00,122.00,29.00,123.00,1,1,1.0
252,22,521.00,119.00,30.00,124.00,1,1,1.0
252,33,0.00,136.00,59.00,213.00,1,1,1.0
252,27,160.00,116.00,34.00,129.00,1,1,1.0
252,21,722.00,119.00,28.00,115.00,1,1,1.0
252,24,685.00,118.00,26.00,112.00,1,1,1.0
252,19,479.00,117.00,29.00,115.00,1,1,1.0
252,1,353.00,128.00,42.00,165.00,1,1,1.0
252,10,403.00,121.00,34.00,135.00,1,1,1.0
252,3,560.00,133.00,43.00,178.00,1,1,1.0
252,35,54.00,118.00,38.00,137.00,1,1,1.0
252,0,339.00,127.00,42.00,162.00,1,1,1.0
252,5,877.00,126.00,31.00,135.00,1,1,1.0
252,18,403.00,118.00,32.00,125.00,1,1,1.0
252,15,605.00,120.00,30.00,123.00,1,1,1.0
252,13,799.00,121.00,28.00,119.00,1,1,1.0
252,7,1219.00,155.00,67.00,241.00,1,1,1.0
252,2,252.00,115.00,31.00,121.00,1,1,1.0
252,23,666.00,119.00,29.00,119.00,1,1,1.0
252,383,442.00,119.00,32.00,129.00,1,1,1.0
252,8,1320.00,158.00,73.00,246.00,1,1,1.0
252,36,36.00,125.00,46.00,166.00,1,1,1.0
252,37,29.00,116.00,37.00,134.00,1,1,1.0
252,14,442.00,119.00,32.00,126.00,1,1,1.0
252,122,621.00,119.00,29.00,122.00,1,1,1.0
252,17,553.00,122.00,34.00,136.00,1,1,1.0
252,247,695.00,122.00,31.00,127.00,1,1,1.0
252,20,489.00,119.00,31.00,126.00,1,1,1.0
252,9,1377.00,163.00,80.00,263.00,1,1,1.0
253,18,395.00,119.00,33.00,129.00,1,1,1.0
253,1,349.00,128.00,42.00,165.00,1,1,1.0
253,24,685.00,118.00,26.00,112.00,1,1,1.0
253,19,455.00,116.00,29.00,114.00,1,1,1.0
253,22,528.00,119.00,30.00,124.00,1,1,1.0
253,247,668.00,121.00,31.00,126.00,1,1,1.0
253,8,1355.00,162.00,79.00,260.00,1,1,1.0
253,14,424.00,118.00,31.00,124.00,1,1,1.0
253,0,331.00,127.00,42.00,162.00,1,1,1.0
253,35,52.00,118.00,38.00,137.00,1,1,1.0
253,3,579.00,135.00,46.00,187.00,1,1,1.0
253,7,1201.00,159.00,71.00,254.00,1,1,1.0
253,10,370.00,120.00,35.00,136.00,1,1,1.0
253,20,487.00,119.00,32.00,126.00,1,1,1.0
253,27,110.00,116.00,34.00,127.00,1,1,1.0
253,17,510.00,122.00,34.00,134.00,1,1,1.0
253,33,0.00,136.00,59.00,212.00,1,1,1.0
253,122,604.00,119.00,30.00,122.00,1,1,1.0
253,36,36.00,125.00,46.00,166.00,1,1,1.0
253,4,659.00,135.00,44.00,181.00,1,1,1.0
253,12,766.00,121.00,29.00,124.00,1,1,1.0
253,23,666.00,119.00,29.00,119.00,1,1,1.0
253,37,29.00,116.00,37.00,134.00,1,1,1.0
253,9,1390.00,166.00,85.00,276.00,1,1,1.0
253,2,218.00,114.00,31.00,119.00,1,1,1.0
253,5,818.00,124.00,32.00,133.00,1,1,1.0
253,13,776.00,120.00,28.00,118.00,1,1,1.0
253,21,720.00,119.00,28.00,115.00,1,1,1.0
253,15,602.00,120.00,30.00,122.00,1,1,1.0
254,21,720.00,119.00,28.00,115.00,1,1,1.0
254,5,781.00,124.00,31.00,133.00,1,1,1.0
254,37,27.00,116.00,37.00,134.00,1,1,1.0
254,40,1393.00,151.00,66.00,216.00,1,1,1.0
254,15,576.00,119.00,30.00,122.00,1,1,1.0
254,24,678.00,118.00,27.00,111.00,1,1,1.0
254,39,934.00,124.00,31.00,127.00,1,1,1.0
254,7,1192.00,163.00,75.00,269.00,1,1,1.0
254,0,337.00,126.00,41.00,161.00,1,1,1.0
254,23,664.00,119.00,29.00,119.00,1,1,1.0
254,122,542.00,118.00,29.00,118.00,1,1,1.0
254,18,361.00,119.00,34.00,130.00,1,1,1.0
254,36,38.00,125.00,46.00,166.00,1,1,1.0
254,9,1428.00,170.00,90.00,288.00,1,1,1.0
254,27,91.00,115.00,33.00,125.00,1,1,1.0
254,1,336.00,127.00,42.00,166.00,1,1,1.0
254,12,739.00,121.00,29.00,122.00,1,1,1.0
254,247,650.00,121.00,30.00,125.00,1,1,1.0
254,3,579.00,137.00,48.00,194.00,1,1,1.0
254,35,52.00,118.00,38.00,137.00,1,1,1.0
254,8,1316.00,164.00,80.00,272.00,1,1,1.0
254,383,902.00,124.00,30.00,129.00,1,1,1.0
254,33,0.00,136.00,60.00,212.00,1,1,1.0
254,22,490.00,118.00,31.00,122.00,1,1,1.0
254,2,185.00,114.00,31.00,118.00,1,1,1.0
254,19,461.00,115.00,28.00,113.00,1,1,1.0
254,10,366.00,120.00,33.00,133.00,1,1,1.0
254,14,398.00,117.00,31.00,123.00,1,1,1.0
254,4,668.00,137.00,46.00,189.00,1,1,1.0
254,20,489.00,119.00,31.00,126.00,1,1,1.0
254,13,758.00,120.00,28.00,118.00,1,1,1.0
254,17,502.00,122.00,34.00,134.00,1,1,1.0
255,14,346.00,116.00,31.00,121.00,1,1,1.0
255,24,676.00,118.00,27.00,111.00,1,1,1.0
255,13,752.00,120.00,27.00,116.00,1,1,1.0
255,19,475.00,115.00,28.00,111.00,1,1,1.0
255,16,0.00,168.00,95.00,339.00,1,1,1.0
255,40,1399.00,154.00,70.00,228.00,1,1,1.0
255,17,457.00,121.00,34.00,134.00,1,1,1.0
255,5,736.00,123.00,32.00,132.00,1,1,1.0
255,9,1433.00,174.00,95.00,303.00,1,1,1.0
255,39,900.00,123.00,29.00,126.00,1,1,1.0
255,10,299.00,118.00,33.00,127.00,1,1,1.0
255,36,39.00,125.00,45.00,166.00,1,1,1.0
255,35,52.00,118.00,38.00,137.00,1,1,1.0
255,12,724.00,120.00,29.00,120.00,1,1,1.0
255,37,24.00,116.00,38.00,134.00,1,1,1.0
255,8,1320.00,169.00,87.00,292.00,1,1,1.0
255,7,1205.00,167.00,81.00,287.00,1,1,1.0
255,4,686.00,139.00,47.00,197.00,1,1,1.0
255,27,89.00,115.00,33.00,125.00,1,1,1.0
255,0,339.00,126.00,41.00,161.00,1,1,1.0
255,2,151.00,113.00,31.00,116.00,1,1,1.0
255,15,572.00,119.00,30.00,122.00,1,1,1.0
255,21,719.00,119.00,27.00,115.00,1,1,1.0
255,20,438.00,118.00,30.00,122.00,1,1,1.0
255,3,600.00,140.00,49.00,202.00,1,1,1.0
255,23,666.00,119.00,29.00,119.00,1,1,1.0
255,247,619.00,120.00,31.00,126.00,1,1,1.0
255,1,343.00,127.00,42.00,165.00,1,1,1.0
255,383,879.00,124.00,30.00,130.00,1,1,1.0
255,38,296.00,118.00,33.00,127.00,1,1,1.0
255,22,476.00,118.00,30.00,120.00,1,1,1.0
255,122,518.00,117.00,29.00,117.00,1,1,1.0
256,122,501.00,117.00,29.00,115.00,1,1,1.0
256,20,427.00,118.00,31.00,122.00,1,1,1.0
256,4,714.00,142.00,50.00,209.00,1,1,1.0
256,42,1875.00,174.00,107.00,287.00,1,1,1.0
256,37,27.00,116.00,37.00,134.00,1,1,1.0
256,15,554.00,119.00,30.00,120.00,1,1,1.0
256,13,744.00,119.00,28.00,116.00,1,1,1.0
256,7,1223.00,172.00,88.00,307.00,1,1,1.0
256,19,477.00,115.00,28.00,108.00,1,1,1.0
256,17,426.00,121.00,34.00,134.00,1,1,1.0
256,27,95.00,114.00,32.00,121.00,1,1,1.0
256,247,599.00,120.00,31.00,125.00,1,1,1.0
256,2,139.00,113.00,30.00,116.00,1,1,1.0
256,24,673.00,118.00,27.00,111.00,1,1,1.0
256,36,39.00,125.00,45.00,166.00,1,1,1.0
256,35,50.00,118.00,38.00,137.00,1,1,1.0
256,14,316.00,116.00,31.00,120.00,1,1,1.0
256,0,337.00,126.00,41.00,161.00,1,1,1.0
256,9,1470.00,179.00,103.00,321.00,1,1,1.0
256,43,926.00,125.00,32.00,130.00,1,1,1.0
256,23,666.00,119.00,29.00,119.00,1,1,1.0
256,38,209.00,116.00,33.00,125.00,1,1,1.0
256,41,1698.00,162.00,86.00,248.00,1,1,1.0
256,22,470.00,117.00,30.00,120.00,1,1,1.0
256,12,721.00,120.00,29.00,120.00,1,1,1.0
256,383,845.00,124.00,30.00,129.00,1,1,1.0
256,1,347.00,128.00,42.00,166.00,1,1,1.0
256,8,1326.00,173.00,91.00,307.00,1,1,1.0
256,10,308.00,118.00,33.00,127.00,1,1,1.0
256,40,1416.00,157.00,73.00,236.00,1,1,1.0
256,3,628.00,143.00,52.00,213.00,1,1,1.0
256,5,695.00,122.00,31.00,130.00,1,1,1.0
256,39,847.00,123.00,29.00,125.00,1,1,1.0
256,21,720.00,119.00,28.00,115.00,1,1,1.0
257,41,1721.00,166.00,92.00,262.00,1,1,1.0
257,22,438.00,117.00,29.00,117.00,1,1,1.0
257,383,799.00,123.00,30.00,128.00,1,1,1.0
257,13,744.00,119.00,28.00,116.00,1,1,1.0
257,7,1225.00,176.00,92.00,322.00,1,1,1.0
257,20,420.00,117.00,30.00,122.00,1,1,1.0
257,247,603.00,120.00,30.00,122.00,1,1,1.0
257,8,1343.00,176.00,96.00,317.00,1,1,1.0
257,19,484.00,114.00,26.00,107.00,1,1,1.0
257,122,498.00,116.00,29.00,114.00,1,1,1.0
257,43,895.00,125.00,31.00,131.00,1,1,1.0
257,27,110.00,114.00,32.00,120.00,1,1,1.0
257,5,661.00,121.00,31.00,127.00,1,1,1.0
257,40,1419.00,160.00,78.00,252.00,1,1,1.0
257,37,27.00,116.00,37.00,134.00,1,1,1.0
257,151,544.00,118.00,30.00,121.00,1,1,1.0
257,23,664.00,119.00,29.00,119.00,1,1,1.0
257,38,176.00,115.00,32.00,122.00,1,1,1.0
257,16,5.00,168.00,95.00,337.00,1,1,1.0
257,3,648.00,146.00,54.00,224.00,1,1,1.0
257,4,744.00,145.00,52.00,219.00,1,1,1.0
257,9,1479.00,180.00,104.00,324.00,1,1,1.0
257,24,673.00,118.00,27.00,111.00,1,1,1.0
257,21,719.00,119.00,27.00,115.00,1,1,1.0
257,36,36.00,125.00,46.00,166.00,1,1,1.0
257,12,719.00,120.00,28.00,119.00,1,1,1.0
257,1,347.00,128.00,42.00,166.00,1,1,1.0
257,14,268.00,115.00,31.00,120.00,1,1,1.0
257,17,355.00,119.00,33.00,131.00,1,1,1.0
257,35,48.00,118.00,38.00,137.00,1,1,1.0
257,0,335.00,126.00,41.00,161.00,1,1,1.0
257,39,801.00,122.00,30.00,124.00,1,1,1.0
257,10,302.00,117.00,32.00,127.00,1,1,1.0
258,27,108.00,114.00,32.00,120.00,1,1,1.0
258,122,484.00,116.00,29.00,114.00,1,1,1.0
258,4,741.00,148.00,55.00,230.00,1,1,1.0
258,5,622.00,120.00,31.00,125.00,1,1,1.0
258,37,35.00,116.00,37.00,133.00,1,1,1.0
258,39,769.00,121.00,29.00,123.00,1,1,1.0
258,24,668.00,117.00,27.00,112.00,1,1,1.0
258,3,679.00,149.00,57.00,237.00,1,1,1.0
258,19,474.00,114.00,26.00,106.00,1,1,1.0
258,247,601.00,119.00,30.00,123.00,1,1,1.0
258,22,434.00,116.00,29.00,117.00,1,1,1.0
258,40,1464.00,166.00,86.00,273.00,1,1,1.0
258,1,352.00,128.00,42.00,166.00,1,1,1.0
258,151,526.00,118.00,30.00,122.00,1,1,1.0
258,41,1738.00,170.00,98.00,277.00,1,1,1.0
258,7,1232.00,180.00,97.00,338.00,1,1,1.0
258,38,158.00,114.00,31.00,119.00,1,1,1.0
258,10,224.00,115.00,31.00,120.00,1,1,1.0
258,35,48.00,118.00,38.00,137.00,1,1,1.0
258,23,662.00,119.00,29.00,119.00,1,1,1.0
258,14,238.00,115.00,31.00,118.00,1,1,1.0
258,12,703.00,120.00,28.00,120.00,1,1,1.0
258,13,746.00,119.00,28.00,116.00,1,1,1.0
258,0,335.00,126.00,41.00,161.00,1,1,1.0
258,36,33.00,125.00,46.00,166.00,1,1,1.0
258,383,767.00,123.00,31.00,128.00,1,1,1.0
258,17,337.00,119.00,34.00,131.00,1,1,1.0
258,20,369.00,116.00,30.00,119.00,1,1,1.0
258,43,846.00,124.00,31.00,131.00,1,1,1.0
258,9,1540.00,184.00,111.00,338.00,1,1,1.0
258,21,718.00,119.00,28.00,115.00,1,1,1.0
258,8,1385.00,181.00,103.00,332.00,1,1,1.0
259,38,127.00,114.00,31.00,120.00,1,1,1.0
259,39,739.00,121.00,30.00,124.00,1,1,1.0
259,44,918.00,123.00,30.00,125.00,1,1,1.0
259,24,669.00,117.00,27.00,112.00,1,1,1.0
259,13,744.00,119.00,28.00,116.00,1,1,1.0
259,40,1479.00,170.00,91.00,287.00,1,1,1.0
259,43,803.00,123.00,30.00,131.00,1,1,1.0
259,3,690.00,152.00,60.00,250.00,1,1,1.0
259,37,35.00,116.00,37.00,133.00,1,1,1.0
259,41,1794.00,174.00,105.00,292.00,1,1,1.0
259,151,518.00,118.00,30.00,120.00,1,1,1.0
259,35,44.00,118.00,38.00,137.00,1,1,1.0
259,8,1412.00,189.00,114.00,363.00,1,1,1.0
259,36,33.00,125.00,46.00,166.00,1,1,1.0
259,23,662.00,119.00,29.00,119.00,1,1,1.0
259,7,1235.00,185.00,103.00,356.00,1,1,1.0
259,4,785.00,151.00,57.00,242.00,1,1,1.0
259,122,443.00,115.00,28.00,111.00,1,1,1.0
259,17,257.00,118.00,33.00,129.00,1,1,1.0
259,22,424.00,116.00,29.00,115.00,1,1,1.0
259,19,469.00,114.00,27.00,104.00,1,1,1.0
259,383,728.00,122.00,30.00,127.00,1,1,1.0
259,12,701.00,120.00,29.00,120.00,1,1,1.0
259,9,1574.00,192.00,124.00,371.00,1,1,1.0
259,247,579.00,119.00,29.00,120.00,1,1,1.0
259,1,350.00,128.00,42.00,166.00,1,1,1.0
259,0,335.00,126.00,41.00,161.00,1,1,1.0
259,5,563.00,120.00,31.00,127.00,1,1,1.0
259,14,206.00,114.00,31.00,117.00,1,1,1.0
259,27,101.00,114.00,31.00,119.00,1,1,1.0
259,20,360.00,116.00,30.00,117.00,1,1,1.0
259,21,718.00,119.00,28.00,115.00,1,1,1.0
259,10,179.00,114.00,31.00,117.00,1,1,1.0
260,41,1859.00,179.00,114.00,308.00,1,1,1.0
260,4,774.00,156.00,61.00,258.00,1,1,1.0
260,35,44.00,118.00,38.00,137.00,1,1,1.0
260,27,102.00,114.00,32.00,119.00,1,1,1.0
260,21,717.00,119.00,27.00,115.00,1,1,1.0
260,1,347.00,128.00,43.00,166.00,1,1,1.0
260,19,449.00,113.00,26.00,104.00,1,1,1.0
260,22,400.00,115.00,29.00,113.00,1,1,1.0
260,17,216.00,117.00,33.00,128.00,1,1,1.0
260,37,33.00,116.00,37.00,134.00,1,1,1.0
260,40,1528.00,175.00,100.00,307.00,1,1,1.0
260,13,737.00,119.00,27.00,117.00,1,1,1.0
260,24,669.00,117.00,27.00,112.00,1,1,1.0
260,151,519.00,118.00,29.00,120.00,1,1,1.0
260,14,170.00,113.00,30.00,113.00,1,1,1.0
260,9,1639.00,200.00,138.00,400.00,1,1,1.0
260,20,347.00,115.00,29.00,115.00,1,1,1.0
260,7,1264.00,192.00,112.00,382.00,1,1,1.0
260,36,33.00,125.00,46.00,166.00,1,1,1.0
260,8,1451.00,196.00,125.00,393.00,1,1,1.0
260,30,565.00,119.00,30.00,121.00,1,1,1.0
260,39,713.00,121.00,30.00,124.00,1,1,1.0
260,122,430.00,115.00,28.00,110.00,1,1,1.0
260,23,662.00,119.00,29.00,119.00,1,1,1.0
260,5,544.00,120.00,31.00,125.00,1,1,1.0
260,12,703.00,120.00,28.00,120.00,1,1,1.0
260,43,767.00,123.00,31.00,129.00,1,1,1.0
260,0,335.00,126.00,41.00,161.00,1,1,1.0
260,3,697.00,156.00,64.00,265.00,1,1,1.0
260,10,157.00,114.00,31.00,117.00,1,1,1.0
260,44,899.00,123.00,30.00,124.00,1,1,1.0
260,33,0.00,136.00,60.00,212.00,1,1,1.0
260,18,227.00,126.00,43.00,164.00,1,1,1.0
260,383,671.00,122.00,31.00,129.00,1,1,1.0
260,38,112.00,114.00,32.00,120.00,1,1,1.0
261,247,534.00,117.00,28.00,115.00,1,1,1.0
261,6,1317.00,145.00,57.00,194.00,1,1,1.0
261,18,208.00,127.00,44.00,171.00,1,1,1.0
261,7,1288.00,207.00,132.00,442.00,1,1,1.0
261,17,151.00,115.00,32.00,120.00,1,1,1.0
261,13,731.00,119.00,28.00,117.00,1,1,1.0
261,12,687.00,121.00,30.00,123.00,1,1,1.0
261,1,362.00,128.00,43.00,166.00,1,1,1.0
261,21,709.00,119.00,28.00,116.00,1,1,1.0
261,4,804.00,160.00,64.00,273.00,1,1,1.0
261,383,627.00,121.00,31.00,129.00,1,1,1.0
261,19,421.00,113.00,26.00,102.00,1,1,1.0
261,10,99.00,111.00,30.00,111.00,1,1,1.0
261,3,706.00,161.00,68.00,282.00,1,1,1.0
261,122,412.00,114.00,27.00,109.00,1,1,1.0
261,0,332.00,126.00,42.00,162.00,1,1,1.0
261,5,495.00,119.00,31.00,124.00,1,1,1.0
261,40,1561.00,181.00,109.00,329.00,1,1,1.0
261,14,121.00,111.00,29.00,108.00,1,1,1.0
261,9,1697.00,210.00,153.00,433.00,1,1,1.0
261,22,365.00,114.00,28.00,111.00,1,1,1.0
261,8,1499.00,208.00,142.00,434.00,1,1,1.0
261,43,737.00,122.00,31.00,129.00,1,1,1.0
261,23,655.00,120.00,29.00,120.00,1,1,1.0
261,30,484.00,115.00,28.00,108.00,1,1,1.0
261,116,932.00,125.00,32.00,129.00,1,1,1.0
261,44,854.00,121.00,28.00,121.00,1,1,1.0
261,20,315.00,114.00,29.00,113.00,1,1,1.0
262,5,454.00,118.00,31.00,123.00,1,1,1.0
262,3,721.00,167.00,73.00,304.00,1,1,1.0
262,17,144.00,115.00,32.00,121.00,1,1,1.0
262,20,299.00,113.00,29.00,111.00,1,1,1.0
262,4,848.00,165.00,70.00,294.00,1,1,1.0
262,43,713.00,122.00,30.00,127.00,1,1,1.0
262,9,1782.00,225.00,180.00,490.00,1,1,1.0
262,1,362.00,128.00,43.00,166.00,1,1,1.0
262,21,709.00,119.00,28.00,116.00,1,1,1.0
262,116,889.00,124.00,30.00,126.00,1,1,1.0
262,12,693.00,120.00,29.00,123.00,1,1,1.0
262,8,1540.00,219.00,159.00,477.00,1,1,1.0
262,40,1647.00,189.00,122.00,356.00,1,1,1.0
262,247,530.00,117.00,28.00,114.00,1,1,1.0
262,14,108.00,111.00,29.00,108.00,1,1,1.0
262,7,1296.00,220.00,148.00,490.00,1,1,1.0
262,122,393.00,114.00,27.00,107.00,1,1,1.0
262,30,457.00,114.00,26.00,108.00,1,1,1.0
262,0,332.00,126.00,42.00,162.00,1,1,1.0
262,10,99.00,111.00,30.00,111.00,1,1,1.0
262,6,1280.00,146.00,58.00,202.00,1,1,1.0
262,13,733.00,119.00,28.00,117.00,1,1,1.0
262,168,945.00,125.00,31.00,129.00,1,1,1.0
262,23,655.00,120.00,29.00,120.00,1,1,1.0
262,383,632.00,121.00,31.00,129.00,1,1,1.0
262,22,349.00,114.00,28.00,109.00,1,1,1.0
262,44,854.00,121.00,28.00,121.00,1,1,1.0
262,18,187.00,129.00,46.00,177.00,1,1,1.0
263,4,875.00,172.00,76.00,317.00,1,1,1.0
263,116,857.00,123.00,30.00,128.00,1,1,1.0
263,22,341.00,113.00,28.00,108.00,1,1,1.0
263,383,596.00,120.00,31.00,125.00,1,1,1.0
263,40,1723.00,198.00,137.00,385.00,1,1,1.0
263,21,709.00,119.00,28.00,116.00,1,1,1.0
263,1,362.00,128.00,43.00,166.00,1,1,1.0
263,6,1253.00,148.00,59.00,208.00,1,1,1.0
263,12,693.00,120.00,29.00,123.00,1,1,1.0
263,30,451.00,114.00,27.00,107.00,1,1,1.0
263,5,427.00,117.00,31.00,122.00,1,1,1.0
263,13,733.00,119.00,28.00,117.00,1,1,1.0
263,168,911.00,123.00,30.00,126.00,1,1,1.0
263,0,332.00,126.00,42.00,162.00,1,1,1.0
263,10,92.00,111.00,30.00,111.00,1,1,1.0
263,43,684.00,121.00,30.00,126.00,1,1,1.0
263,18,182.00,131.00,48.00,184.00,1,1,1.0
263,8,1622.00,234.00,185.00,531.00,1,1,1.0
263,122,383.00,113.00,27.00,106.00,1,1,1.0
263,7,1338.00,233.00,167.00,543.00,1,1,1.0
263,3,735.00,173.00,78.00,328.00,1,1,1.0
263,44,784.00,120.00,27.00,115.00,1,1,1.0
263,20,288.00,113.00,29.00,110.00,1,1,1.0
263,9,1856.00,232.00,195.00,517.00,1,1,1.0
263,23,655.00,120.00,29.00,120.00,1,1,1.0
263,17,104.00,113.00,32.00,119.00,1,1,1.0
264,20,282.00,113.00,28.00,108.00,1,1,1.0
264,18,146.00,133.00,51.00,193.00,1,1,1.0
264,8,1680.00,248.00,210.00,587.00,1,1,1.0
264,168,876.00,122.00,29.00,123.00,1,1,1.0
264,9,1883.00,240.00,210.00,548.00,1,1,1.0
264,21,709.00,119.00,28.00,116.00,1,1,1.0
264,7,1425.00,253.00,198.00,614.00,1,1,1.0
264,1,362.00,128.00,43.00,166.00,1,1,1.0
264,0,332.00,126.00,42.00,162.00,1,1,1.0
264,12,693.00,120.00,29.00,123.00,1,1,1.0
264,43,648.00,120.00,30.00,125.00,1,1,1.0
264,383,555.00,120.00,30.00,124.00,1,1,1.0
264,5,405.00,117.00,30.00,121.00,1,1,1.0
264,116,811.00,123.00,30.00,127.00,1,1,1.0
264,44,754.00,119.00,26.00,112.00,1,1,1.0
264,6,1259.00,151.00,64.00,222.00,1,1,1.0
264,4,929.00,178.00,84.00,343.00,1,1,1.0
264,122,365.00,113.00,27.00,104.00,1,1,1.0
264,30,442.00,114.00,27.00,105.00,1,1,1.0
264,3,773.00,179.00,84.00,354.00,1,1,1.0
264,40,1823.00,208.00,157.00,424.00,1,1,1.0
264,17,95.00,113.00,32.00,118.00,1,1,1.0
264,22,332.00,113.00,28.00,107.00,1,1,1.0
264,23,655.00,120.00,29.00,120.00,1,1,1.0
264,13,734.00,120.00,28.00,117.00,1,1,1.0
265,1,358.00,128.00,42.00,166.00,1,1,1.0
265,8,1730.00,258.00,229.00,625.00,1,1,1.0
265,6,1253.00,154.00,66.00,231.00,1,1,1.0
265,13,734.00,120.00,28.00,117.00,1,1,1.0
265,20,272.00,112.00,27.00,107.00,1,1,1.0
265,116,765.00,122.00,30.00,126.00,1,1,1.0
265,40,1914.00,219.00,177.00,460.00,1,1,1.0
265,21,709.00,119.00,28.00,116.00,1,1,1.0
265,4,946.00,186.00,93.00,371.00,1,1,1.0
265,5,376.00,116.00,31.00,120.00,1,1,1.0
265,43,614.00,120.00,30.00,123.00,1,1,1.0
265,44,727.00,118.00,27.00,111.00,1,1,1.0
265,122,389.00,113.00,27.00,103.00,1,1,1.0
265,12,693.00,120.00,29.00,123.00,1,1,1.0
265,22,315.00,112.00,27.00,105.00,1,1,1.0
265,0,332.00,126.00,42.00,162.00,1,1,1.0
265,7,1525.00,271.00,231.00,681.00,1,1,1.0
265,3,824.00,189.00,93.00,389.00,1,1,1.0
265,383,514.00,119.00,31.00,123.00,1,1,1.0
265,18,126.00,135.00,54.00,204.00,1,1,1.0
265,30,359.00,112.00,27.00,104.00,1,1,1.0
265,23,655.00,120.00,29.00,120.00,1,1,1.0
265,168,846.00,121.00,28.00,120.00,1,1,1.0
266,1,358.00,128.00,42.00,166.00,1,1,1.0
266,22,303.00,112.00,27.00,104.00,1,1,1.0
266,44,704.00,117.00,26.00,109.00,1,1,1.0
266,7,1611.00,294.00,273.00,769.00,1,1,1.0
266,13,734.00,120.00,28.00,117.00,1,1,1.0
266,6,1251.00,157.00,70.00,246.00,1,1,1.0
266,168,818.00,121.00,28.00,118.00,1,1,1.0
266,21,709.00,119.00,28.00,116.00,1,1,1.0
266,383,478.00,118.00,31.00,123.00,1,1,1.0
266,20,265.00,112.00,27.00,105.00,1,1,1.0
266,3,826.00,198.00,102.00,426.00,1,1,1.0
266,5,335.00,115.00,30.00,117.00,1,1,1.0
266,0,332.00,126.00,42.00,162.00,1,1,1.0
266,23,658.00,120.00,29.00,120.00,1,1,1.0
266,626,434.00,119.00,32.00,125.00,1,1,1.0
266,116,714.00,121.00,30.00,125.00,1,1,1.0
266,18,87.00,136.00,57.00,210.00,1,1,1.0
266,12,702.00,120.00,29.00,120.00,1,1,1.0
266,4,994.00,197.00,107.00,416.00,1,1,1.0
266,122,399.00,113.00,27.00,103.00,1,1,1.0
266,43,590.00,120.00,31.00,122.00,1,1,1.0
266,30,349.00,112.00,26.00,103.00,1,1,1.0
267,7,1692.00,316.00,315.00,851.00,1,1,1.0
267,3,859.00,210.00,114.00,471.00,1,1,1.0
267,626,400.00,118.00,32.00,125.00,1,1,1.0
267,116,668.00,121.00,30.00,124.00,1,1,1.0
267,23,659.00,119.00,29.00,120.00,1,1,1.0
267,1,365.00,128.00,42.00,165.00,1,1,1.0
267,21,710.00,119.00,28.00,116.00,1,1,1.0
267,24,671.00,116.00,26.00,108.00,1,1,1.0
267,0,333.00,127.00,41.00,161.00,1,1,1.0
267,20,272.00,111.00,27.00,104.00,1,1,1.0
267,5,322.00,115.00,30.00,116.00,1,1,1.0
267,18,47.00,139.00,61.00,222.00,1,1,1.0
267,4,1034.00,209.00,121.00,461.00,1,1,1.0
267,22,292.00,111.00,26.00,103.00,1,1,1.0
267,6,1282.00,162.00,77.00,262.00,1,1,1.0
267,30,344.00,112.00,26.00,102.00,1,1,1.0
267,168,787.00,119.00,27.00,115.00,1,1,1.0
267,13,736.00,120.00,28.00,117.00,1,1,1.0
267,12,704.00,120.00,29.00,120.00,1,1,1.0
267,383,441.00,118.00,31.00,121.00,1,1,1.0
267,43,549.00,119.00,30.00,121.00,1,1,1.0
268,383,410.00,117.00,31.00,121.00,1,1,1.0
268,12,703.00,120.00,29.00,120.00,1,1,1.0
268,13,738.00,120.00,28.00,117.00,1,1,1.0
268,24,657.00,116.00,25.00,106.00,1,1,1.0
268,43,514.00,118.00,29.00,120.00,1,1,1.0
268,626,381.00,118.00,32.00,124.00,1,1,1.0
268,3,907.00,229.00,134.00,541.00,1,1,1.0
268,23,660.00,119.00,29.00,119.00,1,1,1.0
268,116,632.00,120.00,29.00,123.00,1,1,1.0
268,21,711.00,119.00,28.00,116.00,1,1,1.0
268,5,304.00,114.00,30.00,115.00,1,1,1.0
268,0,335.00,127.00,42.00,161.00,1,1,1.0
268,6,1286.00,165.00,81.00,276.00,1,1,1.0
268,1,365.00,128.00,42.00,166.00,1,1,1.0
268,4,1082.00,223.00,140.00,512.00,1,1,1.0
268,7,1704.00,340.00,355.00,943.00,1,1,1.0
268,18,15.00,141.00,65.00,231.00,1,1,1.0
268,168,767.00,119.00,26.00,112.00,1,1,1.0
268,20,247.00,111.00,26.00,103.00,1,1,1.0
268,30,332.00,111.00,26.00,102.00,1,1,1.0
269,383,375.00,117.00,31.00,120.00,1,1,1.0
269,21,709.00,119.00,28.00,116.00,1,1,1.0
269,6,1357.00,172.00,90.00,298.00,1,1,1.0
269,122,398.00,112.00,26.00,103.00,1,1,1.0
269,23,652.00,119.00,29.00,121.00,1,1,1.0
269,5,288.00,114.00,29.00,112.00,1,1,1.0
269,24,476.00,114.00,26.00,104.00,1,1,1.0
269,1,367.00,128.00,42.00,165.00,1,1,1.0
269,12,704.00,120.00,29.00,120.00,1,1,1.0
269,247,375.00,114.00,28.00,108.00,1,1,1.0
269,168,747.00,118.00,26.00,111.00,1,1,1.0
269,0,332.00,126.00,42.00,162.00,1,1,1.0
269,20,237.00,111.00,26.00,102.00,1,1,1.0
269,13,736.00,120.00,28.00,117.00,1,1,1.0
269,3,950.00,238.00,148.00,577.00,1,1,1.0
269,30,342.00,112.00,26.00,102.00,1,1,1.0
269,626,343.00,117.00,31.00,124.00,1,1,1.0
269,4,1176.00,239.00,164.00,571.00,1,1,1.0
269,116,622.00,119.00,30.00,122.00,1,1,1.0
269,186,943.00,126.00,32.00,134.00,1,1,1.0
269,43,489.00,117.00,29.00,118.00,1,1,1.0
270,13,737.00,120.00,28.00,117.00,1,1,1.0
270,186,867.00,125.00,31.00,133.00,1,1,1.0
270,6,1402.00,178.00,99.00,320.00,1,1,1.0
270,122,384.00,112.00,26.00,102.00,1,1,1.0
270,43,472.00,117.00,29.00,115.00,1,1,1.0
270,3,1020.00,281.00,201.00,743.00,1,1,1.0
270,4,1271.00,264.00,202.00,666.00,1,1,1.0
270,168,729.00,117.00,26.00,109.00,1,1,1.0
270,1,367.00,128.00,42.00,165.00,1,1,1.0
270,12,704.00,120.00,29.00,120.00,1,1,1.0
270,30,324.00,112.00,26.00,102.00,1,1,1.0
270,0,347.00,126.00,41.00,161.00,1,1,1.0
270,23,652.00,119.00,29.00,121.00,1,1,1.0
270,383,341.00,116.00,31.00,119.00,1,1,1.0
270,247,366.00,113.00,27.00,107.00,1,1,1.0
270,626,304.00,116.00,31.00,122.00,1,1,1.0
270,21,717.00,119.00,27.00,116.00,1,1,1.0
270,24,456.00,113.00,26.00,103.00,1,1,1.0
270,116,573.00,118.00,29.00,118.00,1,1,1.0
270,5,273.00,113.00,29.00,111.00,1,1,1.0
271,24,420.00,112.00,26.00,102.00,1,1,1.0
271,383,310.00,115.00,30.00,118.00,1,1,1.0
271,3,1100.00,329.00,266.00,924.00,1,1,1.0
271,186,817.00,124.00,31.00,133.00,1,1,1.0
271,23,648.00,119.00,29.00,118.00,1,1,1.0
271,13,730.00,120.00,28.00,117.00,1,1,1.0
271,6,1469.00,185.00,111.00,348.00,1,1,1.0
271,4,1407.00,330.00,304.00,914.00,1,1,1.0
271,626,285.00,116.00,31.00,121.00,1,1,1.0
271,247,347.00,113.00,27.00,106.00,1,1,1.0
271,12,700.00,120.00,29.00,121.00,1,1,1.0
271,5,253.00,112.00,28.00,109.00,1,1,1.0
271,43,456.00,116.00,29.00,113.00,1,1,1.0
271,21,722.00,119.00,27.00,115.00,1,1,1.0
271,168,738.00,117.00,26.00,108.00,1,1,1.0
271,116,565.00,117.00,28.00,115.00,1,1,1.0
271,1,355.00,128.00,42.00,166.00,1,1,1.0
271,0,356.00,126.00,41.00,161.00,1,1,1.0
272,3,1221.00,429.00,417.00,1302.00,1,1,1.0
272,12,684.00,120.00,29.00,120.00,1,1,1.0
272,21,720.00,119.00,28.00,115.00,1,1,1.0
272,24,399.00,112.00,26.00,102.00,1,1,1.0
272,23,628.00,119.00,29.00,119.00,1,1,1.0
272,0,356.00,126.00,41.00,161.00,1,1,1.0
272,116,558.00,117.00,28.00,113.00,1,1,1.0
272,247,334.00,112.00,27.00,106.00,1,1,1.0
272,6,1532.00,194.00,125.00,381.00,1,1,1.0
272,168,745.00,117.00,26.00,108.00,1,1,1.0
272,5,241.00,112.00,28.00,107.00,1,1,1.0
272,626,243.00,115.00,31.00,120.00,1,1,1.0
272,383,267.00,115.00,31.00,116.00,1,1,1.0
272,1,357.00,128.00,43.00,166.00,1,1,1.0
272,43,445.00,115.00,28.00,112.00,1,1,1.0
272,4,1540.00,365.00,372.00,1044.00,1,1,1.0
272,186,761.00,124.00,32.00,132.00,1,1,1.0
272,13,726.00,119.00,28.00,117.00,1,1,1.0
273,247,318.00,112.00,27.00,104.00,1,1,1.0
273,626,213.00,115.00,31.00,120.00,1,1,1.0
273,181,858.00,123.00,29.00,127.00,1,1,1.0
273,21,714.00,119.00,28.00,115.00,1,1,1.0
273,43,428.00,115.00,28.00,110.00,1,1,1.0
273,5,215.00,111.00,28.00,105.00,1,1,1.0
273,6,1595.00,205.00,143.00,420.00,1,1,1.0
273,23,606.00,119.00,29.00,118.00,1,1,1.0
273,13,723.00,119.00,28.00,117.00,1,1,1.0
273,168,751.00,117.00,25.00,107.00,1,1,1.0
273,24,383.00,112.00,25.00,101.00,1,1,1.0
273,12,668.00,120.00,29.00,120.00,1,1,1.0
273,1,357.00,128.00,43.00,166.00,1,1,1.0
273,116,557.00,116.00,27.00,111.00,1,1,1.0
273,186,709.00,123.00,32.00,132.00,1,1,1.0
273,383,248.00,114.00,31.00,116.00,1,1,1.0
273,0,356.00,126.00,41.00,161.00,1,1,1.0
274,23,587.00,118.00,29.00,118.00,1,1,1.0
274,626,175.00,114.00,32.00,120.00,1,1,1.0
274,116,558.00,116.00,27.00,109.00,1,1,1.0
274,5,203.00,110.00,26.00,102.00,1,1,1.0
274,181,809.00,123.00,30.00,127.00,1,1,1.0
274,43,398.00,114.00,28.00,107.00,1,1,1.0
274,383,222.00,114.00,30.00,115.00,1,1,1.0
274,13,723.00,119.00,27.00,116.00,1,1,1.0
274,21,713.00,119.00,27.00,115.00,1,1,1.0
274,247,304.00,112.00,26.00,103.00,1,1,1.0
274,24,374.00,112.00,26.00,100.00,1,1,1.0
274,6,1701.00,217.00,165.00,464.00,1,1,1.0
274,1,357.00,128.00,43.00,166.00,1,1,1.0
274,186,657.00,122.00,31.00,129.00,1,1,1.0
274,12,662.00,119.00,29.00,120.00,1,1,1.0
274,168,740.00,117.00,25.00,107.00,1,1,1.0
274,0,356.00,126.00,41.00,161.00,1,1,1.0
275,24,356.00,111.00,25.00,99.00,1,1,1.0
275,383,194.00,113.00,30.00,113.00,1,1,1.0
275,43,386.00,113.00,27.00,106.00,1,1,1.0
275,626,149.00,114.00,31.00,118.00,1,1,1.0
275,5,203.00,110.00,26.00,102.00,1,1,1.0
275,168,737.00,117.00,25.00,107.00,1,1,1.0
275,116,556.00,115.00,26.00,108.00,1,1,1.0
275,186,600.00,121.00,32.00,129.00,1,1,1.0
275,181,758.00,122.00,30.00,127.00,1,1,1.0
275,6,1794.00,229.00,188.00,508.00,1,1,1.0
275,23,567.00,118.00,29.00,116.00,1,1,1.0
275,13,712.00,119.00,28.00,116.00,1,1,1.0
275,1,357.00,128.00,43.00,166.00,1,1,1.0
275,247,280.00,111.00,27.00,102.00,1,1,1.0
275,12,654.00,119.00,29.00,118.00,1,1,1.0
275,0,356.00,126.00,41.00,161.00,1,1,1.0
275,21,712.00,119.00,28.00,115.00,1,1,1.0
276,12,656.00,119.00,28.00,118.00,1,1,1.0
276,13,689.00,119.00,28.00,117.00,1,1,1.0
276,23,561.00,118.00,28.00,116.00,1,1,1.0
276,383,167.00,113.00,30.00,112.00,1,1,1.0
276,5,199.00,110.00,27.00,102.00,1,1,1.0
276,168,740.00,117.00,25.00,106.00,1,1,1.0
276,21,713.00,119.00,27.00,114.00,1,1,1.0
276,24,330.00,110.00,25.00,96.00,1,1,1.0
276,43,366.00,113.00,26.00,104.00,1,1,1.0
276,626,130.00,113.00,31.00,117.00,1,1,1.0
276,181,702.00,121.00,31.00,126.00,1,1,1.0
276,1,357.00,128.00,43.00,166.00,1,1,1.0
276,149,985.00,127.00,34.00,135.00,1,1,1.0
276,116,559.00,115.00,26.00,105.00,1,1,1.0
276,186,560.00,121.00,32.00,128.00,1,1,1.0
276,0,356.00,126.00,41.00,161.00,1,1,1.0
277,168,733.00,117.00,25.00,106.00,1,1,1.0
277,23,549.00,117.00,28.00,117.00,1,1,1.0
277,149,955.00,126.00,32.00,133.00,1,1,1.0
277,135,1005.00,128.00,35.00,140.00,1,1,1.0
277,5,166.00,110.00,27.00,102.00,1,1,1.0
277,13,681.00,119.00,28.00,116.00,1,1,1.0
277,186,514.00,120.00,32.00,129.00,1,1,1.0
277,12,639.00,118.00,29.00,117.00,1,1,1.0
277,383,144.00,112.00,30.00,112.00,1,1,1.0
277,0,336.00,126.00,41.00,160.00,1,1,1.0
277,181,659.00,121.00,31.00,125.00,1,1,1.0
277,21,700.00,118.00,27.00,114.00,1,1,1.0
277,1,357.00,128.00,43.00,166.00,1,1,1.0
277,626,119.00,113.00,31.00,117.00,1,1,1.0
277,43,347.00,112.00,26.00,103.00,1,1,1.0
278,21,694.00,118.00,27.00,114.00,1,1,1.0
278,626,92.00,113.00,31.00,116.00,1,1,1.0
278,149,919.00,125.00,32.00,133.00,1,1,1.0
278,181,604.00,120.00,31.00,124.00,1,1,1.0
278,135,944.00,126.00,33.00,137.00,1,1,1.0
278,186,474.00,119.00,32.00,128.00,1,1,1.0
278,13,674.00,119.00,28.00,116.00,1,1,1.0
278,12,638.00,118.00,28.00,117.00,1,1,1.0
278,383,129.00,112.00,29.00,111.00,1,1,1.0
278,43,327.00,112.00,27.00,102.00,1,1,1.0
278,1,357.00,128.00,43.00,166.00,1,1,1.0
278,0,323.00,126.00,41.00,160.00,1,1,1.0
278,168,734.00,117.00,25.00,107.00,1,1,1.0
278,23,549.00,117.00,28.00,117.00,1,1,1.0
279,125,950.00,125.00,31.00,130.00,1,1,1.0
279,168,750.00,117.00,26.00,107.00,1,1,1.0
279,23,549.00,117.00,28.00,117.00,1,1,1.0
279,116,665.00,115.00,25.00,104.00,1,1,1.0
279,1,359.00,128.00,43.00,165.00,1,1,1.0
279,43,311.00,111.00,26.00,103.00,1,1,1.0
279,186,442.00,119.00,32.00,128.00,1,1,1.0
279,12,616.00,118.00,29.00,117.00,1,1,1.0
279,13,669.00,119.00,28.00,116.00,1,1,1.0
279,135,886.00,126.00,32.00,136.00,1,1,1.0
279,181,571.00,120.00,30.00,124.00,1,1,1.0
279,149,889.00,125.00,31.00,132.00,1,1,1.0
279,21,683.00,118.00,28.00,114.00,1,1,1.0
279,0,273.00,126.00,42.00,162.00,1,1,1.0
280,0,226.00,126.00,43.00,163.00,1,1,1.0
280,168,749.00,117.00,26.00,107.00,1,1,1.0
280,21,683.00,118.00,28.00,114.00,1,1,1.0
280,23,547.00,117.00,28.00,117.00,1,1,1.0
280,181,516.00,119.00,30.00,123.00,1,1,1.0
280,186,396.00,118.00,32.00,126.00,1,1,1.0
280,1,333.00,128.00,43.00,167.00,1,1,1.0
280,125,906.00,124.00,31.00,129.00,1,1,1.0
280,149,857.00,124.00,31.00,131.00,1,1,1.0
280,116,673.00,115.00,25.00,104.00,1,1,1.0
280,12,611.00,118.00,29.00,117.00,1,1,1.0
280,135,820.00,125.00,32.00,135.00,1,1,1.0
280,13,660.00,118.00,28.00,116.00,1,1,1.0
281,21,648.00,118.00,27.00,113.00,1,1,1.0
281,0,167.00,126.00,44.00,167.00,1,1,1.0
281,186,344.00,117.00,31.00,123.00,1,1,1.0
281,181,452.00,118.00,30.00,121.00,1,1,1.0
281,135,774.00,124.00,31.00,134.00,1,1,1.0
281,13,654.00,118.00,28.00,116.00,1,1,1.0
281,149,820.00,124.00,31.00,129.00,1,1,1.0
281,116,707.00,116.00,25.00,105.00,1,1,1.0
281,1,343.00,128.00,43.00,167.00,1,1,1.0
281,125,853.00,123.00,29.00,127.00,1,1,1.0
281,23,548.00,117.00,29.00,117.00,1,1,1.0
281,12,609.00,118.00,29.00,117.00,1,1,1.0
281,168,755.00,117.00,25.00,108.00,1,1,1.0
282,23,534.00,117.00,29.00,115.00,1,1,1.0
282,168,755.00,117.00,25.00,108.00,1,1,1.0
282,12,595.00,118.00,29.00,116.00,1,1,1.0
282,181,421.00,117.00,31.00,121.00,1,1,1.0
282,21,645.00,118.00,27.00,113.00,1,1,1.0
282,13,654.00,118.00,28.00,116.00,1,1,1.0
282,135,705.00,123.00,32.00,133.00,1,1,1.0
282,149,790.00,123.00,30.00,129.00,1,1,1.0
282,1,322.00,128.00,43.00,166.00,1,1,1.0
282,125,820.00,123.00,30.00,127.00,1,1,1.0
282,121,955.00,126.00,33.00,133.00,1,1,1.0
282,116,715.00,116.00,25.00,105.00,1,1,1.0
282,0,104.00,126.00,45.00,171.00,1,1,1.0
282,186,312.00,117.00,31.00,122.00,1,1,1.0
283,1,298.00,127.00,43.00,166.00,1,1,1.0
283,186,273.00,116.00,32.00,122.00,1,1,1.0
283,121,907.00,125.00,32.00,134.00,1,1,1.0
283,181,372.00,117.00,30.00,120.00,1,1,1.0
283,12,586.00,117.00,28.00,115.00,1,1,1.0
283,149,744.00,122.00,31.00,129.00,1,1,1.0
283,13,656.00,118.00,28.00,115.00,1,1,1.0
283,124,954.00,125.00,32.00,132.00,1,1,1.0
283,135,661.00,122.00,32.00,131.00,1,1,1.0
283,116,712.00,116.00,26.00,105.00,1,1,1.0
283,168,755.00,117.00,25.00,108.00,1,1,1.0
283,23,528.00,117.00,28.00,115.00,1,1,1.0
283,21,625.00,117.00,27.00,112.00,1,1,1.0
283,125,774.00,122.00,30.00,126.00,1,1,1.0
284,124,906.00,124.00,30.00,128.00,1,1,1.0
284,121,865.00,125.00,31.00,133.00,1,1,1.0
284,116,720.00,116.00,26.00,106.00,1,1,1.0
284,125,733.00,121.00,30.00,124.00,1,1,1.0
284,186,234.00,115.00,31.00,121.00,1,1,1.0
284,1,258.00,127.00,43.00,167.00,1,1,1.0
284,13,628.00,118.00,27.00,114.00,1,1,1.0
284,21,617.00,117.00,28.00,112.00,1,1,1.0
284,135,614.00,121.00,31.00,129.00,1,1,1.0
284,181,327.00,116.00,30.00,119.00,1,1,1.0
284,168,755.00,117.00,25.00,108.00,1,1,1.0
284,23,505.00,116.00,28.00,114.00,1,1,1.0
284,12,567.00,117.00,28.00,114.00,1,1,1.0
284,149,714.00,122.00,30.00,126.00,1,1,1.0
285,181,276.00,115.00,31.00,117.00,1,1,1.0
285,149,674.00,121.00,30.00,126.00,1,1,1.0
285,21,605.00,117.00,27.00,110.00,1,1,1.0
285,121,823.00,124.00,31.00,133.00,1,1,1.0
285,13,626.00,118.00,27.00,113.00,1,1,1.0
285,116,719.00,116.00,25.00,106.00,1,1,1.0
285,12,556.00,117.00,27.00,112.00,1,1,1.0
285,23,489.00,116.00,28.00,114.00,1,1,1.0
285,1,217.00,127.00,43.00,168.00,1,1,1.0
285,186,209.00,115.00,31.00,120.00,1,1,1.0
285,135,573.00,120.00,31.00,127.00,1,1,1.0
285,168,753.00,117.00,25.00,108.00,1,1,1.0
285,125,695.00,120.00,30.00,123.00,1,1,1.0
285,124,865.00,124.00,31.00,128.00,1,1,1.0
286,125,657.00,120.00,29.00,122.00,1,1,1.0
286,149,632.00,120.00,31.00,126.00,1,1,1.0
286,186,172.00,114.00,31.00,117.00,1,1,1.0
286,181,236.00,114.00,31.00,116.00,1,1,1.0
286,135,543.00,120.00,31.00,125.00,1,1,1.0
286,116,719.00,116.00,25.00,106.00,1,1,1.0
286,168,753.00,117.00,25.00,108.00,1,1,1.0
286,124,825.00,123.00,30.00,128.00,1,1,1.0
286,13,621.00,117.00,28.00,114.00,1,1,1.0
286,1,172.00,127.00,45.00,168.00,1,1,1.0
286,21,595.00,116.00,27.00,110.00,1,1,1.0
286,23,476.00,116.00,28.00,112.00,1,1,1.0
286,121,781.00,124.00,32.00,131.00,1,1,1.0
286,12,536.00,116.00,27.00,111.00,1,1,1.0
287,186,141.00,114.00,31.00,117.00,1,1,1.0
287,121,745.00,123.00,31.00,131.00,1,1,1.0
287,181,204.00,113.00,30.00,115.00,1,1,1.0
287,139,162.00,112.00,29.00,112.00,1,1,1.0
287,23,461.00,116.00,28.00,112.00,1,1,1.0
287,1,149.00,126.00,44.00,168.00,1,1,1.0
287,135,482.00,119.00,30.00,123.00,1,1,1.0
287,21,583.00,116.00,26.00,108.00,1,1,1.0
287,124,785.00,123.00,30.00,128.00,1,1,1.0
287,125,624.00,119.00,30.00,121.00,1,1,1.0
287,12,533.00,116.00,27.00,110.00,1,1,1.0
287,149,604.00,120.00,30.00,124.00,1,1,1.0
287,168,753.00,117.00,25.00,108.00,1,1,1.0
287,116,719.00,116.00,25.00,106.00,1,1,1.0
287,288,986.00,127.00,35.00,139.00,1,1,1.0
287,136,957.00,126.00,33.00,133.00,1,1,1.0
287,13,597.00,117.00,28.00,112.00,1,1,1.0
288,1,93.00,127.00,46.00,171.00,1,1,1.0
288,125,599.00,119.00,30.00,119.00,1,1,1.0
288,13,543.00,116.00,28.00,112.00,1,1,1.0
288,181,170.00,113.00,30.00,114.00,1,1,1.0
288,149,581.00,120.00,31.00,123.00,1,1,1.0
288,23,430.00,115.00,28.00,112.00,1,1,1.0
288,124,755.00,122.00,30.00,127.00,1,1,1.0
288,135,444.00,118.00,31.00,123.00,1,1,1.0
288,121,712.00,122.00,31.00,130.00,1,1,1.0
288,187,991.00,127.00,34.00,136.00,1,1,1.0
288,139,199.00,113.00,30.00,111.00,1,1,1.0
288,136,908.00,125.00,32.00,133.00,1,1,1.0
288,12,526.00,116.00,27.00,109.00,1,1,1.0
288,21,562.00,115.00,27.00,108.00,1,1,1.0
288,168,753.00,117.00,25.00,108.00,1,1,1.0
288,288,942.00,126.00,33.00,136.00,1,1,1.0
288,116,719.00,116.00,25.00,106.00,1,1,1.0
288,186,134.00,113.00,31.00,118.00,1,1,1.0
289,124,715.00,122.00,30.00,126.00,1,1,1.0
289,12,501.00,115.00,27.00,109.00,1,1,1.0
289,139,240.00,113.00,29.00,112.00,1,1,1.0
289,121,677.00,122.00,31.00,127.00,1,1,1.0
289,21,525.00,115.00,27.00,106.00,1,1,1.0
289,187,952.00,126.00,33.00,135.00,1,1,1.0
289,136,868.00,124.00,30.00,132.00,1,1,1.0
289,116,718.00,116.00,25.00,106.00,1,1,1.0
289,23,395.00,115.00,28.00,111.00,1,1,1.0
289,288,903.00,126.00,33.00,135.00,1,1,1.0
289,125,571.00,118.00,29.00,119.00,1,1,1.0
289,168,757.00,117.00,26.00,108.00,1,1,1.0
289,181,148.00,112.00,30.00,113.00,1,1,1.0
289,149,543.00,119.00,30.00,122.00,1,1,1.0
289,135,394.00,117.00,32.00,123.00,1,1,1.0
289,186,83.00,112.00,31.00,115.00,1,1,1.0
289,1,58.00,126.00,47.00,172.00,1,1,1.0
289,13,517.00,116.00,27.00,111.00,1,1,1.0
290,168,759.00,117.00,25.00,108.00,1,1,1.0
290,116,718.00,116.00,25.00,106.00,1,1,1.0
290,1,30.00,127.00,48.00,173.00,1,1,1.0
290,13,481.00,115.00,27.00,111.00,1,1,1.0
290,149,518.00,118.00,30.00,122.00,1,1,1.0
290,187,901.00,126.00,32.00,134.00,1,1,1.0
290,125,548.00,118.00,29.00,118.00,1,1,1.0
290,12,478.00,115.00,27.00,108.00,1,1,1.0
290,124,685.00,121.00,30.00,125.00,1,1,1.0
290,23,383.00,114.00,28.00,111.00,1,1,1.0
290,186,68.00,112.00,31.00,115.00,1,1,1.0
290,21,511.00,114.00,26.00,106.00,1,1,1.0
290,139,274.00,113.00,29.00,112.00,1,1,1.0
290,135,355.00,117.00,31.00,122.00,1,1,1.0
290,288,864.00,125.00,32.00,135.00,1,1,1.0
290,121,651.00,121.00,31.00,127.00,1,1,1.0
290,136,836.00,124.00,31.00,131.00,1,1,1.0
290,181,118.00,112.00,30.00,112.00,1,1,1.0
291,139,312.00,114.00,29.00,113.00,1,1,1.0
291,187,843.00,124.00,31.00,132.00,1,1,1.0
291,135,306.00,116.00,31.00,120.00,1,1,1.0
291,147,1235.00,140.00,50.00,178.00,1,1,1.0
291,12,443.00,114.00,27.00,107.00,1,1,1.0
291,121,612.00,121.00,31.00,128.00,1,1,1.0
291,125,518.00,117.00,29.00,117.00,1,1,1.0
291,124,657.00,120.00,29.00,124.00,1,1,1.0
291,21,472.00,114.00,26.00,104.00,1,1,1.0
291,136,790.00,123.00,31.00,130.00,1,1,1.0
291,288,818.00,125.00,32.00,135.00,1,1,1.0
291,116,740.00,117.00,26.00,105.00,1,1,1.0
291,168,746.00,117.00,26.00,107.00,1,1,1.0
291,23,348.00,114.00,28.00,109.00,1,1,1.0
291,149,467.00,117.00,30.00,119.00,1,1,1.0
291,13,461.00,115.00,27.00,110.00,1,1,1.0
292,23,332.00,113.00,28.00,110.00,1,1,1.0
292,135,256.00,115.00,31.00,119.00,1,1,1.0
292,116,751.00,117.00,25.00,105.00,1,1,1.0
292,12,435.00,114.00,26.00,106.00,1,1,1.0
292,147,1214.00,140.00,50.00,181.00,1,1,1.0
292,149,438.00,117.00,30.00,117.00,1,1,1.0
292,124,617.00,120.00,30.00,123.00,1,1,1.0
292,13,432.00,114.00,28.00,109.00,1,1,1.0
292,136,746.00,123.00,31.00,130.00,1,1,1.0
292,121,577.00,121.00,31.00,127.00,1,1,1.0
292,139,357.00,115.00,29.00,112.00,1,1,1.0
292,125,479.00,117.00,29.00,116.00,1,1,1.0
292,288,777.00,124.00,31.00,133.00,1,1,1.0
292,187,807.00,124.00,31.00,131.00,1,1,1.0
292,168,746.00,117.00,26.00,107.00,1,1,1.0
292,21,451.00,113.00,26.00,104.00,1,1,1.0
293,288,733.00,124.00,32.00,133.00,1,1,1.0
293,168,745.00,117.00,25.00,107.00,1,1,1.0
293,13,405.00,114.00,27.00,108.00,1,1,1.0
293,149,405.00,116.00,30.00,118.00,1,1,1.0
293,139,390.00,115.00,29.00,112.00,1,1,1.0
293,116,751.00,117.00,25.00,105.00,1,1,1.0
293,147,1202.00,141.00,51.00,185.00,1,1,1.0
293,12,415.00,113.00,26.00,105.00,1,1,1.0
293,21,425.00,113.00,26.00,103.00,1,1,1.0
293,23,316.00,113.00,28.00,108.00,1,1,1.0
293,136,716.00,122.00,31.00,128.00,1,1,1.0
293,125,445.00,116.00,29.00,115.00,1,1,1.0
293,187,766.00,123.00,30.00,129.00,1,1,1.0
293,121,552.00,120.00,31.00,126.00,1,1,1.0
293,124,599.00,120.00,30.00,122.00,1,1,1.0
293,135,231.00,115.00,31.00,118.00,1,1,1.0
294,168,745.00,117.00,25.00,107.00,1,1,1.0
294,12,398.00,113.00,26.00,104.00,1,1,1.0
294,288,690.00,123.00,31.00,132.00,1,1,1.0
294,136,674.00,121.00,31.00,128.00,1,1,1.0
294,23,292.00,113.00,28.00,108.00,1,1,1.0
294,116,751.00,117.00,25.00,105.00,1,1,1.0
294,187,720.00,122.00,31.00,128.00,1,1,1.0
294,21,414.00,112.00,26.00,103.00,1,1,1.0
294,147,1157.00,141.00,51.00,186.00,1,1,1.0
294,135,193.00,114.00,30.00,116.00,1,1,1.0
294,124,557.00,119.00,30.00,123.00,1,1,1.0
294,121,523.00,120.00,31.00,126.00,1,1,1.0
294,13,372.00,113.00,27.00,107.00,1,1,1.0
294,125,413.00,116.00,30.00,115.00,1,1,1.0
294,149,381.00,116.00,30.00,117.00,1,1,1.0
294,139,443.00,115.00,28.00,113.00,1,1,1.0
295,168,745.00,117.00,25.00,107.00,1,1,1.0
295,136,640.00,121.00,31.00,126.00,1,1,1.0
295,125,376.00,115.00,29.00,114.00,1,1,1.0
295,12,373.00,112.00,26.00,104.00,1,1,1.0
295,149,348.00,115.00,29.00,115.00,1,1,1.0
295,116,751.00,117.00,25.00,105.00,1,1,1.0
295,124,523.00,119.00,30.00,122.00,1,1,1.0
295,139,485.00,116.00,29.00,113.00,1,1,1.0
295,147,1109.00,141.00,50.00,189.00,1,1,1.0
295,21,393.00,112.00,25.00,101.00,1,1,1.0
295,288,647.00,122.00,32.00,130.00,1,1,1.0
295,121,483.00,119.00,32.00,126.00,1,1,1.0
295,187,680.00,122.00,31.00,128.00,1,1,1.0
295,135,163.00,113.00,31.00,115.00,1,1,1.0
295,13,338.00,113.00,27.00,105.00,1,1,1.0
295,23,272.00,112.00,27.00,107.00,1,1,1.0
296,168,745.00,117.00,25.00,107.00,1,1,1.0
296,149,322.00,115.00,29.00,114.00,1,1,1.0
296,147,1072.00,143.00,51.00,194.00,1,1,1.0
296,23,250.00,112.00,27.00,105.00,1,1,1.0
296,136,618.00,120.00,30.00,123.00,1,1,1.0
296,116,751.00,117.00,25.00,105.00,1,1,1.0
296,125,352.00,115.00,29.00,112.00,1,1,1.0
296,12,349.00,112.00,26.00,103.00,1,1,1.0
296,124,481.00,118.00,30.00,120.00,1,1,1.0
296,187,636.00,121.00,31.00,128.00,1,1,1.0
296,21,372.00,112.00,26.00,101.00,1,1,1.0
296,121,446.00,119.00,31.00,125.00,1,1,1.0
296,288,608.00,121.00,31.00,128.00,1,1,1.0
296,135,136.00,113.00,30.00,114.00,1,1,1.0
296,13,308.00,112.00,27.00,105.00,1,1,1.0
296,139,537.00,117.00,29.00,114.00,1,1,1.0
297,187,601.00,120.00,31.00,126.00,1,1,1.0
297,125,328.00,114.00,29.00,112.00,1,1,1.0
297,147,1013.00,143.00,50.00,198.00,1,1,1.0
297,23,235.00,111.00,27.00,104.00,1,1,1.0
297,12,332.00,112.00,26.00,102.00,1,1,1.0
297,124,439.00,117.00,31.00,121.00,1,1,1.0
297,135,110.00,112.00,30.00,115.00,1,1,1.0
297,116,750.00,117.00,25.00,105.00,1,1,1.0
297,118,1441.00,152.00,67.00,217.00,1,1,1.0
297,155,949.00,126.00,33.00,135.00,1,1,1.0
297,149,284.00,114.00,29.00,113.00,1,1,1.0
297,136,594.00,120.00,30.00,122.00,1,1,1.0
297,121,404.00,118.00,31.00,124.00,1,1,1.0
297,168,743.00,117.00,26.00,107.00,1,1,1.0
297,13,291.00,112.00,27.00,103.00,1,1,1.0
297,288,569.00,120.00,31.00,128.00,1,1,1.0
297,139,579.00,117.00,28.00,114.00,1,1,1.0
298,12,311.00,111.00,26.00,102.00,1,1,1.0
298,147,971.00,143.00,50.00,201.00,1,1,1.0
298,149,264.00,114.00,29.00,113.00,1,1,1.0
298,23,224.00,111.00,27.00,102.00,1,1,1.0
298,124,409.00,117.00,30.00,121.00,1,1,1.0
298,118,1477.00,155.00,73.00,230.00,1,1,1.0
298,125,302.00,114.00,28.00,111.00,1,1,1.0
298,121,367.00,118.00,32.00,124.00,1,1,1.0
298,168,742.00,117.00,25.00,107.00,1,1,1.0
298,116,748.00,117.00,26.00,105.00,1,1,1.0
298,13,260.00,111.00,27.00,102.00,1,1,1.0
298,152,938.00,124.00,31.00,129.00,1,1,1.0
298,136,563.00,119.00,30.00,122.00,1,1,1.0
298,397,870.00,122.00,29.00,121.00,1,1,1.0
298,155,916.00,126.00,33.00,135.00,1,1,1.0
298,187,571.00,120.00,31.00,126.00,1,1,1.0
298,139,618.00,117.00,28.00,114.00,1,1,1.0
298,288,531.00,120.00,32.00,127.00,1,1,1.0
299,152,903.00,124.00,30.00,128.00,1,1,1.0
299,125,277.00,113.00,28.00,111.00,1,1,1.0
299,187,526.00,119.00,31.00,124.00,1,1,1.0
299,121,332.00,117.00,31.00,125.00,1,1,1.0
299,124,366.00,116.00,31.00,121.00,1,1,1.0
299,155,875.00,125.00,31.00,132.00,1,1,1.0
299,397,807.00,121.00,29.00,120.00,1,1,1.0
299,288,498.00,119.00,32.00,126.00,1,1,1.0
299,168,742.00,117.00,25.00,107.00,1,1,1.0
299,12,292.00,111.00,26.00,99.00,1,1,1.0
299,118,1476.00,158.00,75.00,238.00,1,1,1.0
299,139,659.00,118.00,27.00,114.00,1,1,1.0
299,148,252.00,111.00,26.00,102.00,1,1,1.0
299,147,894.00,143.00,49.00,206.00,1,1,1.0
299,136,528.00,118.00,30.00,121.00,1,1,1.0
299,116,747.00,117.00,25.00,105.00,1,1,1.0
299,149,232.00,113.00,29.00,112.00,1,1,1.0
300,121,304.00,117.00,32.00,125.00,1,1,1.0
300,149,203.00,112.00,29.00,111.00,1,1,1.0
300,147,851.00,144.00,50.00,210.00,1,1,1.0
300,155,843.00,124.00,30.00,132.00,1,1,1.0
300,118,1541.00,162.00,83.00,255.00,1,1,1.0
300,168,742.00,117.00,25.00,107.00,1,1,1.0
300,187,495.00,118.00,31.00,123.00,1,1,1.0
300,397,752.00,120.00,29.00,119.00,1,1,1.0
300,136,497.00,118.00,29.00,118.00,1,1,1.0
300,124,327.00,116.00,31.00,120.00,1,1,1.0
300,125,253.00,113.00,28.00,109.00,1,1,1.0
300,322,372.00,112.00,26.00,102.00,1,1,1.0
300,288,451.00,118.00,31.00,125.00,1,1,1.0
300,116,747.00,117.00,25.00,105.00,1,1,1.0
300,152,861.00,123.00,30.00,128.00,1,1,1.0
300,139,708.00,119.00,27.00,114.00,1,1,1.0
301,14,1912.00,99.00,128.00,240.00,1,1,1.0
301,25,292.00,0.00,62.00,231.00,1,1,1.0
301,33,714.00,12.00,50.00,220.00,1,1,1.0
301,27,1740.00,33.00,88.00,186.00,1,1,1.0
301,1,1242.00,64.00,87.00,243.00,1,1,1.0
301,34,815.00,10.00,53.00,213.00,1,1,1.0
301,35,1558.00,18.00,78.00,180.00,1,1,1.0
301,36,1190.00,16.00,68.00,197.00,1,1,1.0
301,3,1176.00,108.00,101.00,289.00,1,1,1.0
301,4,1256.00,138.00,118.00,313.00,1,1,1.0
301,38,1849.00,81.00,117.00,227.00,1,1,1.0
301,0,1281.00,63.00,89.00,239.00,1,1,1.0
301,17,1907.00,146.00,154.00,285.00,1,1,1.0
301,10,1781.00,87.00,118.00,236.00,1,1,1.0
301,37,1608.00,14.00,77.00,174.00,1,1,1.0
302,4,1120.00,139.00,109.00,321.00,1,1,1.0
302,25,216.00,0.00,66.00,233.00,1,1,1.0
302,33,714.00,12.00,50.00,220.00,1,1,1.0
302,27,1740.00,33.00,88.00,186.00,1,1,1.0
302,1,1242.00,64.00,87.00,243.00,1,1,1.0
302,10,1755.00,80.00,114.00,231.00,1,1,1.0
302,3,1055.00,107.00,95.00,294.00,1,1,1.0
302,35,1556.00,17.00,78.00,180.00,1,1,1.0
302,0,1278.00,62.00,88.00,238.00,1,1,1.0
302,36,1189.00,15.00,67.00,198.00,1,1,1.0
302,37,1608.00,14.00,77.00,173.00,1,1,1.0
302,34,814.00,10.00,53.00,213.00,1,1,1.0
302,17,1844.00,122.00,139.00,266.00,1,1,1.0
303,18,1875.00,80.00,116.00,225.00,1,1,1.0
303,1,1238.00,63.00,87.00,242.00,1,1,1.0
303,0,1280.00,60.00,88.00,237.00,1,1,1.0
303,35,1554.00,17.00,78.00,180.00,1,1,1.0
303,34,815.00,10.00,53.00,213.00,1,1,1.0
303,3,921.00,109.00,87.00,303.00,1,1,1.0
303,10,1726.00,73.00,109.00,225.00,1,1,1.0
303,27,1731.00,26.00,85.00,178.00,1,1,1.0
303,25,49.00,1.00,76.00,244.00,1,1,1.0
303,17,1844.00,109.00,131.00,254.00,1,1,1.0
303,33,717.00,12.00,50.00,220.00,1,1,1.0
303,36,1189.00,15.00,67.00,198.00,1,1,1.0
303,4,995.00,133.00,100.00,322.00,1,1,1.0
303,37,1608.00,14.00,77.00,173.00,1,1,1.0
304,37,1607.00,14.00,77.00,173.00,1,1,1.0
304,34,818.00,10.00,53.00,213.00,1,1,1.0
304,0,1302.00,62.00,89.00,237.00,1,1,1.0
304,18,1826.00,72.00,110.00,219.00,1,1,1.0
304,36,1190.00,16.00,68.00,197.00,1,1,1.0
304,27,1752.00,23.00,84.00,174.00,1,1,1.0
304,1,1238.00,61.00,86.00,239.00,1,1,1.0
304,3,817.00,106.00,80.00,307.00,1,1,1.0
304,35,1556.00,17.00,78.00,179.00,1,1,1.0
304,33,719.00,12.00,51.00,220.00,1,1,1.0
304,10,1770.00,72.00,109.00,223.00,1,1,1.0
304,4,871.00,132.00,91.00,328.00,1,1,1.0
304,17,1835.00,107.00,130.00,252.00,1,1,1.0
305,17,1811.00,94.00,122.00,242.00,1,1,1.0
305,10,1830.00,59.00,104.00,206.00,1,1,1.0
305,36,1192.00,16.00,68.00,197.00,1,1,1.0
305,35,1558.00,17.00,78.00,179.00,1,1,1.0
305,37,1605.00,13.00,77.00,173.00,1,1,1.0
305,4,743.00,134.00,82.00,336.00,1,1,1.0
305,27,1751.00,22.00,83.00,174.00,1,1,1.0
305,0,1303.00,62.00,90.00,237.00,1,1,1.0
305,3,695.00,109.00,72.00,315.00,1,1,1.0
305,34,818.00,10.00,53.00,213.00,1,1,1.0
305,1,1243.00,62.00,87.00,241.00,1,1,1.0
305,33,719.00,11.00,50.00,220.00,1,1,1.0
305,38,1840.00,58.00,104.00,205.00,1,1,1.0
306,4,553.00,136.00,82.00,348.00,1,1,1.0
306,37,1607.00,14.00,77.00,173.00,1,1,1.0
306,17,1790.00,86.00,117.00,235.00,1,1,1.0
306,33,721.00,11.00,50.00,219.00,1,1,1.0
306,27,1816.00,23.00,85.00,171.00,1,1,1.0
306,36,1192.00,16.00,68.00,197.00,1,1,1.0
306,35,1556.00,17.00,78.00,179.00,1,1,1.0
306,0,1302.00,62.00,89.00,237.00,1,1,1.0
306,38,1821.00,42.00,95.00,190.00,1,1,1.0
306,34,818.00,10.00,54.00,214.00,1,1,1.0
306,1,1228.00,63.00,87.00,242.00,1,1,1.0
306,10,1846.00,61.00,105.00,207.00,1,1,1.0
306,3,524.00,112.00,78.00,326.00,1,1,1.0
307,27,1844.00,26.00,87.00,172.00,1,1,1.0
307,37,1607.00,14.00,77.00,173.00,1,1,1.0
307,33,717.00,11.00,50.00,219.00,1,1,1.0
307,38,1857.00,36.00,92.00,183.00,1,1,1.0
307,3,374.00,113.00,87.00,335.00,1,1,1.0
307,4,393.00,140.00,93.00,360.00,1,1,1.0
307,36,1193.00,15.00,68.00,198.00,1,1,1.0
307,1,1228.00,63.00,87.00,242.00,1,1,1.0
307,17,1810.00,70.00,109.00,218.00,1,1,1.0
307,35,1555.00,17.00,77.00,178.00,1,1,1.0
307,0,1300.00,61.00,89.00,237.00,1,1,1.0
307,34,821.00,10.00,54.00,214.00,1,1,1.0
307,10,1849.00,60.00,104.00,205.00,1,1,1.0
308,34,820.00,10.00,54.00,213.00,1,1,1.0
308,27,1844.00,25.00,86.00,172.00,1,1,1.0
308,4,241.00,134.00,102.00,362.00,1,1,1.0
308,37,1613.00,15.00,78.00,174.00,1,1,1.0
308,3,199.00,116.00,99.00,347.00,1,1,1.0
308,1,1229.00,64.00,87.00,243.00,1,1,1.0
308,38,1894.00,33.00,92.00,178.00,1,1,1.0
308,10,1915.00,45.00,98.00,188.00,1,1,1.0
308,35,1555.00,17.00,77.00,178.00,1,1,1.0
308,33,716.00,10.00,50.00,219.00,1,1,1.0
308,0,1300.00,61.00,89.00,237.00,1,1,1.0
308,36,1192.00,15.00,68.00,197.00,1,1,1.0
308,17,1788.00,66.00,107.00,216.00,1,1,1.0
309,38,1860.00,28.00,88.00,174.00,1,1,1.0
309,3,43.00,114.00,112.00,353.00,1,1,1.0
309,37,1613.00,15.00,78.00,174.00,1,1,1.0
309,35,1552.00,16.00,76.00,178.00,1,1,1.0
309,36,1192.00,15.00,68.00,197.00,1,1,1.0
309,4,53.00,141.00,120.00,377.00,1,1,1.0
309,17,1780.00,50.00,98.00,201.00,1,1,1.0
309,33,715.00,10.00,50.00,218.00,1,1,1.0
309,1,1227.00,63.00,87.00,243.00,1,1,1.0
309,0,1300.00,61.00,89.00,237.00,1,1,1.0
309,34,821.00,10.00,54.00,214.00,1,1,1.0
309,27,1853.00,24.00,85.00,170.00,1,1,1.0
310,35,1552.00,16.00,76.00,178.00,1,1,1.0
310,27,1855.00,24.00,86.00,171.00,1,1,1.0
310,1,1225.00,63.00,87.00,242.00,1,1,1.0
310,17,1774.00,43.00,94.00,193.00,1,1,1.0
310,37,1612.00,15.00,77.00,173.00,1,1,1.0
310,36,1190.00,15.00,67.00,197.00,1,1,1.0
310,0,1300.00,61.00,89.00,237.00,1,1,1.0
310,34,810.00,8.00,53.00,212.00,1,1,1.0
310,33,719.00,12.00,51.00,220.00,1,1,1.0
310,18,1236.00,42.00,79.00,221.00,1,1,1.0
310,38,1845.00,26.00,86.00,172.00,1,1,1.0
311,6,394.00,612.00,207.00,743.00,1,1,1.0
311,18,1154.00,39.00,75.00,222.00,1,1,1.0
311,17,1854.00,32.00,91.00,178.00,1,1,1.0
311,1,1230.00,66.00,88.00,245.00,1,1,1.0
311,0,1295.00,61.00,89.00,236.00,1,1,1.0
312,17,1841.00,31.00,90.00,178.00,1,1,1.0
312,1,1230.00,66.00,88.00,245.00,1,1,1.0
312,0,1295.00,61.00,89.00,236.00,1,1,1.0
312,6,199.00,513.00,207.00,679.00,1,1,1.0
312,18,1068.00,35.00,71.00,224.00,1,1,1.0
313,1,1230.00,66.00,88.00,245.00,1,1,1.0
313,6,34.00,449.00,214.00,637.00,1,1,1.0
313,0,1295.00,61.00,89.00,236.00,1,1,1.0
313,18,981.00,34.00,67.00,228.00,1,1,1.0
313,17,1868.00,25.00,86.00,170.00,1,1,1.0
314,18,889.00,29.00,61.00,227.00,1,1,1.0
314,1,1230.00,66.00,88.00,245.00,1,1,1.0
314,0,1295.00,61.00,89.00,236.00,1,1,1.0
314,17,1866.00,23.00,86.00,169.00,1,1,1.0
315,1,1224.00,65.00,88.00,244.00,1,1,1.0
315,0,1295.00,61.00,89.00,236.00,1,1,1.0
315,18,779.00,26.00,56.00,231.00,1,1,1.0
316,1,1224.00,65.00,88.00,244.00,1,1,1.0
316,0,1295.00,61.00,89.00,236.00,1,1,1.0
316,18,727.00,21.00,53.00,229.00,1,1,1.0
317,1,1235.00,66.00,88.00,245.00,1,1,1.0
317,0,1290.00,61.00,89.00,236.00,1,1,1.0
317,18,618.00,17.00,51.00,230.00,1,1,1.0
318,0,1292.00,61.00,89.00,237.00,1,1,1.0
318,1,1232.00,66.00,88.00,246.00,1,1,1.0
318,18,546.00,14.00,54.00,231.00,1,1,1.0
319,1,1237.00,67.00,88.00,245.00,1,1,1.0
319,0,1295.00,61.00,89.00,236.00,1,1,1.0
319,18,455.00,6.00,56.00,228.00,1,1,1.0
320,18,356.00,5.00,60.00,233.00,1,1,1.0
320,1,1237.00,67.00,88.00,245.00,1,1,1.0
320,0,1306.00,63.00,90.00,239.00,1,1,1.0
321,18,278.00,0.00,62.00,230.00,1,1,1.0
321,1,1231.00,64.00,87.00,244.00,1,1,1.0
321,0,1314.00,65.00,91.00,240.00,1,1,1.0
322,0,1314.00,65.00,91.00,240.00,1,1,1.0
322,1,1230.00,65.00,87.00,244.00,1,1,1.0
323,626,1909.00,43.00,97.00,186.00,1,1,1.0
323,1,1230.00,65.00,87.00,244.00,1,1,1.0
323,0,1314.00,65.00,91.00,240.00,1,1,1.0
324,626,1889.00,36.00,93.00,181.00,1,1,1.0
324,1,1230.00,65.00,87.00,244.00,1,1,1.0
324,0,1314.00,65.00,91.00,240.00,1,1,1.0
325,626,1896.00,32.00,90.00,175.00,1,1,1.0
325,1,1230.00,65.00,87.00,244.00,1,1,1.0
325,0,1314.00,65.00,91.00,240.00,1,1,1.0
326,626,1909.00,29.00,90.00,172.00,1,1,1.0
326,1,1230.00,65.00,87.00,244.00,1,1,1.0
326,0,1314.00,65.00,91.00,240.00,1,1,1.0
327,0,1315.00,61.00,89.00,237.00,1,1,1.0
327,1,1230.00,65.00,87.00,244.00,1,1,1.0
327,626,1904.00,27.00,88.00,170.00,1,1,1.0
328,626,1894.00,23.00,85.00,166.00,1,1,1.0
328,1,1230.00,65.00,87.00,244.00,1,1,1.0
328,0,1313.00,59.00,89.00,234.00,1,1,1.0
329,1,1234.00,65.00,88.00,244.00,1,1,1.0
329,0,1274.00,50.00,84.00,227.00,1,1,1.0
330,0,1245.00,42.00,80.00,221.00,1,1,1.0
330,1,1210.00,60.00,85.00,240.00,1,1,1.0
331,0,1191.00,33.00,75.00,214.00,1,1,1.0
331,1,1211.00,62.00,86.00,242.00,1,1,1.0
332,1,1214.00,58.00,84.00,238.00,1,1,1.0
332,0,1148.00,24.00,69.00,208.00,1,1,1.0
333,1,1218.00,54.00,83.00,234.00,1,1,1.0
334,1,1200.00,47.00,79.00,228.00,1,1,1.0
335,1,1185.00,40.00,77.00,222.00,1,1,1.0
335,186,1912.00,42.00,96.00,186.00,1,1,1.0
336,1,1177.00,33.00,74.00,216.00,1,1,1.0
337,186,1905.00,31.00,90.00,173.00,1,1,1.0
337,1,1176.00,30.00,73.00,213.00,1,1,1.0
338,1,1133.00,22.00,68.00,208.00,1,1,1.0
338,186,1902.00,30.00,90.00,172.00,1,1,1.0
339,186,1916.00,22.00,86.00,164.00,1,1,1.0
339,1,1125.00,18.00,67.00,204.00,1,1,1.0
340,1,1105.00,15.00,65.00,201.00,1,1,1.0
340,186,1910.00,19.00,84.00,163.00,1,1,1.0
341,147,1052.00,553.00,251.00,670.00,1,1,1.0
342,147,968.00,508.00,221.00,641.00,1,1,1.0
343,147,836.00,474.00,188.00,621.00,1,1,1.0
344,147,807.00,414.00,166.00,575.00,1,1,1.0
345,147,754.00,359.00,143.00,533.00,1,1,1.0
346,147,621.00,316.00,122.00,503.00,1,1,1.0
347,147,579.00,270.00,111.00,467.00,1,1,1.0
348,147,555.00,243.00,106.00,445.00,1,1,1.0
349,121,1906.00,66.00,110.00,209.00,1,1,1.0
349,147,511.00,201.00,100.00,409.00,1,1,1.0
350,121,1888.00,60.00,107.00,205.00,1,1,1.0
350,147,451.00,180.00,99.00,393.00,1,1,1.0
