1,19,1510.00,139.00,51.00,160.00,1.0000,-1,-1,-1
1,8,1273.00,129.00,46.00,153.00,1.0000,-1,-1,-1
1,15,1326.00,128.00,46.00,151.00,1.0000,-1,-1,-1
1,18,442.00,134.00,58.00,196.00,1.0000,-1,-1,-1
1,27,1739.00,178.00,73.00,212.00,1.0000,-1,-1,-1
1,16,1060.00,109.00,37.00,130.00,1.0000,-1,-1,-1
1,23,1555.00,139.00,52.00,159.00,1.0000,-1,-1,-1
1,2,924.00,137.00,48.00,181.00,1.0000,-1,-1,-1
1,11,504.00,129.00,53.00,186.00,1.0000,-1,-1,-1
1,1,1282.00,121.00,42.00,140.00,1.0000,-1,-1,-1
1,22,1692.00,157.00,61.00,180.00,1.0000,-1,-1,-1
1,10,939.00,107.00,36.00,134.00,1.0000,-1,-1,-1
1,6,1545.00,148.00,57.00,172.00,1.0000,-1,-1,-1
1,4,1383.00,123.00,44.00,140.00,1.0000,-1,-1,-1
1,3,1651.00,137.00,51.00,152.00,1.0000,-1,-1,-1
1,25,894.00,360.00,145.00,523.00,1.0000,-1,-1,-1
1,20,750.00,118.00,39.00,158.00,1.0000,-1,-1,-1
1,7,1063.00,330.00,138.00,471.00,1.0000,-1,-1,-1
1,12,1013.00,156.00,58.00,208.00,1.0000,-1,-1,-1
1,30,1473.00,139.00,51.00,161.00,1.0000,-1,-1,-1
1,21,1120.00,164.00,61.00,215.00,1.0000,-1,-1,-1
1,26,1190.00,114.00,39.00,133.00,1.0000,-1,-1,-1
1,32,1214.00,124.00,44.00,149.00,1.0000,-1,-1,-1
1,9,938.00,135.00,48.00,177.00,1.0000,-1,-1,-1
1,13,1038.00,295.00,121.00,420.00,1.0000,-1,-1,-1
1,28,1732.00,155.00,60.00,177.00,1.0000,-1,-1,-1
1,5,1383.00,131.00,47.00,153.00,1.0000,-1,-1,-1
1,29,1651.00,142.00,53.00,159.00,1.0000,-1,-1,-1
1,17,1361.00,144.00,54.00,175.00,1.0000,-1,-1,-1
1,14,1202.00,128.00,46.00,156.00,1.0000,-1,-1,-1
1,24,953.00,104.00,34.00,128.00,1.0000,-1,-1,-1
2,21,1066.00,169.00,64.00,226.00,1.0000,-1,-1,-1
2,22,1652.00,153.00,60.00,176.00,1.0000,-1,-1,-1
2,5,1367.00,130.00,47.00,151.00,1.0000,-1,-1,-1
2,18,442.00,134.00,58.00,196.00,1.0000,-1,-1,-1
2,16,1060.00,109.00,37.00,130.00,1.0000,-1,-1,-1
2,29,1655.00,142.00,54.00,159.00,1.0000,-1,-1,-1
2,3,1642.00,137.00,51.00,151.00,1.0000,-1,-1,-1
2,4,1394.00,123.00,43.00,138.00,1.0000,-1,-1,-1
2,2,924.00,137.00,48.00,181.00,1.0000,-1,-1,-1
2,14,1179.00,127.00,44.00,154.00,1.0000,-1,-1,-1
2,12,955.00,160.00,59.00,217.00,1.0000,-1,-1,-1
2,10,938.00,107.00,35.00,134.00,1.0000,-1,-1,-1
2,9,934.00,135.00,47.00,177.00,1.0000,-1,-1,-1
2,27,1657.00,171.00,69.00,203.00,1.0000,-1,-1,-1
2,1,1258.00,122.00,43.00,143.00,1.0000,-1,-1,-1
2,30,1453.00,136.00,50.00,158.00,1.0000,-1,-1,-1
2,28,1711.00,152.00,59.00,173.00,1.0000,-1,-1,-1
2,13,884.00,303.00,120.00,437.00,1.0000,-1,-1,-1
2,26,1178.00,110.00,37.00,129.00,1.0000,-1,-1,-1
2,23,1556.00,139.00,51.00,158.00,1.0000,-1,-1,-1
2,31,1262.00,126.00,44.00,150.00,1.0000,-1,-1,-1
2,7,919.00,337.00,136.00,487.00,1.0000,-1,-1,-1
2,20,748.00,118.00,39.00,158.00,1.0000,-1,-1,-1
2,24,952.00,104.00,34.00,128.00,1.0000,-1,-1,-1
2,8,1279.00,125.00,44.00,148.00,1.0000,-1,-1,-1
2,19,1485.00,137.00,50.00,157.00,1.0000,-1,-1,-1
2,11,502.00,129.00,53.00,186.00,1.0000,-1,-1,-1
2,17,1296.00,139.00,51.00,167.00,1.0000,-1,-1,-1
2,6,1516.00,146.00,55.00,171.00,1.0000,-1,-1,-1
2,15,1320.00,129.00,46.00,151.00,1.0000,-1,-1,-1
2,25,743.00,369.00,144.00,542.00,1.0000,-1,-1,-1
3,1,1221.00,123.00,43.00,147.00,1.0000,-1,-1,-1
3,2,919.00,137.00,48.00,180.00,1.0000,-1,-1,-1
3,3,1642.00,137.00,51.00,151.00,1.0000,-1,-1,-1
3,4,1389.00,120.00,41.00,135.00,1.0000,-1,-1,-1
3,5,1375.00,130.00,47.00,152.00,1.0000,-1,-1,-1
3,6,1497.00,143.00,54.00,167.00,1.0000,-1,-1,-1
3,7,761.00,359.00,140.00,527.00,1.0000,-1,-1,-1
3,8,1284.00,123.00,43.00,143.00,1.0000,-1,-1,-1
3,9,931.00,134.00,47.00,176.00,1.0000,-1,-1,-1
3,10,936.00,107.00,35.00,133.00,1.0000,-1,-1,-1
3,11,504.00,129.00,53.00,186.00,1.0000,-1,-1,-1
3,12,898.00,166.00,61.00,229.00,1.0000,-1,-1,-1
3,13,697.00,307.00,118.00,452.00,1.0000,-1,-1,-1
3,14,1150.00,125.00,44.00,152.00,1.0000,-1,-1,-1
3,15,1318.00,128.00,46.00,151.00,1.0000,-1,-1,-1
3,16,1037.00,106.00,35.00,127.00,1.0000,-1,-1,-1
3,17,1271.00,134.00,49.00,163.00,1.0000,-1,-1,-1
3,18,444.00,134.00,58.00,196.00,1.0000,-1,-1,-1
3,19,1463.00,136.00,49.00,156.00,1.0000,-1,-1,-1
3,20,748.00,118.00,39.00,158.00,1.0000,-1,-1,-1
3,21,998.00,172.00,64.00,233.00,1.0000,-1,-1,-1
3,22,1634.00,151.00,58.00,174.00,1.0000,-1,-1,-1
3,23,1556.00,139.00,51.00,158.00,1.0000,-1,-1,-1
3,24,952.00,104.00,34.00,128.00,1.0000,-1,-1,-1
3,25,571.00,384.00,157.00,568.00,1.0000,-1,-1,-1
3,26,1168.00,108.00,36.00,124.00,1.0000,-1,-1,-1
3,27,1604.00,162.00,64.00,193.00,1.0000,-1,-1,-1
3,28,1696.00,149.00,57.00,168.00,1.0000,-1,-1,-1
3,29,1653.00,142.00,54.00,159.00,1.0000,-1,-1,-1
3,30,1457.00,136.00,50.00,156.00,1.0000,-1,-1,-1
4,29,1653.00,142.00,54.00,159.00,1.0000,-1,-1,-1
4,27,1555.00,158.00,62.00,189.00,1.0000,-1,-1,-1
4,24,950.00,104.00,34.00,128.00,1.0000,-1,-1,-1
4,33,1455.00,339.00,155.00,467.00,1.0000,-1,-1,-1
4,30,1438.00,133.00,48.00,153.00,1.0000,-1,-1,-1
4,3,1637.00,136.00,50.00,150.00,1.0000,-1,-1,-1
4,11,505.00,129.00,53.00,186.00,1.0000,-1,-1,-1
4,34,1824.00,173.00,70.00,200.00,1.0000,-1,-1,-1
4,13,498.00,315.00,135.00,471.00,1.0000,-1,-1,-1
4,9,944.00,134.00,47.00,175.00,1.0000,-1,-1,-1
4,23,1553.00,139.00,52.00,158.00,1.0000,-1,-1,-1
4,19,1434.00,129.00,46.00,146.00,1.0000,-1,-1,-1
4,1,1185.00,122.00,43.00,145.00,1.0000,-1,-1,-1
4,20,750.00,118.00,39.00,158.00,1.0000,-1,-1,-1
4,25,404.00,409.00,187.00,611.00,1.0000,-1,-1,-1
4,16,1038.00,104.00,34.00,124.00,1.0000,-1,-1,-1
4,2,912.00,136.00,48.00,179.00,1.0000,-1,-1,-1
4,22,1613.00,148.00,56.00,169.00,1.0000,-1,-1,-1
4,6,1483.00,141.00,53.00,164.00,1.0000,-1,-1,-1
4,12,841.00,170.00,62.00,236.00,1.0000,-1,-1,-1
4,10,937.00,107.00,35.00,133.00,1.0000,-1,-1,-1
4,7,568.00,354.00,145.00,525.00,1.0000,-1,-1,-1
4,31,1760.00,170.00,68.00,198.00,1.0000,-1,-1,-1
4,18,446.00,134.00,58.00,196.00,1.0000,-1,-1,-1
4,5,1358.00,126.00,45.00,146.00,1.0000,-1,-1,-1
4,26,1146.00,106.00,35.00,122.00,1.0000,-1,-1,-1
4,4,1406.00,120.00,42.00,133.00,1.0000,-1,-1,-1
4,14,1165.00,123.00,43.00,149.00,1.0000,-1,-1,-1
4,8,1271.00,121.00,42.00,140.00,1.0000,-1,-1,-1
4,21,940.00,177.00,66.00,243.00,1.0000,-1,-1,-1
4,15,1320.00,129.00,46.00,151.00,1.0000,-1,-1,-1
4,28,1675.00,147.00,56.00,166.00,1.0000,-1,-1,-1
4,17,1263.00,134.00,48.00,161.00,1.0000,-1,-1,-1
5,8,1245.00,116.00,40.00,135.00,1.0000,-1,-1,-1
5,3,1635.00,136.00,50.00,150.00,1.0000,-1,-1,-1
5,28,1678.00,146.00,56.00,164.00,1.0000,-1,-1,-1
5,4,1435.00,120.00,41.00,132.00,1.0000,-1,-1,-1
5,33,1282.00,350.00,156.00,493.00,1.0000,-1,-1,-1
5,17,1229.00,130.00,46.00,158.00,1.0000,-1,-1,-1
5,27,1521.00,153.00,59.00,181.00,1.0000,-1,-1,-1
5,25,186.00,422.00,219.00,637.00,1.0000,-1,-1,-1
5,34,1790.00,167.00,68.00,193.00,1.0000,-1,-1,-1
5,14,1158.00,116.00,40.00,139.00,1.0000,-1,-1,-1
5,20,751.00,118.00,40.00,158.00,1.0000,-1,-1,-1
5,10,938.00,107.00,35.00,133.00,1.0000,-1,-1,-1
5,22,1612.00,145.00,54.00,165.00,1.0000,-1,-1,-1
5,24,949.00,104.00,34.00,128.00,1.0000,-1,-1,-1
5,7,292.00,369.00,181.00,558.00,1.0000,-1,-1,-1
5,13,288.00,330.00,163.00,501.00,1.0000,-1,-1,-1
5,21,883.00,183.00,68.00,255.00,1.0000,-1,-1,-1
5,16,1037.00,104.00,34.00,124.00,1.0000,-1,-1,-1
5,9,946.00,134.00,47.00,175.00,1.0000,-1,-1,-1
5,26,1141.00,103.00,33.00,117.00,1.0000,-1,-1,-1
5,30,1434.00,133.00,48.00,153.00,1.0000,-1,-1,-1
5,29,1651.00,142.00,53.00,159.00,1.0000,-1,-1,-1
5,15,1306.00,123.00,43.00,143.00,1.0000,-1,-1,-1
5,12,785.00,176.00,64.00,249.00,1.0000,-1,-1,-1
5,11,505.00,129.00,53.00,186.00,1.0000,-1,-1,-1
5,23,1556.00,139.00,51.00,158.00,1.0000,-1,-1,-1
5,6,1446.00,139.00,52.00,162.00,1.0000,-1,-1,-1
5,2,918.00,136.00,48.00,180.00,1.0000,-1,-1,-1
5,31,1718.00,167.00,68.00,196.00,1.0000,-1,-1,-1
5,18,444.00,134.00,58.00,195.00,1.0000,-1,-1,-1
5,32,1160.00,116.00,40.00,138.00,1.0000,-1,-1,-1
5,5,1353.00,125.00,44.00,143.00,1.0000,-1,-1,-1
5,19,1420.00,126.00,45.00,143.00,1.0000,-1,-1,-1
6,19,1418.00,124.00,44.00,140.00,1.0000,-1,-1,-1
6,15,1294.00,122.00,43.00,143.00,1.0000,-1,-1,-1
6,21,801.00,192.00,71.00,273.00,1.0000,-1,-1,-1
6,36,1061.00,762.00,348.00,1069.00,1.0000,-1,-1,-1
6,24,950.00,104.00,34.00,128.00,1.0000,-1,-1,-1
6,30,1427.00,131.00,47.00,150.00,1.0000,-1,-1,-1
6,28,1676.00,145.00,54.00,162.00,1.0000,-1,-1,-1
6,13,52.00,348.00,196.00,536.00,1.0000,-1,-1,-1
6,4,1452.00,119.00,41.00,130.00,1.0000,-1,-1,-1
6,17,1204.00,128.00,45.00,155.00,1.0000,-1,-1,-1
6,18,444.00,134.00,57.00,195.00,1.0000,-1,-1,-1
6,16,1066.00,103.00,34.00,120.00,1.0000,-1,-1,-1
6,6,1431.00,137.00,50.00,159.00,1.0000,-1,-1,-1
6,26,1130.00,102.00,33.00,118.00,1.0000,-1,-1,-1
6,3,1631.00,136.00,49.00,150.00,1.0000,-1,-1,-1
6,20,751.00,118.00,40.00,158.00,1.0000,-1,-1,-1
6,10,936.00,107.00,35.00,133.00,1.0000,-1,-1,-1
6,8,1224.00,114.00,39.00,132.00,1.0000,-1,-1,-1
6,9,944.00,134.00,47.00,175.00,1.0000,-1,-1,-1
6,37,1777.00,174.00,72.00,204.00,1.0000,-1,-1,-1
6,23,1556.00,139.00,51.00,158.00,1.0000,-1,-1,-1
6,32,1114.00,110.00,37.00,130.00,1.0000,-1,-1,-1
6,35,1536.00,531.00,264.00,742.00,1.0000,-1,-1,-1
6,5,1358.00,124.00,44.00,142.00,1.0000,-1,-1,-1
6,22,1613.00,145.00,55.00,164.00,1.0000,-1,-1,-1
6,11,507.00,129.00,53.00,186.00,1.0000,-1,-1,-1
6,31,1679.00,163.00,64.00,191.00,1.0000,-1,-1,-1
6,2,913.00,137.00,49.00,181.00,1.0000,-1,-1,-1
6,7,89.00,381.00,210.00,584.00,1.0000,-1,-1,-1
6,14,1168.00,117.00,40.00,139.00,1.0000,-1,-1,-1
6,33,1176.00,364.00,159.00,516.00,1.0000,-1,-1,-1
6,12,707.00,185.00,68.00,265.00,1.0000,-1,-1,-1
6,27,1493.00,148.00,56.00,173.00,1.0000,-1,-1,-1
6,34,1719.00,161.00,64.00,186.00,1.0000,-1,-1,-1
6,29,1653.00,142.00,54.00,159.00,1.0000,-1,-1,-1
7,35,1288.00,564.00,266.00,796.00,1.0000,-1,-1,-1
7,5,1343.00,121.00,41.00,138.00,1.0000,-1,-1,-1
7,31,1626.00,157.00,62.00,185.00,1.0000,-1,-1,-1
7,28,1676.00,145.00,54.00,162.00,1.0000,-1,-1,-1
7,15,1299.00,121.00,42.00,141.00,1.0000,-1,-1,-1
7,6,1456.00,136.00,49.00,157.00,1.0000,-1,-1,-1
7,4,1471.00,119.00,41.00,129.00,1.0000,-1,-1,-1
7,19,1427.00,123.00,43.00,138.00,1.0000,-1,-1,-1
7,37,1727.00,170.00,69.00,200.00,1.0000,-1,-1,-1
7,16,1084.00,103.00,33.00,120.00,1.0000,-1,-1,-1
7,27,1484.00,143.00,53.00,167.00,1.0000,-1,-1,-1
7,33,964.00,376.00,156.00,544.00,1.0000,-1,-1,-1
7,24,950.00,104.00,34.00,128.00,1.0000,-1,-1,-1
7,18,440.00,134.00,58.00,195.00,1.0000,-1,-1,-1
7,38,1415.00,130.00,46.00,150.00,1.0000,-1,-1,-1
7,23,1553.00,139.00,52.00,158.00,1.0000,-1,-1,-1
7,32,1115.00,107.00,36.00,125.00,1.0000,-1,-1,-1
7,12,627.00,193.00,74.00,279.00,1.0000,-1,-1,-1
7,21,733.00,201.00,74.00,290.00,1.0000,-1,-1,-1
7,3,1631.00,136.00,50.00,149.00,1.0000,-1,-1,-1
7,29,1651.00,142.00,53.00,159.00,1.0000,-1,-1,-1
7,20,751.00,118.00,39.00,157.00,1.0000,-1,-1,-1
7,22,1615.00,144.00,54.00,164.00,1.0000,-1,-1,-1
7,2,913.00,137.00,49.00,181.00,1.0000,-1,-1,-1
7,8,1194.00,111.00,37.00,128.00,1.0000,-1,-1,-1
7,17,1176.00,121.00,42.00,146.00,1.0000,-1,-1,-1
7,10,935.00,107.00,35.00,133.00,1.0000,-1,-1,-1
7,9,942.00,134.00,47.00,175.00,1.0000,-1,-1,-1
7,36,646.00,937.00,401.00,1303.00,1.0000,-1,-1,-1
7,11,509.00,129.00,53.00,186.00,1.0000,-1,-1,-1
7,34,1671.00,155.00,60.00,179.00,1.0000,-1,-1,-1
7,14,1166.00,116.00,40.00,138.00,1.0000,-1,-1,-1
8,11,507.00,129.00,53.00,185.00,1.0000,-1,-1,-1
8,16,1083.00,103.00,33.00,119.00,1.0000,-1,-1,-1
8,19,1417.00,122.00,43.00,137.00,1.0000,-1,-1,-1
8,21,630.00,207.00,79.00,302.00,1.0000,-1,-1,-1
8,27,1455.00,139.00,51.00,161.00,1.0000,-1,-1,-1
8,24,956.00,104.00,35.00,128.00,1.0000,-1,-1,-1
8,34,1640.00,151.00,58.00,174.00,1.0000,-1,-1,-1
8,3,1628.00,135.00,49.00,149.00,1.0000,-1,-1,-1
8,12,535.00,203.00,84.00,299.00,1.0000,-1,-1,-1
8,4,1473.00,117.00,40.00,127.00,1.0000,-1,-1,-1
8,6,1458.00,135.00,50.00,156.00,1.0000,-1,-1,-1
8,5,1350.00,120.00,41.00,136.00,1.0000,-1,-1,-1
8,33,693.00,412.00,163.00,607.00,1.0000,-1,-1,-1
8,2,917.00,137.00,48.00,182.00,1.0000,-1,-1,-1
8,38,1392.00,129.00,46.00,149.00,1.0000,-1,-1,-1
8,35,999.00,593.00,259.00,848.00,1.0000,-1,-1,-1
8,36,365.00,998.00,452.00,1385.00,1.0000,-1,-1,-1
8,32,1123.00,105.00,34.00,121.00,1.0000,-1,-1,-1
8,14,1158.00,109.00,36.00,126.00,1.0000,-1,-1,-1
8,10,935.00,107.00,35.00,133.00,1.0000,-1,-1,-1
8,18,438.00,133.00,58.00,195.00,1.0000,-1,-1,-1
8,23,1551.00,139.00,52.00,158.00,1.0000,-1,-1,-1
8,8,1183.00,109.00,36.00,125.00,1.0000,-1,-1,-1
8,22,1591.00,143.00,54.00,162.00,1.0000,-1,-1,-1
8,28,1678.00,145.00,55.00,162.00,1.0000,-1,-1,-1
8,9,942.00,134.00,47.00,175.00,1.0000,-1,-1,-1
8,20,749.00,118.00,39.00,157.00,1.0000,-1,-1,-1
8,31,1583.00,154.00,60.00,181.00,1.0000,-1,-1,-1
8,17,1159.00,121.00,42.00,144.00,1.0000,-1,-1,-1
8,15,1276.00,117.00,40.00,134.00,1.0000,-1,-1,-1
8,37,1660.00,164.00,66.00,194.00,1.0000,-1,-1,-1
8,29,1651.00,142.00,53.00,158.00,1.0000,-1,-1,-1
9,32,1097.00,103.00,33.00,121.00,1.0000,-1,-1,-1
9,34,1595.00,149.00,56.00,171.00,1.0000,-1,-1,-1
9,39,1826.00,169.00,69.00,195.00,1.0000,-1,-1,-1
9,3,1630.00,135.00,49.00,149.00,1.0000,-1,-1,-1
9,28,1676.00,145.00,54.00,162.00,1.0000,-1,-1,-1
9,33,470.00,430.00,188.00,640.00,1.0000,-1,-1,-1
9,37,1613.00,159.00,63.00,187.00,1.0000,-1,-1,-1
9,12,432.00,210.00,94.00,315.00,1.0000,-1,-1,-1
9,24,956.00,104.00,35.00,128.00,1.0000,-1,-1,-1
9,35,791.00,662.00,274.00,949.00,1.0000,-1,-1,-1
9,38,1398.00,128.00,46.00,146.00,1.0000,-1,-1,-1
9,10,931.00,107.00,36.00,132.00,1.0000,-1,-1,-1
9,36,100.00,994.00,504.00,1387.00,1.0000,-1,-1,-1
9,20,749.00,118.00,39.00,157.00,1.0000,-1,-1,-1
9,23,1551.00,139.00,52.00,158.00,1.0000,-1,-1,-1
9,21,547.00,219.00,90.00,324.00,1.0000,-1,-1,-1
9,19,1399.00,118.00,41.00,131.00,1.0000,-1,-1,-1
9,17,1118.00,115.00,39.00,137.00,1.0000,-1,-1,-1
9,5,1353.00,119.00,41.00,133.00,1.0000,-1,-1,-1
9,4,1475.00,117.00,40.00,125.00,1.0000,-1,-1,-1
9,18,436.00,133.00,58.00,195.00,1.0000,-1,-1,-1
9,31,1551.00,150.00,57.00,174.00,1.0000,-1,-1,-1
9,22,1589.00,143.00,53.00,162.00,1.0000,-1,-1,-1
9,6,1451.00,133.00,48.00,152.00,1.0000,-1,-1,-1
9,2,914.00,137.00,49.00,182.00,1.0000,-1,-1,-1
9,9,942.00,134.00,47.00,175.00,1.0000,-1,-1,-1
9,27,1385.00,134.00,48.00,158.00,1.0000,-1,-1,-1
9,11,509.00,129.00,53.00,186.00,1.0000,-1,-1,-1
9,8,1170.00,106.00,35.00,122.00,1.0000,-1,-1,-1
9,16,1084.00,102.00,33.00,118.00,1.0000,-1,-1,-1
9,15,1281.00,115.00,39.00,132.00,1.0000,-1,-1,-1
9,29,1651.00,142.00,53.00,158.00,1.0000,-1,-1,-1
9,14,1148.00,105.00,35.00,121.00,1.0000,-1,-1,-1
10,35,472.00,758.00,329.00,1085.00,1.0000,-1,-1,-1
10,21,383.00,226.00,105.00,342.00,1.0000,-1,-1,-1
10,10,931.00,107.00,36.00,132.00,1.0000,-1,-1,-1
10,16,1085.00,102.00,33.00,118.00,1.0000,-1,-1,-1
10,29,1649.00,142.00,53.00,158.00,1.0000,-1,-1,-1
10,2,912.00,137.00,48.00,181.00,1.0000,-1,-1,-1
10,4,1466.00,115.00,39.00,122.00,1.0000,-1,-1,-1
10,5,1345.00,116.00,40.00,130.00,1.0000,-1,-1,-1
10,17,1098.00,112.00,37.00,134.00,1.0000,-1,-1,-1
10,24,955.00,104.00,34.00,128.00,1.0000,-1,-1,-1
10,33,183.00,470.00,243.00,707.00,1.0000,-1,-1,-1
10,28,1664.00,144.00,54.00,162.00,1.0000,-1,-1,-1
10,3,1630.00,135.00,50.00,149.00,1.0000,-1,-1,-1
10,38,1398.00,128.00,45.00,146.00,1.0000,-1,-1,-1
10,8,1167.00,103.00,34.00,116.00,1.0000,-1,-1,-1
10,15,1285.00,114.00,38.00,129.00,1.0000,-1,-1,-1
10,20,748.00,118.00,39.00,157.00,1.0000,-1,-1,-1
10,40,1434.00,132.00,48.00,151.00,1.0000,-1,-1,-1
10,34,1563.00,146.00,55.00,169.00,1.0000,-1,-1,-1
10,19,1395.00,117.00,40.00,129.00,1.0000,-1,-1,-1
10,23,1551.00,139.00,52.00,158.00,1.0000,-1,-1,-1
10,27,1379.00,132.00,48.00,155.00,1.0000,-1,-1,-1
10,22,1591.00,143.00,54.00,162.00,1.0000,-1,-1,-1
10,37,1580.00,155.00,59.00,181.00,1.0000,-1,-1,-1
10,9,942.00,134.00,47.00,175.00,1.0000,-1,-1,-1
10,12,302.00,219.00,107.00,333.00,1.0000,-1,-1,-1
10,14,1133.00,104.00,34.00,120.00,1.0000,-1,-1,-1
10,39,1810.00,166.00,67.00,191.00,1.0000,-1,-1,-1
10,11,494.00,129.00,53.00,185.00,1.0000,-1,-1,-1
10,18,446.00,134.00,58.00,196.00,1.0000,-1,-1,-1
10,1,856.00,128.00,44.00,170.00,1.0000,-1,-1,-1
10,31,1470.00,145.00,55.00,171.00,1.0000,-1,-1,-1
10,32,1085.00,103.00,33.00,120.00,1.0000,-1,-1,-1
11,6,1449.00,126.00,45.00,143.00,1.0000,-1,-1,-1
11,42,1637.00,296.00,138.00,398.00,1.0000,-1,-1,-1
11,1,805.00,130.00,44.00,174.00,1.0000,-1,-1,-1
11,17,1104.00,105.00,35.00,123.00,1.0000,-1,-1,-1
11,28,1651.00,144.00,54.00,162.00,1.0000,-1,-1,-1
11,22,1542.00,143.00,54.00,166.00,1.0000,-1,-1,-1
11,2,923.00,138.00,49.00,183.00,1.0000,-1,-1,-1
11,29,1634.00,141.00,53.00,159.00,1.0000,-1,-1,-1
11,21,260.00,238.00,119.00,365.00,1.0000,-1,-1,-1
11,31,1429.00,141.00,52.00,166.00,1.0000,-1,-1,-1
11,4,1446.00,112.00,37.00,120.00,1.0000,-1,-1,-1
11,14,1140.00,98.00,32.00,110.00,1.0000,-1,-1,-1
11,12,154.00,229.00,123.00,354.00,1.0000,-1,-1,-1
11,19,1387.00,115.00,39.00,126.00,1.0000,-1,-1,-1
11,9,939.00,134.00,47.00,175.00,1.0000,-1,-1,-1
11,27,1341.00,128.00,45.00,149.00,1.0000,-1,-1,-1
11,8,1171.00,98.00,31.00,109.00,1.0000,-1,-1,-1
11,5,1333.00,113.00,38.00,125.00,1.0000,-1,-1,-1
11,37,1552.00,151.00,58.00,177.00,1.0000,-1,-1,-1
11,23,1532.00,139.00,52.00,159.00,1.0000,-1,-1,-1
11,40,1458.00,119.00,42.00,131.00,1.0000,-1,-1,-1
11,41,1797.00,174.00,71.00,204.00,1.0000,-1,-1,-1
11,39,1782.00,159.00,63.00,179.00,1.0000,-1,-1,-1
11,15,1278.00,111.00,37.00,124.00,1.0000,-1,-1,-1
12,27,1316.00,124.00,44.00,145.00,1.0000,-1,-1,-1
12,17,1096.00,105.00,34.00,123.00,1.0000,-1,-1,-1
12,15,1280.00,109.00,36.00,121.00,1.0000,-1,-1,-1
12,21,81.00,256.00,143.00,399.00,1.0000,-1,-1,-1
12,37,1533.00,148.00,56.00,173.00,1.0000,-1,-1,-1
12,2,923.00,138.00,49.00,183.00,1.0000,-1,-1,-1
12,29,1634.00,141.00,53.00,159.00,1.0000,-1,-1,-1
12,41,1763.00,167.00,67.00,193.00,1.0000,-1,-1,-1
12,22,1556.00,143.00,54.00,165.00,1.0000,-1,-1,-1
12,6,1454.00,126.00,44.00,141.00,1.0000,-1,-1,-1
12,8,1160.00,98.00,31.00,108.00,1.0000,-1,-1,-1
12,19,1386.00,113.00,38.00,123.00,1.0000,-1,-1,-1
12,40,1442.00,117.00,40.00,127.00,1.0000,-1,-1,-1
12,9,939.00,134.00,47.00,175.00,1.0000,-1,-1,-1
12,14,1140.00,98.00,31.00,110.00,1.0000,-1,-1,-1
12,42,1468.00,292.00,131.00,397.00,1.0000,-1,-1,-1
12,28,1656.00,144.00,54.00,162.00,1.0000,-1,-1,-1
12,43,1822.00,175.00,72.00,205.00,1.0000,-1,-1,-1
12,23,1532.00,139.00,52.00,159.00,1.0000,-1,-1,-1
12,31,1436.00,141.00,52.00,167.00,1.0000,-1,-1,-1
12,5,1333.00,111.00,37.00,122.00,1.0000,-1,-1,-1
12,39,1782.00,159.00,63.00,179.00,1.0000,-1,-1,-1
12,1,749.00,131.00,44.00,179.00,1.0000,-1,-1,-1
13,41,1709.00,164.00,65.00,190.00,1.0000,-1,-1,-1
13,5,1335.00,110.00,37.00,121.00,1.0000,-1,-1,-1
13,31,1427.00,137.00,50.00,159.00,1.0000,-1,-1,-1
13,29,1634.00,141.00,53.00,159.00,1.0000,-1,-1,-1
13,2,923.00,138.00,49.00,183.00,1.0000,-1,-1,-1
13,42,1327.00,289.00,126.00,400.00,1.0000,-1,-1,-1
13,22,1556.00,143.00,54.00,165.00,1.0000,-1,-1,-1
13,40,1443.00,116.00,39.00,127.00,1.0000,-1,-1,-1
13,27,1305.00,122.00,42.00,141.00,1.0000,-1,-1,-1
13,28,1656.00,144.00,54.00,162.00,1.0000,-1,-1,-1
13,43,1808.00,169.00,68.00,194.00,1.0000,-1,-1,-1
13,9,939.00,134.00,47.00,175.00,1.0000,-1,-1,-1
13,14,1134.00,98.00,31.00,110.00,1.0000,-1,-1,-1
13,37,1518.00,144.00,54.00,168.00,1.0000,-1,-1,-1
13,1,696.00,134.00,47.00,185.00,1.0000,-1,-1,-1
13,19,1386.00,112.00,37.00,121.00,1.0000,-1,-1,-1
13,39,1736.00,148.00,56.00,165.00,1.0000,-1,-1,-1
13,15,1282.00,108.00,36.00,119.00,1.0000,-1,-1,-1
13,23,1532.00,139.00,52.00,159.00,1.0000,-1,-1,-1
13,17,1091.00,102.00,33.00,118.00,1.0000,-1,-1,-1
14,15,1289.00,107.00,35.00,117.00,1.0000,-1,-1,-1
14,1,623.00,135.00,51.00,190.00,1.0000,-1,-1,-1
14,43,1783.00,163.00,65.00,187.00,1.0000,-1,-1,-1
14,29,1634.00,141.00,53.00,159.00,1.0000,-1,-1,-1
14,2,923.00,138.00,49.00,183.00,1.0000,-1,-1,-1
14,9,939.00,134.00,47.00,175.00,1.0000,-1,-1,-1
14,22,1556.00,143.00,54.00,165.00,1.0000,-1,-1,-1
14,37,1489.00,141.00,52.00,163.00,1.0000,-1,-1,-1
14,31,1392.00,133.00,48.00,155.00,1.0000,-1,-1,-1
14,27,1291.00,120.00,42.00,139.00,1.0000,-1,-1,-1
14,41,1656.00,158.00,62.00,184.00,1.0000,-1,-1,-1
14,39,1723.00,144.00,54.00,158.00,1.0000,-1,-1,-1
14,42,1164.00,301.00,128.00,423.00,1.0000,-1,-1,-1
14,19,1380.00,110.00,37.00,119.00,1.0000,-1,-1,-1
14,40,1444.00,115.00,39.00,124.00,1.0000,-1,-1,-1
14,17,1087.00,101.00,33.00,117.00,1.0000,-1,-1,-1
14,5,1336.00,109.00,36.00,119.00,1.0000,-1,-1,-1
14,23,1532.00,139.00,52.00,159.00,1.0000,-1,-1,-1
14,28,1652.00,145.00,55.00,162.00,1.0000,-1,-1,-1
15,2,917.00,138.00,49.00,182.00,1.0000,-1,-1,-1
15,42,1031.00,306.00,126.00,436.00,1.0000,-1,-1,-1
15,28,1652.00,145.00,55.00,162.00,1.0000,-1,-1,-1
15,15,1291.00,105.00,35.00,115.00,1.0000,-1,-1,-1
15,41,1607.00,153.00,59.00,177.00,1.0000,-1,-1,-1
15,29,1634.00,141.00,53.00,159.00,1.0000,-1,-1,-1
15,27,1276.00,118.00,40.00,135.00,1.0000,-1,-1,-1
15,37,1464.00,137.00,51.00,158.00,1.0000,-1,-1,-1
15,39,1705.00,140.00,52.00,154.00,1.0000,-1,-1,-1
15,19,1411.00,111.00,37.00,119.00,1.0000,-1,-1,-1
15,22,1556.00,143.00,54.00,165.00,1.0000,-1,-1,-1
15,5,1335.00,107.00,36.00,116.00,1.0000,-1,-1,-1
15,9,939.00,134.00,47.00,175.00,1.0000,-1,-1,-1
15,31,1363.00,129.00,46.00,150.00,1.0000,-1,-1,-1
15,1,544.00,138.00,55.00,199.00,1.0000,-1,-1,-1
15,40,1384.00,109.00,36.00,117.00,1.0000,-1,-1,-1
15,23,1532.00,139.00,52.00,159.00,1.0000,-1,-1,-1
15,43,1772.00,158.00,62.00,178.00,1.0000,-1,-1,-1
16,2,917.00,138.00,49.00,182.00,1.0000,-1,-1,-1
16,5,1334.00,106.00,35.00,114.00,1.0000,-1,-1,-1
16,39,1698.00,137.00,50.00,148.00,1.0000,-1,-1,-1
16,28,1652.00,145.00,55.00,162.00,1.0000,-1,-1,-1
16,42,850.00,315.00,124.00,458.00,1.0000,-1,-1,-1
16,43,1752.00,154.00,59.00,172.00,1.0000,-1,-1,-1
16,29,1634.00,141.00,53.00,159.00,1.0000,-1,-1,-1
16,31,1340.00,126.00,44.00,146.00,1.0000,-1,-1,-1
16,15,1294.00,104.00,34.00,114.00,1.0000,-1,-1,-1
16,27,1265.00,114.00,38.00,129.00,1.0000,-1,-1,-1
16,9,939.00,134.00,47.00,175.00,1.0000,-1,-1,-1
16,23,1537.00,139.00,51.00,159.00,1.0000,-1,-1,-1
16,44,1279.00,124.00,44.00,146.00,1.0000,-1,-1,-1
16,41,1558.00,147.00,55.00,170.00,1.0000,-1,-1,-1
16,1,491.00,138.00,58.00,201.00,1.0000,-1,-1,-1
16,22,1584.00,143.00,54.00,164.00,1.0000,-1,-1,-1
16,19,1423.00,111.00,37.00,119.00,1.0000,-1,-1,-1
16,37,1441.00,135.00,50.00,156.00,1.0000,-1,-1,-1
16,40,1381.00,108.00,36.00,116.00,1.0000,-1,-1,-1
17,44,1254.00,122.00,42.00,143.00,1.0000,-1,-1,-1
17,41,1513.00,142.00,53.00,165.00,1.0000,-1,-1,-1
17,23,1540.00,139.00,51.00,159.00,1.0000,-1,-1,-1
17,2,926.00,138.00,49.00,183.00,1.0000,-1,-1,-1
17,29,1636.00,142.00,53.00,158.00,1.0000,-1,-1,-1
17,3,1668.00,133.00,49.00,144.00,1.0000,-1,-1,-1
17,9,937.00,134.00,47.00,176.00,1.0000,-1,-1,-1
17,15,1310.00,104.00,34.00,113.00,1.0000,-1,-1,-1
17,27,1257.00,113.00,38.00,128.00,1.0000,-1,-1,-1
17,1,399.00,141.00,63.00,208.00,1.0000,-1,-1,-1
17,5,1333.00,105.00,34.00,112.00,1.0000,-1,-1,-1
17,42,668.00,336.00,132.00,496.00,1.0000,-1,-1,-1
17,40,1383.00,107.00,36.00,115.00,1.0000,-1,-1,-1
17,43,1749.00,148.00,57.00,164.00,1.0000,-1,-1,-1
17,28,1654.00,145.00,55.00,162.00,1.0000,-1,-1,-1
17,22,1587.00,143.00,54.00,164.00,1.0000,-1,-1,-1
17,31,1314.00,123.00,43.00,142.00,1.0000,-1,-1,-1
17,37,1413.00,131.00,47.00,150.00,1.0000,-1,-1,-1
18,31,1297.00,120.00,42.00,139.00,1.0000,-1,-1,-1
18,22,1587.00,143.00,54.00,164.00,1.0000,-1,-1,-1
18,28,1657.00,145.00,54.00,163.00,1.0000,-1,-1,-1
18,3,1664.00,131.00,48.00,141.00,1.0000,-1,-1,-1
18,37,1392.00,127.00,45.00,146.00,1.0000,-1,-1,-1
18,44,1244.00,120.00,42.00,141.00,1.0000,-1,-1,-1
18,23,1550.00,139.00,51.00,157.00,1.0000,-1,-1,-1
18,41,1486.00,138.00,51.00,160.00,1.0000,-1,-1,-1
18,29,1636.00,142.00,53.00,158.00,1.0000,-1,-1,-1
18,27,1256.00,111.00,38.00,126.00,1.0000,-1,-1,-1
18,9,939.00,134.00,47.00,176.00,1.0000,-1,-1,-1
18,42,480.00,347.00,151.00,519.00,1.0000,-1,-1,-1
18,2,925.00,138.00,49.00,183.00,1.0000,-1,-1,-1
18,1,334.00,142.00,67.00,213.00,1.0000,-1,-1,-1
18,43,1739.00,145.00,55.00,160.00,1.0000,-1,-1,-1
18,15,1299.00,102.00,33.00,110.00,1.0000,-1,-1,-1
18,40,1376.00,106.00,35.00,114.00,1.0000,-1,-1,-1
19,31,1271.00,118.00,41.00,136.00,1.0000,-1,-1,-1
19,29,1634.00,141.00,53.00,159.00,1.0000,-1,-1,-1
19,42,219.00,387.00,198.00,587.00,1.0000,-1,-1,-1
19,19,1426.00,111.00,37.00,118.00,1.0000,-1,-1,-1
19,23,1531.00,139.00,51.00,158.00,1.0000,-1,-1,-1
19,27,1260.00,109.00,36.00,122.00,1.0000,-1,-1,-1
19,3,1488.00,117.00,40.00,125.00,1.0000,-1,-1,-1
19,2,928.00,138.00,49.00,183.00,1.0000,-1,-1,-1
19,22,1587.00,143.00,54.00,164.00,1.0000,-1,-1,-1
19,6,1362.00,112.00,38.00,123.00,1.0000,-1,-1,-1
19,43,1731.00,142.00,54.00,155.00,1.0000,-1,-1,-1
19,9,939.00,134.00,47.00,175.00,1.0000,-1,-1,-1
19,15,1294.00,102.00,32.00,108.00,1.0000,-1,-1,-1
19,28,1655.00,145.00,54.00,162.00,1.0000,-1,-1,-1
19,40,1378.00,107.00,35.00,115.00,1.0000,-1,-1,-1
19,44,1220.00,117.00,41.00,138.00,1.0000,-1,-1,-1
19,41,1487.00,137.00,50.00,157.00,1.0000,-1,-1,-1
19,7,1766.00,178.00,74.00,211.00,1.0000,-1,-1,-1
19,1,230.00,142.00,72.00,218.00,1.0000,-1,-1,-1
19,37,1388.00,124.00,44.00,142.00,1.0000,-1,-1,-1
20,28,1657.00,145.00,55.00,162.00,1.0000,-1,-1,-1
20,7,1665.00,168.00,68.00,199.00,1.0000,-1,-1,-1
20,1,148.00,147.00,79.00,227.00,1.0000,-1,-1,-1
20,19,1417.00,110.00,37.00,117.00,1.0000,-1,-1,-1
20,37,1388.00,122.00,43.00,138.00,1.0000,-1,-1,-1
20,43,1727.00,139.00,52.00,151.00,1.0000,-1,-1,-1
20,2,928.00,138.00,49.00,183.00,1.0000,-1,-1,-1
20,22,1587.00,143.00,54.00,164.00,1.0000,-1,-1,-1
20,40,1365.00,106.00,34.00,114.00,1.0000,-1,-1,-1
20,9,952.00,135.00,47.00,175.00,1.0000,-1,-1,-1
20,23,1531.00,139.00,51.00,158.00,1.0000,-1,-1,-1
20,31,1254.00,115.00,39.00,133.00,1.0000,-1,-1,-1
20,6,1363.00,111.00,37.00,122.00,1.0000,-1,-1,-1
20,44,1201.00,114.00,39.00,134.00,1.0000,-1,-1,-1
20,29,1646.00,142.00,53.00,159.00,1.0000,-1,-1,-1
20,3,1478.00,115.00,39.00,122.00,1.0000,-1,-1,-1
20,41,1466.00,131.00,47.00,149.00,1.0000,-1,-1,-1
20,27,1262.00,107.00,36.00,120.00,1.0000,-1,-1,-1
21,3,1454.00,112.00,38.00,118.00,1.0000,-1,-1,-1
21,31,1237.00,113.00,38.00,129.00,1.0000,-1,-1,-1
21,1,52.00,147.00,85.00,233.00,1.0000,-1,-1,-1
21,7,1601.00,162.00,64.00,193.00,1.0000,-1,-1,-1
21,23,1542.00,137.00,50.00,156.00,1.0000,-1,-1,-1
21,28,1641.00,144.00,55.00,163.00,1.0000,-1,-1,-1
21,44,1196.00,113.00,38.00,131.00,1.0000,-1,-1,-1
21,6,1355.00,109.00,36.00,119.00,1.0000,-1,-1,-1
21,22,1579.00,143.00,54.00,164.00,1.0000,-1,-1,-1
21,27,1261.00,105.00,34.00,117.00,1.0000,-1,-1,-1
21,37,1391.00,120.00,41.00,135.00,1.0000,-1,-1,-1
21,29,1656.00,142.00,53.00,159.00,1.0000,-1,-1,-1
21,43,1746.00,140.00,52.00,151.00,1.0000,-1,-1,-1
21,41,1483.00,129.00,46.00,144.00,1.0000,-1,-1,-1
21,2,919.00,137.00,48.00,182.00,1.0000,-1,-1,-1
21,9,960.00,135.00,48.00,176.00,1.0000,-1,-1,-1
22,22,1563.00,142.00,52.00,161.00,1.0000,-1,-1,-1
22,29,1653.00,142.00,54.00,159.00,1.0000,-1,-1,-1
22,3,1436.00,110.00,37.00,118.00,1.0000,-1,-1,-1
22,23,1516.00,136.00,50.00,154.00,1.0000,-1,-1,-1
22,9,960.00,135.00,48.00,176.00,1.0000,-1,-1,-1
22,41,1490.00,127.00,45.00,142.00,1.0000,-1,-1,-1
22,6,1348.00,108.00,36.00,118.00,1.0000,-1,-1,-1
22,43,1757.00,140.00,52.00,151.00,1.0000,-1,-1,-1
22,27,1263.00,104.00,34.00,114.00,1.0000,-1,-1,-1
22,44,1172.00,110.00,37.00,127.00,1.0000,-1,-1,-1
22,31,1216.00,110.00,36.00,125.00,1.0000,-1,-1,-1
22,2,920.00,138.00,48.00,182.00,1.0000,-1,-1,-1
22,37,1396.00,118.00,41.00,132.00,1.0000,-1,-1,-1
22,7,1542.00,156.00,60.00,185.00,1.0000,-1,-1,-1
22,28,1647.00,143.00,54.00,161.00,1.0000,-1,-1,-1
23,6,1345.00,107.00,35.00,115.00,1.0000,-1,-1,-1
23,44,1151.00,108.00,36.00,126.00,1.0000,-1,-1,-1
23,4,1716.00,163.00,65.00,190.00,1.0000,-1,-1,-1
23,29,1650.00,141.00,53.00,158.00,1.0000,-1,-1,-1
23,37,1394.00,116.00,40.00,129.00,1.0000,-1,-1,-1
23,27,1259.00,102.00,32.00,110.00,1.0000,-1,-1,-1
23,23,1496.00,134.00,49.00,152.00,1.0000,-1,-1,-1
23,28,1642.00,143.00,54.00,161.00,1.0000,-1,-1,-1
23,43,1777.00,140.00,52.00,150.00,1.0000,-1,-1,-1
23,3,1424.00,109.00,36.00,116.00,1.0000,-1,-1,-1
23,22,1543.00,140.00,52.00,161.00,1.0000,-1,-1,-1
23,2,920.00,138.00,48.00,182.00,1.0000,-1,-1,-1
23,41,1510.00,126.00,44.00,139.00,1.0000,-1,-1,-1
23,7,1488.00,150.00,57.00,178.00,1.0000,-1,-1,-1
23,31,1206.00,108.00,36.00,124.00,1.0000,-1,-1,-1
23,9,960.00,135.00,48.00,176.00,1.0000,-1,-1,-1
24,23,1485.00,132.00,47.00,149.00,1.0000,-1,-1,-1
24,44,1128.00,106.00,35.00,123.00,1.0000,-1,-1,-1
24,41,1526.00,125.00,44.00,137.00,1.0000,-1,-1,-1
24,27,1272.00,100.00,31.00,106.00,1.0000,-1,-1,-1
24,4,1653.00,158.00,62.00,183.00,1.0000,-1,-1,-1
24,37,1389.00,113.00,38.00,124.00,1.0000,-1,-1,-1
24,31,1194.00,106.00,35.00,121.00,1.0000,-1,-1,-1
24,28,1649.00,143.00,53.00,160.00,1.0000,-1,-1,-1
24,29,1648.00,141.00,53.00,158.00,1.0000,-1,-1,-1
24,6,1339.00,106.00,35.00,113.00,1.0000,-1,-1,-1
24,3,1422.00,108.00,36.00,115.00,1.0000,-1,-1,-1
24,2,920.00,138.00,48.00,182.00,1.0000,-1,-1,-1
24,7,1452.00,144.00,54.00,170.00,1.0000,-1,-1,-1
24,22,1548.00,139.00,52.00,158.00,1.0000,-1,-1,-1
24,43,1759.00,139.00,52.00,150.00,1.0000,-1,-1,-1
24,9,960.00,135.00,48.00,176.00,1.0000,-1,-1,-1
25,3,1415.00,107.00,35.00,112.00,1.0000,-1,-1,-1
25,31,1185.00,104.00,34.00,118.00,1.0000,-1,-1,-1
25,37,1389.00,112.00,38.00,121.00,1.0000,-1,-1,-1
25,44,1119.00,104.00,35.00,120.00,1.0000,-1,-1,-1
25,27,1272.00,100.00,31.00,106.00,1.0000,-1,-1,-1
25,43,1755.00,139.00,51.00,149.00,1.0000,-1,-1,-1
25,41,1539.00,124.00,44.00,135.00,1.0000,-1,-1,-1
25,7,1399.00,139.00,51.00,164.00,1.0000,-1,-1,-1
25,4,1593.00,152.00,58.00,177.00,1.0000,-1,-1,-1
25,23,1473.00,130.00,46.00,146.00,1.0000,-1,-1,-1
25,28,1636.00,142.00,53.00,159.00,1.0000,-1,-1,-1
25,2,920.00,138.00,48.00,182.00,1.0000,-1,-1,-1
25,6,1331.00,104.00,33.00,110.00,1.0000,-1,-1,-1
25,22,1551.00,138.00,51.00,156.00,1.0000,-1,-1,-1
25,9,960.00,135.00,48.00,176.00,1.0000,-1,-1,-1
25,29,1648.00,141.00,53.00,157.00,1.0000,-1,-1,-1
26,22,1557.00,138.00,50.00,155.00,1.0000,-1,-1,-1
26,28,1604.00,140.00,52.00,157.00,1.0000,-1,-1,-1
26,23,1464.00,129.00,47.00,146.00,1.0000,-1,-1,-1
26,31,1173.00,102.00,33.00,116.00,1.0000,-1,-1,-1
26,27,1269.00,99.00,31.00,107.00,1.0000,-1,-1,-1
26,43,1767.00,139.00,51.00,148.00,1.0000,-1,-1,-1
26,29,1654.00,141.00,53.00,156.00,1.0000,-1,-1,-1
26,3,1420.00,104.00,33.00,106.00,1.0000,-1,-1,-1
26,37,1384.00,110.00,37.00,118.00,1.0000,-1,-1,-1
26,44,1118.00,102.00,33.00,118.00,1.0000,-1,-1,-1
26,4,1533.00,146.00,56.00,171.00,1.0000,-1,-1,-1
26,2,920.00,138.00,48.00,182.00,1.0000,-1,-1,-1
26,8,1815.00,185.00,78.00,220.00,1.0000,-1,-1,-1
26,41,1560.00,123.00,43.00,133.00,1.0000,-1,-1,-1
26,7,1366.00,135.00,49.00,160.00,1.0000,-1,-1,-1
26,9,960.00,135.00,48.00,176.00,1.0000,-1,-1,-1
27,43,1756.00,138.00,51.00,148.00,1.0000,-1,-1,-1
27,23,1455.00,128.00,46.00,145.00,1.0000,-1,-1,-1
27,8,1792.00,179.00,75.00,212.00,1.0000,-1,-1,-1
27,10,1793.00,191.00,81.00,230.00,1.0000,-1,-1,-1
27,27,1245.00,98.00,31.00,105.00,1.0000,-1,-1,-1
27,28,1596.00,139.00,52.00,157.00,1.0000,-1,-1,-1
27,7,1323.00,132.00,48.00,155.00,1.0000,-1,-1,-1
27,22,1546.00,136.00,49.00,153.00,1.0000,-1,-1,-1
27,31,1164.00,101.00,32.00,113.00,1.0000,-1,-1,-1
27,9,950.00,133.00,47.00,175.00,1.0000,-1,-1,-1
27,4,1494.00,142.00,53.00,165.00,1.0000,-1,-1,-1
27,29,1643.00,139.00,51.00,155.00,1.0000,-1,-1,-1
27,2,920.00,138.00,48.00,182.00,1.0000,-1,-1,-1
27,44,1111.00,102.00,33.00,117.00,1.0000,-1,-1,-1
27,37,1377.00,108.00,36.00,116.00,1.0000,-1,-1,-1
28,29,1637.00,139.00,51.00,154.00,1.0000,-1,-1,-1
28,44,1097.00,100.00,32.00,115.00,1.0000,-1,-1,-1
28,8,1744.00,174.00,71.00,206.00,1.0000,-1,-1,-1
28,4,1446.00,137.00,50.00,158.00,1.0000,-1,-1,-1
28,10,1740.00,180.00,75.00,215.00,1.0000,-1,-1,-1
28,7,1295.00,128.00,45.00,152.00,1.0000,-1,-1,-1
28,28,1588.00,138.00,51.00,156.00,1.0000,-1,-1,-1
28,22,1544.00,136.00,49.00,153.00,1.0000,-1,-1,-1
28,31,1154.00,100.00,32.00,112.00,1.0000,-1,-1,-1
28,37,1366.00,107.00,35.00,113.00,1.0000,-1,-1,-1
28,2,920.00,138.00,48.00,182.00,1.0000,-1,-1,-1
28,9,943.00,133.00,46.00,173.00,1.0000,-1,-1,-1
28,43,1753.00,138.00,51.00,149.00,1.0000,-1,-1,-1
28,23,1455.00,128.00,46.00,145.00,1.0000,-1,-1,-1
29,5,1821.00,177.00,73.00,206.00,1.0000,-1,-1,-1
29,43,1772.00,140.00,52.00,151.00,1.0000,-1,-1,-1
29,23,1455.00,128.00,46.00,145.00,1.0000,-1,-1,-1
29,41,1699.00,130.00,47.00,139.00,1.0000,-1,-1,-1
29,2,923.00,138.00,49.00,182.00,1.0000,-1,-1,-1
29,37,1354.00,106.00,34.00,112.00,1.0000,-1,-1,-1
29,7,1269.00,126.00,44.00,148.00,1.0000,-1,-1,-1
29,22,1523.00,134.00,49.00,150.00,1.0000,-1,-1,-1
29,28,1581.00,138.00,51.00,156.00,1.0000,-1,-1,-1
29,10,1660.00,172.00,70.00,206.00,1.0000,-1,-1,-1
29,4,1410.00,134.00,49.00,156.00,1.0000,-1,-1,-1
29,8,1704.00,170.00,69.00,202.00,1.0000,-1,-1,-1
29,29,1621.00,138.00,51.00,153.00,1.0000,-1,-1,-1
29,9,898.00,130.00,45.00,171.00,1.0000,-1,-1,-1
30,9,861.00,128.00,44.00,169.00,1.0000,-1,-1,-1
30,43,1770.00,140.00,52.00,151.00,1.0000,-1,-1,-1
30,29,1621.00,138.00,51.00,153.00,1.0000,-1,-1,-1
30,23,1453.00,128.00,46.00,144.00,1.0000,-1,-1,-1
30,4,1370.00,129.00,46.00,150.00,1.0000,-1,-1,-1
30,7,1245.00,122.00,42.00,143.00,1.0000,-1,-1,-1
30,2,897.00,137.00,48.00,181.00,1.0000,-1,-1,-1
30,5,1769.00,170.00,69.00,198.00,1.0000,-1,-1,-1
30,8,1673.00,166.00,66.00,195.00,1.0000,-1,-1,-1
30,41,1707.00,131.00,47.00,139.00,1.0000,-1,-1,-1
30,22,1517.00,133.00,48.00,151.00,1.0000,-1,-1,-1
30,10,1584.00,164.00,65.00,196.00,1.0000,-1,-1,-1
30,28,1578.00,137.00,50.00,153.00,1.0000,-1,-1,-1
31,29,1587.00,135.00,49.00,149.00,1.0000,-1,-1,-1
31,9,805.00,126.00,43.00,167.00,1.0000,-1,-1,-1
31,7,1225.00,117.00,40.00,137.00,1.0000,-1,-1,-1
31,4,1326.00,124.00,43.00,142.00,1.0000,-1,-1,-1
31,10,1544.00,158.00,61.00,188.00,1.0000,-1,-1,-1
31,28,1575.00,136.00,50.00,153.00,1.0000,-1,-1,-1
31,8,1637.00,161.00,63.00,189.00,1.0000,-1,-1,-1
31,41,1738.00,135.00,49.00,143.00,1.0000,-1,-1,-1
31,2,903.00,137.00,48.00,182.00,1.0000,-1,-1,-1
31,5,1707.00,163.00,65.00,189.00,1.0000,-1,-1,-1
31,23,1455.00,128.00,46.00,145.00,1.0000,-1,-1,-1
31,22,1512.00,133.00,48.00,151.00,1.0000,-1,-1,-1
31,43,1773.00,141.00,53.00,152.00,1.0000,-1,-1,-1
32,23,1453.00,126.00,45.00,142.00,1.0000,-1,-1,-1
32,43,1773.00,141.00,53.00,152.00,1.0000,-1,-1,-1
32,22,1503.00,132.00,48.00,148.00,1.0000,-1,-1,-1
32,4,1301.00,121.00,42.00,141.00,1.0000,-1,-1,-1
32,29,1586.00,134.00,49.00,149.00,1.0000,-1,-1,-1
32,28,1575.00,136.00,50.00,153.00,1.0000,-1,-1,-1
32,10,1471.00,150.00,58.00,180.00,1.0000,-1,-1,-1
32,8,1610.00,157.00,61.00,183.00,1.0000,-1,-1,-1
32,2,893.00,136.00,48.00,179.00,1.0000,-1,-1,-1
32,5,1666.00,159.00,62.00,185.00,1.0000,-1,-1,-1
32,11,1788.00,180.00,75.00,212.00,1.0000,-1,-1,-1
32,41,1746.00,136.00,49.00,145.00,1.0000,-1,-1,-1
32,9,754.00,123.00,42.00,166.00,1.0000,-1,-1,-1
32,7,1205.00,115.00,39.00,134.00,1.0000,-1,-1,-1
33,2,883.00,134.00,46.00,177.00,1.0000,-1,-1,-1
33,7,1180.00,112.00,38.00,132.00,1.0000,-1,-1,-1
33,11,1719.00,173.00,71.00,205.00,1.0000,-1,-1,-1
33,4,1268.00,118.00,40.00,136.00,1.0000,-1,-1,-1
33,22,1505.00,130.00,47.00,146.00,1.0000,-1,-1,-1
33,8,1558.00,152.00,58.00,178.00,1.0000,-1,-1,-1
33,28,1580.00,136.00,50.00,153.00,1.0000,-1,-1,-1
33,1,1810.00,178.00,74.00,210.00,1.0000,-1,-1,-1
33,10,1442.00,145.00,55.00,173.00,1.0000,-1,-1,-1
33,41,1741.00,136.00,50.00,144.00,1.0000,-1,-1,-1
33,43,1773.00,141.00,53.00,152.00,1.0000,-1,-1,-1
33,23,1449.00,126.00,45.00,141.00,1.0000,-1,-1,-1
33,29,1571.00,132.00,48.00,146.00,1.0000,-1,-1,-1
33,5,1619.00,153.00,60.00,178.00,1.0000,-1,-1,-1
34,1,1772.00,170.00,69.00,197.00,1.0000,-1,-1,-1
34,11,1663.00,168.00,67.00,199.00,1.0000,-1,-1,-1
34,41,1749.00,136.00,50.00,146.00,1.0000,-1,-1,-1
34,5,1591.00,148.00,57.00,170.00,1.0000,-1,-1,-1
34,7,1163.00,109.00,37.00,128.00,1.0000,-1,-1,-1
34,2,853.00,131.00,45.00,175.00,1.0000,-1,-1,-1
34,28,1556.00,133.00,48.00,149.00,1.0000,-1,-1,-1
34,29,1568.00,131.00,47.00,145.00,1.0000,-1,-1,-1
34,10,1414.00,140.00,52.00,165.00,1.0000,-1,-1,-1
34,4,1241.00,114.00,39.00,132.00,1.0000,-1,-1,-1
34,43,1773.00,141.00,53.00,152.00,1.0000,-1,-1,-1
34,23,1435.00,124.00,43.00,138.00,1.0000,-1,-1,-1
34,22,1496.00,128.00,45.00,143.00,1.0000,-1,-1,-1
34,8,1539.00,148.00,56.00,172.00,1.0000,-1,-1,-1
35,4,1215.00,111.00,37.00,126.00,1.0000,-1,-1,-1
35,8,1504.00,144.00,54.00,167.00,1.0000,-1,-1,-1
35,29,1564.00,130.00,47.00,142.00,1.0000,-1,-1,-1
35,11,1609.00,163.00,64.00,193.00,1.0000,-1,-1,-1
35,28,1557.00,133.00,49.00,148.00,1.0000,-1,-1,-1
35,41,1747.00,136.00,50.00,146.00,1.0000,-1,-1,-1
35,22,1493.00,127.00,45.00,141.00,1.0000,-1,-1,-1
35,23,1423.00,122.00,43.00,137.00,1.0000,-1,-1,-1
35,2,825.00,129.00,45.00,172.00,1.0000,-1,-1,-1
35,7,1150.00,108.00,36.00,125.00,1.0000,-1,-1,-1
35,10,1389.00,136.00,50.00,159.00,1.0000,-1,-1,-1
35,43,1771.00,141.00,53.00,151.00,1.0000,-1,-1,-1
35,5,1558.00,144.00,54.00,165.00,1.0000,-1,-1,-1
35,1,1709.00,165.00,66.00,193.00,1.0000,-1,-1,-1
36,5,1520.00,140.00,51.00,161.00,1.0000,-1,-1,-1
36,8,1465.00,140.00,52.00,162.00,1.0000,-1,-1,-1
36,7,1144.00,105.00,34.00,120.00,1.0000,-1,-1,-1
36,4,1194.00,108.00,36.00,123.00,1.0000,-1,-1,-1
36,10,1372.00,132.00,48.00,155.00,1.0000,-1,-1,-1
36,41,1747.00,136.00,50.00,146.00,1.0000,-1,-1,-1
36,43,1771.00,141.00,53.00,151.00,1.0000,-1,-1,-1
36,1,1663.00,160.00,63.00,187.00,1.0000,-1,-1,-1
36,28,1557.00,132.00,48.00,148.00,1.0000,-1,-1,-1
36,2,801.00,126.00,43.00,170.00,1.0000,-1,-1,-1
36,29,1563.00,128.00,46.00,140.00,1.0000,-1,-1,-1
36,23,1417.00,121.00,42.00,135.00,1.0000,-1,-1,-1
36,11,1570.00,158.00,61.00,186.00,1.0000,-1,-1,-1
36,22,1486.00,125.00,44.00,137.00,1.0000,-1,-1,-1
37,7,1120.00,103.00,34.00,119.00,1.0000,-1,-1,-1
37,11,1535.00,153.00,58.00,182.00,1.0000,-1,-1,-1
37,4,1183.00,105.00,35.00,120.00,1.0000,-1,-1,-1
37,6,1175.00,102.00,33.00,114.00,1.0000,-1,-1,-1
37,23,1406.00,120.00,41.00,133.00,1.0000,-1,-1,-1
37,2,789.00,125.00,43.00,167.00,1.0000,-1,-1,-1
37,10,1333.00,127.00,45.00,147.00,1.0000,-1,-1,-1
37,29,1558.00,127.00,44.00,138.00,1.0000,-1,-1,-1
37,1,1609.00,156.00,61.00,182.00,1.0000,-1,-1,-1
37,5,1497.00,136.00,50.00,157.00,1.0000,-1,-1,-1
37,22,1489.00,124.00,44.00,137.00,1.0000,-1,-1,-1
37,8,1443.00,137.00,50.00,159.00,1.0000,-1,-1,-1
37,43,1771.00,141.00,53.00,151.00,1.0000,-1,-1,-1
37,41,1747.00,136.00,50.00,146.00,1.0000,-1,-1,-1
37,13,1782.00,187.00,78.00,225.00,1.0000,-1,-1,-1
37,12,1795.00,180.00,75.00,212.00,1.0000,-1,-1,-1
37,28,1541.00,130.00,46.00,143.00,1.0000,-1,-1,-1
38,2,741.00,123.00,42.00,167.00,1.0000,-1,-1,-1
38,5,1480.00,134.00,49.00,153.00,1.0000,-1,-1,-1
38,28,1488.00,125.00,45.00,139.00,1.0000,-1,-1,-1
38,4,1163.00,103.00,34.00,117.00,1.0000,-1,-1,-1
38,8,1427.00,134.00,49.00,156.00,1.0000,-1,-1,-1
38,23,1382.00,117.00,40.00,131.00,1.0000,-1,-1,-1
38,1,1584.00,152.00,59.00,178.00,1.0000,-1,-1,-1
38,10,1304.00,124.00,43.00,144.00,1.0000,-1,-1,-1
38,11,1513.00,149.00,57.00,176.00,1.0000,-1,-1,-1
38,3,1814.00,187.00,79.00,222.00,1.0000,-1,-1,-1
38,6,1204.00,103.00,34.00,116.00,1.0000,-1,-1,-1
38,12,1729.00,173.00,71.00,204.00,1.0000,-1,-1,-1
38,22,1490.00,123.00,43.00,135.00,1.0000,-1,-1,-1
38,29,1546.00,125.00,44.00,135.00,1.0000,-1,-1,-1
38,43,1771.00,141.00,53.00,151.00,1.0000,-1,-1,-1
38,13,1741.00,180.00,74.00,214.00,1.0000,-1,-1,-1
38,41,1747.00,136.00,50.00,146.00,1.0000,-1,-1,-1
38,7,1116.00,103.00,34.00,118.00,1.0000,-1,-1,-1
39,1,1546.00,148.00,56.00,171.00,1.0000,-1,-1,-1
39,22,1475.00,121.00,42.00,132.00,1.0000,-1,-1,-1
39,6,1230.00,106.00,35.00,118.00,1.0000,-1,-1,-1
39,11,1489.00,145.00,55.00,170.00,1.0000,-1,-1,-1
39,29,1519.00,121.00,42.00,131.00,1.0000,-1,-1,-1
39,3,1767.00,180.00,75.00,214.00,1.0000,-1,-1,-1
39,12,1683.00,167.00,67.00,197.00,1.0000,-1,-1,-1
39,41,1745.00,136.00,50.00,146.00,1.0000,-1,-1,-1
39,23,1357.00,115.00,39.00,127.00,1.0000,-1,-1,-1
39,13,1694.00,174.00,71.00,207.00,1.0000,-1,-1,-1
39,5,1456.00,131.00,47.00,150.00,1.0000,-1,-1,-1
39,43,1778.00,141.00,53.00,152.00,1.0000,-1,-1,-1
39,4,1157.00,102.00,33.00,114.00,1.0000,-1,-1,-1
39,8,1403.00,131.00,47.00,150.00,1.0000,-1,-1,-1
39,10,1268.00,120.00,41.00,140.00,1.0000,-1,-1,-1
39,7,1103.00,99.00,31.00,113.00,1.0000,-1,-1,-1
39,2,722.00,121.00,41.00,165.00,1.0000,-1,-1,-1
39,28,1467.00,123.00,43.00,137.00,1.0000,-1,-1,-1
40,43,1780.00,141.00,53.00,152.00,1.0000,-1,-1,-1
40,41,1745.00,136.00,50.00,146.00,1.0000,-1,-1,-1
40,2,699.00,121.00,41.00,164.00,1.0000,-1,-1,-1
40,28,1440.00,120.00,41.00,133.00,1.0000,-1,-1,-1
40,8,1385.00,128.00,46.00,148.00,1.0000,-1,-1,-1
40,3,1699.00,173.00,70.00,206.00,1.0000,-1,-1,-1
40,5,1443.00,129.00,46.00,146.00,1.0000,-1,-1,-1
40,22,1456.00,119.00,41.00,130.00,1.0000,-1,-1,-1
40,1,1521.00,144.00,54.00,168.00,1.0000,-1,-1,-1
40,23,1351.00,114.00,38.00,126.00,1.0000,-1,-1,-1
40,7,1095.00,98.00,31.00,113.00,1.0000,-1,-1,-1
40,29,1511.00,120.00,41.00,129.00,1.0000,-1,-1,-1
40,6,1257.00,108.00,35.00,120.00,1.0000,-1,-1,-1
40,10,1241.00,117.00,40.00,137.00,1.0000,-1,-1,-1
40,13,1648.00,169.00,67.00,200.00,1.0000,-1,-1,-1
40,11,1470.00,142.00,53.00,166.00,1.0000,-1,-1,-1
40,12,1651.00,163.00,64.00,192.00,1.0000,-1,-1,-1
40,4,1141.00,100.00,33.00,112.00,1.0000,-1,-1,-1
41,6,1274.00,111.00,37.00,124.00,1.0000,-1,-1,-1
41,3,1647.00,164.00,66.00,195.00,1.0000,-1,-1,-1
41,10,1218.00,114.00,38.00,131.00,1.0000,-1,-1,-1
41,14,1708.00,262.00,120.00,344.00,1.0000,-1,-1,-1
41,22,1431.00,116.00,39.00,126.00,1.0000,-1,-1,-1
41,11,1421.00,139.00,51.00,164.00,1.0000,-1,-1,-1
41,5,1425.00,126.00,45.00,142.00,1.0000,-1,-1,-1
41,1,1504.00,141.00,53.00,163.00,1.0000,-1,-1,-1
41,29,1479.00,117.00,40.00,125.00,1.0000,-1,-1,-1
41,12,1602.00,157.00,62.00,185.00,1.0000,-1,-1,-1
41,13,1581.00,164.00,65.00,195.00,1.0000,-1,-1,-1
41,41,1772.00,138.00,51.00,148.00,1.0000,-1,-1,-1
41,43,1768.00,140.00,52.00,150.00,1.0000,-1,-1,-1
41,23,1329.00,111.00,37.00,123.00,1.0000,-1,-1,-1
41,8,1358.00,123.00,44.00,142.00,1.0000,-1,-1,-1
41,28,1427.00,118.00,41.00,131.00,1.0000,-1,-1,-1
42,23,1319.00,110.00,37.00,122.00,1.0000,-1,-1,-1
42,10,1189.00,110.00,37.00,127.00,1.0000,-1,-1,-1
42,41,1788.00,139.00,51.00,149.00,1.0000,-1,-1,-1
42,22,1431.00,115.00,39.00,125.00,1.0000,-1,-1,-1
42,14,1639.00,259.00,117.00,341.00,1.0000,-1,-1,-1
42,8,1341.00,121.00,42.00,138.00,1.0000,-1,-1,-1
42,1,1465.00,137.00,50.00,159.00,1.0000,-1,-1,-1
42,28,1409.00,116.00,40.00,127.00,1.0000,-1,-1,-1
42,12,1545.00,153.00,59.00,180.00,1.0000,-1,-1,-1
42,11,1389.00,136.00,49.00,160.00,1.0000,-1,-1,-1
42,6,1313.00,113.00,38.00,127.00,1.0000,-1,-1,-1
42,5,1391.00,123.00,43.00,139.00,1.0000,-1,-1,-1
42,13,1554.00,158.00,61.00,187.00,1.0000,-1,-1,-1
42,3,1611.00,160.00,62.00,189.00,1.0000,-1,-1,-1
42,43,1768.00,140.00,52.00,150.00,1.0000,-1,-1,-1
42,29,1466.00,115.00,39.00,123.00,1.0000,-1,-1,-1
43,13,1499.00,154.00,59.00,183.00,1.0000,-1,-1,-1
43,43,1766.00,140.00,51.00,150.00,1.0000,-1,-1,-1
43,28,1391.00,114.00,39.00,124.00,1.0000,-1,-1,-1
43,8,1313.00,119.00,41.00,135.00,1.0000,-1,-1,-1
43,6,1346.00,115.00,39.00,128.00,1.0000,-1,-1,-1
43,41,1788.00,139.00,51.00,149.00,1.0000,-1,-1,-1
43,14,1566.00,259.00,116.00,344.00,1.0000,-1,-1,-1
43,22,1422.00,113.00,38.00,122.00,1.0000,-1,-1,-1
43,29,1446.00,113.00,38.00,121.00,1.0000,-1,-1,-1
43,23,1314.00,109.00,36.00,119.00,1.0000,-1,-1,-1
43,12,1534.00,149.00,56.00,173.00,1.0000,-1,-1,-1
43,5,1369.00,120.00,41.00,136.00,1.0000,-1,-1,-1
43,3,1577.00,154.00,60.00,182.00,1.0000,-1,-1,-1
43,11,1378.00,133.00,48.00,156.00,1.0000,-1,-1,-1
43,1,1452.00,135.00,50.00,157.00,1.0000,-1,-1,-1
43,10,1176.00,108.00,36.00,125.00,1.0000,-1,-1,-1
44,43,1766.00,140.00,51.00,150.00,1.0000,-1,-1,-1
44,22,1413.00,112.00,38.00,120.00,1.0000,-1,-1,-1
44,13,1465.00,148.00,56.00,177.00,1.0000,-1,-1,-1
44,12,1488.00,145.00,54.00,169.00,1.0000,-1,-1,-1
44,23,1297.00,107.00,35.00,118.00,1.0000,-1,-1,-1
44,41,1788.00,139.00,51.00,149.00,1.0000,-1,-1,-1
44,3,1538.00,149.00,57.00,174.00,1.0000,-1,-1,-1
44,29,1444.00,112.00,38.00,118.00,1.0000,-1,-1,-1
44,14,1477.00,250.00,109.00,334.00,1.0000,-1,-1,-1
44,10,1165.00,105.00,35.00,121.00,1.0000,-1,-1,-1
44,1,1407.00,132.00,47.00,154.00,1.0000,-1,-1,-1
44,11,1349.00,131.00,48.00,154.00,1.0000,-1,-1,-1
44,28,1371.00,111.00,37.00,122.00,1.0000,-1,-1,-1
44,5,1339.00,118.00,40.00,134.00,1.0000,-1,-1,-1
44,8,1300.00,117.00,40.00,133.00,1.0000,-1,-1,-1
44,6,1386.00,119.00,41.00,133.00,1.0000,-1,-1,-1
45,43,1766.00,140.00,51.00,150.00,1.0000,-1,-1,-1
45,12,1465.00,141.00,52.00,164.00,1.0000,-1,-1,-1
45,5,1319.00,115.00,39.00,129.00,1.0000,-1,-1,-1
45,22,1397.00,110.00,37.00,118.00,1.0000,-1,-1,-1
45,8,1288.00,114.00,38.00,129.00,1.0000,-1,-1,-1
45,41,1788.00,139.00,51.00,149.00,1.0000,-1,-1,-1
45,1,1383.00,129.00,46.00,149.00,1.0000,-1,-1,-1
45,6,1424.00,122.00,43.00,136.00,1.0000,-1,-1,-1
45,14,1375.00,242.00,104.00,325.00,1.0000,-1,-1,-1
45,29,1431.00,110.00,37.00,117.00,1.0000,-1,-1,-1
45,13,1437.00,144.00,53.00,169.00,1.0000,-1,-1,-1
45,11,1320.00,128.00,45.00,150.00,1.0000,-1,-1,-1
45,3,1490.00,145.00,55.00,171.00,1.0000,-1,-1,-1
45,10,1154.00,103.00,33.00,118.00,1.0000,-1,-1,-1
45,28,1350.00,109.00,36.00,118.00,1.0000,-1,-1,-1
45,23,1290.00,105.00,35.00,115.00,1.0000,-1,-1,-1
46,43,1766.00,140.00,51.00,150.00,1.0000,-1,-1,-1
46,8,1271.00,112.00,37.00,127.00,1.0000,-1,-1,-1
46,14,1258.00,239.00,100.00,325.00,1.0000,-1,-1,-1
46,23,1284.00,103.00,34.00,113.00,1.0000,-1,-1,-1
46,12,1464.00,137.00,51.00,160.00,1.0000,-1,-1,-1
46,41,1788.00,139.00,51.00,149.00,1.0000,-1,-1,-1
46,5,1308.00,113.00,38.00,127.00,1.0000,-1,-1,-1
46,22,1381.00,108.00,36.00,116.00,1.0000,-1,-1,-1
46,1,1359.00,125.00,44.00,144.00,1.0000,-1,-1,-1
46,3,1449.00,141.00,52.00,166.00,1.0000,-1,-1,-1
46,29,1413.00,109.00,36.00,115.00,1.0000,-1,-1,-1
46,11,1289.00,125.00,44.00,147.00,1.0000,-1,-1,-1
46,13,1412.00,139.00,51.00,164.00,1.0000,-1,-1,-1
46,10,1141.00,101.00,33.00,116.00,1.0000,-1,-1,-1
46,28,1332.00,107.00,35.00,115.00,1.0000,-1,-1,-1
46,6,1465.00,126.00,44.00,141.00,1.0000,-1,-1,-1
47,3,1425.00,137.00,50.00,161.00,1.0000,-1,-1,-1
47,5,1293.00,111.00,37.00,125.00,1.0000,-1,-1,-1
47,14,1153.00,230.00,93.00,316.00,1.0000,-1,-1,-1
47,23,1281.00,102.00,33.00,110.00,1.0000,-1,-1,-1
47,22,1371.00,107.00,35.00,114.00,1.0000,-1,-1,-1
47,1,1323.00,122.00,43.00,141.00,1.0000,-1,-1,-1
47,10,1122.00,100.00,32.00,114.00,1.0000,-1,-1,-1
47,41,1785.00,139.00,52.00,149.00,1.0000,-1,-1,-1
47,15,1523.00,357.00,168.00,494.00,1.0000,-1,-1,-1
47,9,1761.00,180.00,74.00,214.00,1.0000,-1,-1,-1
47,8,1251.00,109.00,37.00,123.00,1.0000,-1,-1,-1
47,12,1445.00,135.00,50.00,157.00,1.0000,-1,-1,-1
47,11,1263.00,122.00,43.00,142.00,1.0000,-1,-1,-1
47,43,1763.00,139.00,52.00,150.00,1.0000,-1,-1,-1
47,28,1328.00,105.00,34.00,113.00,1.0000,-1,-1,-1
47,13,1382.00,135.00,49.00,160.00,1.0000,-1,-1,-1
47,6,1509.00,129.00,46.00,144.00,1.0000,-1,-1,-1
48,22,1360.00,105.00,34.00,112.00,1.0000,-1,-1,-1
48,14,1085.00,224.00,89.00,310.00,1.0000,-1,-1,-1
48,8,1239.00,108.00,35.00,121.00,1.0000,-1,-1,-1
48,23,1282.00,101.00,32.00,109.00,1.0000,-1,-1,-1
48,1,1294.00,120.00,42.00,139.00,1.0000,-1,-1,-1
48,15,1395.00,383.00,177.00,536.00,1.0000,-1,-1,-1
48,5,1280.00,109.00,36.00,122.00,1.0000,-1,-1,-1
48,11,1234.00,119.00,41.00,140.00,1.0000,-1,-1,-1
48,43,1761.00,139.00,52.00,150.00,1.0000,-1,-1,-1
48,41,1783.00,139.00,52.00,149.00,1.0000,-1,-1,-1
48,28,1312.00,103.00,34.00,110.00,1.0000,-1,-1,-1
48,17,1820.00,174.00,71.00,202.00,1.0000,-1,-1,-1
48,12,1424.00,132.00,48.00,152.00,1.0000,-1,-1,-1
48,16,1791.00,161.00,64.00,184.00,1.0000,-1,-1,-1
48,9,1708.00,176.00,72.00,210.00,1.0000,-1,-1,-1
48,3,1397.00,135.00,49.00,157.00,1.0000,-1,-1,-1
48,6,1550.00,132.00,48.00,148.00,1.0000,-1,-1,-1
48,13,1351.00,132.00,47.00,156.00,1.0000,-1,-1,-1
49,17,1770.00,169.00,68.00,197.00,1.0000,-1,-1,-1
49,5,1264.00,107.00,36.00,120.00,1.0000,-1,-1,-1
49,3,1373.00,130.00,47.00,151.00,1.0000,-1,-1,-1
49,11,1203.00,117.00,40.00,138.00,1.0000,-1,-1,-1
49,1,1264.00,117.00,40.00,136.00,1.0000,-1,-1,-1
49,9,1684.00,169.00,68.00,199.00,1.0000,-1,-1,-1
49,16,1718.00,154.00,59.00,174.00,1.0000,-1,-1,-1
49,13,1329.00,129.00,47.00,152.00,1.0000,-1,-1,-1
49,43,1761.00,139.00,52.00,150.00,1.0000,-1,-1,-1
49,22,1357.00,103.00,33.00,109.00,1.0000,-1,-1,-1
49,15,1248.00,390.00,174.00,552.00,1.0000,-1,-1,-1
49,6,1592.00,136.00,50.00,151.00,1.0000,-1,-1,-1
49,14,965.00,215.00,83.00,300.00,1.0000,-1,-1,-1
49,12,1402.00,129.00,46.00,147.00,1.0000,-1,-1,-1
49,41,1781.00,139.00,51.00,149.00,1.0000,-1,-1,-1
49,8,1221.00,106.00,35.00,118.00,1.0000,-1,-1,-1
50,11,1183.00,115.00,39.00,137.00,1.0000,-1,-1,-1
50,8,1208.00,104.00,34.00,115.00,1.0000,-1,-1,-1
50,14,882.00,211.00,80.00,299.00,1.0000,-1,-1,-1
50,9,1644.00,165.00,65.00,194.00,1.0000,-1,-1,-1
50,15,1089.00,435.00,189.00,624.00,1.0000,-1,-1,-1
50,43,1761.00,139.00,52.00,150.00,1.0000,-1,-1,-1
50,3,1355.00,127.00,45.00,148.00,1.0000,-1,-1,-1
50,16,1659.00,147.00,56.00,167.00,1.0000,-1,-1,-1
50,12,1385.00,126.00,45.00,143.00,1.0000,-1,-1,-1
50,1,1233.00,115.00,39.00,133.00,1.0000,-1,-1,-1
50,5,1253.00,106.00,35.00,117.00,1.0000,-1,-1,-1
50,13,1300.00,125.00,44.00,146.00,1.0000,-1,-1,-1
50,41,1781.00,139.00,51.00,149.00,1.0000,-1,-1,-1
50,17,1714.00,164.00,66.00,191.00,1.0000,-1,-1,-1
50,6,1648.00,140.00,52.00,157.00,1.0000,-1,-1,-1
51,10,813.00,10.00,78.00,279.00,1.0000,-1,-1,-1
51,6,1216.00,6.00,80.00,308.00,1.0000,-1,-1,-1
51,8,1096.00,9.00,78.00,318.00,1.0000,-1,-1,-1
51,14,869.00,0.00,52.00,195.00,1.0000,-1,-1,-1
51,12,716.00,12.00,83.00,283.00,1.0000,-1,-1,-1
51,1,1137.00,15.00,95.00,379.00,1.0000,-1,-1,-1
51,11,724.00,6.00,68.00,232.00,1.0000,-1,-1,-1
51,5,861.00,5.00,67.00,249.00,1.0000,-1,-1,-1
51,3,857.00,20.00,102.00,374.00,1.0000,-1,-1,-1
51,2,431.00,19.00,105.00,304.00,1.0000,-1,-1,-1
51,17,891.00,8.00,74.00,276.00,1.0000,-1,-1,-1
51,13,1389.00,19.00,127.00,447.00,1.0000,-1,-1,-1
51,19,1330.00,6.00,90.00,331.00,1.0000,-1,-1,-1
51,15,639.00,8.00,73.00,237.00,1.0000,-1,-1,-1
51,4,990.00,10.00,77.00,308.00,1.0000,-1,-1,-1
51,16,553.00,14.00,90.00,279.00,1.0000,-1,-1,-1
51,9,1137.00,0.00,61.00,248.00,1.0000,-1,-1,-1
51,7,1357.00,3.00,83.00,301.00,1.0000,-1,-1,-1
52,11,742.00,6.00,70.00,239.00,1.0000,-1,-1,-1
52,4,1011.00,10.00,78.00,315.00,1.0000,-1,-1,-1
52,16,547.00,14.00,91.00,279.00,1.0000,-1,-1,-1
52,2,439.00,19.00,105.00,306.00,1.0000,-1,-1,-1
52,3,808.00,21.00,107.00,383.00,1.0000,-1,-1,-1
52,7,1404.00,3.00,87.00,308.00,1.0000,-1,-1,-1
52,14,907.00,0.00,54.00,203.00,1.0000,-1,-1,-1
52,1,1213.00,12.00,93.00,360.00,1.0000,-1,-1,-1
52,17,895.00,9.00,77.00,288.00,1.0000,-1,-1,-1
52,15,628.00,9.00,76.00,244.00,1.0000,-1,-1,-1
52,13,1444.00,26.00,151.00,514.00,1.0000,-1,-1,-1
52,12,713.00,12.00,84.00,283.00,1.0000,-1,-1,-1
52,18,1228.00,7.00,84.00,324.00,1.0000,-1,-1,-1
52,6,1183.00,9.00,86.00,334.00,1.0000,-1,-1,-1
52,10,830.00,10.00,80.00,290.00,1.0000,-1,-1,-1
52,9,1214.00,1.00,67.00,263.00,1.0000,-1,-1,-1
52,5,895.00,5.00,67.00,251.00,1.0000,-1,-1,-1
52,8,1110.00,9.00,78.00,316.00,1.0000,-1,-1,-1
53,1,1312.00,8.00,92.00,341.00,1.0000,-1,-1,-1
53,2,439.00,19.00,105.00,306.00,1.0000,-1,-1,-1
53,3,754.00,26.00,121.00,417.00,1.0000,-1,-1,-1
53,4,996.00,10.00,78.00,313.00,1.0000,-1,-1,-1
53,5,893.00,6.00,70.00,261.00,1.0000,-1,-1,-1
53,6,1150.00,13.00,90.00,358.00,1.0000,-1,-1,-1
53,7,1465.00,2.00,91.00,318.00,1.0000,-1,-1,-1
53,8,1114.00,9.00,78.00,317.00,1.0000,-1,-1,-1
53,9,1242.00,2.00,72.00,278.00,1.0000,-1,-1,-1
53,10,862.00,10.00,80.00,293.00,1.0000,-1,-1,-1
53,11,745.00,7.00,71.00,244.00,1.0000,-1,-1,-1
53,12,713.00,12.00,84.00,283.00,1.0000,-1,-1,-1
53,13,1504.00,34.00,180.00,592.00,1.0000,-1,-1,-1
53,14,911.00,1.00,57.00,216.00,1.0000,-1,-1,-1
53,15,601.00,10.00,80.00,255.00,1.0000,-1,-1,-1
53,16,547.00,14.00,91.00,279.00,1.0000,-1,-1,-1
53,17,876.00,10.00,79.00,292.00,1.0000,-1,-1,-1
54,16,547.00,14.00,91.00,279.00,1.0000,-1,-1,-1
54,14,947.00,1.00,57.00,221.00,1.0000,-1,-1,-1
54,17,882.00,11.00,82.00,304.00,1.0000,-1,-1,-1
54,2,431.00,20.00,106.00,310.00,1.0000,-1,-1,-1
54,20,723.00,3.00,60.00,205.00,1.0000,-1,-1,-1
54,12,716.00,12.00,84.00,284.00,1.0000,-1,-1,-1
54,10,814.00,16.00,93.00,334.00,1.0000,-1,-1,-1
54,1,1395.00,7.00,98.00,348.00,1.0000,-1,-1,-1
54,11,736.00,8.00,74.00,253.00,1.0000,-1,-1,-1
54,5,896.00,7.00,71.00,268.00,1.0000,-1,-1,-1
54,18,773.00,2.00,59.00,209.00,1.0000,-1,-1,-1
54,4,990.00,13.00,85.00,339.00,1.0000,-1,-1,-1
54,13,1637.00,37.00,207.00,646.00,1.0000,-1,-1,-1
54,3,666.00,29.00,130.00,429.00,1.0000,-1,-1,-1
54,7,1438.00,4.00,93.00,331.00,1.0000,-1,-1,-1
54,6,1169.00,15.00,96.00,377.00,1.0000,-1,-1,-1
54,8,1110.00,9.00,78.00,316.00,1.0000,-1,-1,-1
54,15,606.00,11.00,82.00,260.00,1.0000,-1,-1,-1
54,9,1254.00,2.00,73.00,280.00,1.0000,-1,-1,-1
55,6,1213.00,20.00,112.00,428.00,1.0000,-1,-1,-1
55,2,434.00,20.00,106.00,310.00,1.0000,-1,-1,-1
55,15,574.00,12.00,85.00,265.00,1.0000,-1,-1,-1
55,3,544.00,32.00,142.00,438.00,1.0000,-1,-1,-1
55,9,1308.00,3.00,79.00,294.00,1.0000,-1,-1,-1
55,14,949.00,2.00,60.00,233.00,1.0000,-1,-1,-1
55,20,707.00,4.00,63.00,213.00,1.0000,-1,-1,-1
55,7,1479.00,11.00,116.00,397.00,1.0000,-1,-1,-1
55,11,699.00,10.00,78.00,262.00,1.0000,-1,-1,-1
55,13,1752.00,54.00,276.00,803.00,1.0000,-1,-1,-1
55,17,887.00,11.00,81.00,306.00,1.0000,-1,-1,-1
55,16,550.00,14.00,91.00,280.00,1.0000,-1,-1,-1
55,8,1095.00,14.00,88.00,359.00,1.0000,-1,-1,-1
55,12,713.00,12.00,84.00,283.00,1.0000,-1,-1,-1
55,5,940.00,7.00,71.00,275.00,1.0000,-1,-1,-1
55,18,804.00,2.00,60.00,211.00,1.0000,-1,-1,-1
55,19,1475.00,12.00,117.00,403.00,1.0000,-1,-1,-1
55,4,980.00,15.00,89.00,351.00,1.0000,-1,-1,-1
55,10,804.00,18.00,99.00,352.00,1.0000,-1,-1,-1
56,10,760.00,21.00,107.00,373.00,1.0000,-1,-1,-1
56,8,1121.00,14.00,90.00,362.00,1.0000,-1,-1,-1
56,17,873.00,13.00,86.00,317.00,1.0000,-1,-1,-1
56,15,557.00,13.00,87.00,269.00,1.0000,-1,-1,-1
56,3,421.00,36.00,159.00,460.00,1.0000,-1,-1,-1
56,9,1354.00,3.00,83.00,305.00,1.0000,-1,-1,-1
56,5,950.00,8.00,73.00,282.00,1.0000,-1,-1,-1
56,13,1837.00,55.00,292.00,822.00,1.0000,-1,-1,-1
56,2,439.00,20.00,107.00,311.00,1.0000,-1,-1,-1
56,6,1274.00,22.00,123.00,454.00,1.0000,-1,-1,-1
56,21,790.00,1.00,57.00,203.00,1.0000,-1,-1,-1
56,12,713.00,12.00,84.00,283.00,1.0000,-1,-1,-1
56,19,1676.00,18.00,156.00,488.00,1.0000,-1,-1,-1
56,4,949.00,17.00,93.00,362.00,1.0000,-1,-1,-1
56,11,686.00,10.00,80.00,265.00,1.0000,-1,-1,-1
56,18,816.00,3.00,60.00,217.00,1.0000,-1,-1,-1
56,7,1450.00,12.00,113.00,395.00,1.0000,-1,-1,-1
56,14,947.00,4.00,63.00,245.00,1.0000,-1,-1,-1
56,20,734.00,5.00,66.00,223.00,1.0000,-1,-1,-1
56,16,547.00,14.00,91.00,279.00,1.0000,-1,-1,-1
57,4,944.00,20.00,101.00,394.00,1.0000,-1,-1,-1
57,18,835.00,3.00,62.00,227.00,1.0000,-1,-1,-1
57,15,557.00,13.00,87.00,269.00,1.0000,-1,-1,-1
57,8,1096.00,16.00,93.00,375.00,1.0000,-1,-1,-1
57,5,883.00,10.00,78.00,290.00,1.0000,-1,-1,-1
57,3,300.00,40.00,174.00,475.00,1.0000,-1,-1,-1
57,10,706.00,23.00,115.00,386.00,1.0000,-1,-1,-1
57,21,819.00,1.00,57.00,207.00,1.0000,-1,-1,-1
57,14,915.00,6.00,68.00,261.00,1.0000,-1,-1,-1
57,22,895.00,13.00,85.00,319.00,1.0000,-1,-1,-1
57,12,716.00,12.00,84.00,284.00,1.0000,-1,-1,-1
57,19,1744.00,27.00,191.00,577.00,1.0000,-1,-1,-1
57,2,436.00,20.00,107.00,312.00,1.0000,-1,-1,-1
57,16,550.00,14.00,91.00,280.00,1.0000,-1,-1,-1
57,11,674.00,11.00,81.00,266.00,1.0000,-1,-1,-1
57,6,1379.00,26.00,145.00,508.00,1.0000,-1,-1,-1
57,9,1418.00,7.00,98.00,348.00,1.0000,-1,-1,-1
57,20,739.00,6.00,69.00,234.00,1.0000,-1,-1,-1
57,7,1457.00,12.00,116.00,402.00,1.0000,-1,-1,-1
58,10,702.00,25.00,119.00,398.00,1.0000,-1,-1,-1
58,14,922.00,7.00,72.00,276.00,1.0000,-1,-1,-1
58,20,738.00,7.00,71.00,244.00,1.0000,-1,-1,-1
58,2,428.00,20.00,108.00,316.00,1.0000,-1,-1,-1
58,3,199.00,45.00,194.00,506.00,1.0000,-1,-1,-1
58,5,871.00,10.00,79.00,293.00,1.0000,-1,-1,-1
58,4,898.00,23.00,108.00,407.00,1.0000,-1,-1,-1
58,22,936.00,13.00,84.00,324.00,1.0000,-1,-1,-1
58,19,1780.00,38.00,228.00,673.00,1.0000,-1,-1,-1
58,7,1535.00,28.00,166.00,546.00,1.0000,-1,-1,-1
58,12,716.00,12.00,85.00,285.00,1.0000,-1,-1,-1
58,6,1428.00,32.00,167.00,569.00,1.0000,-1,-1,-1
58,11,702.00,10.00,80.00,270.00,1.0000,-1,-1,-1
58,15,555.00,13.00,86.00,269.00,1.0000,-1,-1,-1
58,18,869.00,3.00,62.00,233.00,1.0000,-1,-1,-1
58,9,1460.00,7.00,101.00,352.00,1.0000,-1,-1,-1
58,8,1112.00,22.00,107.00,430.00,1.0000,-1,-1,-1
58,21,853.00,2.00,58.00,214.00,1.0000,-1,-1,-1
58,16,547.00,14.00,91.00,280.00,1.0000,-1,-1,-1
59,20,786.00,7.00,70.00,248.00,1.0000,-1,-1,-1
59,23,678.00,4.00,64.00,212.00,1.0000,-1,-1,-1
59,2,425.00,20.00,109.00,315.00,1.0000,-1,-1,-1
59,15,557.00,13.00,87.00,269.00,1.0000,-1,-1,-1
59,21,869.00,2.00,60.00,223.00,1.0000,-1,-1,-1
59,22,897.00,15.00,89.00,335.00,1.0000,-1,-1,-1
59,12,716.00,12.00,85.00,285.00,1.0000,-1,-1,-1
59,10,632.00,33.00,141.00,455.00,1.0000,-1,-1,-1
59,9,1602.00,11.00,126.00,410.00,1.0000,-1,-1,-1
59,4,853.00,26.00,116.00,428.00,1.0000,-1,-1,-1
59,3,120.00,49.00,208.00,527.00,1.0000,-1,-1,-1
59,18,870.00,5.00,66.00,243.00,1.0000,-1,-1,-1
59,11,705.00,10.00,80.00,271.00,1.0000,-1,-1,-1
59,5,846.00,12.00,84.00,308.00,1.0000,-1,-1,-1
59,14,1023.00,7.00,71.00,289.00,1.0000,-1,-1,-1
59,6,1509.00,40.00,198.00,649.00,1.0000,-1,-1,-1
59,8,1077.00,25.00,113.00,454.00,1.0000,-1,-1,-1
59,16,547.00,14.00,91.00,280.00,1.0000,-1,-1,-1
59,7,1643.00,42.00,220.00,681.00,1.0000,-1,-1,-1
60,16,550.00,14.00,91.00,281.00,1.0000,-1,-1,-1
60,4,814.00,31.00,131.00,468.00,1.0000,-1,-1,-1
60,9,1699.00,13.00,143.00,448.00,1.0000,-1,-1,-1
60,15,571.00,13.00,86.00,270.00,1.0000,-1,-1,-1
60,2,421.00,20.00,109.00,316.00,1.0000,-1,-1,-1
60,22,900.00,14.00,89.00,336.00,1.0000,-1,-1,-1
60,6,1582.00,62.00,274.00,846.00,1.0000,-1,-1,-1
60,8,1027.00,30.00,124.00,491.00,1.0000,-1,-1,-1
60,24,874.00,12.00,83.00,311.00,1.0000,-1,-1,-1
60,20,811.00,7.00,71.00,254.00,1.0000,-1,-1,-1
60,10,589.00,36.00,153.00,483.00,1.0000,-1,-1,-1
60,12,716.00,12.00,85.00,285.00,1.0000,-1,-1,-1
60,14,1011.00,9.00,74.00,301.00,1.0000,-1,-1,-1
60,11,702.00,10.00,80.00,270.00,1.0000,-1,-1,-1
60,21,877.00,3.00,62.00,232.00,1.0000,-1,-1,-1
60,7,1754.00,44.00,245.00,722.00,1.0000,-1,-1,-1
60,23,665.00,5.00,66.00,216.00,1.0000,-1,-1,-1
60,18,964.00,4.00,64.00,252.00,1.0000,-1,-1,-1
61,5,719.00,20.00,105.00,355.00,1.0000,-1,-1,-1
61,9,1843.00,32.00,217.00,628.00,1.0000,-1,-1,-1
61,15,595.00,12.00,86.00,271.00,1.0000,-1,-1,-1
61,11,811.00,8.00,74.00,263.00,1.0000,-1,-1,-1
61,16,575.00,14.00,90.00,281.00,1.0000,-1,-1,-1
61,18,998.00,5.00,66.00,264.00,1.0000,-1,-1,-1
61,10,544.00,41.00,169.00,519.00,1.0000,-1,-1,-1
61,14,1056.00,10.00,79.00,323.00,1.0000,-1,-1,-1
61,4,744.00,41.00,158.00,545.00,1.0000,-1,-1,-1
61,21,884.00,4.00,65.00,239.00,1.0000,-1,-1,-1
61,12,761.00,11.00,82.00,282.00,1.0000,-1,-1,-1
61,24,420.00,36.00,156.00,452.00,1.0000,-1,-1,-1
61,25,768.00,2.00,58.00,202.00,1.0000,-1,-1,-1
61,23,603.00,8.00,73.00,231.00,1.0000,-1,-1,-1
61,8,987.00,40.00,145.00,569.00,1.0000,-1,-1,-1
62,14,1080.00,13.00,85.00,348.00,1.0000,-1,-1,-1
62,9,1883.00,31.00,220.00,628.00,1.0000,-1,-1,-1
62,8,905.00,50.00,169.00,642.00,1.0000,-1,-1,-1
62,21,886.00,5.00,66.00,246.00,1.0000,-1,-1,-1
62,16,575.00,14.00,90.00,281.00,1.0000,-1,-1,-1
62,25,739.00,3.00,62.00,214.00,1.0000,-1,-1,-1
62,11,783.00,8.00,75.00,265.00,1.0000,-1,-1,-1
62,5,684.00,21.00,110.00,364.00,1.0000,-1,-1,-1
62,10,413.00,51.00,202.00,583.00,1.0000,-1,-1,-1
62,24,353.00,42.00,177.00,498.00,1.0000,-1,-1,-1
62,15,584.00,12.00,87.00,271.00,1.0000,-1,-1,-1
62,26,749.00,2.00,58.00,202.00,1.0000,-1,-1,-1
62,12,761.00,11.00,82.00,282.00,1.0000,-1,-1,-1
62,18,989.00,5.00,66.00,263.00,1.0000,-1,-1,-1
62,4,651.00,49.00,185.00,605.00,1.0000,-1,-1,-1
62,23,603.00,8.00,73.00,231.00,1.0000,-1,-1,-1
63,25,779.00,3.00,62.00,218.00,1.0000,-1,-1,-1
63,4,572.00,56.00,206.00,647.00,1.0000,-1,-1,-1
63,18,957.00,8.00,72.00,283.00,1.0000,-1,-1,-1
63,16,575.00,14.00,90.00,281.00,1.0000,-1,-1,-1
63,11,783.00,8.00,75.00,265.00,1.0000,-1,-1,-1
63,24,299.00,45.00,189.00,516.00,1.0000,-1,-1,-1
63,14,1083.00,15.00,91.00,372.00,1.0000,-1,-1,-1
63,15,584.00,12.00,87.00,271.00,1.0000,-1,-1,-1
63,26,699.00,4.00,63.00,211.00,1.0000,-1,-1,-1
63,21,869.00,6.00,70.00,258.00,1.0000,-1,-1,-1
63,10,317.00,57.00,227.00,626.00,1.0000,-1,-1,-1
63,23,501.00,13.00,86.00,260.00,1.0000,-1,-1,-1
63,8,831.00,59.00,195.00,706.00,1.0000,-1,-1,-1
63,12,761.00,11.00,82.00,282.00,1.0000,-1,-1,-1
64,8,704.00,70.00,232.00,781.00,1.0000,-1,-1,-1
64,26,665.00,6.00,67.00,221.00,1.0000,-1,-1,-1
64,16,575.00,14.00,90.00,281.00,1.0000,-1,-1,-1
64,11,783.00,8.00,75.00,265.00,1.0000,-1,-1,-1
64,21,878.00,8.00,72.00,271.00,1.0000,-1,-1,-1
64,18,990.00,9.00,74.00,298.00,1.0000,-1,-1,-1
64,14,1103.00,17.00,96.00,389.00,1.0000,-1,-1,-1
64,25,796.00,4.00,64.00,227.00,1.0000,-1,-1,-1
64,23,417.00,16.00,97.00,280.00,1.0000,-1,-1,-1
64,10,187.00,68.00,269.00,701.00,1.0000,-1,-1,-1
64,24,196.00,51.00,211.00,550.00,1.0000,-1,-1,-1
64,4,486.00,63.00,233.00,698.00,1.0000,-1,-1,-1
64,12,761.00,11.00,82.00,282.00,1.0000,-1,-1,-1
64,15,601.00,12.00,85.00,269.00,1.0000,-1,-1,-1
65,15,601.00,12.00,85.00,269.00,1.0000,-1,-1,-1
65,8,561.00,85.00,285.00,889.00,1.0000,-1,-1,-1
65,25,811.00,5.00,67.00,238.00,1.0000,-1,-1,-1
65,16,575.00,14.00,90.00,281.00,1.0000,-1,-1,-1
65,14,1126.00,20.00,105.00,415.00,1.0000,-1,-1,-1
65,21,879.00,9.00,77.00,286.00,1.0000,-1,-1,-1
65,23,368.00,19.00,104.00,294.00,1.0000,-1,-1,-1
65,10,6.00,70.00,286.00,691.00,1.0000,-1,-1,-1
65,11,783.00,8.00,75.00,265.00,1.0000,-1,-1,-1
65,4,292.00,80.00,298.00,814.00,1.0000,-1,-1,-1
65,18,1013.00,11.00,79.00,318.00,1.0000,-1,-1,-1
65,24,31.00,78.00,311.00,759.00,1.0000,-1,-1,-1
65,12,761.00,11.00,82.00,282.00,1.0000,-1,-1,-1
65,26,605.00,8.00,74.00,234.00,1.0000,-1,-1,-1
66,4,122.00,95.00,361.00,919.00,1.0000,-1,-1,-1
66,23,270.00,23.00,117.00,315.00,1.0000,-1,-1,-1
66,15,601.00,12.00,85.00,269.00,1.0000,-1,-1,-1
66,26,573.00,10.00,78.00,243.00,1.0000,-1,-1,-1
66,16,575.00,14.00,90.00,281.00,1.0000,-1,-1,-1
66,18,1035.00,13.00,84.00,338.00,1.0000,-1,-1,-1
66,8,421.00,99.00,338.00,983.00,1.0000,-1,-1,-1
66,14,1113.00,28.00,122.00,482.00,1.0000,-1,-1,-1
66,12,755.00,11.00,82.00,282.00,1.0000,-1,-1,-1
66,1,1176.00,10.00,87.00,343.00,1.0000,-1,-1,-1
66,25,827.00,6.00,70.00,253.00,1.0000,-1,-1,-1
66,11,723.00,10.00,79.00,268.00,1.0000,-1,-1,-1
66,21,902.00,10.00,78.00,293.00,1.0000,-1,-1,-1
67,1,1224.00,12.00,94.00,360.00,1.0000,-1,-1,-1
67,25,851.00,7.00,73.00,267.00,1.0000,-1,-1,-1
67,12,747.00,11.00,82.00,283.00,1.0000,-1,-1,-1
67,16,573.00,14.00,89.00,281.00,1.0000,-1,-1,-1
67,2,226.00,26.00,127.00,337.00,1.0000,-1,-1,-1
67,8,130.00,113.00,417.00,1065.00,1.0000,-1,-1,-1
67,14,1132.00,29.00,128.00,501.00,1.0000,-1,-1,-1
67,26,465.00,14.00,89.00,262.00,1.0000,-1,-1,-1
67,15,601.00,12.00,84.00,268.00,1.0000,-1,-1,-1
67,11,720.00,10.00,79.00,267.00,1.0000,-1,-1,-1
67,18,1070.00,15.00,88.00,361.00,1.0000,-1,-1,-1
67,21,909.00,12.00,83.00,315.00,1.0000,-1,-1,-1
68,18,1089.00,17.00,95.00,387.00,1.0000,-1,-1,-1
68,11,717.00,10.00,80.00,268.00,1.0000,-1,-1,-1
68,15,598.00,12.00,85.00,268.00,1.0000,-1,-1,-1
68,2,147.00,29.00,139.00,354.00,1.0000,-1,-1,-1
68,21,912.00,14.00,88.00,337.00,1.0000,-1,-1,-1
68,1,1242.00,13.00,99.00,375.00,1.0000,-1,-1,-1
68,12,717.00,12.00,84.00,286.00,1.0000,-1,-1,-1
68,25,852.00,9.00,76.00,282.00,1.0000,-1,-1,-1
68,16,575.00,14.00,90.00,280.00,1.0000,-1,-1,-1
68,14,1105.00,36.00,139.00,549.00,1.0000,-1,-1,-1
68,26,415.00,16.00,95.00,274.00,1.0000,-1,-1,-1
69,18,1142.00,19.00,104.00,412.00,1.0000,-1,-1,-1
69,16,575.00,14.00,90.00,281.00,1.0000,-1,-1,-1
69,12,759.00,11.00,82.00,284.00,1.0000,-1,-1,-1
69,14,1044.00,45.00,158.00,618.00,1.0000,-1,-1,-1
69,2,41.00,51.00,218.00,533.00,1.0000,-1,-1,-1
69,11,720.00,10.00,79.00,267.00,1.0000,-1,-1,-1
69,5,531.00,49.00,191.00,585.00,1.0000,-1,-1,-1
69,26,350.00,18.00,103.00,289.00,1.0000,-1,-1,-1
69,15,598.00,12.00,85.00,268.00,1.0000,-1,-1,-1
69,1,1299.00,15.00,109.00,403.00,1.0000,-1,-1,-1
69,25,826.00,10.00,81.00,289.00,1.0000,-1,-1,-1
69,13,838.00,0.00,54.00,196.00,1.0000,-1,-1,-1
69,21,867.00,18.00,98.00,363.00,1.0000,-1,-1,-1
70,15,595.00,12.00,85.00,268.00,1.0000,-1,-1,-1
70,13,878.00,1.00,56.00,207.00,1.0000,-1,-1,-1
70,21,818.00,22.00,108.00,387.00,1.0000,-1,-1,-1
70,26,271.00,21.00,112.00,304.00,1.0000,-1,-1,-1
70,11,720.00,10.00,79.00,267.00,1.0000,-1,-1,-1
70,12,759.00,11.00,82.00,284.00,1.0000,-1,-1,-1
70,18,1174.00,23.00,117.00,450.00,1.0000,-1,-1,-1
70,5,452.00,55.00,212.00,626.00,1.0000,-1,-1,-1
70,1,1352.00,19.00,124.00,444.00,1.0000,-1,-1,-1
70,16,561.00,14.00,90.00,279.00,1.0000,-1,-1,-1
70,25,775.00,15.00,92.00,321.00,1.0000,-1,-1,-1
70,14,967.00,56.00,184.00,702.00,1.0000,-1,-1,-1
71,18,1217.00,27.00,129.00,489.00,1.0000,-1,-1,-1
71,13,914.00,1.00,56.00,216.00,1.0000,-1,-1,-1
71,12,711.00,13.00,86.00,291.00,1.0000,-1,-1,-1
71,15,622.00,12.00,84.00,268.00,1.0000,-1,-1,-1
71,1,1370.00,22.00,133.00,473.00,1.0000,-1,-1,-1
71,5,356.00,65.00,249.00,700.00,1.0000,-1,-1,-1
71,11,731.00,10.00,78.00,268.00,1.0000,-1,-1,-1
71,14,878.00,73.00,224.00,830.00,1.0000,-1,-1,-1
71,21,746.00,26.00,121.00,417.00,1.0000,-1,-1,-1
71,16,544.00,14.00,91.00,279.00,1.0000,-1,-1,-1
71,26,231.00,22.00,114.00,304.00,1.0000,-1,-1,-1
71,25,675.00,19.00,104.00,341.00,1.0000,-1,-1,-1
72,11,742.00,10.00,79.00,273.00,1.0000,-1,-1,-1
72,16,547.00,14.00,91.00,279.00,1.0000,-1,-1,-1
72,12,743.00,13.00,86.00,297.00,1.0000,-1,-1,-1
72,25,613.00,22.00,111.00,355.00,1.0000,-1,-1,-1
72,5,313.00,72.00,271.00,747.00,1.0000,-1,-1,-1
72,26,218.00,22.00,114.00,302.00,1.0000,-1,-1,-1
72,14,755.00,91.00,277.00,962.00,1.0000,-1,-1,-1
72,1,1470.00,27.00,157.00,527.00,1.0000,-1,-1,-1
72,18,1282.00,34.00,154.00,562.00,1.0000,-1,-1,-1
72,21,660.00,31.00,136.00,448.00,1.0000,-1,-1,-1
72,13,944.00,2.00,58.00,226.00,1.0000,-1,-1,-1
72,15,590.00,13.00,86.00,272.00,1.0000,-1,-1,-1
73,5,141.00,87.00,334.00,855.00,1.0000,-1,-1,-1
73,1,1572.00,29.00,175.00,562.00,1.0000,-1,-1,-1
73,3,766.00,4.00,63.00,218.00,1.0000,-1,-1,-1
73,16,535.00,15.00,92.00,283.00,1.0000,-1,-1,-1
73,21,589.00,37.00,153.00,484.00,1.0000,-1,-1,-1
73,14,507.00,139.00,429.00,1308.00,1.0000,-1,-1,-1
73,12,751.00,14.00,89.00,307.00,1.0000,-1,-1,-1
73,15,595.00,13.00,87.00,273.00,1.0000,-1,-1,-1
73,26,150.00,24.00,120.00,305.00,1.0000,-1,-1,-1
73,11,761.00,10.00,80.00,277.00,1.0000,-1,-1,-1
73,25,494.00,26.00,125.00,374.00,1.0000,-1,-1,-1
73,13,979.00,2.00,60.00,238.00,1.0000,-1,-1,-1
73,18,1319.00,38.00,169.00,602.00,1.0000,-1,-1,-1
74,12,741.00,15.00,93.00,318.00,1.0000,-1,-1,-1
74,1,1716.00,33.00,205.00,620.00,1.0000,-1,-1,-1
74,25,398.00,29.00,136.00,388.00,1.0000,-1,-1,-1
74,3,797.00,4.00,64.00,228.00,1.0000,-1,-1,-1
74,21,423.00,49.00,197.00,570.00,1.0000,-1,-1,-1
74,18,1384.00,44.00,194.00,667.00,1.0000,-1,-1,-1
74,15,573.00,13.00,88.00,276.00,1.0000,-1,-1,-1
74,16,538.00,15.00,92.00,283.00,1.0000,-1,-1,-1
74,13,986.00,4.00,63.00,254.00,1.0000,-1,-1,-1
74,11,727.00,11.00,84.00,284.00,1.0000,-1,-1,-1
74,26,171.00,24.00,119.00,308.00,1.0000,-1,-1,-1
75,18,1445.00,57.00,238.00,782.00,1.0000,-1,-1,-1
75,21,305.00,57.00,227.00,623.00,1.0000,-1,-1,-1
75,1,1821.00,41.00,244.00,703.00,1.0000,-1,-1,-1
75,26,176.00,24.00,120.00,309.00,1.0000,-1,-1,-1
75,25,287.00,33.00,150.00,407.00,1.0000,-1,-1,-1
75,13,1035.00,5.00,66.00,270.00,1.0000,-1,-1,-1
75,3,830.00,5.00,66.00,238.00,1.0000,-1,-1,-1
75,12,727.00,17.00,98.00,332.00,1.0000,-1,-1,-1
75,15,581.00,13.00,89.00,280.00,1.0000,-1,-1,-1
75,11,695.00,13.00,87.00,290.00,1.0000,-1,-1,-1
75,16,535.00,15.00,93.00,284.00,1.0000,-1,-1,-1
76,11,678.00,13.00,88.00,292.00,1.0000,-1,-1,-1
76,15,615.00,14.00,90.00,284.00,1.0000,-1,-1,-1
76,12,742.00,17.00,97.00,334.00,1.0000,-1,-1,-1
76,18,1557.00,70.00,294.00,908.00,1.0000,-1,-1,-1
76,26,130.00,25.00,124.00,312.00,1.0000,-1,-1,-1
76,16,514.00,15.00,94.00,286.00,1.0000,-1,-1,-1
76,21,121.00,71.00,283.00,718.00,1.0000,-1,-1,-1
76,1,1909.00,51.00,297.00,802.00,1.0000,-1,-1,-1
76,3,865.00,6.00,69.00,252.00,1.0000,-1,-1,-1
76,6,837.00,0.00,52.00,188.00,1.0000,-1,-1,-1
76,25,142.00,37.00,168.00,426.00,1.0000,-1,-1,-1
76,13,1069.00,6.00,69.00,283.00,1.0000,-1,-1,-1
77,26,143.00,25.00,123.00,314.00,1.0000,-1,-1,-1
77,12,745.00,18.00,99.00,341.00,1.0000,-1,-1,-1
77,6,818.00,0.00,54.00,195.00,1.0000,-1,-1,-1
77,15,619.00,14.00,89.00,288.00,1.0000,-1,-1,-1
77,13,1128.00,6.00,74.00,298.00,1.0000,-1,-1,-1
77,11,666.00,15.00,91.00,301.00,1.0000,-1,-1,-1
77,18,1681.00,88.00,372.00,1071.00,1.0000,-1,-1,-1
77,3,885.00,7.00,71.00,265.00,1.0000,-1,-1,-1
77,16,506.00,16.00,97.00,292.00,1.0000,-1,-1,-1
78,16,505.00,17.00,98.00,294.00,1.0000,-1,-1,-1
78,6,832.00,1.00,56.00,200.00,1.0000,-1,-1,-1
78,3,916.00,8.00,74.00,286.00,1.0000,-1,-1,-1
78,4,879.00,0.00,52.00,192.00,1.0000,-1,-1,-1
78,13,1166.00,8.00,79.00,315.00,1.0000,-1,-1,-1
78,15,622.00,14.00,90.00,291.00,1.0000,-1,-1,-1
78,11,669.00,15.00,91.00,301.00,1.0000,-1,-1,-1
78,18,1815.00,97.00,443.00,1157.00,1.0000,-1,-1,-1
78,26,166.00,24.00,121.00,312.00,1.0000,-1,-1,-1
78,12,745.00,18.00,99.00,341.00,1.0000,-1,-1,-1
79,7,761.00,2.00,58.00,199.00,1.0000,-1,-1,-1
79,26,175.00,23.00,118.00,303.00,1.0000,-1,-1,-1
79,12,745.00,18.00,99.00,341.00,1.0000,-1,-1,-1
79,13,1209.00,8.00,85.00,329.00,1.0000,-1,-1,-1
79,11,678.00,15.00,94.00,312.00,1.0000,-1,-1,-1
79,15,631.00,14.00,90.00,292.00,1.0000,-1,-1,-1
79,4,915.00,0.00,53.00,201.00,1.0000,-1,-1,-1
79,3,960.00,9.00,76.00,295.00,1.0000,-1,-1,-1
79,6,848.00,1.00,57.00,205.00,1.0000,-1,-1,-1
79,16,526.00,16.00,97.00,298.00,1.0000,-1,-1,-1
80,26,178.00,23.00,117.00,304.00,1.0000,-1,-1,-1
80,16,526.00,16.00,97.00,298.00,1.0000,-1,-1,-1
80,12,746.00,18.00,99.00,342.00,1.0000,-1,-1,-1
80,3,994.00,11.00,80.00,321.00,1.0000,-1,-1,-1
80,13,1249.00,11.00,95.00,357.00,1.0000,-1,-1,-1
80,7,764.00,2.00,60.00,208.00,1.0000,-1,-1,-1
80,6,848.00,2.00,58.00,212.00,1.0000,-1,-1,-1
80,11,687.00,15.00,94.00,313.00,1.0000,-1,-1,-1
80,4,948.00,0.00,55.00,212.00,1.0000,-1,-1,-1
80,15,610.00,15.00,94.00,298.00,1.0000,-1,-1,-1
81,16,525.00,18.00,103.00,315.00,1.0000,-1,-1,-1
81,13,1283.00,16.00,110.00,408.00,1.0000,-1,-1,-1
81,3,1043.00,15.00,88.00,358.00,1.0000,-1,-1,-1
81,4,957.00,1.00,57.00,222.00,1.0000,-1,-1,-1
81,15,601.00,16.00,95.00,302.00,1.0000,-1,-1,-1
81,6,852.00,2.00,60.00,221.00,1.0000,-1,-1,-1
81,25,55.00,29.00,137.00,336.00,1.0000,-1,-1,-1
81,7,773.00,4.00,63.00,218.00,1.0000,-1,-1,-1
81,12,742.00,18.00,100.00,341.00,1.0000,-1,-1,-1
81,11,700.00,15.00,93.00,312.00,1.0000,-1,-1,-1
81,26,196.00,22.00,115.00,300.00,1.0000,-1,-1,-1
82,12,705.00,20.00,106.00,358.00,1.0000,-1,-1,-1
82,26,196.00,22.00,115.00,300.00,1.0000,-1,-1,-1
82,11,690.00,16.00,96.00,321.00,1.0000,-1,-1,-1
82,3,1089.00,16.00,93.00,376.00,1.0000,-1,-1,-1
82,16,518.00,19.00,104.00,316.00,1.0000,-1,-1,-1
82,15,601.00,16.00,95.00,302.00,1.0000,-1,-1,-1
82,4,1007.00,2.00,58.00,236.00,1.0000,-1,-1,-1
82,6,852.00,3.00,62.00,228.00,1.0000,-1,-1,-1
82,7,792.00,4.00,64.00,225.00,1.0000,-1,-1,-1
82,2,825.00,0.00,54.00,195.00,1.0000,-1,-1,-1
82,25,72.00,28.00,133.00,330.00,1.0000,-1,-1,-1
82,13,1340.00,18.00,121.00,434.00,1.0000,-1,-1,-1
83,13,1426.00,21.00,136.00,470.00,1.0000,-1,-1,-1
83,2,854.00,0.00,55.00,202.00,1.0000,-1,-1,-1
83,3,1152.00,19.00,105.00,414.00,1.0000,-1,-1,-1
83,11,646.00,18.00,102.00,333.00,1.0000,-1,-1,-1
83,6,882.00,4.00,64.00,237.00,1.0000,-1,-1,-1
83,15,589.00,16.00,96.00,302.00,1.0000,-1,-1,-1
83,8,789.00,1.00,56.00,197.00,1.0000,-1,-1,-1
83,4,1013.00,3.00,61.00,249.00,1.0000,-1,-1,-1
83,25,77.00,28.00,134.00,331.00,1.0000,-1,-1,-1
83,26,196.00,22.00,115.00,300.00,1.0000,-1,-1,-1
83,12,699.00,21.00,109.00,363.00,1.0000,-1,-1,-1
83,16,497.00,21.00,110.00,329.00,1.0000,-1,-1,-1
83,7,800.00,5.00,67.00,237.00,1.0000,-1,-1,-1
84,8,756.00,3.00,61.00,208.00,1.0000,-1,-1,-1
84,2,879.00,1.00,56.00,208.00,1.0000,-1,-1,-1
84,25,89.00,27.00,131.00,326.00,1.0000,-1,-1,-1
84,7,780.00,7.00,72.00,251.00,1.0000,-1,-1,-1
84,13,1508.00,26.00,160.00,532.00,1.0000,-1,-1,-1
84,15,582.00,18.00,101.00,317.00,1.0000,-1,-1,-1
84,16,478.00,22.00,113.00,337.00,1.0000,-1,-1,-1
84,4,1016.00,5.00,66.00,267.00,1.0000,-1,-1,-1
84,3,1211.00,24.00,121.00,460.00,1.0000,-1,-1,-1
84,26,196.00,22.00,115.00,300.00,1.0000,-1,-1,-1
84,12,686.00,24.00,115.00,384.00,1.0000,-1,-1,-1
84,11,620.00,21.00,109.00,348.00,1.0000,-1,-1,-1
84,6,873.00,5.00,66.00,248.00,1.0000,-1,-1,-1
85,3,1292.00,30.00,146.00,533.00,1.0000,-1,-1,-1
85,6,887.00,6.00,69.00,260.00,1.0000,-1,-1,-1
85,16,433.00,24.00,121.00,350.00,1.0000,-1,-1,-1
85,2,910.00,1.00,56.00,214.00,1.0000,-1,-1,-1
85,15,566.00,18.00,103.00,321.00,1.0000,-1,-1,-1
85,25,92.00,27.00,130.00,326.00,1.0000,-1,-1,-1
85,11,584.00,23.00,115.00,361.00,1.0000,-1,-1,-1
85,12,689.00,25.00,119.00,397.00,1.0000,-1,-1,-1
85,13,1580.00,30.00,179.00,573.00,1.0000,-1,-1,-1
85,4,1024.00,7.00,69.00,284.00,1.0000,-1,-1,-1
85,26,195.00,22.00,115.00,301.00,1.0000,-1,-1,-1
85,7,784.00,8.00,76.00,264.00,1.0000,-1,-1,-1
85,8,795.00,3.00,61.00,214.00,1.0000,-1,-1,-1
86,7,805.00,9.00,78.00,277.00,1.0000,-1,-1,-1
86,6,913.00,7.00,72.00,273.00,1.0000,-1,-1,-1
86,13,1676.00,43.00,229.00,699.00,1.0000,-1,-1,-1
86,3,1380.00,38.00,175.00,608.00,1.0000,-1,-1,-1
86,4,1029.00,8.00,73.00,299.00,1.0000,-1,-1,-1
86,25,92.00,27.00,130.00,326.00,1.0000,-1,-1,-1
86,26,195.00,22.00,115.00,301.00,1.0000,-1,-1,-1
86,8,808.00,3.00,62.00,223.00,1.0000,-1,-1,-1
86,15,548.00,19.00,106.00,325.00,1.0000,-1,-1,-1
86,16,386.00,26.00,127.00,363.00,1.0000,-1,-1,-1
86,12,667.00,27.00,126.00,413.00,1.0000,-1,-1,-1
86,2,919.00,2.00,59.00,224.00,1.0000,-1,-1,-1
86,11,531.00,26.00,126.00,385.00,1.0000,-1,-1,-1
87,13,1850.00,46.00,264.00,749.00,1.0000,-1,-1,-1
87,2,934.00,2.00,60.00,233.00,1.0000,-1,-1,-1
87,3,1447.00,49.00,215.00,713.00,1.0000,-1,-1,-1
87,5,1555.00,80.00,323.00,987.00,1.0000,-1,-1,-1
87,12,674.00,29.00,129.00,427.00,1.0000,-1,-1,-1
87,4,1062.00,11.00,81.00,331.00,1.0000,-1,-1,-1
87,16,341.00,29.00,136.00,378.00,1.0000,-1,-1,-1
87,8,845.00,4.00,63.00,229.00,1.0000,-1,-1,-1
87,7,799.00,11.00,82.00,292.00,1.0000,-1,-1,-1
87,11,493.00,28.00,131.00,393.00,1.0000,-1,-1,-1
87,6,924.00,8.00,74.00,285.00,1.0000,-1,-1,-1
87,26,195.00,22.00,115.00,301.00,1.0000,-1,-1,-1
87,25,92.00,27.00,130.00,326.00,1.0000,-1,-1,-1
87,9,817.00,0.00,55.00,195.00,1.0000,-1,-1,-1
87,15,521.00,22.00,113.00,343.00,1.0000,-1,-1,-1
88,7,793.00,13.00,86.00,304.00,1.0000,-1,-1,-1
88,15,552.00,25.00,122.00,376.00,1.0000,-1,-1,-1
88,3,1602.00,58.00,264.00,815.00,1.0000,-1,-1,-1
88,6,929.00,9.00,77.00,294.00,1.0000,-1,-1,-1
88,12,690.00,32.00,138.00,460.00,1.0000,-1,-1,-1
88,8,844.00,4.00,66.00,238.00,1.0000,-1,-1,-1
88,4,1110.00,13.00,86.00,349.00,1.0000,-1,-1,-1
88,2,929.00,3.00,64.00,243.00,1.0000,-1,-1,-1
88,1,848.00,0.00,51.00,186.00,1.0000,-1,-1,-1
88,5,1307.00,71.00,255.00,874.00,1.0000,-1,-1,-1
88,9,838.00,1.00,56.00,202.00,1.0000,-1,-1,-1
88,11,452.00,30.00,138.00,406.00,1.0000,-1,-1,-1
88,16,282.00,32.00,149.00,402.00,1.0000,-1,-1,-1
88,26,195.00,22.00,115.00,301.00,1.0000,-1,-1,-1
88,10,876.00,0.00,52.00,193.00,1.0000,-1,-1,-1
88,25,92.00,27.00,130.00,326.00,1.0000,-1,-1,-1
88,13,1892.00,48.00,280.00,769.00,1.0000,-1,-1,-1
89,8,857.00,5.00,67.00,250.00,1.0000,-1,-1,-1
89,11,403.00,34.00,152.00,438.00,1.0000,-1,-1,-1
89,5,1155.00,58.00,197.00,742.00,1.0000,-1,-1,-1
89,2,928.00,5.00,67.00,254.00,1.0000,-1,-1,-1
89,16,213.00,38.00,169.00,446.00,1.0000,-1,-1,-1
89,1,852.00,0.00,53.00,193.00,1.0000,-1,-1,-1
89,9,848.00,1.00,57.00,210.00,1.0000,-1,-1,-1
89,25,94.00,27.00,131.00,326.00,1.0000,-1,-1,-1
89,12,705.00,37.00,150.00,504.00,1.0000,-1,-1,-1
89,10,887.00,0.00,54.00,200.00,1.0000,-1,-1,-1
89,7,806.00,14.00,89.00,318.00,1.0000,-1,-1,-1
89,26,187.00,22.00,116.00,300.00,1.0000,-1,-1,-1
89,3,1699.00,73.00,327.00,953.00,1.0000,-1,-1,-1
89,6,932.00,12.00,81.00,314.00,1.0000,-1,-1,-1
89,4,1176.00,15.00,97.00,379.00,1.0000,-1,-1,-1
89,15,549.00,27.00,129.00,398.00,1.0000,-1,-1,-1
90,26,185.00,22.00,115.00,299.00,1.0000,-1,-1,-1
90,25,94.00,27.00,131.00,326.00,1.0000,-1,-1,-1
90,15,540.00,32.00,141.00,433.00,1.0000,-1,-1,-1
90,6,946.00,13.00,84.00,327.00,1.0000,-1,-1,-1
90,1,877.00,0.00,54.00,201.00,1.0000,-1,-1,-1
90,7,796.00,16.00,94.00,333.00,1.0000,-1,-1,-1
90,11,390.00,38.00,163.00,465.00,1.0000,-1,-1,-1
90,8,862.00,6.00,70.00,259.00,1.0000,-1,-1,-1
90,12,694.00,40.00,157.00,526.00,1.0000,-1,-1,-1
90,16,161.00,42.00,183.00,469.00,1.0000,-1,-1,-1
90,5,1022.00,51.00,174.00,673.00,1.0000,-1,-1,-1
90,4,1236.00,17.00,108.00,408.00,1.0000,-1,-1,-1
90,10,903.00,0.00,55.00,207.00,1.0000,-1,-1,-1
90,2,933.00,6.00,68.00,263.00,1.0000,-1,-1,-1
90,9,854.00,2.00,59.00,216.00,1.0000,-1,-1,-1
91,5,1006.00,40.00,145.00,569.00,1.0000,-1,-1,-1
91,1,871.00,1.00,58.00,214.00,1.0000,-1,-1,-1
91,4,1293.00,23.00,127.00,464.00,1.0000,-1,-1,-1
91,11,354.00,44.00,184.00,516.00,1.0000,-1,-1,-1
91,2,997.00,5.00,68.00,271.00,1.0000,-1,-1,-1
91,7,781.00,19.00,102.00,356.00,1.0000,-1,-1,-1
91,8,850.00,8.00,74.00,271.00,1.0000,-1,-1,-1
91,16,111.00,49.00,208.00,525.00,1.0000,-1,-1,-1
91,9,868.00,3.00,61.00,226.00,1.0000,-1,-1,-1
91,10,951.00,0.00,54.00,212.00,1.0000,-1,-1,-1
91,25,104.00,26.00,126.00,314.00,1.0000,-1,-1,-1
91,26,168.00,23.00,119.00,306.00,1.0000,-1,-1,-1
91,12,689.00,48.00,178.00,595.00,1.0000,-1,-1,-1
91,6,941.00,17.00,95.00,367.00,1.0000,-1,-1,-1
91,15,517.00,35.00,151.00,459.00,1.0000,-1,-1,-1
92,12,695.00,52.00,188.00,630.00,1.0000,-1,-1,-1
92,4,1398.00,28.00,153.00,531.00,1.0000,-1,-1,-1
92,25,95.00,25.00,124.00,311.00,1.0000,-1,-1,-1
92,11,276.00,49.00,201.00,545.00,1.0000,-1,-1,-1
92,6,950.00,20.00,100.00,391.00,1.0000,-1,-1,-1
92,8,885.00,9.00,76.00,283.00,1.0000,-1,-1,-1
92,15,483.00,40.00,168.00,503.00,1.0000,-1,-1,-1
92,9,913.00,3.00,62.00,234.00,1.0000,-1,-1,-1
92,2,1031.00,6.00,69.00,281.00,1.0000,-1,-1,-1
92,5,874.00,36.00,140.00,521.00,1.0000,-1,-1,-1
92,7,825.00,21.00,106.00,380.00,1.0000,-1,-1,-1
92,10,942.00,1.00,58.00,223.00,1.0000,-1,-1,-1
92,1,881.00,2.00,60.00,221.00,1.0000,-1,-1,-1
92,26,168.00,23.00,119.00,306.00,1.0000,-1,-1,-1
92,16,19.00,56.00,236.00,573.00,1.0000,-1,-1,-1
93,10,988.00,1.00,58.00,230.00,1.0000,-1,-1,-1
93,26,171.00,23.00,119.00,307.00,1.0000,-1,-1,-1
93,15,453.00,47.00,187.00,551.00,1.0000,-1,-1,-1
93,6,1009.00,21.00,103.00,413.00,1.0000,-1,-1,-1
93,5,766.00,35.00,142.00,496.00,1.0000,-1,-1,-1
93,25,95.00,25.00,124.00,311.00,1.0000,-1,-1,-1
93,11,175.00,57.00,232.00,600.00,1.0000,-1,-1,-1
93,12,645.00,59.00,211.00,689.00,1.0000,-1,-1,-1
93,9,889.00,4.00,66.00,246.00,1.0000,-1,-1,-1
93,7,832.00,24.00,114.00,411.00,1.0000,-1,-1,-1
93,1,880.00,3.00,62.00,232.00,1.0000,-1,-1,-1
93,2,1026.00,8.00,72.00,294.00,1.0000,-1,-1,-1
93,8,885.00,10.00,78.00,292.00,1.0000,-1,-1,-1
93,4,1461.00,32.00,170.00,572.00,1.0000,-1,-1,-1
94,26,171.00,23.00,119.00,307.00,1.0000,-1,-1,-1
94,11,92.00,64.00,261.00,652.00,1.0000,-1,-1,-1
94,10,1001.00,2.00,60.00,242.00,1.0000,-1,-1,-1
94,9,925.00,5.00,67.00,255.00,1.0000,-1,-1,-1
94,12,675.00,67.00,228.00,756.00,1.0000,-1,-1,-1
94,25,95.00,25.00,124.00,311.00,1.0000,-1,-1,-1
94,1,886.00,4.00,65.00,245.00,1.0000,-1,-1,-1
94,4,1547.00,44.00,216.00,690.00,1.0000,-1,-1,-1
94,8,948.00,10.00,78.00,304.00,1.0000,-1,-1,-1
94,2,1067.00,8.00,74.00,304.00,1.0000,-1,-1,-1
94,15,397.00,56.00,219.00,629.00,1.0000,-1,-1,-1
94,7,898.00,25.00,114.00,431.00,1.0000,-1,-1,-1
94,6,1020.00,24.00,110.00,441.00,1.0000,-1,-1,-1
94,5,721.00,29.00,129.00,437.00,1.0000,-1,-1,-1
95,26,171.00,23.00,119.00,307.00,1.0000,-1,-1,-1
95,9,928.00,6.00,70.00,268.00,1.0000,-1,-1,-1
95,7,897.00,31.00,128.00,483.00,1.0000,-1,-1,-1
95,11,0.00,75.00,302.00,731.00,1.0000,-1,-1,-1
95,6,1013.00,31.00,125.00,493.00,1.0000,-1,-1,-1
95,25,95.00,25.00,124.00,311.00,1.0000,-1,-1,-1
95,8,963.00,12.00,81.00,322.00,1.0000,-1,-1,-1
95,5,666.00,26.00,123.00,404.00,1.0000,-1,-1,-1
95,10,1007.00,4.00,63.00,255.00,1.0000,-1,-1,-1
95,2,1105.00,9.00,79.00,322.00,1.0000,-1,-1,-1
95,1,932.00,5.00,65.00,252.00,1.0000,-1,-1,-1
95,4,1662.00,55.00,266.00,801.00,1.0000,-1,-1,-1
95,15,336.00,69.00,262.00,729.00,1.0000,-1,-1,-1
95,12,581.00,83.00,279.00,880.00,1.0000,-1,-1,-1
96,26,171.00,23.00,119.00,307.00,1.0000,-1,-1,-1
96,6,1053.00,34.00,134.00,530.00,1.0000,-1,-1,-1
96,12,413.00,110.00,371.00,1078.00,1.0000,-1,-1,-1
96,9,887.00,9.00,76.00,283.00,1.0000,-1,-1,-1
96,25,95.00,25.00,124.00,311.00,1.0000,-1,-1,-1
96,7,892.00,36.00,140.00,524.00,1.0000,-1,-1,-1
96,8,971.00,15.00,88.00,349.00,1.0000,-1,-1,-1
96,1,962.00,5.00,68.00,266.00,1.0000,-1,-1,-1
96,2,1157.00,10.00,85.00,337.00,1.0000,-1,-1,-1
96,10,1013.00,5.00,66.00,270.00,1.0000,-1,-1,-1
96,4,1815.00,68.00,335.00,927.00,1.0000,-1,-1,-1
96,15,245.00,86.00,320.00,857.00,1.0000,-1,-1,-1
96,5,658.00,22.00,111.00,363.00,1.0000,-1,-1,-1
97,1,968.00,7.00,71.00,279.00,1.0000,-1,-1,-1
97,7,913.00,41.00,148.00,566.00,1.0000,-1,-1,-1
97,12,174.00,143.00,499.00,1303.00,1.0000,-1,-1,-1
97,8,1031.00,16.00,92.00,372.00,1.0000,-1,-1,-1
97,25,98.00,25.00,124.00,311.00,1.0000,-1,-1,-1
97,14,857.00,0.00,52.00,193.00,1.0000,-1,-1,-1
97,6,1094.00,43.00,155.00,608.00,1.0000,-1,-1,-1
97,9,898.00,10.00,77.00,292.00,1.0000,-1,-1,-1
97,2,1198.00,13.00,94.00,364.00,1.0000,-1,-1,-1
97,26,174.00,23.00,118.00,307.00,1.0000,-1,-1,-1
97,15,18.00,108.00,415.00,1011.00,1.0000,-1,-1,-1
97,10,1038.00,6.00,70.00,284.00,1.0000,-1,-1,-1
97,5,605.00,20.00,108.00,343.00,1.0000,-1,-1,-1
98,6,1141.00,47.00,169.00,648.00,1.0000,-1,-1,-1
98,8,1099.00,17.00,95.00,386.00,1.0000,-1,-1,-1
98,7,918.00,48.00,165.00,631.00,1.0000,-1,-1,-1
98,2,1267.00,13.00,102.00,384.00,1.0000,-1,-1,-1
98,26,176.00,23.00,119.00,307.00,1.0000,-1,-1,-1
98,25,100.00,25.00,125.00,311.00,1.0000,-1,-1,-1
98,18,738.00,2.00,59.00,204.00,1.0000,-1,-1,-1
98,9,902.00,11.00,81.00,308.00,1.0000,-1,-1,-1
98,17,630.00,7.00,70.00,225.00,1.0000,-1,-1,-1
98,14,886.00,0.00,53.00,197.00,1.0000,-1,-1,-1
98,1,999.00,7.00,72.00,290.00,1.0000,-1,-1,-1
98,5,568.00,19.00,105.00,324.00,1.0000,-1,-1,-1
98,10,1075.00,7.00,73.00,297.00,1.0000,-1,-1,-1
99,18,755.00,3.00,60.00,209.00,1.0000,-1,-1,-1
99,7,961.00,55.00,181.00,692.00,1.0000,-1,-1,-1
99,1,1000.00,10.00,78.00,314.00,1.0000,-1,-1,-1
99,2,1351.00,14.00,111.00,400.00,1.0000,-1,-1,-1
99,8,1159.00,20.00,107.00,418.00,1.0000,-1,-1,-1
99,14,859.00,1.00,57.00,207.00,1.0000,-1,-1,-1
99,17,634.00,8.00,75.00,242.00,1.0000,-1,-1,-1
99,10,1095.00,9.00,77.00,313.00,1.0000,-1,-1,-1
99,26,176.00,23.00,119.00,307.00,1.0000,-1,-1,-1
99,5,548.00,17.00,100.00,306.00,1.0000,-1,-1,-1
99,9,904.00,14.00,87.00,328.00,1.0000,-1,-1,-1
99,25,103.00,25.00,124.00,312.00,1.0000,-1,-1,-1
99,6,1214.00,57.00,203.00,743.00,1.0000,-1,-1,-1
100,2,1410.00,15.00,119.00,418.00,1.0000,-1,-1,-1
100,6,1275.00,72.00,252.00,878.00,1.0000,-1,-1,-1
100,14,877.00,1.00,58.00,213.00,1.0000,-1,-1,-1
100,26,176.00,23.00,119.00,307.00,1.0000,-1,-1,-1
100,1,1011.00,12.00,82.00,331.00,1.0000,-1,-1,-1
100,17,640.00,10.00,80.00,258.00,1.0000,-1,-1,-1
100,9,897.00,16.00,94.00,352.00,1.0000,-1,-1,-1
100,8,1245.00,21.00,119.00,448.00,1.0000,-1,-1,-1
100,7,973.00,65.00,207.00,784.00,1.0000,-1,-1,-1
100,10,1128.00,11.00,85.00,340.00,1.0000,-1,-1,-1
100,25,103.00,25.00,124.00,312.00,1.0000,-1,-1,-1
100,18,776.00,3.00,62.00,217.00,1.0000,-1,-1,-1
100,5,519.00,15.00,95.00,288.00,1.0000,-1,-1,-1
101,14,1523.00,351.00,233.00,693.00,1.0000,-1,-1,-1
101,10,1306.00,100.00,46.00,174.00,1.0000,-1,-1,-1
101,9,1005.00,98.00,37.00,142.00,1.0000,-1,-1,-1
101,12,1478.00,109.00,62.00,209.00,1.0000,-1,-1,-1
101,19,216.00,282.00,150.00,441.00,1.0000,-1,-1,-1
101,17,1529.00,402.00,272.00,789.00,1.0000,-1,-1,-1
101,1,1468.00,147.00,87.00,289.00,1.0000,-1,-1,-1
101,5,1575.00,109.00,70.00,222.00,1.0000,-1,-1,-1
101,16,556.00,362.00,196.00,626.00,1.0000,-1,-1,-1
101,2,1050.00,314.00,155.00,577.00,1.0000,-1,-1,-1
101,18,307.00,149.00,58.00,178.00,1.0000,-1,-1,-1
101,8,1065.00,101.00,40.00,153.00,1.0000,-1,-1,-1
101,3,295.00,154.00,62.00,188.00,1.0000,-1,-1,-1
101,6,1084.00,157.00,71.00,271.00,1.0000,-1,-1,-1
101,22,1505.00,318.00,206.00,627.00,1.0000,-1,-1,-1
101,15,943.00,168.00,77.00,280.00,1.0000,-1,-1,-1
101,4,1520.00,149.00,92.00,298.00,1.0000,-1,-1,-1
101,7,354.00,154.00,63.00,192.00,1.0000,-1,-1,-1
101,20,485.00,414.00,230.00,718.00,1.0000,-1,-1,-1
101,13,929.00,97.00,36.00,130.00,1.0000,-1,-1,-1
101,21,1321.00,518.00,307.00,978.00,1.0000,-1,-1,-1
101,11,1263.00,235.00,119.00,444.00,1.0000,-1,-1,-1
102,15,899.00,161.00,72.00,262.00,1.0000,-1,-1,-1
102,16,726.00,358.00,188.00,633.00,1.0000,-1,-1,-1
102,10,1278.00,99.00,44.00,170.00,1.0000,-1,-1,-1
102,12,1478.00,109.00,62.00,209.00,1.0000,-1,-1,-1
102,21,1299.00,523.00,305.00,983.00,1.0000,-1,-1,-1
102,1,1468.00,147.00,87.00,289.00,1.0000,-1,-1,-1
102,6,1043.00,151.00,68.00,255.00,1.0000,-1,-1,-1
102,9,1000.00,98.00,37.00,142.00,1.0000,-1,-1,-1
102,4,1526.00,149.00,92.00,297.00,1.0000,-1,-1,-1
102,19,413.00,275.00,142.00,443.00,1.0000,-1,-1,-1
102,22,1682.00,322.00,239.00,655.00,1.0000,-1,-1,-1
102,20,621.00,427.00,233.00,754.00,1.0000,-1,-1,-1
102,7,390.00,148.00,59.00,186.00,1.0000,-1,-1,-1
102,17,1537.00,404.00,275.00,794.00,1.0000,-1,-1,-1
102,3,329.00,150.00,59.00,181.00,1.0000,-1,-1,-1
102,14,1687.00,350.00,261.00,706.00,1.0000,-1,-1,-1
102,13,929.00,97.00,36.00,130.00,1.0000,-1,-1,-1
102,5,1577.00,109.00,70.00,221.00,1.0000,-1,-1,-1
102,8,1067.00,101.00,40.00,153.00,1.0000,-1,-1,-1
102,11,1482.00,225.00,139.00,445.00,1.0000,-1,-1,-1
102,2,1135.00,303.00,150.00,565.00,1.0000,-1,-1,-1
102,18,334.00,145.00,56.00,174.00,1.0000,-1,-1,-1
103,1,1474.00,147.00,87.00,288.00,1.0000,-1,-1,-1
103,2,1286.00,309.00,167.00,590.00,1.0000,-1,-1,-1
103,3,342.00,146.00,56.00,174.00,1.0000,-1,-1,-1
103,4,1544.00,148.00,94.00,298.00,1.0000,-1,-1,-1
103,5,1575.00,109.00,70.00,222.00,1.0000,-1,-1,-1
103,6,985.00,146.00,64.00,239.00,1.0000,-1,-1,-1
103,7,433.00,143.00,57.00,178.00,1.0000,-1,-1,-1
103,8,1067.00,101.00,40.00,153.00,1.0000,-1,-1,-1
103,9,1002.00,98.00,37.00,141.00,1.0000,-1,-1,-1
103,10,1201.00,99.00,41.00,162.00,1.0000,-1,-1,-1
103,11,1662.00,225.00,160.00,463.00,1.0000,-1,-1,-1
103,12,1480.00,109.00,62.00,210.00,1.0000,-1,-1,-1
103,13,931.00,97.00,36.00,130.00,1.0000,-1,-1,-1
103,14,1753.00,338.00,264.00,691.00,1.0000,-1,-1,-1
103,15,893.00,155.00,69.00,247.00,1.0000,-1,-1,-1
103,16,823.00,360.00,187.00,645.00,1.0000,-1,-1,-1
103,17,1537.00,404.00,275.00,794.00,1.0000,-1,-1,-1
103,18,354.00,142.00,55.00,169.00,1.0000,-1,-1,-1
103,19,599.00,279.00,144.00,470.00,1.0000,-1,-1,-1
103,20,785.00,455.00,242.00,818.00,1.0000,-1,-1,-1
103,21,1319.00,524.00,310.00,987.00,1.0000,-1,-1,-1
103,22,1742.00,332.00,257.00,679.00,1.0000,-1,-1,-1
104,21,1319.00,524.00,310.00,987.00,1.0000,-1,-1,-1
104,19,736.00,272.00,137.00,467.00,1.0000,-1,-1,-1
104,9,1002.00,98.00,38.00,142.00,1.0000,-1,-1,-1
104,24,154.00,167.00,69.00,202.00,1.0000,-1,-1,-1
104,5,1577.00,109.00,70.00,222.00,1.0000,-1,-1,-1
104,25,49.00,345.00,195.00,547.00,1.0000,-1,-1,-1
104,7,466.00,138.00,54.00,172.00,1.0000,-1,-1,-1
104,4,1553.00,150.00,96.00,302.00,1.0000,-1,-1,-1
104,17,1545.00,403.00,275.00,791.00,1.0000,-1,-1,-1
104,18,359.00,140.00,53.00,164.00,1.0000,-1,-1,-1
104,8,1073.00,101.00,40.00,154.00,1.0000,-1,-1,-1
104,1,1497.00,146.00,88.00,289.00,1.0000,-1,-1,-1
104,16,992.00,371.00,187.00,680.00,1.0000,-1,-1,-1
104,2,1390.00,312.00,184.00,605.00,1.0000,-1,-1,-1
104,6,964.00,142.00,62.00,229.00,1.0000,-1,-1,-1
104,3,391.00,141.00,55.00,171.00,1.0000,-1,-1,-1
104,23,225.00,325.00,178.00,524.00,1.0000,-1,-1,-1
104,12,1482.00,109.00,62.00,210.00,1.0000,-1,-1,-1
104,13,935.00,96.00,36.00,131.00,1.0000,-1,-1,-1
104,15,867.00,150.00,66.00,235.00,1.0000,-1,-1,-1
104,20,922.00,455.00,236.00,831.00,1.0000,-1,-1,-1
104,11,1685.00,223.00,162.00,461.00,1.0000,-1,-1,-1
105,20,995.00,485.00,248.00,892.00,1.0000,-1,-1,-1
105,8,1069.00,101.00,41.00,154.00,1.0000,-1,-1,-1
105,24,205.00,161.00,64.00,192.00,1.0000,-1,-1,-1
105,11,1852.00,218.00,179.00,468.00,1.0000,-1,-1,-1
105,19,908.00,276.00,138.00,493.00,1.0000,-1,-1,-1
105,18,382.00,137.00,51.00,160.00,1.0000,-1,-1,-1
105,25,162.00,358.00,202.00,583.00,1.0000,-1,-1,-1
105,16,1121.00,397.00,204.00,741.00,1.0000,-1,-1,-1
105,3,424.00,136.00,52.00,164.00,1.0000,-1,-1,-1
105,7,483.00,134.00,52.00,166.00,1.0000,-1,-1,-1
105,15,835.00,146.00,63.00,224.00,1.0000,-1,-1,-1
105,4,1550.00,150.00,96.00,303.00,1.0000,-1,-1,-1
105,21,1329.00,521.00,311.00,985.00,1.0000,-1,-1,-1
105,6,921.00,139.00,60.00,218.00,1.0000,-1,-1,-1
105,5,1577.00,109.00,70.00,222.00,1.0000,-1,-1,-1
105,9,1004.00,98.00,38.00,141.00,1.0000,-1,-1,-1
105,17,1537.00,404.00,275.00,794.00,1.0000,-1,-1,-1
105,2,1518.00,300.00,196.00,596.00,1.0000,-1,-1,-1
105,1,1489.00,147.00,87.00,289.00,1.0000,-1,-1,-1
105,23,335.00,314.00,169.00,512.00,1.0000,-1,-1,-1
105,12,1484.00,108.00,63.00,211.00,1.0000,-1,-1,-1
105,13,937.00,96.00,35.00,131.00,1.0000,-1,-1,-1
106,15,794.00,142.00,60.00,210.00,1.0000,-1,-1,-1
106,27,102.00,152.00,56.00,164.00,1.0000,-1,-1,-1
106,20,1074.00,504.00,266.00,932.00,1.0000,-1,-1,-1
106,7,497.00,131.00,49.00,160.00,1.0000,-1,-1,-1
106,12,1488.00,108.00,63.00,211.00,1.0000,-1,-1,-1
106,2,1628.00,301.00,214.00,607.00,1.0000,-1,-1,-1
106,8,1072.00,101.00,41.00,154.00,1.0000,-1,-1,-1
106,4,1553.00,150.00,96.00,302.00,1.0000,-1,-1,-1
106,13,935.00,96.00,36.00,131.00,1.0000,-1,-1,-1
106,18,394.00,134.00,49.00,156.00,1.0000,-1,-1,-1
106,28,160.00,314.00,172.00,498.00,1.0000,-1,-1,-1
106,17,1537.00,404.00,275.00,794.00,1.0000,-1,-1,-1
106,9,1006.00,98.00,37.00,141.00,1.0000,-1,-1,-1
106,26,61.00,161.00,62.00,180.00,1.0000,-1,-1,-1
106,16,1152.00,406.00,212.00,760.00,1.0000,-1,-1,-1
106,5,1575.00,110.00,70.00,221.00,1.0000,-1,-1,-1
106,23,467.00,313.00,167.00,524.00,1.0000,-1,-1,-1
106,1,1469.00,146.00,86.00,286.00,1.0000,-1,-1,-1
106,3,443.00,134.00,51.00,159.00,1.0000,-1,-1,-1
106,24,226.00,157.00,62.00,186.00,1.0000,-1,-1,-1
106,6,873.00,136.00,57.00,206.00,1.0000,-1,-1,-1
106,19,1098.00,283.00,138.00,524.00,1.0000,-1,-1,-1
106,25,412.00,351.00,192.00,592.00,1.0000,-1,-1,-1
106,21,1319.00,524.00,310.00,987.00,1.0000,-1,-1,-1
107,26,105.00,156.00,60.00,173.00,1.0000,-1,-1,-1
107,23,659.00,311.00,162.00,538.00,1.0000,-1,-1,-1
107,20,1074.00,504.00,266.00,932.00,1.0000,-1,-1,-1
107,7,512.00,129.00,48.00,156.00,1.0000,-1,-1,-1
107,2,1719.00,328.00,250.00,670.00,1.0000,-1,-1,-1
107,3,449.00,132.00,49.00,157.00,1.0000,-1,-1,-1
107,28,292.00,306.00,165.00,493.00,1.0000,-1,-1,-1
107,19,1303.00,302.00,165.00,577.00,1.0000,-1,-1,-1
107,24,272.00,151.00,59.00,179.00,1.0000,-1,-1,-1
107,12,1488.00,108.00,63.00,210.00,1.0000,-1,-1,-1
107,17,1545.00,403.00,275.00,791.00,1.0000,-1,-1,-1
107,9,1006.00,98.00,37.00,141.00,1.0000,-1,-1,-1
107,8,1069.00,102.00,40.00,154.00,1.0000,-1,-1,-1
107,6,843.00,133.00,55.00,198.00,1.0000,-1,-1,-1
107,15,761.00,139.00,58.00,201.00,1.0000,-1,-1,-1
107,18,394.00,134.00,50.00,155.00,1.0000,-1,-1,-1
107,21,1329.00,521.00,311.00,985.00,1.0000,-1,-1,-1
107,16,1184.00,415.00,220.00,781.00,1.0000,-1,-1,-1
107,1,1469.00,146.00,86.00,286.00,1.0000,-1,-1,-1
107,4,1556.00,150.00,96.00,302.00,1.0000,-1,-1,-1
107,27,121.00,148.00,55.00,158.00,1.0000,-1,-1,-1
107,5,1577.00,110.00,70.00,222.00,1.0000,-1,-1,-1
107,25,632.00,356.00,190.00,622.00,1.0000,-1,-1,-1
107,13,933.00,96.00,36.00,131.00,1.0000,-1,-1,-1
108,5,1579.00,109.00,71.00,222.00,1.0000,-1,-1,-1
108,15,760.00,135.00,56.00,193.00,1.0000,-1,-1,-1
108,19,1524.00,307.00,201.00,609.00,1.0000,-1,-1,-1
108,13,934.00,96.00,36.00,131.00,1.0000,-1,-1,-1
108,25,809.00,363.00,190.00,651.00,1.0000,-1,-1,-1
108,6,807.00,130.00,54.00,190.00,1.0000,-1,-1,-1
108,2,1758.00,335.00,262.00,685.00,1.0000,-1,-1,-1
108,24,302.00,145.00,55.00,170.00,1.0000,-1,-1,-1
108,1,1460.00,147.00,85.00,286.00,1.0000,-1,-1,-1
108,9,1006.00,98.00,37.00,141.00,1.0000,-1,-1,-1
108,26,149.00,151.00,57.00,168.00,1.0000,-1,-1,-1
108,7,523.00,126.00,47.00,153.00,1.0000,-1,-1,-1
108,27,135.00,146.00,53.00,156.00,1.0000,-1,-1,-1
108,12,1490.00,108.00,63.00,210.00,1.0000,-1,-1,-1
108,17,1561.00,403.00,279.00,794.00,1.0000,-1,-1,-1
108,16,1276.00,401.00,221.00,762.00,1.0000,-1,-1,-1
108,20,1062.00,506.00,266.00,934.00,1.0000,-1,-1,-1
108,8,1092.00,101.00,40.00,154.00,1.0000,-1,-1,-1
108,4,1556.00,150.00,96.00,302.00,1.0000,-1,-1,-1
108,23,796.00,302.00,154.00,532.00,1.0000,-1,-1,-1
108,28,481.00,298.00,157.00,494.00,1.0000,-1,-1,-1
108,18,386.00,133.00,48.00,152.00,1.0000,-1,-1,-1
108,21,1338.00,525.00,315.00,990.00,1.0000,-1,-1,-1
108,3,449.00,130.00,48.00,154.00,1.0000,-1,-1,-1
109,25,962.00,344.00,174.00,627.00,1.0000,-1,-1,-1
109,29,49.00,371.00,214.00,598.00,1.0000,-1,-1,-1
109,20,1074.00,504.00,266.00,932.00,1.0000,-1,-1,-1
109,24,327.00,142.00,53.00,164.00,1.0000,-1,-1,-1
109,13,934.00,96.00,36.00,131.00,1.0000,-1,-1,-1
109,28,648.00,297.00,154.00,509.00,1.0000,-1,-1,-1
109,6,792.00,128.00,52.00,182.00,1.0000,-1,-1,-1
109,26,161.00,148.00,55.00,163.00,1.0000,-1,-1,-1
109,9,1009.00,98.00,38.00,141.00,1.0000,-1,-1,-1
109,3,470.00,127.00,46.00,147.00,1.0000,-1,-1,-1
109,27,155.00,145.00,52.00,154.00,1.0000,-1,-1,-1
109,17,1561.00,403.00,279.00,794.00,1.0000,-1,-1,-1
109,7,537.00,124.00,46.00,149.00,1.0000,-1,-1,-1
109,15,724.00,133.00,54.00,186.00,1.0000,-1,-1,-1
109,12,1493.00,108.00,62.00,210.00,1.0000,-1,-1,-1
109,23,980.00,308.00,154.00,559.00,1.0000,-1,-1,-1
109,16,1284.00,399.00,222.00,760.00,1.0000,-1,-1,-1
109,18,413.00,129.00,47.00,146.00,1.0000,-1,-1,-1
109,1,1463.00,146.00,85.00,286.00,1.0000,-1,-1,-1
109,8,1092.00,101.00,40.00,154.00,1.0000,-1,-1,-1
109,4,1556.00,150.00,96.00,302.00,1.0000,-1,-1,-1
109,19,1742.00,282.00,216.00,582.00,1.0000,-1,-1,-1
109,5,1577.00,110.00,70.00,222.00,1.0000,-1,-1,-1
109,21,1338.00,525.00,315.00,990.00,1.0000,-1,-1,-1
110,26,172.00,146.00,54.00,158.00,1.0000,-1,-1,-1
110,15,732.00,128.00,51.00,177.00,1.0000,-1,-1,-1
110,21,1348.00,522.00,317.00,988.00,1.0000,-1,-1,-1
110,13,934.00,96.00,36.00,131.00,1.0000,-1,-1,-1
110,1,1466.00,146.00,85.00,286.00,1.0000,-1,-1,-1
110,24,339.00,138.00,52.00,160.00,1.0000,-1,-1,-1
110,9,1008.00,98.00,37.00,141.00,1.0000,-1,-1,-1
110,20,1135.00,494.00,264.00,918.00,1.0000,-1,-1,-1
110,18,420.00,127.00,45.00,142.00,1.0000,-1,-1,-1
110,27,204.00,140.00,51.00,151.00,1.0000,-1,-1,-1
110,7,543.00,122.00,45.00,145.00,1.0000,-1,-1,-1
110,3,482.00,124.00,44.00,144.00,1.0000,-1,-1,-1
110,25,1101.00,337.00,168.00,626.00,1.0000,-1,-1,-1
110,17,1561.00,403.00,279.00,794.00,1.0000,-1,-1,-1
110,19,1902.00,291.00,250.00,615.00,1.0000,-1,-1,-1
110,16,1276.00,401.00,221.00,762.00,1.0000,-1,-1,-1
110,28,794.00,299.00,153.00,525.00,1.0000,-1,-1,-1
110,8,1092.00,101.00,40.00,154.00,1.0000,-1,-1,-1
110,4,1556.00,150.00,96.00,302.00,1.0000,-1,-1,-1
110,6,780.00,125.00,50.00,175.00,1.0000,-1,-1,-1
110,29,110.00,382.00,220.00,624.00,1.0000,-1,-1,-1
110,5,1586.00,108.00,70.00,221.00,1.0000,-1,-1,-1
110,12,1482.00,109.00,62.00,210.00,1.0000,-1,-1,-1
110,30,1697.00,138.00,100.00,292.00,1.0000,-1,-1,-1
110,23,1203.00,281.00,141.00,529.00,1.0000,-1,-1,-1
111,32,105.00,181.00,77.00,224.00,1.0000,-1,-1,-1
111,30,1638.00,132.00,90.00,276.00,1.0000,-1,-1,-1
111,26,181.00,142.00,51.00,153.00,1.0000,-1,-1,-1
111,7,568.00,118.00,42.00,138.00,1.0000,-1,-1,-1
111,20,1162.00,473.00,253.00,883.00,1.0000,-1,-1,-1
111,16,1261.00,342.00,182.00,651.00,1.0000,-1,-1,-1
111,1,1443.00,147.00,84.00,287.00,1.0000,-1,-1,-1
111,21,1384.00,500.00,310.00,951.00,1.0000,-1,-1,-1
111,15,712.00,126.00,50.00,171.00,1.0000,-1,-1,-1
111,23,1395.00,277.00,162.00,539.00,1.0000,-1,-1,-1
111,6,770.00,122.00,48.00,168.00,1.0000,-1,-1,-1
111,4,1556.00,149.00,96.00,301.00,1.0000,-1,-1,-1
111,24,362.00,135.00,49.00,154.00,1.0000,-1,-1,-1
111,8,1089.00,101.00,40.00,155.00,1.0000,-1,-1,-1
111,18,433.00,124.00,44.00,139.00,1.0000,-1,-1,-1
111,3,497.00,121.00,43.00,139.00,1.0000,-1,-1,-1
111,28,930.00,300.00,150.00,541.00,1.0000,-1,-1,-1
111,9,1000.00,99.00,38.00,142.00,1.0000,-1,-1,-1
111,17,1545.00,377.00,256.00,745.00,1.0000,-1,-1,-1
111,31,115.00,323.00,179.00,512.00,1.0000,-1,-1,-1
111,29,267.00,434.00,250.00,734.00,1.0000,-1,-1,-1
112,6,757.00,120.00,46.00,161.00,1.0000,-1,-1,-1
112,15,690.00,124.00,48.00,164.00,1.0000,-1,-1,-1
112,28,1049.00,304.00,150.00,558.00,1.0000,-1,-1,-1
112,18,452.00,121.00,42.00,134.00,1.0000,-1,-1,-1
112,1,1443.00,147.00,84.00,287.00,1.0000,-1,-1,-1
112,21,1384.00,500.00,310.00,951.00,1.0000,-1,-1,-1
112,31,238.00,343.00,190.00,560.00,1.0000,-1,-1,-1
112,16,1257.00,356.00,190.00,676.00,1.0000,-1,-1,-1
112,3,511.00,119.00,42.00,135.00,1.0000,-1,-1,-1
112,24,365.00,132.00,48.00,149.00,1.0000,-1,-1,-1
112,7,585.00,115.00,41.00,135.00,1.0000,-1,-1,-1
112,4,1556.00,149.00,96.00,301.00,1.0000,-1,-1,-1
112,8,1089.00,101.00,40.00,155.00,1.0000,-1,-1,-1
112,26,198.00,141.00,51.00,151.00,1.0000,-1,-1,-1
112,32,191.00,172.00,73.00,216.00,1.0000,-1,-1,-1
112,20,1155.00,482.00,258.00,899.00,1.0000,-1,-1,-1
112,33,49.00,331.00,185.00,520.00,1.0000,-1,-1,-1
112,9,1000.00,99.00,38.00,142.00,1.0000,-1,-1,-1
112,17,1545.00,377.00,256.00,745.00,1.0000,-1,-1,-1
112,23,1378.00,279.00,161.00,542.00,1.0000,-1,-1,-1
112,29,267.00,434.00,250.00,734.00,1.0000,-1,-1,-1
112,30,1582.00,128.00,83.00,259.00,1.0000,-1,-1,-1
113,15,681.00,121.00,46.00,158.00,1.0000,-1,-1,-1
113,31,399.00,328.00,177.00,546.00,1.0000,-1,-1,-1
113,23,1640.00,299.00,214.00,605.00,1.0000,-1,-1,-1
113,24,375.00,129.00,46.00,145.00,1.0000,-1,-1,-1
113,26,218.00,139.00,50.00,149.00,1.0000,-1,-1,-1
113,21,1384.00,500.00,310.00,951.00,1.0000,-1,-1,-1
113,1,1443.00,147.00,84.00,287.00,1.0000,-1,-1,-1
113,32,256.00,166.00,69.00,208.00,1.0000,-1,-1,-1
113,16,1257.00,356.00,190.00,676.00,1.0000,-1,-1,-1
113,20,1155.00,482.00,258.00,899.00,1.0000,-1,-1,-1
113,34,117.00,149.00,55.00,158.00,1.0000,-1,-1,-1
113,33,106.00,360.00,204.00,582.00,1.0000,-1,-1,-1
113,4,1556.00,149.00,96.00,301.00,1.0000,-1,-1,-1
113,28,1221.00,316.00,163.00,597.00,1.0000,-1,-1,-1
113,30,1510.00,124.00,75.00,246.00,1.0000,-1,-1,-1
113,3,518.00,117.00,40.00,131.00,1.0000,-1,-1,-1
113,8,1095.00,100.00,40.00,155.00,1.0000,-1,-1,-1
113,7,591.00,113.00,40.00,131.00,1.0000,-1,-1,-1
113,6,747.00,117.00,45.00,155.00,1.0000,-1,-1,-1
113,29,722.00,550.00,300.00,985.00,1.0000,-1,-1,-1
113,18,451.00,120.00,41.00,133.00,1.0000,-1,-1,-1
113,9,1000.00,99.00,38.00,142.00,1.0000,-1,-1,-1
113,17,1545.00,377.00,256.00,745.00,1.0000,-1,-1,-1
114,30,1476.00,120.00,70.00,232.00,1.0000,-1,-1,-1
114,3,529.00,115.00,39.00,129.00,1.0000,-1,-1,-1
114,34,138.00,145.00,52.00,153.00,1.0000,-1,-1,-1
114,33,216.00,386.00,220.00,642.00,1.0000,-1,-1,-1
114,18,463.00,119.00,41.00,130.00,1.0000,-1,-1,-1
114,21,1384.00,500.00,310.00,951.00,1.0000,-1,-1,-1
114,7,592.00,111.00,39.00,128.00,1.0000,-1,-1,-1
114,1,1443.00,147.00,84.00,287.00,1.0000,-1,-1,-1
114,4,1556.00,149.00,96.00,301.00,1.0000,-1,-1,-1
114,16,1257.00,356.00,190.00,676.00,1.0000,-1,-1,-1
114,28,1423.00,320.00,195.00,624.00,1.0000,-1,-1,-1
114,23,1869.00,296.00,249.00,623.00,1.0000,-1,-1,-1
114,8,1098.00,100.00,40.00,155.00,1.0000,-1,-1,-1
114,31,598.00,327.00,173.00,561.00,1.0000,-1,-1,-1
114,29,1114.00,685.00,385.00,1246.00,1.0000,-1,-1,-1
114,32,302.00,158.00,64.00,197.00,1.0000,-1,-1,-1
114,15,662.00,120.00,45.00,152.00,1.0000,-1,-1,-1
114,6,729.00,116.00,44.00,150.00,1.0000,-1,-1,-1
114,24,383.00,127.00,45.00,140.00,1.0000,-1,-1,-1
114,9,1002.00,99.00,38.00,141.00,1.0000,-1,-1,-1
114,17,1545.00,377.00,256.00,745.00,1.0000,-1,-1,-1
114,20,1129.00,467.00,247.00,870.00,1.0000,-1,-1,-1
115,1,1446.00,147.00,84.00,285.00,1.0000,-1,-1,-1
115,3,532.00,114.00,39.00,127.00,1.0000,-1,-1,-1
115,32,339.00,153.00,62.00,191.00,1.0000,-1,-1,-1
115,18,477.00,117.00,39.00,128.00,1.0000,-1,-1,-1
115,20,1129.00,467.00,247.00,870.00,1.0000,-1,-1,-1
115,31,816.00,327.00,168.00,582.00,1.0000,-1,-1,-1
115,24,391.00,125.00,44.00,136.00,1.0000,-1,-1,-1
115,21,1384.00,500.00,310.00,951.00,1.0000,-1,-1,-1
115,15,661.00,117.00,44.00,147.00,1.0000,-1,-1,-1
115,8,1100.00,100.00,40.00,155.00,1.0000,-1,-1,-1
115,28,1650.00,328.00,237.00,661.00,1.0000,-1,-1,-1
115,29,1556.00,802.00,604.00,1476.00,1.0000,-1,-1,-1
115,16,1257.00,356.00,190.00,676.00,1.0000,-1,-1,-1
115,4,1556.00,149.00,96.00,301.00,1.0000,-1,-1,-1
115,7,589.00,110.00,38.00,126.00,1.0000,-1,-1,-1
115,6,710.00,114.00,43.00,145.00,1.0000,-1,-1,-1
115,9,1002.00,99.00,38.00,141.00,1.0000,-1,-1,-1
115,30,1416.00,116.00,62.00,219.00,1.0000,-1,-1,-1
115,34,148.00,140.00,49.00,145.00,1.0000,-1,-1,-1
115,17,1545.00,377.00,256.00,745.00,1.0000,-1,-1,-1
115,33,317.00,434.00,248.00,738.00,1.0000,-1,-1,-1
116,1,1446.00,147.00,84.00,285.00,1.0000,-1,-1,-1
116,7,593.00,109.00,37.00,123.00,1.0000,-1,-1,-1
116,20,1129.00,467.00,247.00,870.00,1.0000,-1,-1,-1
116,32,379.00,147.00,58.00,183.00,1.0000,-1,-1,-1
116,33,468.00,466.00,263.00,812.00,1.0000,-1,-1,-1
116,21,1384.00,500.00,310.00,951.00,1.0000,-1,-1,-1
116,6,711.00,112.00,41.00,140.00,1.0000,-1,-1,-1
116,4,1556.00,149.00,96.00,301.00,1.0000,-1,-1,-1
116,17,1530.00,380.00,255.00,748.00,1.0000,-1,-1,-1
116,9,1002.00,99.00,38.00,141.00,1.0000,-1,-1,-1
116,31,1081.00,329.00,162.00,610.00,1.0000,-1,-1,-1
116,30,1415.00,113.00,61.00,213.00,1.0000,-1,-1,-1
116,8,1102.00,100.00,40.00,154.00,1.0000,-1,-1,-1
116,16,1255.00,388.00,209.00,735.00,1.0000,-1,-1,-1
116,15,654.00,115.00,42.00,141.00,1.0000,-1,-1,-1
116,28,1778.00,323.00,256.00,666.00,1.0000,-1,-1,-1
117,7,596.00,108.00,36.00,121.00,1.0000,-1,-1,-1
117,6,704.00,110.00,39.00,137.00,1.0000,-1,-1,-1
117,31,1333.00,327.00,185.00,630.00,1.0000,-1,-1,-1
117,17,1537.00,385.00,260.00,757.00,1.0000,-1,-1,-1
117,1,1443.00,148.00,84.00,287.00,1.0000,-1,-1,-1
117,21,1374.00,502.00,309.00,954.00,1.0000,-1,-1,-1
117,4,1550.00,149.00,95.00,300.00,1.0000,-1,-1,-1
117,8,1100.00,100.00,40.00,155.00,1.0000,-1,-1,-1
117,30,1376.00,109.00,56.00,202.00,1.0000,-1,-1,-1
117,15,651.00,113.00,41.00,137.00,1.0000,-1,-1,-1
117,32,394.00,143.00,55.00,174.00,1.0000,-1,-1,-1
117,33,689.00,594.00,326.00,1057.00,1.0000,-1,-1,-1
117,20,1110.00,467.00,246.00,867.00,1.0000,-1,-1,-1
117,9,1000.00,99.00,38.00,142.00,1.0000,-1,-1,-1
117,16,1247.00,389.00,208.00,737.00,1.0000,-1,-1,-1
118,8,1102.00,100.00,40.00,155.00,1.0000,-1,-1,-1
118,16,1253.00,391.00,210.00,741.00,1.0000,-1,-1,-1
118,20,1099.00,468.00,246.00,870.00,1.0000,-1,-1,-1
118,9,998.00,99.00,38.00,142.00,1.0000,-1,-1,-1
118,6,696.00,108.00,38.00,132.00,1.0000,-1,-1,-1
118,17,1578.00,404.00,282.00,795.00,1.0000,-1,-1,-1
118,31,1571.00,336.00,229.00,669.00,1.0000,-1,-1,-1
118,21,1366.00,499.00,304.00,948.00,1.0000,-1,-1,-1
118,4,1547.00,149.00,95.00,300.00,1.0000,-1,-1,-1
118,32,418.00,139.00,54.00,169.00,1.0000,-1,-1,-1
118,1,1440.00,148.00,84.00,286.00,1.0000,-1,-1,-1
118,15,648.00,111.00,40.00,134.00,1.0000,-1,-1,-1
118,7,608.00,107.00,36.00,119.00,1.0000,-1,-1,-1
118,30,1356.00,107.00,53.00,195.00,1.0000,-1,-1,-1
118,33,943.00,682.00,365.00,1227.00,1.0000,-1,-1,-1
119,8,1099.00,100.00,40.00,155.00,1.0000,-1,-1,-1
119,21,1384.00,500.00,310.00,951.00,1.0000,-1,-1,-1
119,32,415.00,136.00,51.00,162.00,1.0000,-1,-1,-1
119,17,1568.00,379.00,261.00,751.00,1.0000,-1,-1,-1
119,1,1440.00,148.00,84.00,287.00,1.0000,-1,-1,-1
119,16,1247.00,389.00,208.00,737.00,1.0000,-1,-1,-1
119,33,1312.00,831.00,530.00,1498.00,1.0000,-1,-1,-1
119,4,1556.00,149.00,96.00,301.00,1.0000,-1,-1,-1
119,20,1117.00,469.00,248.00,873.00,1.0000,-1,-1,-1
119,6,688.00,108.00,38.00,129.00,1.0000,-1,-1,-1
119,9,1002.00,99.00,38.00,141.00,1.0000,-1,-1,-1
119,15,636.00,110.00,39.00,130.00,1.0000,-1,-1,-1
119,31,1680.00,351.00,261.00,708.00,1.0000,-1,-1,-1
119,10,165.00,293.00,157.00,456.00,1.0000,-1,-1,-1
119,30,1354.00,103.00,51.00,187.00,1.0000,-1,-1,-1
120,20,1106.00,471.00,248.00,875.00,1.0000,-1,-1,-1
120,10,425.00,286.00,150.00,466.00,1.0000,-1,-1,-1
120,32,425.00,133.00,49.00,156.00,1.0000,-1,-1,-1
120,8,1099.00,100.00,40.00,155.00,1.0000,-1,-1,-1
120,30,1309.00,102.00,47.00,180.00,1.0000,-1,-1,-1
120,6,686.00,105.00,36.00,124.00,1.0000,-1,-1,-1
120,15,633.00,108.00,38.00,126.00,1.0000,-1,-1,-1
120,1,1440.00,148.00,84.00,287.00,1.0000,-1,-1,-1
120,16,1247.00,389.00,208.00,737.00,1.0000,-1,-1,-1
120,4,1538.00,151.00,95.00,303.00,1.0000,-1,-1,-1
120,17,1568.00,379.00,261.00,751.00,1.0000,-1,-1,-1
120,9,1002.00,99.00,38.00,141.00,1.0000,-1,-1,-1
120,21,1333.00,510.00,305.00,966.00,1.0000,-1,-1,-1
121,6,684.00,103.00,35.00,120.00,1.0000,-1,-1,-1
121,30,1304.00,99.00,46.00,174.00,1.0000,-1,-1,-1
121,10,606.00,279.00,143.00,469.00,1.0000,-1,-1,-1
121,17,1687.00,412.00,311.00,821.00,1.0000,-1,-1,-1
121,20,1144.00,450.00,238.00,841.00,1.0000,-1,-1,-1
121,32,430.00,130.00,47.00,150.00,1.0000,-1,-1,-1
121,15,643.00,105.00,36.00,120.00,1.0000,-1,-1,-1
121,8,1109.00,100.00,40.00,156.00,1.0000,-1,-1,-1
121,16,1265.00,383.00,208.00,729.00,1.0000,-1,-1,-1
121,21,1308.00,526.00,309.00,990.00,1.0000,-1,-1,-1
121,1,1457.00,147.00,85.00,286.00,1.0000,-1,-1,-1
121,9,1007.00,98.00,38.00,142.00,1.0000,-1,-1,-1
121,4,1526.00,152.00,95.00,304.00,1.0000,-1,-1,-1
122,6,686.00,101.00,34.00,116.00,1.0000,-1,-1,-1
122,16,1359.00,381.00,224.00,733.00,1.0000,-1,-1,-1
122,21,1319.00,524.00,310.00,987.00,1.0000,-1,-1,-1
122,17,1797.00,397.00,323.00,806.00,1.0000,-1,-1,-1
122,4,1526.00,152.00,95.00,304.00,1.0000,-1,-1,-1
122,8,1107.00,100.00,39.00,154.00,1.0000,-1,-1,-1
122,32,440.00,127.00,46.00,145.00,1.0000,-1,-1,-1
122,1,1452.00,147.00,84.00,286.00,1.0000,-1,-1,-1
122,15,639.00,104.00,35.00,118.00,1.0000,-1,-1,-1
122,10,810.00,275.00,138.00,481.00,1.0000,-1,-1,-1
122,9,1007.00,98.00,38.00,142.00,1.0000,-1,-1,-1
122,20,1216.00,480.00,262.00,900.00,1.0000,-1,-1,-1
123,2,388.00,334.00,182.00,556.00,1.0000,-1,-1,-1
123,21,1394.00,539.00,340.00,1023.00,1.0000,-1,-1,-1
123,32,454.00,124.00,44.00,140.00,1.0000,-1,-1,-1
123,8,1107.00,100.00,39.00,154.00,1.0000,-1,-1,-1
123,20,1239.00,476.00,261.00,895.00,1.0000,-1,-1,-1
123,16,1449.00,374.00,235.00,729.00,1.0000,-1,-1,-1
123,1,1452.00,147.00,84.00,286.00,1.0000,-1,-1,-1
123,10,1012.00,270.00,132.00,490.00,1.0000,-1,-1,-1
123,9,1007.00,98.00,38.00,142.00,1.0000,-1,-1,-1
123,4,1526.00,152.00,95.00,304.00,1.0000,-1,-1,-1
124,2,608.00,327.00,173.00,562.00,1.0000,-1,-1,-1
124,8,1107.00,100.00,39.00,154.00,1.0000,-1,-1,-1
124,20,1264.00,497.00,279.00,934.00,1.0000,-1,-1,-1
124,21,1404.00,537.00,342.00,1019.00,1.0000,-1,-1,-1
124,32,457.00,122.00,42.00,136.00,1.0000,-1,-1,-1
124,1,1452.00,147.00,84.00,286.00,1.0000,-1,-1,-1
124,10,1256.00,276.00,143.00,524.00,1.0000,-1,-1,-1
124,16,1545.00,396.00,270.00,779.00,1.0000,-1,-1,-1
124,9,1007.00,98.00,38.00,142.00,1.0000,-1,-1,-1
124,4,1526.00,152.00,95.00,304.00,1.0000,-1,-1,-1
125,10,1493.00,270.00,171.00,534.00,1.0000,-1,-1,-1
125,2,844.00,319.00,164.00,571.00,1.0000,-1,-1,-1
125,32,461.00,120.00,41.00,133.00,1.0000,-1,-1,-1
125,20,1349.00,493.00,296.00,935.00,1.0000,-1,-1,-1
125,9,1007.00,98.00,38.00,142.00,1.0000,-1,-1,-1
125,1,1452.00,147.00,84.00,286.00,1.0000,-1,-1,-1
125,16,1664.00,420.00,313.00,835.00,1.0000,-1,-1,-1
125,4,1526.00,152.00,95.00,304.00,1.0000,-1,-1,-1
125,21,1414.00,540.00,346.00,1026.00,1.0000,-1,-1,-1
125,8,1109.00,100.00,40.00,155.00,1.0000,-1,-1,-1
126,8,1111.00,100.00,41.00,156.00,1.0000,-1,-1,-1
126,16,1685.00,432.00,328.00,859.00,1.0000,-1,-1,-1
126,20,1501.00,470.00,316.00,910.00,1.0000,-1,-1,-1
126,21,1441.00,564.00,371.00,1071.00,1.0000,-1,-1,-1
126,2,1120.00,314.00,156.00,585.00,1.0000,-1,-1,-1
126,1,1452.00,147.00,84.00,286.00,1.0000,-1,-1,-1
126,3,50.00,290.00,155.00,439.00,1.0000,-1,-1,-1
126,10,1680.00,266.00,194.00,547.00,1.0000,-1,-1,-1
126,9,1007.00,98.00,38.00,142.00,1.0000,-1,-1,-1
126,4,1526.00,152.00,95.00,304.00,1.0000,-1,-1,-1
127,3,108.00,300.00,163.00,464.00,1.0000,-1,-1,-1
127,5,81.00,267.00,139.00,397.00,1.0000,-1,-1,-1
127,20,1566.00,470.00,331.00,917.00,1.0000,-1,-1,-1
127,10,1867.00,257.00,215.00,548.00,1.0000,-1,-1,-1
127,16,1867.00,448.00,383.00,905.00,1.0000,-1,-1,-1
127,4,1569.00,151.00,98.00,305.00,1.0000,-1,-1,-1
127,2,1347.00,314.00,179.00,606.00,1.0000,-1,-1,-1
127,21,1595.00,580.00,428.00,1113.00,1.0000,-1,-1,-1
127,1,1452.00,147.00,84.00,286.00,1.0000,-1,-1,-1
127,8,1117.00,100.00,40.00,157.00,1.0000,-1,-1,-1
127,9,1007.00,98.00,38.00,142.00,1.0000,-1,-1,-1
128,21,1664.00,585.00,452.00,1126.00,1.0000,-1,-1,-1
128,3,229.00,298.00,159.00,471.00,1.0000,-1,-1,-1
128,2,1652.00,314.00,227.00,634.00,1.0000,-1,-1,-1
128,5,205.00,278.00,147.00,431.00,1.0000,-1,-1,-1
128,20,1631.00,471.00,347.00,923.00,1.0000,-1,-1,-1
128,9,1008.00,98.00,38.00,142.00,1.0000,-1,-1,-1
128,16,1875.00,446.00,383.00,903.00,1.0000,-1,-1,-1
128,8,1120.00,100.00,41.00,157.00,1.0000,-1,-1,-1
128,1,1452.00,147.00,84.00,286.00,1.0000,-1,-1,-1
128,4,1594.00,150.00,99.00,306.00,1.0000,-1,-1,-1
129,7,49.00,324.00,181.00,508.00,1.0000,-1,-1,-1
129,1,1451.00,147.00,85.00,287.00,1.0000,-1,-1,-1
129,8,1127.00,100.00,40.00,158.00,1.0000,-1,-1,-1
129,20,1658.00,465.00,349.00,915.00,1.0000,-1,-1,-1
129,9,1008.00,98.00,38.00,142.00,1.0000,-1,-1,-1
129,5,391.00,271.00,140.00,434.00,1.0000,-1,-1,-1
129,2,1810.00,304.00,245.00,631.00,1.0000,-1,-1,-1
129,3,335.00,295.00,157.00,475.00,1.0000,-1,-1,-1
129,21,1739.00,565.00,455.00,1099.00,1.0000,-1,-1,-1
129,4,1653.00,144.00,100.00,299.00,1.0000,-1,-1,-1
130,4,1710.00,138.00,102.00,295.00,1.0000,-1,-1,-1
130,21,1739.00,565.00,455.00,1099.00,1.0000,-1,-1,-1
130,8,1134.00,100.00,40.00,158.00,1.0000,-1,-1,-1
130,9,1008.00,98.00,38.00,142.00,1.0000,-1,-1,-1
130,1,1478.00,144.00,85.00,283.00,1.0000,-1,-1,-1
130,7,201.00,328.00,181.00,529.00,1.0000,-1,-1,-1
130,3,440.00,298.00,158.00,492.00,1.0000,-1,-1,-1
130,5,604.00,267.00,136.00,445.00,1.0000,-1,-1,-1
130,20,1792.00,487.00,400.00,967.00,1.0000,-1,-1,-1
131,9,1006.00,98.00,38.00,142.00,1.0000,-1,-1,-1
131,4,1752.00,131.00,100.00,285.00,1.0000,-1,-1,-1
131,5,761.00,269.00,135.00,465.00,1.0000,-1,-1,-1
131,8,1130.00,101.00,40.00,158.00,1.0000,-1,-1,-1
131,20,1870.00,497.00,429.00,994.00,1.0000,-1,-1,-1
131,3,578.00,301.00,157.00,511.00,1.0000,-1,-1,-1
131,1,1461.00,145.00,84.00,283.00,1.0000,-1,-1,-1
131,7,413.00,331.00,179.00,553.00,1.0000,-1,-1,-1
132,9,1006.00,98.00,38.00,142.00,1.0000,-1,-1,-1
132,20,1870.00,497.00,429.00,994.00,1.0000,-1,-1,-1
132,5,1015.00,262.00,128.00,474.00,1.0000,-1,-1,-1
132,3,700.00,306.00,159.00,530.00,1.0000,-1,-1,-1
132,8,1131.00,100.00,41.00,159.00,1.0000,-1,-1,-1
132,1,1501.00,144.00,86.00,284.00,1.0000,-1,-1,-1
132,7,560.00,327.00,174.00,559.00,1.0000,-1,-1,-1
132,11,115.00,297.00,160.00,459.00,1.0000,-1,-1,-1
132,4,1802.00,125.00,99.00,276.00,1.0000,-1,-1,-1
133,1,1547.00,142.00,89.00,286.00,1.0000,-1,-1,-1
133,11,284.00,291.00,154.00,463.00,1.0000,-1,-1,-1
133,3,898.00,300.00,152.00,538.00,1.0000,-1,-1,-1
133,20,1876.00,508.00,442.00,1014.00,1.0000,-1,-1,-1
133,6,73.00,312.00,171.00,485.00,1.0000,-1,-1,-1
133,5,1206.00,266.00,133.00,500.00,1.0000,-1,-1,-1
133,8,1131.00,100.00,41.00,159.00,1.0000,-1,-1,-1
133,9,1006.00,98.00,38.00,142.00,1.0000,-1,-1,-1
133,7,773.00,331.00,172.00,584.00,1.0000,-1,-1,-1
134,8,1133.00,100.00,41.00,159.00,1.0000,-1,-1,-1
134,6,195.00,332.00,184.00,535.00,1.0000,-1,-1,-1
134,11,433.00,286.00,150.00,467.00,1.0000,-1,-1,-1
134,7,1000.00,348.00,175.00,638.00,1.0000,-1,-1,-1
134,1,1601.00,138.00,91.00,284.00,1.0000,-1,-1,-1
134,5,1444.00,273.00,167.00,537.00,1.0000,-1,-1,-1
134,9,1007.00,98.00,38.00,142.00,1.0000,-1,-1,-1
134,3,1051.00,309.00,153.00,569.00,1.0000,-1,-1,-1
135,3,1262.00,311.00,164.00,590.00,1.0000,-1,-1,-1
135,9,1011.00,98.00,37.00,142.00,1.0000,-1,-1,-1
135,8,1127.00,100.00,41.00,158.00,1.0000,-1,-1,-1
135,11,582.00,279.00,144.00,469.00,1.0000,-1,-1,-1
135,1,1657.00,135.00,94.00,281.00,1.0000,-1,-1,-1
135,5,1674.00,279.00,204.00,570.00,1.0000,-1,-1,-1
135,7,1238.00,354.00,187.00,671.00,1.0000,-1,-1,-1
135,6,378.00,319.00,172.00,528.00,1.0000,-1,-1,-1
136,7,1467.00,353.00,224.00,690.00,1.0000,-1,-1,-1
136,3,1475.00,308.00,195.00,608.00,1.0000,-1,-1,-1
136,9,1013.00,98.00,38.00,142.00,1.0000,-1,-1,-1
136,5,1875.00,284.00,240.00,601.00,1.0000,-1,-1,-1
136,6,543.00,319.00,170.00,542.00,1.0000,-1,-1,-1
136,8,1133.00,100.00,40.00,158.00,1.0000,-1,-1,-1
136,1,1724.00,131.00,98.00,281.00,1.0000,-1,-1,-1
136,11,734.00,281.00,143.00,485.00,1.0000,-1,-1,-1
137,11,879.00,281.00,140.00,498.00,1.0000,-1,-1,-1
137,1,1764.00,129.00,100.00,282.00,1.0000,-1,-1,-1
137,6,721.00,309.00,160.00,539.00,1.0000,-1,-1,-1
137,7,1716.00,365.00,279.00,738.00,1.0000,-1,-1,-1
137,8,1127.00,100.00,40.00,157.00,1.0000,-1,-1,-1
137,3,1644.00,311.00,223.00,628.00,1.0000,-1,-1,-1
137,9,1050.00,97.00,38.00,143.00,1.0000,-1,-1,-1
137,13,108.00,273.00,143.00,410.00,1.0000,-1,-1,-1
137,12,101.00,300.00,162.00,463.00,1.0000,-1,-1,-1
138,1,1799.00,124.00,98.00,273.00,1.0000,-1,-1,-1
138,3,1792.00,314.00,250.00,648.00,1.0000,-1,-1,-1
138,9,1072.00,96.00,38.00,144.00,1.0000,-1,-1,-1
138,6,857.00,314.00,160.00,560.00,1.0000,-1,-1,-1
138,11,1024.00,287.00,142.00,524.00,1.0000,-1,-1,-1
138,10,50.00,285.00,152.00,430.00,1.0000,-1,-1,-1
138,12,266.00,296.00,159.00,473.00,1.0000,-1,-1,-1
138,13,206.00,279.00,148.00,433.00,1.0000,-1,-1,-1
138,8,1136.00,100.00,40.00,158.00,1.0000,-1,-1,-1
139,6,1058.00,316.00,156.00,582.00,1.0000,-1,-1,-1
139,8,1132.00,100.00,40.00,157.00,1.0000,-1,-1,-1
139,11,1205.00,293.00,149.00,552.00,1.0000,-1,-1,-1
139,10,154.00,287.00,153.00,443.00,1.0000,-1,-1,-1
139,12,405.00,297.00,157.00,487.00,1.0000,-1,-1,-1
139,13,322.00,279.00,146.00,443.00,1.0000,-1,-1,-1
139,1,1844.00,121.00,101.00,272.00,1.0000,-1,-1,-1
140,1,1859.00,118.00,99.00,269.00,1.0000,-1,-1,-1
140,10,320.00,283.00,149.00,450.00,1.0000,-1,-1,-1
140,8,1131.00,101.00,40.00,158.00,1.0000,-1,-1,-1
140,6,1224.00,319.00,165.00,604.00,1.0000,-1,-1,-1
140,13,448.00,277.00,145.00,452.00,1.0000,-1,-1,-1
140,11,1340.00,296.00,167.00,572.00,1.0000,-1,-1,-1
140,12,518.00,299.00,157.00,500.00,1.0000,-1,-1,-1
141,10,502.00,291.00,152.00,483.00,1.0000,-1,-1,-1
141,8,1108.00,102.00,41.00,158.00,1.0000,-1,-1,-1
141,2,88.00,194.00,87.00,249.00,1.0000,-1,-1,-1
141,11,1480.00,280.00,177.00,554.00,1.0000,-1,-1,-1
141,6,1407.00,330.00,199.00,643.00,1.0000,-1,-1,-1
141,12,700.00,299.00,154.00,517.00,1.0000,-1,-1,-1
141,13,610.00,266.00,135.00,445.00,1.0000,-1,-1,-1
142,8,1125.00,101.00,40.00,158.00,1.0000,-1,-1,-1
142,2,136.00,189.00,84.00,246.00,1.0000,-1,-1,-1
142,6,1616.00,324.00,228.00,651.00,1.0000,-1,-1,-1
142,12,880.00,288.00,145.00,513.00,1.0000,-1,-1,-1
142,11,1638.00,276.00,196.00,560.00,1.0000,-1,-1,-1
142,13,752.00,274.00,138.00,472.00,1.0000,-1,-1,-1
142,10,633.00,292.00,151.00,496.00,1.0000,-1,-1,-1
143,13,906.00,264.00,131.00,468.00,1.0000,-1,-1,-1
143,2,181.00,184.00,81.00,238.00,1.0000,-1,-1,-1
143,12,1030.00,302.00,149.00,553.00,1.0000,-1,-1,-1
143,8,1127.00,101.00,40.00,158.00,1.0000,-1,-1,-1
143,10,801.00,298.00,152.00,524.00,1.0000,-1,-1,-1
143,11,1817.00,283.00,230.00,594.00,1.0000,-1,-1,-1
143,6,1747.00,329.00,255.00,672.00,1.0000,-1,-1,-1
144,8,1128.00,101.00,41.00,158.00,1.0000,-1,-1,-1
144,13,1083.00,266.00,129.00,487.00,1.0000,-1,-1,-1
144,12,1226.00,295.00,151.00,558.00,1.0000,-1,-1,-1
144,10,1012.00,303.00,150.00,552.00,1.0000,-1,-1,-1
144,2,249.00,180.00,78.00,236.00,1.0000,-1,-1,-1
145,12,1407.00,300.00,178.00,586.00,1.0000,-1,-1,-1
145,8,1128.00,101.00,41.00,158.00,1.0000,-1,-1,-1
145,2,323.00,174.00,76.00,233.00,1.0000,-1,-1,-1
145,13,1282.00,270.00,142.00,515.00,1.0000,-1,-1,-1
145,10,1184.00,292.00,147.00,547.00,1.0000,-1,-1,-1
146,8,1130.00,100.00,41.00,159.00,1.0000,-1,-1,-1
146,2,392.00,167.00,72.00,225.00,1.0000,-1,-1,-1
146,12,1609.00,323.00,226.00,648.00,1.0000,-1,-1,-1
146,10,1389.00,288.00,169.00,561.00,1.0000,-1,-1,-1
146,13,1481.00,276.00,173.00,544.00,1.0000,-1,-1,-1
147,8,1132.00,100.00,41.00,158.00,1.0000,-1,-1,-1
147,10,1590.00,293.00,202.00,590.00,1.0000,-1,-1,-1
147,2,470.00,162.00,70.00,220.00,1.0000,-1,-1,-1
147,5,117.00,169.00,69.00,200.00,1.0000,-1,-1,-1
147,4,168.00,286.00,152.00,442.00,1.0000,-1,-1,-1
147,12,1758.00,324.00,253.00,665.00,1.0000,-1,-1,-1
147,13,1678.00,275.00,201.00,563.00,1.0000,-1,-1,-1
148,2,522.00,158.00,67.00,218.00,1.0000,-1,-1,-1
148,5,146.00,163.00,65.00,191.00,1.0000,-1,-1,-1
148,14,58.00,337.00,189.00,532.00,1.0000,-1,-1,-1
148,8,1127.00,101.00,40.00,158.00,1.0000,-1,-1,-1
148,7,206.00,411.00,237.00,686.00,1.0000,-1,-1,-1
148,4,284.00,278.00,146.00,438.00,1.0000,-1,-1,-1
148,10,1734.00,288.00,221.00,595.00,1.0000,-1,-1,-1
148,13,1860.00,271.00,225.00,573.00,1.0000,-1,-1,-1
149,14,204.00,333.00,185.00,539.00,1.0000,-1,-1,-1
149,4,388.00,292.00,154.00,475.00,1.0000,-1,-1,-1
149,7,570.00,420.00,231.00,736.00,1.0000,-1,-1,-1
149,8,1128.00,101.00,41.00,158.00,1.0000,-1,-1,-1
149,5,185.00,158.00,63.00,186.00,1.0000,-1,-1,-1
149,2,612.00,151.00,64.00,213.00,1.0000,-1,-1,-1
150,2,659.00,147.00,62.00,208.00,1.0000,-1,-1,-1
150,4,505.00,289.00,151.00,480.00,1.0000,-1,-1,-1
150,5,198.00,154.00,59.00,177.00,1.0000,-1,-1,-1
150,8,1128.00,101.00,41.00,158.00,1.0000,-1,-1,-1
150,7,949.00,430.00,221.00,788.00,1.0000,-1,-1,-1
150,14,381.00,329.00,179.00,546.00,1.0000,-1,-1,-1
151,4,1141.00,121.00,63.00,213.00,1.0000,-1,-1,-1
151,3,568.00,143.00,75.00,270.00,1.0000,-1,-1,-1
151,5,1469.00,119.00,72.00,200.00,1.0000,-1,-1,-1
151,1,1532.00,116.00,71.00,192.00,1.0000,-1,-1,-1
151,8,1896.00,377.00,299.00,602.00,1.0000,-1,-1,-1
151,7,1802.00,112.00,75.00,176.00,1.0000,-1,-1,-1
151,2,837.00,139.00,62.00,254.00,1.0000,-1,-1,-1
151,6,199.00,152.00,97.00,297.00,1.0000,-1,-1,-1
152,4,1085.00,122.00,61.00,216.00,1.0000,-1,-1,-1
152,5,1469.00,119.00,72.00,200.00,1.0000,-1,-1,-1
152,3,550.00,144.00,75.00,271.00,1.0000,-1,-1,-1
152,10,1903.00,313.00,245.00,504.00,1.0000,-1,-1,-1
152,7,1800.00,112.00,75.00,175.00,1.0000,-1,-1,-1
152,6,199.00,152.00,97.00,297.00,1.0000,-1,-1,-1
152,1,1530.00,116.00,71.00,192.00,1.0000,-1,-1,-1
152,2,836.00,138.00,61.00,254.00,1.0000,-1,-1,-1
152,8,1712.00,369.00,271.00,596.00,1.0000,-1,-1,-1
153,9,1736.00,361.00,266.00,582.00,1.0000,-1,-1,-1
153,1,1532.00,116.00,71.00,192.00,1.0000,-1,-1,-1
153,10,1682.00,301.00,214.00,491.00,1.0000,-1,-1,-1
153,2,836.00,138.00,61.00,254.00,1.0000,-1,-1,-1
153,3,548.00,143.00,76.00,271.00,1.0000,-1,-1,-1
153,4,980.00,126.00,60.00,228.00,1.0000,-1,-1,-1
153,5,1471.00,119.00,72.00,199.00,1.0000,-1,-1,-1
153,6,198.00,152.00,97.00,296.00,1.0000,-1,-1,-1
153,7,1800.00,112.00,75.00,175.00,1.0000,-1,-1,-1
153,8,1534.00,366.00,247.00,597.00,1.0000,-1,-1,-1
154,3,552.00,143.00,76.00,271.00,1.0000,-1,-1,-1
154,1,1533.00,116.00,72.00,192.00,1.0000,-1,-1,-1
154,10,1482.00,293.00,189.00,484.00,1.0000,-1,-1,-1
154,7,1802.00,112.00,75.00,176.00,1.0000,-1,-1,-1
154,8,1377.00,374.00,234.00,615.00,1.0000,-1,-1,-1
154,2,855.00,138.00,61.00,252.00,1.0000,-1,-1,-1
154,11,1896.00,169.00,123.00,270.00,1.0000,-1,-1,-1
154,9,1539.00,336.00,226.00,551.00,1.0000,-1,-1,-1
154,5,1473.00,119.00,72.00,199.00,1.0000,-1,-1,-1
154,6,202.00,151.00,96.00,295.00,1.0000,-1,-1,-1
155,2,858.00,138.00,62.00,254.00,1.0000,-1,-1,-1
155,8,1196.00,366.00,206.00,608.00,1.0000,-1,-1,-1
155,7,1803.00,112.00,75.00,176.00,1.0000,-1,-1,-1
155,9,1289.00,327.00,193.00,546.00,1.0000,-1,-1,-1
155,10,1292.00,291.00,171.00,489.00,1.0000,-1,-1,-1
155,11,1825.00,173.00,123.00,279.00,1.0000,-1,-1,-1
155,1,1533.00,116.00,72.00,192.00,1.0000,-1,-1,-1
155,3,551.00,143.00,75.00,270.00,1.0000,-1,-1,-1
155,5,1471.00,119.00,72.00,199.00,1.0000,-1,-1,-1
155,6,201.00,150.00,96.00,295.00,1.0000,-1,-1,-1
156,12,1838.00,190.00,138.00,308.00,1.0000,-1,-1,-1
156,10,1104.00,291.00,152.00,495.00,1.0000,-1,-1,-1
156,5,1471.00,119.00,72.00,198.00,1.0000,-1,-1,-1
156,2,860.00,138.00,61.00,253.00,1.0000,-1,-1,-1
156,7,1803.00,112.00,75.00,176.00,1.0000,-1,-1,-1
156,6,202.00,151.00,96.00,295.00,1.0000,-1,-1,-1
156,8,993.00,370.00,182.00,619.00,1.0000,-1,-1,-1
156,3,550.00,143.00,75.00,269.00,1.0000,-1,-1,-1
156,1,1535.00,116.00,72.00,193.00,1.0000,-1,-1,-1
156,9,1127.00,323.00,173.00,543.00,1.0000,-1,-1,-1
156,11,1731.00,178.00,123.00,291.00,1.0000,-1,-1,-1
157,10,968.00,287.00,137.00,494.00,1.0000,-1,-1,-1
157,9,1026.00,324.00,162.00,549.00,1.0000,-1,-1,-1
157,5,1467.00,118.00,72.00,199.00,1.0000,-1,-1,-1
157,3,550.00,143.00,75.00,269.00,1.0000,-1,-1,-1
157,2,863.00,139.00,62.00,253.00,1.0000,-1,-1,-1
157,11,1642.00,181.00,122.00,300.00,1.0000,-1,-1,-1
157,12,1755.00,195.00,138.00,319.00,1.0000,-1,-1,-1
157,8,959.00,371.00,178.00,623.00,1.0000,-1,-1,-1
157,7,1803.00,112.00,75.00,175.00,1.0000,-1,-1,-1
157,1,1537.00,116.00,72.00,193.00,1.0000,-1,-1,-1
157,6,202.00,151.00,97.00,296.00,1.0000,-1,-1,-1
158,1,1535.00,116.00,72.00,192.00,1.0000,-1,-1,-1
158,12,1641.00,196.00,132.00,323.00,1.0000,-1,-1,-1
158,6,207.00,151.00,96.00,295.00,1.0000,-1,-1,-1
158,11,1545.00,187.00,121.00,312.00,1.0000,-1,-1,-1
158,13,1647.00,408.00,293.00,656.00,1.0000,-1,-1,-1
158,3,550.00,143.00,75.00,269.00,1.0000,-1,-1,-1
158,10,841.00,285.00,127.00,495.00,1.0000,-1,-1,-1
158,14,1238.00,951.00,607.00,1368.00,1.0000,-1,-1,-1
158,5,1466.00,118.00,71.00,198.00,1.0000,-1,-1,-1
158,2,868.00,136.00,60.00,248.00,1.0000,-1,-1,-1
158,7,1801.00,111.00,74.00,176.00,1.0000,-1,-1,-1
158,8,816.00,389.00,175.00,653.00,1.0000,-1,-1,-1
158,9,877.00,331.00,150.00,564.00,1.0000,-1,-1,-1
159,13,1430.00,402.00,260.00,653.00,1.0000,-1,-1,-1
159,6,207.00,151.00,96.00,295.00,1.0000,-1,-1,-1
159,11,1443.00,189.00,117.00,320.00,1.0000,-1,-1,-1
159,15,1677.00,691.00,533.00,1045.00,1.0000,-1,-1,-1
159,3,548.00,142.00,75.00,269.00,1.0000,-1,-1,-1
159,9,603.00,327.00,157.00,566.00,1.0000,-1,-1,-1
159,14,1062.00,888.00,498.00,1301.00,1.0000,-1,-1,-1
159,7,1801.00,111.00,74.00,176.00,1.0000,-1,-1,-1
159,10,693.00,282.00,131.00,493.00,1.0000,-1,-1,-1
159,12,1552.00,203.00,133.00,339.00,1.0000,-1,-1,-1
159,5,1464.00,118.00,71.00,198.00,1.0000,-1,-1,-1
159,8,485.00,380.00,192.00,651.00,1.0000,-1,-1,-1
159,2,868.00,136.00,60.00,248.00,1.0000,-1,-1,-1
159,1,1537.00,116.00,72.00,193.00,1.0000,-1,-1,-1
160,15,1363.00,729.00,481.00,1101.00,1.0000,-1,-1,-1
160,12,1394.00,202.00,123.00,342.00,1.0000,-1,-1,-1
160,6,207.00,151.00,96.00,295.00,1.0000,-1,-1,-1
160,13,1186.00,410.00,231.00,674.00,1.0000,-1,-1,-1
160,3,549.00,142.00,75.00,270.00,1.0000,-1,-1,-1
160,8,215.00,387.00,222.00,668.00,1.0000,-1,-1,-1
160,14,612.00,762.00,355.00,1163.00,1.0000,-1,-1,-1
160,10,507.00,283.00,145.00,501.00,1.0000,-1,-1,-1
160,7,1799.00,111.00,75.00,176.00,1.0000,-1,-1,-1
160,9,371.00,327.00,177.00,573.00,1.0000,-1,-1,-1
160,2,868.00,136.00,60.00,248.00,1.0000,-1,-1,-1
160,11,1323.00,191.00,112.00,327.00,1.0000,-1,-1,-1
160,1,1522.00,115.00,71.00,191.00,1.0000,-1,-1,-1
160,5,1473.00,119.00,72.00,199.00,1.0000,-1,-1,-1
161,16,1864.00,125.00,87.00,197.00,1.0000,-1,-1,-1
161,15,838.00,816.00,394.00,1224.00,1.0000,-1,-1,-1
161,10,171.00,277.00,167.00,501.00,1.0000,-1,-1,-1
161,12,1284.00,207.00,118.00,354.00,1.0000,-1,-1,-1
161,11,1198.00,193.00,106.00,335.00,1.0000,-1,-1,-1
161,13,921.00,407.00,191.00,677.00,1.0000,-1,-1,-1
161,2,874.00,136.00,61.00,249.00,1.0000,-1,-1,-1
161,9,91.00,326.00,201.00,579.00,1.0000,-1,-1,-1
161,3,567.00,144.00,75.00,271.00,1.0000,-1,-1,-1
162,11,1051.00,196.00,98.00,345.00,1.0000,-1,-1,-1
162,12,1137.00,214.00,113.00,370.00,1.0000,-1,-1,-1
162,13,600.00,425.00,201.00,714.00,1.0000,-1,-1,-1
162,2,874.00,136.00,61.00,249.00,1.0000,-1,-1,-1
162,15,712.00,768.00,362.00,1168.00,1.0000,-1,-1,-1
162,3,567.00,144.00,75.00,271.00,1.0000,-1,-1,-1
162,16,1796.00,125.00,85.00,199.00,1.0000,-1,-1,-1
163,12,976.00,218.00,103.00,381.00,1.0000,-1,-1,-1
163,13,264.00,436.00,242.00,737.00,1.0000,-1,-1,-1
163,15,412.00,743.00,365.00,1145.00,1.0000,-1,-1,-1
163,16,1735.00,126.00,84.00,203.00,1.0000,-1,-1,-1
163,2,869.00,135.00,61.00,248.00,1.0000,-1,-1,-1
163,11,908.00,199.00,90.00,353.00,1.0000,-1,-1,-1
163,3,567.00,144.00,75.00,271.00,1.0000,-1,-1,-1
164,16,1654.00,125.00,81.00,204.00,1.0000,-1,-1,-1
164,2,866.00,135.00,60.00,247.00,1.0000,-1,-1,-1
164,12,818.00,225.00,101.00,400.00,1.0000,-1,-1,-1
164,11,764.00,204.00,93.00,366.00,1.0000,-1,-1,-1
164,3,566.00,143.00,75.00,271.00,1.0000,-1,-1,-1
165,12,645.00,227.00,110.00,407.00,1.0000,-1,-1,-1
165,2,865.00,135.00,60.00,246.00,1.0000,-1,-1,-1
165,11,573.00,211.00,106.00,383.00,1.0000,-1,-1,-1
165,3,566.00,143.00,75.00,271.00,1.0000,-1,-1,-1
165,16,1570.00,126.00,79.00,208.00,1.0000,-1,-1,-1
166,4,1857.00,323.00,248.00,521.00,1.0000,-1,-1,-1
166,11,407.00,211.00,116.00,389.00,1.0000,-1,-1,-1
166,3,566.00,143.00,75.00,271.00,1.0000,-1,-1,-1
166,16,1517.00,124.00,76.00,207.00,1.0000,-1,-1,-1
166,2,863.00,134.00,60.00,247.00,1.0000,-1,-1,-1
166,12,409.00,232.00,127.00,423.00,1.0000,-1,-1,-1
167,11,226.00,215.00,130.00,400.00,1.0000,-1,-1,-1
167,2,865.00,135.00,60.00,246.00,1.0000,-1,-1,-1
167,16,1427.00,124.00,74.00,209.00,1.0000,-1,-1,-1
167,12,202.00,236.00,143.00,434.00,1.0000,-1,-1,-1
167,4,1643.00,327.00,231.00,535.00,1.0000,-1,-1,-1
167,3,567.00,144.00,75.00,271.00,1.0000,-1,-1,-1
168,2,871.00,135.00,60.00,246.00,1.0000,-1,-1,-1
168,3,568.00,144.00,75.00,272.00,1.0000,-1,-1,-1
168,4,1457.00,322.00,208.00,532.00,1.0000,-1,-1,-1
168,16,1366.00,124.00,72.00,210.00,1.0000,-1,-1,-1
169,2,874.00,135.00,60.00,247.00,1.0000,-1,-1,-1
169,4,1227.00,338.00,192.00,563.00,1.0000,-1,-1,-1
169,3,566.00,143.00,75.00,271.00,1.0000,-1,-1,-1
169,16,1275.00,121.00,67.00,209.00,1.0000,-1,-1,-1
170,4,996.00,343.00,168.00,579.00,1.0000,-1,-1,-1
170,2,874.00,135.00,60.00,247.00,1.0000,-1,-1,-1
170,16,1205.00,122.00,66.00,214.00,1.0000,-1,-1,-1
170,3,566.00,143.00,75.00,271.00,1.0000,-1,-1,-1
171,16,1128.00,121.00,62.00,213.00,1.0000,-1,-1,-1
171,4,726.00,353.00,158.00,602.00,1.0000,-1,-1,-1
171,2,882.00,134.00,59.00,245.00,1.0000,-1,-1,-1
171,3,571.00,143.00,74.00,269.00,1.0000,-1,-1,-1
172,2,863.00,134.00,60.00,245.00,1.0000,-1,-1,-1
172,4,422.00,358.00,188.00,619.00,1.0000,-1,-1,-1
172,3,571.00,143.00,74.00,269.00,1.0000,-1,-1,-1
173,4,107.00,360.00,218.00,629.00,1.0000,-1,-1,-1
173,2,863.00,134.00,60.00,245.00,1.0000,-1,-1,-1
173,3,571.00,143.00,74.00,269.00,1.0000,-1,-1,-1
174,2,863.00,134.00,60.00,245.00,1.0000,-1,-1,-1
174,3,571.00,143.00,74.00,269.00,1.0000,-1,-1,-1
175,3,571.00,143.00,74.00,269.00,1.0000,-1,-1,-1
175,2,869.00,134.00,60.00,245.00,1.0000,-1,-1,-1
176,2,895.00,134.00,60.00,244.00,1.0000,-1,-1,-1
176,3,571.00,143.00,74.00,269.00,1.0000,-1,-1,-1
177,2,902.00,133.00,60.00,244.00,1.0000,-1,-1,-1
177,3,571.00,143.00,74.00,269.00,1.0000,-1,-1,-1
178,3,575.00,143.00,74.00,269.00,1.0000,-1,-1,-1
178,2,911.00,133.00,60.00,243.00,1.0000,-1,-1,-1
179,2,921.00,133.00,61.00,241.00,1.0000,-1,-1,-1
179,3,575.00,143.00,74.00,269.00,1.0000,-1,-1,-1
180,2,927.00,132.00,60.00,240.00,1.0000,-1,-1,-1
180,3,575.00,143.00,74.00,269.00,1.0000,-1,-1,-1
181,3,567.00,143.00,75.00,269.00,1.0000,-1,-1,-1
181,2,934.00,133.00,61.00,241.00,1.0000,-1,-1,-1
182,3,567.00,143.00,75.00,269.00,1.0000,-1,-1,-1
182,2,933.00,132.00,60.00,241.00,1.0000,-1,-1,-1
183,2,933.00,132.00,60.00,241.00,1.0000,-1,-1,-1
183,3,567.00,143.00,75.00,269.00,1.0000,-1,-1,-1
184,2,931.00,132.00,61.00,240.00,1.0000,-1,-1,-1
184,3,571.00,143.00,74.00,269.00,1.0000,-1,-1,-1
185,3,569.00,142.00,74.00,268.00,1.0000,-1,-1,-1
185,2,917.00,133.00,60.00,241.00,1.0000,-1,-1,-1
185,1,1890.00,125.00,88.00,197.00,1.0000,-1,-1,-1
186,3,580.00,142.00,73.00,267.00,1.0000,-1,-1,-1
186,2,924.00,132.00,60.00,240.00,1.0000,-1,-1,-1
186,1,1861.00,122.00,84.00,191.00,1.0000,-1,-1,-1
187,1,1847.00,120.00,83.00,189.00,1.0000,-1,-1,-1
187,2,909.00,132.00,60.00,242.00,1.0000,-1,-1,-1
187,3,606.00,137.00,70.00,258.00,1.0000,-1,-1,-1
188,1,1790.00,117.00,79.00,185.00,1.0000,-1,-1,-1
188,3,632.00,134.00,68.00,253.00,1.0000,-1,-1,-1
188,2,925.00,132.00,60.00,239.00,1.0000,-1,-1,-1
189,2,909.00,132.00,60.00,240.00,1.0000,-1,-1,-1
189,1,1768.00,114.00,77.00,182.00,1.0000,-1,-1,-1
190,1,1742.00,113.00,75.00,180.00,1.0000,-1,-1,-1
190,2,937.00,133.00,61.00,240.00,1.0000,-1,-1,-1
191,2,937.00,135.00,62.00,245.00,1.0000,-1,-1,-1
192,2,934.00,133.00,62.00,242.00,1.0000,-1,-1,-1
193,2,933.00,133.00,61.00,242.00,1.0000,-1,-1,-1
194,2,931.00,133.00,61.00,241.00,1.0000,-1,-1,-1
195,2,931.00,133.00,61.00,241.00,1.0000,-1,-1,-1
196,2,930.00,132.00,60.00,241.00,1.0000,-1,-1,-1
197,2,928.00,132.00,61.00,241.00,1.0000,-1,-1,-1
198,2,933.00,133.00,61.00,242.00,1.0000,-1,-1,-1
199,2,931.00,133.00,61.00,241.00,1.0000,-1,-1,-1
200,2,931.00,133.00,61.00,241.00,1.0000,-1,-1,-1
201,5,389.00,176.00,62.00,264.00,1.0000,-1,-1,-1
201,1,461.00,149.00,137.00,639.00,1.0000,-1,-1,-1
201,3,920.00,168.00,99.00,448.00,1.0000,-1,-1,-1
201,4,889.00,171.00,85.00,393.00,1.0000,-1,-1,-1
201,2,299.00,146.00,160.00,657.00,1.0000,-1,-1,-1
202,4,1070.00,173.00,96.00,389.00,1.0000,-1,-1,-1
202,1,461.00,149.00,137.00,639.00,1.0000,-1,-1,-1
202,3,1113.00,170.00,114.00,447.00,1.0000,-1,-1,-1
202,2,296.00,145.00,162.00,664.00,1.0000,-1,-1,-1
202,5,316.00,174.00,69.00,282.00,1.0000,-1,-1,-1
203,1,460.00,148.00,139.00,646.00,1.0000,-1,-1,-1
203,2,259.00,144.00,170.00,676.00,1.0000,-1,-1,-1
203,3,1319.00,172.00,127.00,437.00,1.0000,-1,-1,-1
203,4,1222.00,174.00,108.00,395.00,1.0000,-1,-1,-1
203,5,173.00,171.00,83.00,300.00,1.0000,-1,-1,-1
204,5,120.00,170.00,90.00,315.00,1.0000,-1,-1,-1
204,7,1658.00,190.00,78.00,231.00,1.0000,-1,-1,-1
204,8,196.00,174.00,70.00,258.00,1.0000,-1,-1,-1
204,2,202.00,144.00,176.00,670.00,1.0000,-1,-1,-1
204,1,426.00,146.00,146.00,665.00,1.0000,-1,-1,-1
204,3,1469.00,174.00,139.00,438.00,1.0000,-1,-1,-1
204,6,187.00,174.00,73.00,268.00,1.0000,-1,-1,-1
204,4,1375.00,176.00,118.00,394.00,1.0000,-1,-1,-1
205,7,1768.00,191.00,85.00,236.00,1.0000,-1,-1,-1
205,8,98.00,173.00,78.00,266.00,1.0000,-1,-1,-1
205,4,1523.00,178.00,126.00,389.00,1.0000,-1,-1,-1
205,2,204.00,144.00,175.00,667.00,1.0000,-1,-1,-1
205,3,1631.00,176.00,147.00,429.00,1.0000,-1,-1,-1
205,1,428.00,147.00,144.00,655.00,1.0000,-1,-1,-1
205,6,174.00,173.00,77.00,277.00,1.0000,-1,-1,-1
206,4,1713.00,180.00,136.00,382.00,1.0000,-1,-1,-1
206,2,202.00,144.00,176.00,670.00,1.0000,-1,-1,-1
206,9,263.00,175.00,68.00,262.00,1.0000,-1,-1,-1
206,6,105.00,171.00,83.00,288.00,1.0000,-1,-1,-1
206,1,489.00,148.00,137.00,647.00,1.0000,-1,-1,-1
206,7,1841.00,191.00,88.00,239.00,1.0000,-1,-1,-1
206,3,1820.00,179.00,157.00,418.00,1.0000,-1,-1,-1
206,8,2.00,171.00,88.00,283.00,1.0000,-1,-1,-1
207,6,2.00,169.00,94.00,304.00,1.0000,-1,-1,-1
207,9,231.00,174.00,72.00,272.00,1.0000,-1,-1,-1
207,4,1850.00,182.00,142.00,374.00,1.0000,-1,-1,-1
207,1,489.00,148.00,137.00,647.00,1.0000,-1,-1,-1
207,2,199.00,144.00,178.00,673.00,1.0000,-1,-1,-1
208,1,500.00,149.00,134.00,640.00,1.0000,-1,-1,-1
208,2,199.00,144.00,178.00,673.00,1.0000,-1,-1,-1
208,9,160.00,172.00,81.00,289.00,1.0000,-1,-1,-1
209,9,63.00,170.00,90.00,304.00,1.0000,-1,-1,-1
209,1,499.00,149.00,136.00,643.00,1.0000,-1,-1,-1
209,2,199.00,144.00,178.00,673.00,1.0000,-1,-1,-1
210,1,499.00,148.00,136.00,647.00,1.0000,-1,-1,-1
210,2,199.00,144.00,178.00,673.00,1.0000,-1,-1,-1
210,10,16.00,126.00,258.00,876.00,1.0000,-1,-1,-1
211,12,1443.00,188.00,70.00,229.00,1.0000,-1,-1,-1
211,10,379.00,127.00,202.00,897.00,1.0000,-1,-1,-1
211,1,520.00,150.00,131.00,627.00,1.0000,-1,-1,-1
211,2,208.00,143.00,177.00,677.00,1.0000,-1,-1,-1
211,11,248.00,175.00,68.00,260.00,1.0000,-1,-1,-1
212,1,520.00,150.00,131.00,627.00,1.0000,-1,-1,-1
212,11,114.00,173.00,78.00,270.00,1.0000,-1,-1,-1
212,2,208.00,143.00,177.00,677.00,1.0000,-1,-1,-1
212,12,1527.00,188.00,76.00,239.00,1.0000,-1,-1,-1
212,10,758.00,129.00,195.00,916.00,1.0000,-1,-1,-1
213,11,85.00,172.00,83.00,282.00,1.0000,-1,-1,-1
213,1,520.00,150.00,131.00,627.00,1.0000,-1,-1,-1
213,12,1608.00,188.00,82.00,248.00,1.0000,-1,-1,-1
213,2,208.00,143.00,177.00,677.00,1.0000,-1,-1,-1
213,10,1125.00,135.00,243.00,894.00,1.0000,-1,-1,-1
214,10,1499.00,135.00,320.00,940.00,1.0000,-1,-1,-1
214,1,520.00,150.00,131.00,627.00,1.0000,-1,-1,-1
214,2,208.00,143.00,177.00,677.00,1.0000,-1,-1,-1
214,12,1740.00,189.00,90.00,254.00,1.0000,-1,-1,-1
215,1,529.00,150.00,131.00,632.00,1.0000,-1,-1,-1
215,12,1835.00,190.00,96.00,260.00,1.0000,-1,-1,-1
215,2,208.00,143.00,177.00,677.00,1.0000,-1,-1,-1
216,1,529.00,150.00,131.00,632.00,1.0000,-1,-1,-1
216,2,208.00,143.00,177.00,677.00,1.0000,-1,-1,-1
217,1,511.00,150.00,131.00,624.00,1.0000,-1,-1,-1
217,2,229.00,144.00,174.00,674.00,1.0000,-1,-1,-1
218,2,231.00,144.00,173.00,671.00,1.0000,-1,-1,-1
218,1,521.00,150.00,129.00,624.00,1.0000,-1,-1,-1
219,1,511.00,151.00,130.00,621.00,1.0000,-1,-1,-1
219,2,208.00,143.00,177.00,677.00,1.0000,-1,-1,-1
219,3,362.00,176.00,62.00,260.00,1.0000,-1,-1,-1
220,3,249.00,173.00,74.00,284.00,1.0000,-1,-1,-1
220,1,511.00,151.00,130.00,621.00,1.0000,-1,-1,-1
220,2,220.00,145.00,170.00,656.00,1.0000,-1,-1,-1
221,3,172.00,171.00,83.00,301.00,1.0000,-1,-1,-1
221,1,500.00,149.00,134.00,637.00,1.0000,-1,-1,-1
221,2,228.00,146.00,166.00,643.00,1.0000,-1,-1,-1
222,2,228.00,146.00,166.00,643.00,1.0000,-1,-1,-1
222,1,510.00,150.00,133.00,633.00,1.0000,-1,-1,-1
222,3,53.00,169.00,97.00,322.00,1.0000,-1,-1,-1
223,1,510.00,150.00,133.00,633.00,1.0000,-1,-1,-1
223,2,228.00,146.00,166.00,643.00,1.0000,-1,-1,-1
224,1,510.00,150.00,133.00,633.00,1.0000,-1,-1,-1
224,2,228.00,146.00,166.00,643.00,1.0000,-1,-1,-1
225,1,510.00,150.00,133.00,633.00,1.0000,-1,-1,-1
225,2,228.00,146.00,166.00,643.00,1.0000,-1,-1,-1
226,1,510.00,150.00,133.00,633.00,1.0000,-1,-1,-1
226,4,442.00,177.00,56.00,251.00,1.0000,-1,-1,-1
226,2,228.00,146.00,166.00,643.00,1.0000,-1,-1,-1
227,4,358.00,176.00,62.00,257.00,1.0000,-1,-1,-1
227,5,561.00,178.00,50.00,250.00,1.0000,-1,-1,-1
227,2,148.00,143.00,184.00,674.00,1.0000,-1,-1,-1
227,1,510.00,150.00,133.00,633.00,1.0000,-1,-1,-1
228,4,304.00,175.00,66.00,267.00,1.0000,-1,-1,-1
228,5,421.00,176.00,59.00,263.00,1.0000,-1,-1,-1
228,1,510.00,150.00,133.00,633.00,1.0000,-1,-1,-1
228,2,103.00,141.00,195.00,694.00,1.0000,-1,-1,-1
229,6,276.00,175.00,65.00,256.00,1.0000,-1,-1,-1
229,1,501.00,150.00,132.00,631.00,1.0000,-1,-1,-1
229,5,350.00,174.00,67.00,280.00,1.0000,-1,-1,-1
229,4,259.00,174.00,71.00,276.00,1.0000,-1,-1,-1
229,2,49.00,134.00,226.00,780.00,1.0000,-1,-1,-1
230,1,516.00,147.00,139.00,665.00,1.0000,-1,-1,-1
230,6,185.00,174.00,73.00,267.00,1.0000,-1,-1,-1
230,4,182.00,172.00,78.00,285.00,1.0000,-1,-1,-1
230,5,236.00,172.00,79.00,301.00,1.0000,-1,-1,-1
231,5,115.00,169.00,92.00,319.00,1.0000,-1,-1,-1
231,4,88.00,171.00,87.00,297.00,1.0000,-1,-1,-1
231,1,537.00,149.00,135.00,650.00,1.0000,-1,-1,-1
231,6,67.00,171.00,84.00,284.00,1.0000,-1,-1,-1
232,1,473.00,145.00,146.00,682.00,1.0000,-1,-1,-1
232,6,3.00,170.00,91.00,295.00,1.0000,-1,-1,-1
232,7,369.00,176.00,61.00,257.00,1.0000,-1,-1,-1
233,1,389.00,142.00,163.00,721.00,1.0000,-1,-1,-1
233,7,307.00,174.00,67.00,272.00,1.0000,-1,-1,-1
233,3,319.00,176.00,63.00,255.00,1.0000,-1,-1,-1
234,3,174.00,174.00,74.00,266.00,1.0000,-1,-1,-1
234,7,244.00,173.00,75.00,284.00,1.0000,-1,-1,-1
234,1,331.00,135.00,187.00,794.00,1.0000,-1,-1,-1
235,7,184.00,171.00,81.00,299.00,1.0000,-1,-1,-1
235,1,244.00,127.00,222.00,885.00,1.0000,-1,-1,-1
235,3,129.00,172.00,80.00,281.00,1.0000,-1,-1,-1
236,3,39.00,170.00,89.00,294.00,1.0000,-1,-1,-1
236,1,76.00,115.00,284.00,1012.00,1.0000,-1,-1,-1
236,7,77.00,169.00,93.00,314.00,1.0000,-1,-1,-1
237,9,510.00,178.00,53.00,253.00,1.0000,-1,-1,-1
237,8,362.00,176.00,61.00,256.00,1.0000,-1,-1,-1
238,10,468.00,177.00,54.00,250.00,1.0000,-1,-1,-1
238,8,289.00,174.00,68.00,270.00,1.0000,-1,-1,-1
238,9,413.00,176.00,60.00,263.00,1.0000,-1,-1,-1
239,10,400.00,176.00,60.00,259.00,1.0000,-1,-1,-1
239,8,207.00,173.00,76.00,282.00,1.0000,-1,-1,-1
239,9,347.00,175.00,66.00,273.00,1.0000,-1,-1,-1
240,10,328.00,174.00,67.00,274.00,1.0000,-1,-1,-1
240,9,279.00,173.00,73.00,286.00,1.0000,-1,-1,-1
240,8,134.00,171.00,83.00,292.00,1.0000,-1,-1,-1
241,10,178.00,172.00,80.00,290.00,1.0000,-1,-1,-1
241,2,1255.00,186.00,63.00,232.00,1.0000,-1,-1,-1
241,8,24.00,169.00,94.00,309.00,1.0000,-1,-1,-1
241,9,235.00,172.00,80.00,302.00,1.0000,-1,-1,-1
242,2,1282.00,186.00,66.00,237.00,1.0000,-1,-1,-1
242,9,100.00,169.00,92.00,317.00,1.0000,-1,-1,-1
242,10,95.00,170.00,88.00,303.00,1.0000,-1,-1,-1
243,9,36.00,167.00,101.00,336.00,1.0000,-1,-1,-1
243,2,1332.00,186.00,69.00,242.00,1.0000,-1,-1,-1
244,2,1350.00,186.00,73.00,250.00,1.0000,-1,-1,-1
245,2,1384.00,185.00,77.00,262.00,1.0000,-1,-1,-1
246,2,1462.00,185.00,85.00,274.00,1.0000,-1,-1,-1
247,2,1510.00,185.00,92.00,288.00,1.0000,-1,-1,-1
247,4,1663.00,191.00,76.00,225.00,1.0000,-1,-1,-1
247,1,400.00,176.00,60.00,260.00,1.0000,-1,-1,-1
248,2,1546.00,184.00,97.00,300.00,1.0000,-1,-1,-1
248,4,1764.00,191.00,82.00,227.00,1.0000,-1,-1,-1
248,3,222.00,175.00,68.00,257.00,1.0000,-1,-1,-1
248,1,373.00,175.00,64.00,270.00,1.0000,-1,-1,-1
249,3,165.00,173.00,74.00,268.00,1.0000,-1,-1,-1
249,1,241.00,173.00,74.00,281.00,1.0000,-1,-1,-1
249,4,1839.00,192.00,86.00,231.00,1.0000,-1,-1,-1
249,2,1623.00,183.00,109.00,323.00,1.0000,-1,-1,-1
250,2,1701.00,183.00,119.00,337.00,1.0000,-1,-1,-1
250,1,186.00,172.00,79.00,291.00,1.0000,-1,-1,-1
250,3,92.00,172.00,82.00,281.00,1.0000,-1,-1,-1
251,18,647.00,120.00,29.00,122.00,1.0000,-1,-1,-1
251,8,468.00,120.00,32.00,130.00,1.0000,-1,-1,-1
251,14,491.00,119.00,32.00,126.00,1.0000,-1,-1,-1
251,17,0.00,136.00,59.00,213.00,1.0000,-1,-1,-1
251,26,936.00,126.00,32.00,135.00,1.0000,-1,-1,-1
251,15,160.00,116.00,34.00,129.00,1.0000,-1,-1,-1
251,22,666.00,119.00,29.00,119.00,1.0000,-1,-1,-1
251,2,353.00,128.00,42.00,165.00,1.0000,-1,-1,-1
251,1,406.00,117.00,31.00,122.00,1.0000,-1,-1,-1
251,21,816.00,122.00,29.00,124.00,1.0000,-1,-1,-1
251,10,57.00,118.00,37.00,137.00,1.0000,-1,-1,-1
251,6,716.00,122.00,30.00,126.00,1.0000,-1,-1,-1
251,4,478.00,117.00,29.00,117.00,1.0000,-1,-1,-1
251,3,691.00,118.00,27.00,112.00,1.0000,-1,-1,-1
251,24,1375.00,160.00,77.00,253.00,1.0000,-1,-1,-1
251,19,38.00,125.00,46.00,166.00,1.0000,-1,-1,-1
251,7,1324.00,155.00,69.00,236.00,1.0000,-1,-1,-1
251,11,556.00,131.00,43.00,171.00,1.0000,-1,-1,-1
251,29,632.00,120.00,31.00,125.00,1.0000,-1,-1,-1
251,20,653.00,131.00,41.00,167.00,1.0000,-1,-1,-1
251,25,293.00,116.00,32.00,123.00,1.0000,-1,-1,-1
251,31,400.00,119.00,33.00,131.00,1.0000,-1,-1,-1
251,9,344.00,127.00,42.00,162.00,1.0000,-1,-1,-1
251,12,1222.00,152.00,65.00,229.00,1.0000,-1,-1,-1
251,27,822.00,121.00,28.00,121.00,1.0000,-1,-1,-1
251,5,538.00,119.00,31.00,124.00,1.0000,-1,-1,-1
251,28,719.00,119.00,28.00,115.00,1.0000,-1,-1,-1
251,16,623.00,123.00,33.00,136.00,1.0000,-1,-1,-1
251,13,429.00,121.00,34.00,134.00,1.0000,-1,-1,-1
251,23,31.00,116.00,37.00,134.00,1.0000,-1,-1,-1
252,20,667.00,133.00,42.00,174.00,1.0000,-1,-1,-1
252,21,784.00,122.00,29.00,123.00,1.0000,-1,-1,-1
252,5,521.00,119.00,30.00,124.00,1.0000,-1,-1,-1
252,17,0.00,136.00,59.00,213.00,1.0000,-1,-1,-1
252,15,160.00,116.00,34.00,129.00,1.0000,-1,-1,-1
252,28,722.00,119.00,28.00,115.00,1.0000,-1,-1,-1
252,3,685.00,118.00,26.00,112.00,1.0000,-1,-1,-1
252,4,479.00,117.00,29.00,115.00,1.0000,-1,-1,-1
252,2,353.00,128.00,42.00,165.00,1.0000,-1,-1,-1
252,13,403.00,121.00,34.00,135.00,1.0000,-1,-1,-1
252,11,560.00,133.00,43.00,178.00,1.0000,-1,-1,-1
252,10,54.00,118.00,38.00,137.00,1.0000,-1,-1,-1
252,9,339.00,127.00,42.00,162.00,1.0000,-1,-1,-1
252,26,877.00,126.00,31.00,135.00,1.0000,-1,-1,-1
252,1,403.00,118.00,32.00,125.00,1.0000,-1,-1,-1
252,29,605.00,120.00,30.00,123.00,1.0000,-1,-1,-1
252,27,799.00,121.00,28.00,119.00,1.0000,-1,-1,-1
252,12,1219.00,155.00,67.00,241.00,1.0000,-1,-1,-1
252,25,252.00,115.00,31.00,121.00,1.0000,-1,-1,-1
252,22,666.00,119.00,29.00,119.00,1.0000,-1,-1,-1
252,30,442.00,119.00,32.00,129.00,1.0000,-1,-1,-1
252,7,1320.00,158.00,73.00,246.00,1.0000,-1,-1,-1
252,19,36.00,125.00,46.00,166.00,1.0000,-1,-1,-1
252,23,29.00,116.00,37.00,134.00,1.0000,-1,-1,-1
252,8,442.00,119.00,32.00,126.00,1.0000,-1,-1,-1
252,18,621.00,119.00,29.00,122.00,1.0000,-1,-1,-1
252,16,553.00,122.00,34.00,136.00,1.0000,-1,-1,-1
252,6,695.00,122.00,31.00,127.00,1.0000,-1,-1,-1
252,14,489.00,119.00,31.00,126.00,1.0000,-1,-1,-1
252,24,1377.00,163.00,80.00,263.00,1.0000,-1,-1,-1
253,1,395.00,119.00,33.00,129.00,1.0000,-1,-1,-1
253,2,349.00,128.00,42.00,165.00,1.0000,-1,-1,-1
253,3,685.00,118.00,26.00,112.00,1.0000,-1,-1,-1
253,4,455.00,116.00,29.00,114.00,1.0000,-1,-1,-1
253,5,528.00,119.00,30.00,124.00,1.0000,-1,-1,-1
253,6,668.00,121.00,31.00,126.00,1.0000,-1,-1,-1
253,7,1355.00,162.00,79.00,260.00,1.0000,-1,-1,-1
253,8,424.00,118.00,31.00,124.00,1.0000,-1,-1,-1
253,9,331.00,127.00,42.00,162.00,1.0000,-1,-1,-1
253,10,52.00,118.00,38.00,137.00,1.0000,-1,-1,-1
253,11,579.00,135.00,46.00,187.00,1.0000,-1,-1,-1
253,12,1201.00,159.00,71.00,254.00,1.0000,-1,-1,-1
253,13,370.00,120.00,35.00,136.00,1.0000,-1,-1,-1
253,14,487.00,119.00,32.00,126.00,1.0000,-1,-1,-1
253,15,110.00,116.00,34.00,127.00,1.0000,-1,-1,-1
253,16,510.00,122.00,34.00,134.00,1.0000,-1,-1,-1
253,17,0.00,136.00,59.00,212.00,1.0000,-1,-1,-1
253,18,604.00,119.00,30.00,122.00,1.0000,-1,-1,-1
253,19,36.00,125.00,46.00,166.00,1.0000,-1,-1,-1
253,20,659.00,135.00,44.00,181.00,1.0000,-1,-1,-1
253,21,766.00,121.00,29.00,124.00,1.0000,-1,-1,-1
253,22,666.00,119.00,29.00,119.00,1.0000,-1,-1,-1
253,23,29.00,116.00,37.00,134.00,1.0000,-1,-1,-1
253,24,1390.00,166.00,85.00,276.00,1.0000,-1,-1,-1
253,25,218.00,114.00,31.00,119.00,1.0000,-1,-1,-1
253,26,818.00,124.00,32.00,133.00,1.0000,-1,-1,-1
253,27,776.00,120.00,28.00,118.00,1.0000,-1,-1,-1
253,28,720.00,119.00,28.00,115.00,1.0000,-1,-1,-1
253,29,602.00,120.00,30.00,122.00,1.0000,-1,-1,-1
254,28,720.00,119.00,28.00,115.00,1.0000,-1,-1,-1
254,26,781.00,124.00,31.00,133.00,1.0000,-1,-1,-1
254,23,27.00,116.00,37.00,134.00,1.0000,-1,-1,-1
254,32,1393.00,151.00,66.00,216.00,1.0000,-1,-1,-1
254,29,576.00,119.00,30.00,122.00,1.0000,-1,-1,-1
254,3,678.00,118.00,27.00,111.00,1.0000,-1,-1,-1
254,33,934.00,124.00,31.00,127.00,1.0000,-1,-1,-1
254,12,1192.00,163.00,75.00,269.00,1.0000,-1,-1,-1
254,9,337.00,126.00,41.00,161.00,1.0000,-1,-1,-1
254,22,664.00,119.00,29.00,119.00,1.0000,-1,-1,-1
254,18,542.00,118.00,29.00,118.00,1.0000,-1,-1,-1
254,1,361.00,119.00,34.00,130.00,1.0000,-1,-1,-1
254,19,38.00,125.00,46.00,166.00,1.0000,-1,-1,-1
254,24,1428.00,170.00,90.00,288.00,1.0000,-1,-1,-1
254,15,91.00,115.00,33.00,125.00,1.0000,-1,-1,-1
254,2,336.00,127.00,42.00,166.00,1.0000,-1,-1,-1
254,21,739.00,121.00,29.00,122.00,1.0000,-1,-1,-1
254,6,650.00,121.00,30.00,125.00,1.0000,-1,-1,-1
254,11,579.00,137.00,48.00,194.00,1.0000,-1,-1,-1
254,10,52.00,118.00,38.00,137.00,1.0000,-1,-1,-1
254,7,1316.00,164.00,80.00,272.00,1.0000,-1,-1,-1
254,30,902.00,124.00,30.00,129.00,1.0000,-1,-1,-1
254,17,0.00,136.00,60.00,212.00,1.0000,-1,-1,-1
254,5,490.00,118.00,31.00,122.00,1.0000,-1,-1,-1
254,25,185.00,114.00,31.00,118.00,1.0000,-1,-1,-1
254,4,461.00,115.00,28.00,113.00,1.0000,-1,-1,-1
254,13,366.00,120.00,33.00,133.00,1.0000,-1,-1,-1
254,8,398.00,117.00,31.00,123.00,1.0000,-1,-1,-1
254,20,668.00,137.00,46.00,189.00,1.0000,-1,-1,-1
254,14,489.00,119.00,31.00,126.00,1.0000,-1,-1,-1
254,27,758.00,120.00,28.00,118.00,1.0000,-1,-1,-1
254,16,502.00,122.00,34.00,134.00,1.0000,-1,-1,-1
255,8,346.00,116.00,31.00,121.00,1.0000,-1,-1,-1
255,3,676.00,118.00,27.00,111.00,1.0000,-1,-1,-1
255,27,752.00,120.00,27.00,116.00,1.0000,-1,-1,-1
255,4,475.00,115.00,28.00,111.00,1.0000,-1,-1,-1
255,32,1399.00,154.00,70.00,228.00,1.0000,-1,-1,-1
255,16,457.00,121.00,34.00,134.00,1.0000,-1,-1,-1
255,26,736.00,123.00,32.00,132.00,1.0000,-1,-1,-1
255,24,1433.00,174.00,95.00,303.00,1.0000,-1,-1,-1
255,33,900.00,123.00,29.00,126.00,1.0000,-1,-1,-1
255,13,299.00,118.00,33.00,127.00,1.0000,-1,-1,-1
255,19,39.00,125.00,45.00,166.00,1.0000,-1,-1,-1
255,10,52.00,118.00,38.00,137.00,1.0000,-1,-1,-1
255,21,724.00,120.00,29.00,120.00,1.0000,-1,-1,-1
255,23,24.00,116.00,38.00,134.00,1.0000,-1,-1,-1
255,7,1320.00,169.00,87.00,292.00,1.0000,-1,-1,-1
255,12,1205.00,167.00,81.00,287.00,1.0000,-1,-1,-1
255,20,686.00,139.00,47.00,197.00,1.0000,-1,-1,-1
255,15,89.00,115.00,33.00,125.00,1.0000,-1,-1,-1
255,9,339.00,126.00,41.00,161.00,1.0000,-1,-1,-1
255,25,151.00,113.00,31.00,116.00,1.0000,-1,-1,-1
255,29,572.00,119.00,30.00,122.00,1.0000,-1,-1,-1
255,28,719.00,119.00,27.00,115.00,1.0000,-1,-1,-1
255,14,438.00,118.00,30.00,122.00,1.0000,-1,-1,-1
255,11,600.00,140.00,49.00,202.00,1.0000,-1,-1,-1
255,22,666.00,119.00,29.00,119.00,1.0000,-1,-1,-1
255,6,619.00,120.00,31.00,126.00,1.0000,-1,-1,-1
255,2,343.00,127.00,42.00,165.00,1.0000,-1,-1,-1
255,30,879.00,124.00,30.00,130.00,1.0000,-1,-1,-1
255,31,296.00,118.00,33.00,127.00,1.0000,-1,-1,-1
255,5,476.00,118.00,30.00,120.00,1.0000,-1,-1,-1
255,18,518.00,117.00,29.00,117.00,1.0000,-1,-1,-1
256,18,501.00,117.00,29.00,115.00,1.0000,-1,-1,-1
256,14,427.00,118.00,31.00,122.00,1.0000,-1,-1,-1
256,20,714.00,142.00,50.00,209.00,1.0000,-1,-1,-1
256,23,27.00,116.00,37.00,134.00,1.0000,-1,-1,-1
256,29,554.00,119.00,30.00,120.00,1.0000,-1,-1,-1
256,27,744.00,119.00,28.00,116.00,1.0000,-1,-1,-1
256,12,1223.00,172.00,88.00,307.00,1.0000,-1,-1,-1
256,4,477.00,115.00,28.00,108.00,1.0000,-1,-1,-1
256,16,426.00,121.00,34.00,134.00,1.0000,-1,-1,-1
256,15,95.00,114.00,32.00,121.00,1.0000,-1,-1,-1
256,6,599.00,120.00,31.00,125.00,1.0000,-1,-1,-1
256,25,139.00,113.00,30.00,116.00,1.0000,-1,-1,-1
256,3,673.00,118.00,27.00,111.00,1.0000,-1,-1,-1
256,19,39.00,125.00,45.00,166.00,1.0000,-1,-1,-1
256,10,50.00,118.00,38.00,137.00,1.0000,-1,-1,-1
256,8,316.00,116.00,31.00,120.00,1.0000,-1,-1,-1
256,9,337.00,126.00,41.00,161.00,1.0000,-1,-1,-1
256,24,1470.00,179.00,103.00,321.00,1.0000,-1,-1,-1
256,35,926.00,125.00,32.00,130.00,1.0000,-1,-1,-1
256,22,666.00,119.00,29.00,119.00,1.0000,-1,-1,-1
256,31,209.00,116.00,33.00,125.00,1.0000,-1,-1,-1
256,34,1698.00,162.00,86.00,248.00,1.0000,-1,-1,-1
256,5,470.00,117.00,30.00,120.00,1.0000,-1,-1,-1
256,21,721.00,120.00,29.00,120.00,1.0000,-1,-1,-1
256,30,845.00,124.00,30.00,129.00,1.0000,-1,-1,-1
256,2,347.00,128.00,42.00,166.00,1.0000,-1,-1,-1
256,7,1326.00,173.00,91.00,307.00,1.0000,-1,-1,-1
256,13,308.00,118.00,33.00,127.00,1.0000,-1,-1,-1
256,32,1416.00,157.00,73.00,236.00,1.0000,-1,-1,-1
256,11,628.00,143.00,52.00,213.00,1.0000,-1,-1,-1
256,26,695.00,122.00,31.00,130.00,1.0000,-1,-1,-1
256,33,847.00,123.00,29.00,125.00,1.0000,-1,-1,-1
256,28,720.00,119.00,28.00,115.00,1.0000,-1,-1,-1
257,34,1721.00,166.00,92.00,262.00,1.0000,-1,-1,-1
257,5,438.00,117.00,29.00,117.00,1.0000,-1,-1,-1
257,30,799.00,123.00,30.00,128.00,1.0000,-1,-1,-1
257,27,744.00,119.00,28.00,116.00,1.0000,-1,-1,-1
257,12,1225.00,176.00,92.00,322.00,1.0000,-1,-1,-1
257,14,420.00,117.00,30.00,122.00,1.0000,-1,-1,-1
257,6,603.00,120.00,30.00,122.00,1.0000,-1,-1,-1
257,7,1343.00,176.00,96.00,317.00,1.0000,-1,-1,-1
257,4,484.00,114.00,26.00,107.00,1.0000,-1,-1,-1
257,18,498.00,116.00,29.00,114.00,1.0000,-1,-1,-1
257,35,895.00,125.00,31.00,131.00,1.0000,-1,-1,-1
257,15,110.00,114.00,32.00,120.00,1.0000,-1,-1,-1
257,26,661.00,121.00,31.00,127.00,1.0000,-1,-1,-1
257,32,1419.00,160.00,78.00,252.00,1.0000,-1,-1,-1
257,23,27.00,116.00,37.00,134.00,1.0000,-1,-1,-1
257,36,544.00,118.00,30.00,121.00,1.0000,-1,-1,-1
257,22,664.00,119.00,29.00,119.00,1.0000,-1,-1,-1
257,31,176.00,115.00,32.00,122.00,1.0000,-1,-1,-1
257,11,648.00,146.00,54.00,224.00,1.0000,-1,-1,-1
257,20,744.00,145.00,52.00,219.00,1.0000,-1,-1,-1
257,24,1479.00,180.00,104.00,324.00,1.0000,-1,-1,-1
257,3,673.00,118.00,27.00,111.00,1.0000,-1,-1,-1
257,28,719.00,119.00,27.00,115.00,1.0000,-1,-1,-1
257,19,36.00,125.00,46.00,166.00,1.0000,-1,-1,-1
257,21,719.00,120.00,28.00,119.00,1.0000,-1,-1,-1
257,2,347.00,128.00,42.00,166.00,1.0000,-1,-1,-1
257,8,268.00,115.00,31.00,120.00,1.0000,-1,-1,-1
257,16,355.00,119.00,33.00,131.00,1.0000,-1,-1,-1
257,10,48.00,118.00,38.00,137.00,1.0000,-1,-1,-1
257,9,335.00,126.00,41.00,161.00,1.0000,-1,-1,-1
257,33,801.00,122.00,30.00,124.00,1.0000,-1,-1,-1
257,13,302.00,117.00,32.00,127.00,1.0000,-1,-1,-1
258,15,108.00,114.00,32.00,120.00,1.0000,-1,-1,-1
258,18,484.00,116.00,29.00,114.00,1.0000,-1,-1,-1
258,20,741.00,148.00,55.00,230.00,1.0000,-1,-1,-1
258,26,622.00,120.00,31.00,125.00,1.0000,-1,-1,-1
258,23,35.00,116.00,37.00,133.00,1.0000,-1,-1,-1
258,33,769.00,121.00,29.00,123.00,1.0000,-1,-1,-1
258,3,668.00,117.00,27.00,112.00,1.0000,-1,-1,-1
258,11,679.00,149.00,57.00,237.00,1.0000,-1,-1,-1
258,4,474.00,114.00,26.00,106.00,1.0000,-1,-1,-1
258,6,601.00,119.00,30.00,123.00,1.0000,-1,-1,-1
258,5,434.00,116.00,29.00,117.00,1.0000,-1,-1,-1
258,32,1464.00,166.00,86.00,273.00,1.0000,-1,-1,-1
258,2,352.00,128.00,42.00,166.00,1.0000,-1,-1,-1
258,36,526.00,118.00,30.00,122.00,1.0000,-1,-1,-1
258,34,1738.00,170.00,98.00,277.00,1.0000,-1,-1,-1
258,12,1232.00,180.00,97.00,338.00,1.0000,-1,-1,-1
258,31,158.00,114.00,31.00,119.00,1.0000,-1,-1,-1
258,13,224.00,115.00,31.00,120.00,1.0000,-1,-1,-1
258,10,48.00,118.00,38.00,137.00,1.0000,-1,-1,-1
258,22,662.00,119.00,29.00,119.00,1.0000,-1,-1,-1
258,8,238.00,115.00,31.00,118.00,1.0000,-1,-1,-1
258,21,703.00,120.00,28.00,120.00,1.0000,-1,-1,-1
258,27,746.00,119.00,28.00,116.00,1.0000,-1,-1,-1
258,9,335.00,126.00,41.00,161.00,1.0000,-1,-1,-1
258,19,33.00,125.00,46.00,166.00,1.0000,-1,-1,-1
258,30,767.00,123.00,31.00,128.00,1.0000,-1,-1,-1
258,16,337.00,119.00,34.00,131.00,1.0000,-1,-1,-1
258,14,369.00,116.00,30.00,119.00,1.0000,-1,-1,-1
258,35,846.00,124.00,31.00,131.00,1.0000,-1,-1,-1
258,24,1540.00,184.00,111.00,338.00,1.0000,-1,-1,-1
258,28,718.00,119.00,28.00,115.00,1.0000,-1,-1,-1
258,7,1385.00,181.00,103.00,332.00,1.0000,-1,-1,-1
259,31,127.00,114.00,31.00,120.00,1.0000,-1,-1,-1
259,33,739.00,121.00,30.00,124.00,1.0000,-1,-1,-1
259,37,918.00,123.00,30.00,125.00,1.0000,-1,-1,-1
259,3,669.00,117.00,27.00,112.00,1.0000,-1,-1,-1
259,27,744.00,119.00,28.00,116.00,1.0000,-1,-1,-1
259,32,1479.00,170.00,91.00,287.00,1.0000,-1,-1,-1
259,35,803.00,123.00,30.00,131.00,1.0000,-1,-1,-1
259,11,690.00,152.00,60.00,250.00,1.0000,-1,-1,-1
259,23,35.00,116.00,37.00,133.00,1.0000,-1,-1,-1
259,34,1794.00,174.00,105.00,292.00,1.0000,-1,-1,-1
259,36,518.00,118.00,30.00,120.00,1.0000,-1,-1,-1
259,10,44.00,118.00,38.00,137.00,1.0000,-1,-1,-1
259,7,1412.00,189.00,114.00,363.00,1.0000,-1,-1,-1
259,19,33.00,125.00,46.00,166.00,1.0000,-1,-1,-1
259,22,662.00,119.00,29.00,119.00,1.0000,-1,-1,-1
259,12,1235.00,185.00,103.00,356.00,1.0000,-1,-1,-1
259,20,785.00,151.00,57.00,242.00,1.0000,-1,-1,-1
259,18,443.00,115.00,28.00,111.00,1.0000,-1,-1,-1
259,16,257.00,118.00,33.00,129.00,1.0000,-1,-1,-1
259,5,424.00,116.00,29.00,115.00,1.0000,-1,-1,-1
259,4,469.00,114.00,27.00,104.00,1.0000,-1,-1,-1
259,30,728.00,122.00,30.00,127.00,1.0000,-1,-1,-1
259,21,701.00,120.00,29.00,120.00,1.0000,-1,-1,-1
259,24,1574.00,192.00,124.00,371.00,1.0000,-1,-1,-1
259,6,579.00,119.00,29.00,120.00,1.0000,-1,-1,-1
259,2,350.00,128.00,42.00,166.00,1.0000,-1,-1,-1
259,9,335.00,126.00,41.00,161.00,1.0000,-1,-1,-1
259,26,563.00,120.00,31.00,127.00,1.0000,-1,-1,-1
259,8,206.00,114.00,31.00,117.00,1.0000,-1,-1,-1
259,15,101.00,114.00,31.00,119.00,1.0000,-1,-1,-1
259,14,360.00,116.00,30.00,117.00,1.0000,-1,-1,-1
259,28,718.00,119.00,28.00,115.00,1.0000,-1,-1,-1
259,13,179.00,114.00,31.00,117.00,1.0000,-1,-1,-1
260,34,1859.00,179.00,114.00,308.00,1.0000,-1,-1,-1
260,20,774.00,156.00,61.00,258.00,1.0000,-1,-1,-1
260,10,44.00,118.00,38.00,137.00,1.0000,-1,-1,-1
260,15,102.00,114.00,32.00,119.00,1.0000,-1,-1,-1
260,28,717.00,119.00,27.00,115.00,1.0000,-1,-1,-1
260,2,347.00,128.00,43.00,166.00,1.0000,-1,-1,-1
260,4,449.00,113.00,26.00,104.00,1.0000,-1,-1,-1
260,5,400.00,115.00,29.00,113.00,1.0000,-1,-1,-1
260,16,216.00,117.00,33.00,128.00,1.0000,-1,-1,-1
260,23,33.00,116.00,37.00,134.00,1.0000,-1,-1,-1
260,32,1528.00,175.00,100.00,307.00,1.0000,-1,-1,-1
260,27,737.00,119.00,27.00,117.00,1.0000,-1,-1,-1
260,3,669.00,117.00,27.00,112.00,1.0000,-1,-1,-1
260,36,519.00,118.00,29.00,120.00,1.0000,-1,-1,-1
260,8,170.00,113.00,30.00,113.00,1.0000,-1,-1,-1
260,24,1639.00,200.00,138.00,400.00,1.0000,-1,-1,-1
260,14,347.00,115.00,29.00,115.00,1.0000,-1,-1,-1
260,12,1264.00,192.00,112.00,382.00,1.0000,-1,-1,-1
260,19,33.00,125.00,46.00,166.00,1.0000,-1,-1,-1
260,7,1451.00,196.00,125.00,393.00,1.0000,-1,-1,-1
260,38,565.00,119.00,30.00,121.00,1.0000,-1,-1,-1
260,33,713.00,121.00,30.00,124.00,1.0000,-1,-1,-1
260,18,430.00,115.00,28.00,110.00,1.0000,-1,-1,-1
260,22,662.00,119.00,29.00,119.00,1.0000,-1,-1,-1
260,26,544.00,120.00,31.00,125.00,1.0000,-1,-1,-1
260,21,703.00,120.00,28.00,120.00,1.0000,-1,-1,-1
260,35,767.00,123.00,31.00,129.00,1.0000,-1,-1,-1
260,9,335.00,126.00,41.00,161.00,1.0000,-1,-1,-1
260,11,697.00,156.00,64.00,265.00,1.0000,-1,-1,-1
260,13,157.00,114.00,31.00,117.00,1.0000,-1,-1,-1
260,37,899.00,123.00,30.00,124.00,1.0000,-1,-1,-1
260,17,0.00,136.00,60.00,212.00,1.0000,-1,-1,-1
260,1,227.00,126.00,43.00,164.00,1.0000,-1,-1,-1
260,30,671.00,122.00,31.00,129.00,1.0000,-1,-1,-1
260,31,112.00,114.00,32.00,120.00,1.0000,-1,-1,-1
261,6,534.00,117.00,28.00,115.00,1.0000,-1,-1,-1
261,40,1317.00,145.00,57.00,194.00,1.0000,-1,-1,-1
261,1,208.00,127.00,44.00,171.00,1.0000,-1,-1,-1
261,12,1288.00,207.00,132.00,442.00,1.0000,-1,-1,-1
261,16,151.00,115.00,32.00,120.00,1.0000,-1,-1,-1
261,27,731.00,119.00,28.00,117.00,1.0000,-1,-1,-1
261,21,687.00,121.00,30.00,123.00,1.0000,-1,-1,-1
261,2,362.00,128.00,43.00,166.00,1.0000,-1,-1,-1
261,28,709.00,119.00,28.00,116.00,1.0000,-1,-1,-1
261,20,804.00,160.00,64.00,273.00,1.0000,-1,-1,-1
261,30,627.00,121.00,31.00,129.00,1.0000,-1,-1,-1
261,4,421.00,113.00,26.00,102.00,1.0000,-1,-1,-1
261,13,99.00,111.00,30.00,111.00,1.0000,-1,-1,-1
261,11,706.00,161.00,68.00,282.00,1.0000,-1,-1,-1
261,18,412.00,114.00,27.00,109.00,1.0000,-1,-1,-1
261,9,332.00,126.00,42.00,162.00,1.0000,-1,-1,-1
261,26,495.00,119.00,31.00,124.00,1.0000,-1,-1,-1
261,32,1561.00,181.00,109.00,329.00,1.0000,-1,-1,-1
261,8,121.00,111.00,29.00,108.00,1.0000,-1,-1,-1
261,24,1697.00,210.00,153.00,433.00,1.0000,-1,-1,-1
261,5,365.00,114.00,28.00,111.00,1.0000,-1,-1,-1
261,7,1499.00,208.00,142.00,434.00,1.0000,-1,-1,-1
261,35,737.00,122.00,31.00,129.00,1.0000,-1,-1,-1
261,22,655.00,120.00,29.00,120.00,1.0000,-1,-1,-1
261,38,484.00,115.00,28.00,108.00,1.0000,-1,-1,-1
261,39,932.00,125.00,32.00,129.00,1.0000,-1,-1,-1
261,37,854.00,121.00,28.00,121.00,1.0000,-1,-1,-1
261,14,315.00,114.00,29.00,113.00,1.0000,-1,-1,-1
262,26,454.00,118.00,31.00,123.00,1.0000,-1,-1,-1
262,11,721.00,167.00,73.00,304.00,1.0000,-1,-1,-1
262,16,144.00,115.00,32.00,121.00,1.0000,-1,-1,-1
262,14,299.00,113.00,29.00,111.00,1.0000,-1,-1,-1
262,20,848.00,165.00,70.00,294.00,1.0000,-1,-1,-1
262,35,713.00,122.00,30.00,127.00,1.0000,-1,-1,-1
262,24,1782.00,225.00,180.00,490.00,1.0000,-1,-1,-1
262,2,362.00,128.00,43.00,166.00,1.0000,-1,-1,-1
262,28,709.00,119.00,28.00,116.00,1.0000,-1,-1,-1
262,39,889.00,124.00,30.00,126.00,1.0000,-1,-1,-1
262,21,693.00,120.00,29.00,123.00,1.0000,-1,-1,-1
262,7,1540.00,219.00,159.00,477.00,1.0000,-1,-1,-1
262,32,1647.00,189.00,122.00,356.00,1.0000,-1,-1,-1
262,6,530.00,117.00,28.00,114.00,1.0000,-1,-1,-1
262,8,108.00,111.00,29.00,108.00,1.0000,-1,-1,-1
262,12,1296.00,220.00,148.00,490.00,1.0000,-1,-1,-1
262,18,393.00,114.00,27.00,107.00,1.0000,-1,-1,-1
262,38,457.00,114.00,26.00,108.00,1.0000,-1,-1,-1
262,9,332.00,126.00,42.00,162.00,1.0000,-1,-1,-1
262,13,99.00,111.00,30.00,111.00,1.0000,-1,-1,-1
262,40,1280.00,146.00,58.00,202.00,1.0000,-1,-1,-1
262,27,733.00,119.00,28.00,117.00,1.0000,-1,-1,-1
262,41,945.00,125.00,31.00,129.00,1.0000,-1,-1,-1
262,22,655.00,120.00,29.00,120.00,1.0000,-1,-1,-1
262,30,632.00,121.00,31.00,129.00,1.0000,-1,-1,-1
262,5,349.00,114.00,28.00,109.00,1.0000,-1,-1,-1
262,37,854.00,121.00,28.00,121.00,1.0000,-1,-1,-1
262,1,187.00,129.00,46.00,177.00,1.0000,-1,-1,-1
263,20,875.00,172.00,76.00,317.00,1.0000,-1,-1,-1
263,39,857.00,123.00,30.00,128.00,1.0000,-1,-1,-1
263,5,341.00,113.00,28.00,108.00,1.0000,-1,-1,-1
263,30,596.00,120.00,31.00,125.00,1.0000,-1,-1,-1
263,32,1723.00,198.00,137.00,385.00,1.0000,-1,-1,-1
263,28,709.00,119.00,28.00,116.00,1.0000,-1,-1,-1
263,2,362.00,128.00,43.00,166.00,1.0000,-1,-1,-1
263,40,1253.00,148.00,59.00,208.00,1.0000,-1,-1,-1
263,21,693.00,120.00,29.00,123.00,1.0000,-1,-1,-1
263,38,451.00,114.00,27.00,107.00,1.0000,-1,-1,-1
263,26,427.00,117.00,31.00,122.00,1.0000,-1,-1,-1
263,27,733.00,119.00,28.00,117.00,1.0000,-1,-1,-1
263,41,911.00,123.00,30.00,126.00,1.0000,-1,-1,-1
263,9,332.00,126.00,42.00,162.00,1.0000,-1,-1,-1
263,13,92.00,111.00,30.00,111.00,1.0000,-1,-1,-1
263,35,684.00,121.00,30.00,126.00,1.0000,-1,-1,-1
263,1,182.00,131.00,48.00,184.00,1.0000,-1,-1,-1
263,7,1622.00,234.00,185.00,531.00,1.0000,-1,-1,-1
263,18,383.00,113.00,27.00,106.00,1.0000,-1,-1,-1
263,12,1338.00,233.00,167.00,543.00,1.0000,-1,-1,-1
263,11,735.00,173.00,78.00,328.00,1.0000,-1,-1,-1
263,37,784.00,120.00,27.00,115.00,1.0000,-1,-1,-1
263,14,288.00,113.00,29.00,110.00,1.0000,-1,-1,-1
263,24,1856.00,232.00,195.00,517.00,1.0000,-1,-1,-1
263,22,655.00,120.00,29.00,120.00,1.0000,-1,-1,-1
263,16,104.00,113.00,32.00,119.00,1.0000,-1,-1,-1
264,14,282.00,113.00,28.00,108.00,1.0000,-1,-1,-1
264,1,146.00,133.00,51.00,193.00,1.0000,-1,-1,-1
264,7,1680.00,248.00,210.00,587.00,1.0000,-1,-1,-1
264,41,876.00,122.00,29.00,123.00,1.0000,-1,-1,-1
264,24,1883.00,240.00,210.00,548.00,1.0000,-1,-1,-1
264,28,709.00,119.00,28.00,116.00,1.0000,-1,-1,-1
264,12,1425.00,253.00,198.00,614.00,1.0000,-1,-1,-1
264,2,362.00,128.00,43.00,166.00,1.0000,-1,-1,-1
264,9,332.00,126.00,42.00,162.00,1.0000,-1,-1,-1
264,21,693.00,120.00,29.00,123.00,1.0000,-1,-1,-1
264,35,648.00,120.00,30.00,125.00,1.0000,-1,-1,-1
264,30,555.00,120.00,30.00,124.00,1.0000,-1,-1,-1
264,26,405.00,117.00,30.00,121.00,1.0000,-1,-1,-1
264,39,811.00,123.00,30.00,127.00,1.0000,-1,-1,-1
264,37,754.00,119.00,26.00,112.00,1.0000,-1,-1,-1
264,40,1259.00,151.00,64.00,222.00,1.0000,-1,-1,-1
264,20,929.00,178.00,84.00,343.00,1.0000,-1,-1,-1
264,18,365.00,113.00,27.00,104.00,1.0000,-1,-1,-1
264,38,442.00,114.00,27.00,105.00,1.0000,-1,-1,-1
264,11,773.00,179.00,84.00,354.00,1.0000,-1,-1,-1
264,32,1823.00,208.00,157.00,424.00,1.0000,-1,-1,-1
264,16,95.00,113.00,32.00,118.00,1.0000,-1,-1,-1
264,5,332.00,113.00,28.00,107.00,1.0000,-1,-1,-1
264,22,655.00,120.00,29.00,120.00,1.0000,-1,-1,-1
264,27,734.00,120.00,28.00,117.00,1.0000,-1,-1,-1
265,2,358.00,128.00,42.00,166.00,1.0000,-1,-1,-1
265,7,1730.00,258.00,229.00,625.00,1.0000,-1,-1,-1
265,40,1253.00,154.00,66.00,231.00,1.0000,-1,-1,-1
265,27,734.00,120.00,28.00,117.00,1.0000,-1,-1,-1
265,14,272.00,112.00,27.00,107.00,1.0000,-1,-1,-1
265,39,765.00,122.00,30.00,126.00,1.0000,-1,-1,-1
265,32,1914.00,219.00,177.00,460.00,1.0000,-1,-1,-1
265,28,709.00,119.00,28.00,116.00,1.0000,-1,-1,-1
265,20,946.00,186.00,93.00,371.00,1.0000,-1,-1,-1
265,26,376.00,116.00,31.00,120.00,1.0000,-1,-1,-1
265,35,614.00,120.00,30.00,123.00,1.0000,-1,-1,-1
265,37,727.00,118.00,27.00,111.00,1.0000,-1,-1,-1
265,18,389.00,113.00,27.00,103.00,1.0000,-1,-1,-1
265,21,693.00,120.00,29.00,123.00,1.0000,-1,-1,-1
265,5,315.00,112.00,27.00,105.00,1.0000,-1,-1,-1
265,9,332.00,126.00,42.00,162.00,1.0000,-1,-1,-1
265,12,1525.00,271.00,231.00,681.00,1.0000,-1,-1,-1
265,11,824.00,189.00,93.00,389.00,1.0000,-1,-1,-1
265,30,514.00,119.00,31.00,123.00,1.0000,-1,-1,-1
265,1,126.00,135.00,54.00,204.00,1.0000,-1,-1,-1
265,38,359.00,112.00,27.00,104.00,1.0000,-1,-1,-1
265,22,655.00,120.00,29.00,120.00,1.0000,-1,-1,-1
265,41,846.00,121.00,28.00,120.00,1.0000,-1,-1,-1
266,2,358.00,128.00,42.00,166.00,1.0000,-1,-1,-1
266,5,303.00,112.00,27.00,104.00,1.0000,-1,-1,-1
266,37,704.00,117.00,26.00,109.00,1.0000,-1,-1,-1
266,12,1611.00,294.00,273.00,769.00,1.0000,-1,-1,-1
266,27,734.00,120.00,28.00,117.00,1.0000,-1,-1,-1
266,40,1251.00,157.00,70.00,246.00,1.0000,-1,-1,-1
266,41,818.00,121.00,28.00,118.00,1.0000,-1,-1,-1
266,28,709.00,119.00,28.00,116.00,1.0000,-1,-1,-1
266,30,478.00,118.00,31.00,123.00,1.0000,-1,-1,-1
266,14,265.00,112.00,27.00,105.00,1.0000,-1,-1,-1
266,11,826.00,198.00,102.00,426.00,1.0000,-1,-1,-1
266,26,335.00,115.00,30.00,117.00,1.0000,-1,-1,-1
266,9,332.00,126.00,42.00,162.00,1.0000,-1,-1,-1
266,22,658.00,120.00,29.00,120.00,1.0000,-1,-1,-1
266,42,434.00,119.00,32.00,125.00,1.0000,-1,-1,-1
266,39,714.00,121.00,30.00,125.00,1.0000,-1,-1,-1
266,1,87.00,136.00,57.00,210.00,1.0000,-1,-1,-1
266,21,702.00,120.00,29.00,120.00,1.0000,-1,-1,-1
266,20,994.00,197.00,107.00,416.00,1.0000,-1,-1,-1
266,18,399.00,113.00,27.00,103.00,1.0000,-1,-1,-1
266,35,590.00,120.00,31.00,122.00,1.0000,-1,-1,-1
266,38,349.00,112.00,26.00,103.00,1.0000,-1,-1,-1
267,12,1692.00,316.00,315.00,851.00,1.0000,-1,-1,-1
267,11,859.00,210.00,114.00,471.00,1.0000,-1,-1,-1
267,42,400.00,118.00,32.00,125.00,1.0000,-1,-1,-1
267,39,668.00,121.00,30.00,124.00,1.0000,-1,-1,-1
267,22,659.00,119.00,29.00,120.00,1.0000,-1,-1,-1
267,2,365.00,128.00,42.00,165.00,1.0000,-1,-1,-1
267,28,710.00,119.00,28.00,116.00,1.0000,-1,-1,-1
267,3,671.00,116.00,26.00,108.00,1.0000,-1,-1,-1
267,9,333.00,127.00,41.00,161.00,1.0000,-1,-1,-1
267,14,272.00,111.00,27.00,104.00,1.0000,-1,-1,-1
267,26,322.00,115.00,30.00,116.00,1.0000,-1,-1,-1
267,1,47.00,139.00,61.00,222.00,1.0000,-1,-1,-1
267,20,1034.00,209.00,121.00,461.00,1.0000,-1,-1,-1
267,5,292.00,111.00,26.00,103.00,1.0000,-1,-1,-1
267,40,1282.00,162.00,77.00,262.00,1.0000,-1,-1,-1
267,38,344.00,112.00,26.00,102.00,1.0000,-1,-1,-1
267,41,787.00,119.00,27.00,115.00,1.0000,-1,-1,-1
267,27,736.00,120.00,28.00,117.00,1.0000,-1,-1,-1
267,21,704.00,120.00,29.00,120.00,1.0000,-1,-1,-1
267,30,441.00,118.00,31.00,121.00,1.0000,-1,-1,-1
267,35,549.00,119.00,30.00,121.00,1.0000,-1,-1,-1
268,30,410.00,117.00,31.00,121.00,1.0000,-1,-1,-1
268,21,703.00,120.00,29.00,120.00,1.0000,-1,-1,-1
268,27,738.00,120.00,28.00,117.00,1.0000,-1,-1,-1
268,3,657.00,116.00,25.00,106.00,1.0000,-1,-1,-1
268,35,514.00,118.00,29.00,120.00,1.0000,-1,-1,-1
268,42,381.00,118.00,32.00,124.00,1.0000,-1,-1,-1
268,11,907.00,229.00,134.00,541.00,1.0000,-1,-1,-1
268,22,660.00,119.00,29.00,119.00,1.0000,-1,-1,-1
268,39,632.00,120.00,29.00,123.00,1.0000,-1,-1,-1
268,28,711.00,119.00,28.00,116.00,1.0000,-1,-1,-1
268,26,304.00,114.00,30.00,115.00,1.0000,-1,-1,-1
268,9,335.00,127.00,42.00,161.00,1.0000,-1,-1,-1
268,40,1286.00,165.00,81.00,276.00,1.0000,-1,-1,-1
268,2,365.00,128.00,42.00,166.00,1.0000,-1,-1,-1
268,20,1082.00,223.00,140.00,512.00,1.0000,-1,-1,-1
268,12,1704.00,340.00,355.00,943.00,1.0000,-1,-1,-1
268,1,15.00,141.00,65.00,231.00,1.0000,-1,-1,-1
268,41,767.00,119.00,26.00,112.00,1.0000,-1,-1,-1
268,14,247.00,111.00,26.00,103.00,1.0000,-1,-1,-1
268,38,332.00,111.00,26.00,102.00,1.0000,-1,-1,-1
269,30,375.00,117.00,31.00,120.00,1.0000,-1,-1,-1
269,28,709.00,119.00,28.00,116.00,1.0000,-1,-1,-1
269,40,1357.00,172.00,90.00,298.00,1.0000,-1,-1,-1
269,18,398.00,112.00,26.00,103.00,1.0000,-1,-1,-1
269,22,652.00,119.00,29.00,121.00,1.0000,-1,-1,-1
269,26,288.00,114.00,29.00,112.00,1.0000,-1,-1,-1
269,3,476.00,114.00,26.00,104.00,1.0000,-1,-1,-1
269,2,367.00,128.00,42.00,165.00,1.0000,-1,-1,-1
269,21,704.00,120.00,29.00,120.00,1.0000,-1,-1,-1
269,6,375.00,114.00,28.00,108.00,1.0000,-1,-1,-1
269,41,747.00,118.00,26.00,111.00,1.0000,-1,-1,-1
269,9,332.00,126.00,42.00,162.00,1.0000,-1,-1,-1
269,14,237.00,111.00,26.00,102.00,1.0000,-1,-1,-1
269,27,736.00,120.00,28.00,117.00,1.0000,-1,-1,-1
269,11,950.00,238.00,148.00,577.00,1.0000,-1,-1,-1
269,38,342.00,112.00,26.00,102.00,1.0000,-1,-1,-1
269,42,343.00,117.00,31.00,124.00,1.0000,-1,-1,-1
269,20,1176.00,239.00,164.00,571.00,1.0000,-1,-1,-1
269,39,622.00,119.00,30.00,122.00,1.0000,-1,-1,-1
269,25,943.00,126.00,32.00,134.00,1.0000,-1,-1,-1
269,35,489.00,117.00,29.00,118.00,1.0000,-1,-1,-1
270,27,737.00,120.00,28.00,117.00,1.0000,-1,-1,-1
270,25,867.00,125.00,31.00,133.00,1.0000,-1,-1,-1
270,40,1402.00,178.00,99.00,320.00,1.0000,-1,-1,-1
270,18,384.00,112.00,26.00,102.00,1.0000,-1,-1,-1
270,35,472.00,117.00,29.00,115.00,1.0000,-1,-1,-1
270,11,1020.00,281.00,201.00,743.00,1.0000,-1,-1,-1
270,20,1271.00,264.00,202.00,666.00,1.0000,-1,-1,-1
270,41,729.00,117.00,26.00,109.00,1.0000,-1,-1,-1
270,2,367.00,128.00,42.00,165.00,1.0000,-1,-1,-1
270,21,704.00,120.00,29.00,120.00,1.0000,-1,-1,-1
270,38,324.00,112.00,26.00,102.00,1.0000,-1,-1,-1
270,9,347.00,126.00,41.00,161.00,1.0000,-1,-1,-1
270,22,652.00,119.00,29.00,121.00,1.0000,-1,-1,-1
270,30,341.00,116.00,31.00,119.00,1.0000,-1,-1,-1
270,6,366.00,113.00,27.00,107.00,1.0000,-1,-1,-1
270,42,304.00,116.00,31.00,122.00,1.0000,-1,-1,-1
270,28,717.00,119.00,27.00,116.00,1.0000,-1,-1,-1
270,3,456.00,113.00,26.00,103.00,1.0000,-1,-1,-1
270,39,573.00,118.00,29.00,118.00,1.0000,-1,-1,-1
270,26,273.00,113.00,29.00,111.00,1.0000,-1,-1,-1
271,3,420.00,112.00,26.00,102.00,1.0000,-1,-1,-1
271,30,310.00,115.00,30.00,118.00,1.0000,-1,-1,-1
271,11,1100.00,329.00,266.00,924.00,1.0000,-1,-1,-1
271,25,817.00,124.00,31.00,133.00,1.0000,-1,-1,-1
271,22,648.00,119.00,29.00,118.00,1.0000,-1,-1,-1
271,27,730.00,120.00,28.00,117.00,1.0000,-1,-1,-1
271,40,1469.00,185.00,111.00,348.00,1.0000,-1,-1,-1
271,20,1407.00,330.00,304.00,914.00,1.0000,-1,-1,-1
271,42,285.00,116.00,31.00,121.00,1.0000,-1,-1,-1
271,6,347.00,113.00,27.00,106.00,1.0000,-1,-1,-1
271,21,700.00,120.00,29.00,121.00,1.0000,-1,-1,-1
271,26,253.00,112.00,28.00,109.00,1.0000,-1,-1,-1
271,35,456.00,116.00,29.00,113.00,1.0000,-1,-1,-1
271,28,722.00,119.00,27.00,115.00,1.0000,-1,-1,-1
271,41,738.00,117.00,26.00,108.00,1.0000,-1,-1,-1
271,39,565.00,117.00,28.00,115.00,1.0000,-1,-1,-1
271,2,355.00,128.00,42.00,166.00,1.0000,-1,-1,-1
271,9,356.00,126.00,41.00,161.00,1.0000,-1,-1,-1
272,11,1221.00,429.00,417.00,1302.00,1.0000,-1,-1,-1
272,21,684.00,120.00,29.00,120.00,1.0000,-1,-1,-1
272,28,720.00,119.00,28.00,115.00,1.0000,-1,-1,-1
272,3,399.00,112.00,26.00,102.00,1.0000,-1,-1,-1
272,22,628.00,119.00,29.00,119.00,1.0000,-1,-1,-1
272,9,356.00,126.00,41.00,161.00,1.0000,-1,-1,-1
272,39,558.00,117.00,28.00,113.00,1.0000,-1,-1,-1
272,6,334.00,112.00,27.00,106.00,1.0000,-1,-1,-1
272,40,1532.00,194.00,125.00,381.00,1.0000,-1,-1,-1
272,41,745.00,117.00,26.00,108.00,1.0000,-1,-1,-1
272,26,241.00,112.00,28.00,107.00,1.0000,-1,-1,-1
272,42,243.00,115.00,31.00,120.00,1.0000,-1,-1,-1
272,30,267.00,115.00,31.00,116.00,1.0000,-1,-1,-1
272,2,357.00,128.00,43.00,166.00,1.0000,-1,-1,-1
272,35,445.00,115.00,28.00,112.00,1.0000,-1,-1,-1
272,20,1540.00,365.00,372.00,1044.00,1.0000,-1,-1,-1
272,25,761.00,124.00,32.00,132.00,1.0000,-1,-1,-1
272,27,726.00,119.00,28.00,117.00,1.0000,-1,-1,-1
273,6,318.00,112.00,27.00,104.00,1.0000,-1,-1,-1
273,42,213.00,115.00,31.00,120.00,1.0000,-1,-1,-1
273,4,858.00,123.00,29.00,127.00,1.0000,-1,-1,-1
273,28,714.00,119.00,28.00,115.00,1.0000,-1,-1,-1
273,35,428.00,115.00,28.00,110.00,1.0000,-1,-1,-1
273,26,215.00,111.00,28.00,105.00,1.0000,-1,-1,-1
273,40,1595.00,205.00,143.00,420.00,1.0000,-1,-1,-1
273,22,606.00,119.00,29.00,118.00,1.0000,-1,-1,-1
273,27,723.00,119.00,28.00,117.00,1.0000,-1,-1,-1
273,41,751.00,117.00,25.00,107.00,1.0000,-1,-1,-1
273,3,383.00,112.00,25.00,101.00,1.0000,-1,-1,-1
273,21,668.00,120.00,29.00,120.00,1.0000,-1,-1,-1
273,2,357.00,128.00,43.00,166.00,1.0000,-1,-1,-1
273,39,557.00,116.00,27.00,111.00,1.0000,-1,-1,-1
273,25,709.00,123.00,32.00,132.00,1.0000,-1,-1,-1
273,30,248.00,114.00,31.00,116.00,1.0000,-1,-1,-1
273,9,356.00,126.00,41.00,161.00,1.0000,-1,-1,-1
274,22,587.00,118.00,29.00,118.00,1.0000,-1,-1,-1
274,42,175.00,114.00,32.00,120.00,1.0000,-1,-1,-1
274,39,558.00,116.00,27.00,109.00,1.0000,-1,-1,-1
274,26,203.00,110.00,26.00,102.00,1.0000,-1,-1,-1
274,4,809.00,123.00,30.00,127.00,1.0000,-1,-1,-1
274,35,398.00,114.00,28.00,107.00,1.0000,-1,-1,-1
274,30,222.00,114.00,30.00,115.00,1.0000,-1,-1,-1
274,27,723.00,119.00,27.00,116.00,1.0000,-1,-1,-1
274,28,713.00,119.00,27.00,115.00,1.0000,-1,-1,-1
274,6,304.00,112.00,26.00,103.00,1.0000,-1,-1,-1
274,3,374.00,112.00,26.00,100.00,1.0000,-1,-1,-1
274,40,1701.00,217.00,165.00,464.00,1.0000,-1,-1,-1
274,2,357.00,128.00,43.00,166.00,1.0000,-1,-1,-1
274,25,657.00,122.00,31.00,129.00,1.0000,-1,-1,-1
274,21,662.00,119.00,29.00,120.00,1.0000,-1,-1,-1
274,41,740.00,117.00,25.00,107.00,1.0000,-1,-1,-1
274,9,356.00,126.00,41.00,161.00,1.0000,-1,-1,-1
275,3,356.00,111.00,25.00,99.00,1.0000,-1,-1,-1
275,30,194.00,113.00,30.00,113.00,1.0000,-1,-1,-1
275,35,386.00,113.00,27.00,106.00,1.0000,-1,-1,-1
275,42,149.00,114.00,31.00,118.00,1.0000,-1,-1,-1
275,26,203.00,110.00,26.00,102.00,1.0000,-1,-1,-1
275,41,737.00,117.00,25.00,107.00,1.0000,-1,-1,-1
275,39,556.00,115.00,26.00,108.00,1.0000,-1,-1,-1
275,25,600.00,121.00,32.00,129.00,1.0000,-1,-1,-1
275,4,758.00,122.00,30.00,127.00,1.0000,-1,-1,-1
275,40,1794.00,229.00,188.00,508.00,1.0000,-1,-1,-1
275,22,567.00,118.00,29.00,116.00,1.0000,-1,-1,-1
275,27,712.00,119.00,28.00,116.00,1.0000,-1,-1,-1
275,2,357.00,128.00,43.00,166.00,1.0000,-1,-1,-1
275,6,280.00,111.00,27.00,102.00,1.0000,-1,-1,-1
275,21,654.00,119.00,29.00,118.00,1.0000,-1,-1,-1
275,9,356.00,126.00,41.00,161.00,1.0000,-1,-1,-1
275,28,712.00,119.00,28.00,115.00,1.0000,-1,-1,-1
276,21,656.00,119.00,28.00,118.00,1.0000,-1,-1,-1
276,27,689.00,119.00,28.00,117.00,1.0000,-1,-1,-1
276,22,561.00,118.00,28.00,116.00,1.0000,-1,-1,-1
276,30,167.00,113.00,30.00,112.00,1.0000,-1,-1,-1
276,26,199.00,110.00,27.00,102.00,1.0000,-1,-1,-1
276,41,740.00,117.00,25.00,106.00,1.0000,-1,-1,-1
276,28,713.00,119.00,27.00,114.00,1.0000,-1,-1,-1
276,3,330.00,110.00,25.00,96.00,1.0000,-1,-1,-1
276,35,366.00,113.00,26.00,104.00,1.0000,-1,-1,-1
276,42,130.00,113.00,31.00,117.00,1.0000,-1,-1,-1
276,4,702.00,121.00,31.00,126.00,1.0000,-1,-1,-1
276,2,357.00,128.00,43.00,166.00,1.0000,-1,-1,-1
276,8,985.00,127.00,34.00,135.00,1.0000,-1,-1,-1
276,39,559.00,115.00,26.00,105.00,1.0000,-1,-1,-1
276,25,560.00,121.00,32.00,128.00,1.0000,-1,-1,-1
276,9,356.00,126.00,41.00,161.00,1.0000,-1,-1,-1
277,41,733.00,117.00,25.00,106.00,1.0000,-1,-1,-1
277,22,549.00,117.00,28.00,117.00,1.0000,-1,-1,-1
277,8,955.00,126.00,32.00,133.00,1.0000,-1,-1,-1
277,7,1005.00,128.00,35.00,140.00,1.0000,-1,-1,-1
277,26,166.00,110.00,27.00,102.00,1.0000,-1,-1,-1
277,27,681.00,119.00,28.00,116.00,1.0000,-1,-1,-1
277,25,514.00,120.00,32.00,129.00,1.0000,-1,-1,-1
277,21,639.00,118.00,29.00,117.00,1.0000,-1,-1,-1
277,30,144.00,112.00,30.00,112.00,1.0000,-1,-1,-1
277,9,336.00,126.00,41.00,160.00,1.0000,-1,-1,-1
277,4,659.00,121.00,31.00,125.00,1.0000,-1,-1,-1
277,28,700.00,118.00,27.00,114.00,1.0000,-1,-1,-1
277,2,357.00,128.00,43.00,166.00,1.0000,-1,-1,-1
277,42,119.00,113.00,31.00,117.00,1.0000,-1,-1,-1
277,35,347.00,112.00,26.00,103.00,1.0000,-1,-1,-1
278,28,694.00,118.00,27.00,114.00,1.0000,-1,-1,-1
278,42,92.00,113.00,31.00,116.00,1.0000,-1,-1,-1
278,8,919.00,125.00,32.00,133.00,1.0000,-1,-1,-1
278,4,604.00,120.00,31.00,124.00,1.0000,-1,-1,-1
278,7,944.00,126.00,33.00,137.00,1.0000,-1,-1,-1
278,25,474.00,119.00,32.00,128.00,1.0000,-1,-1,-1
278,27,674.00,119.00,28.00,116.00,1.0000,-1,-1,-1
278,21,638.00,118.00,28.00,117.00,1.0000,-1,-1,-1
278,30,129.00,112.00,29.00,111.00,1.0000,-1,-1,-1
278,35,327.00,112.00,27.00,102.00,1.0000,-1,-1,-1
278,2,357.00,128.00,43.00,166.00,1.0000,-1,-1,-1
278,9,323.00,126.00,41.00,160.00,1.0000,-1,-1,-1
278,41,734.00,117.00,25.00,107.00,1.0000,-1,-1,-1
278,22,549.00,117.00,28.00,117.00,1.0000,-1,-1,-1
279,1,950.00,125.00,31.00,130.00,1.0000,-1,-1,-1
279,41,750.00,117.00,26.00,107.00,1.0000,-1,-1,-1
279,22,549.00,117.00,28.00,117.00,1.0000,-1,-1,-1
279,39,665.00,115.00,25.00,104.00,1.0000,-1,-1,-1
279,2,359.00,128.00,43.00,165.00,1.0000,-1,-1,-1
279,35,311.00,111.00,26.00,103.00,1.0000,-1,-1,-1
279,25,442.00,119.00,32.00,128.00,1.0000,-1,-1,-1
279,21,616.00,118.00,29.00,117.00,1.0000,-1,-1,-1
279,27,669.00,119.00,28.00,116.00,1.0000,-1,-1,-1
279,7,886.00,126.00,32.00,136.00,1.0000,-1,-1,-1
279,4,571.00,120.00,30.00,124.00,1.0000,-1,-1,-1
279,8,889.00,125.00,31.00,132.00,1.0000,-1,-1,-1
279,28,683.00,118.00,28.00,114.00,1.0000,-1,-1,-1
279,9,273.00,126.00,42.00,162.00,1.0000,-1,-1,-1
280,9,226.00,126.00,43.00,163.00,1.0000,-1,-1,-1
280,41,749.00,117.00,26.00,107.00,1.0000,-1,-1,-1
280,28,683.00,118.00,28.00,114.00,1.0000,-1,-1,-1
280,22,547.00,117.00,28.00,117.00,1.0000,-1,-1,-1
280,4,516.00,119.00,30.00,123.00,1.0000,-1,-1,-1
280,25,396.00,118.00,32.00,126.00,1.0000,-1,-1,-1
280,2,333.00,128.00,43.00,167.00,1.0000,-1,-1,-1
280,1,906.00,124.00,31.00,129.00,1.0000,-1,-1,-1
280,8,857.00,124.00,31.00,131.00,1.0000,-1,-1,-1
280,39,673.00,115.00,25.00,104.00,1.0000,-1,-1,-1
280,21,611.00,118.00,29.00,117.00,1.0000,-1,-1,-1
280,7,820.00,125.00,32.00,135.00,1.0000,-1,-1,-1
280,27,660.00,118.00,28.00,116.00,1.0000,-1,-1,-1
281,28,648.00,118.00,27.00,113.00,1.0000,-1,-1,-1
281,9,167.00,126.00,44.00,167.00,1.0000,-1,-1,-1
281,25,344.00,117.00,31.00,123.00,1.0000,-1,-1,-1
281,4,452.00,118.00,30.00,121.00,1.0000,-1,-1,-1
281,7,774.00,124.00,31.00,134.00,1.0000,-1,-1,-1
281,27,654.00,118.00,28.00,116.00,1.0000,-1,-1,-1
281,8,820.00,124.00,31.00,129.00,1.0000,-1,-1,-1
281,39,707.00,116.00,25.00,105.00,1.0000,-1,-1,-1
281,2,343.00,128.00,43.00,167.00,1.0000,-1,-1,-1
281,1,853.00,123.00,29.00,127.00,1.0000,-1,-1,-1
281,22,548.00,117.00,29.00,117.00,1.0000,-1,-1,-1
281,21,609.00,118.00,29.00,117.00,1.0000,-1,-1,-1
281,41,755.00,117.00,25.00,108.00,1.0000,-1,-1,-1
282,22,534.00,117.00,29.00,115.00,1.0000,-1,-1,-1
282,41,755.00,117.00,25.00,108.00,1.0000,-1,-1,-1
282,21,595.00,118.00,29.00,116.00,1.0000,-1,-1,-1
282,4,421.00,117.00,31.00,121.00,1.0000,-1,-1,-1
282,28,645.00,118.00,27.00,113.00,1.0000,-1,-1,-1
282,27,654.00,118.00,28.00,116.00,1.0000,-1,-1,-1
282,7,705.00,123.00,32.00,133.00,1.0000,-1,-1,-1
282,8,790.00,123.00,30.00,129.00,1.0000,-1,-1,-1
282,2,322.00,128.00,43.00,166.00,1.0000,-1,-1,-1
282,1,820.00,123.00,30.00,127.00,1.0000,-1,-1,-1
282,5,955.00,126.00,33.00,133.00,1.0000,-1,-1,-1
282,39,715.00,116.00,25.00,105.00,1.0000,-1,-1,-1
282,9,104.00,126.00,45.00,171.00,1.0000,-1,-1,-1
282,25,312.00,117.00,31.00,122.00,1.0000,-1,-1,-1
283,2,298.00,127.00,43.00,166.00,1.0000,-1,-1,-1
283,25,273.00,116.00,32.00,122.00,1.0000,-1,-1,-1
283,5,907.00,125.00,32.00,134.00,1.0000,-1,-1,-1
283,4,372.00,117.00,30.00,120.00,1.0000,-1,-1,-1
283,21,586.00,117.00,28.00,115.00,1.0000,-1,-1,-1
283,8,744.00,122.00,31.00,129.00,1.0000,-1,-1,-1
283,27,656.00,118.00,28.00,115.00,1.0000,-1,-1,-1
283,10,954.00,125.00,32.00,132.00,1.0000,-1,-1,-1
283,7,661.00,122.00,32.00,131.00,1.0000,-1,-1,-1
283,39,712.00,116.00,26.00,105.00,1.0000,-1,-1,-1
283,41,755.00,117.00,25.00,108.00,1.0000,-1,-1,-1
283,22,528.00,117.00,28.00,115.00,1.0000,-1,-1,-1
283,28,625.00,117.00,27.00,112.00,1.0000,-1,-1,-1
283,1,774.00,122.00,30.00,126.00,1.0000,-1,-1,-1
284,10,906.00,124.00,30.00,128.00,1.0000,-1,-1,-1
284,5,865.00,125.00,31.00,133.00,1.0000,-1,-1,-1
284,39,720.00,116.00,26.00,106.00,1.0000,-1,-1,-1
284,1,733.00,121.00,30.00,124.00,1.0000,-1,-1,-1
284,25,234.00,115.00,31.00,121.00,1.0000,-1,-1,-1
284,2,258.00,127.00,43.00,167.00,1.0000,-1,-1,-1
284,27,628.00,118.00,27.00,114.00,1.0000,-1,-1,-1
284,28,617.00,117.00,28.00,112.00,1.0000,-1,-1,-1
284,7,614.00,121.00,31.00,129.00,1.0000,-1,-1,-1
284,4,327.00,116.00,30.00,119.00,1.0000,-1,-1,-1
284,41,755.00,117.00,25.00,108.00,1.0000,-1,-1,-1
284,22,505.00,116.00,28.00,114.00,1.0000,-1,-1,-1
284,21,567.00,117.00,28.00,114.00,1.0000,-1,-1,-1
284,8,714.00,122.00,30.00,126.00,1.0000,-1,-1,-1
285,4,276.00,115.00,31.00,117.00,1.0000,-1,-1,-1
285,8,674.00,121.00,30.00,126.00,1.0000,-1,-1,-1
285,28,605.00,117.00,27.00,110.00,1.0000,-1,-1,-1
285,5,823.00,124.00,31.00,133.00,1.0000,-1,-1,-1
285,27,626.00,118.00,27.00,113.00,1.0000,-1,-1,-1
285,39,719.00,116.00,25.00,106.00,1.0000,-1,-1,-1
285,21,556.00,117.00,27.00,112.00,1.0000,-1,-1,-1
285,22,489.00,116.00,28.00,114.00,1.0000,-1,-1,-1
285,2,217.00,127.00,43.00,168.00,1.0000,-1,-1,-1
285,25,209.00,115.00,31.00,120.00,1.0000,-1,-1,-1
285,7,573.00,120.00,31.00,127.00,1.0000,-1,-1,-1
285,41,753.00,117.00,25.00,108.00,1.0000,-1,-1,-1
285,1,695.00,120.00,30.00,123.00,1.0000,-1,-1,-1
285,10,865.00,124.00,31.00,128.00,1.0000,-1,-1,-1
286,1,657.00,120.00,29.00,122.00,1.0000,-1,-1,-1
286,8,632.00,120.00,31.00,126.00,1.0000,-1,-1,-1
286,25,172.00,114.00,31.00,117.00,1.0000,-1,-1,-1
286,4,236.00,114.00,31.00,116.00,1.0000,-1,-1,-1
286,7,543.00,120.00,31.00,125.00,1.0000,-1,-1,-1
286,39,719.00,116.00,25.00,106.00,1.0000,-1,-1,-1
286,41,753.00,117.00,25.00,108.00,1.0000,-1,-1,-1
286,10,825.00,123.00,30.00,128.00,1.0000,-1,-1,-1
286,27,621.00,117.00,28.00,114.00,1.0000,-1,-1,-1
286,2,172.00,127.00,45.00,168.00,1.0000,-1,-1,-1
286,28,595.00,116.00,27.00,110.00,1.0000,-1,-1,-1
286,22,476.00,116.00,28.00,112.00,1.0000,-1,-1,-1
286,5,781.00,124.00,32.00,131.00,1.0000,-1,-1,-1
286,21,536.00,116.00,27.00,111.00,1.0000,-1,-1,-1
287,25,141.00,114.00,31.00,117.00,1.0000,-1,-1,-1
287,5,745.00,123.00,31.00,131.00,1.0000,-1,-1,-1
287,4,204.00,113.00,30.00,115.00,1.0000,-1,-1,-1
287,3,162.00,112.00,29.00,112.00,1.0000,-1,-1,-1
287,22,461.00,116.00,28.00,112.00,1.0000,-1,-1,-1
287,2,149.00,126.00,44.00,168.00,1.0000,-1,-1,-1
287,7,482.00,119.00,30.00,123.00,1.0000,-1,-1,-1
287,28,583.00,116.00,26.00,108.00,1.0000,-1,-1,-1
287,10,785.00,123.00,30.00,128.00,1.0000,-1,-1,-1
287,1,624.00,119.00,30.00,121.00,1.0000,-1,-1,-1
287,21,533.00,116.00,27.00,110.00,1.0000,-1,-1,-1
287,8,604.00,120.00,30.00,124.00,1.0000,-1,-1,-1
287,41,753.00,117.00,25.00,108.00,1.0000,-1,-1,-1
287,39,719.00,116.00,25.00,106.00,1.0000,-1,-1,-1
287,11,986.00,127.00,35.00,139.00,1.0000,-1,-1,-1
287,6,957.00,126.00,33.00,133.00,1.0000,-1,-1,-1
287,27,597.00,117.00,28.00,112.00,1.0000,-1,-1,-1
288,2,93.00,127.00,46.00,171.00,1.0000,-1,-1,-1
288,1,599.00,119.00,30.00,119.00,1.0000,-1,-1,-1
288,27,543.00,116.00,28.00,112.00,1.0000,-1,-1,-1
288,4,170.00,113.00,30.00,114.00,1.0000,-1,-1,-1
288,8,581.00,120.00,31.00,123.00,1.0000,-1,-1,-1
288,22,430.00,115.00,28.00,112.00,1.0000,-1,-1,-1
288,10,755.00,122.00,30.00,127.00,1.0000,-1,-1,-1
288,7,444.00,118.00,31.00,123.00,1.0000,-1,-1,-1
288,5,712.00,122.00,31.00,130.00,1.0000,-1,-1,-1
288,12,991.00,127.00,34.00,136.00,1.0000,-1,-1,-1
288,3,199.00,113.00,30.00,111.00,1.0000,-1,-1,-1
288,6,908.00,125.00,32.00,133.00,1.0000,-1,-1,-1
288,21,526.00,116.00,27.00,109.00,1.0000,-1,-1,-1
288,28,562.00,115.00,27.00,108.00,1.0000,-1,-1,-1
288,41,753.00,117.00,25.00,108.00,1.0000,-1,-1,-1
288,11,942.00,126.00,33.00,136.00,1.0000,-1,-1,-1
288,39,719.00,116.00,25.00,106.00,1.0000,-1,-1,-1
288,25,134.00,113.00,31.00,118.00,1.0000,-1,-1,-1
289,10,715.00,122.00,30.00,126.00,1.0000,-1,-1,-1
289,21,501.00,115.00,27.00,109.00,1.0000,-1,-1,-1
289,3,240.00,113.00,29.00,112.00,1.0000,-1,-1,-1
289,5,677.00,122.00,31.00,127.00,1.0000,-1,-1,-1
289,28,525.00,115.00,27.00,106.00,1.0000,-1,-1,-1
289,12,952.00,126.00,33.00,135.00,1.0000,-1,-1,-1
289,6,868.00,124.00,30.00,132.00,1.0000,-1,-1,-1
289,39,718.00,116.00,25.00,106.00,1.0000,-1,-1,-1
289,22,395.00,115.00,28.00,111.00,1.0000,-1,-1,-1
289,11,903.00,126.00,33.00,135.00,1.0000,-1,-1,-1
289,1,571.00,118.00,29.00,119.00,1.0000,-1,-1,-1
289,41,757.00,117.00,26.00,108.00,1.0000,-1,-1,-1
289,4,148.00,112.00,30.00,113.00,1.0000,-1,-1,-1
289,8,543.00,119.00,30.00,122.00,1.0000,-1,-1,-1
289,7,394.00,117.00,32.00,123.00,1.0000,-1,-1,-1
289,25,83.00,112.00,31.00,115.00,1.0000,-1,-1,-1
289,2,58.00,126.00,47.00,172.00,1.0000,-1,-1,-1
289,27,517.00,116.00,27.00,111.00,1.0000,-1,-1,-1
290,41,759.00,117.00,25.00,108.00,1.0000,-1,-1,-1
290,39,718.00,116.00,25.00,106.00,1.0000,-1,-1,-1
290,2,30.00,127.00,48.00,173.00,1.0000,-1,-1,-1
290,27,481.00,115.00,27.00,111.00,1.0000,-1,-1,-1
290,8,518.00,118.00,30.00,122.00,1.0000,-1,-1,-1
290,12,901.00,126.00,32.00,134.00,1.0000,-1,-1,-1
290,1,548.00,118.00,29.00,118.00,1.0000,-1,-1,-1
290,21,478.00,115.00,27.00,108.00,1.0000,-1,-1,-1
290,10,685.00,121.00,30.00,125.00,1.0000,-1,-1,-1
290,22,383.00,114.00,28.00,111.00,1.0000,-1,-1,-1
290,25,68.00,112.00,31.00,115.00,1.0000,-1,-1,-1
290,28,511.00,114.00,26.00,106.00,1.0000,-1,-1,-1
290,3,274.00,113.00,29.00,112.00,1.0000,-1,-1,-1
290,7,355.00,117.00,31.00,122.00,1.0000,-1,-1,-1
290,11,864.00,125.00,32.00,135.00,1.0000,-1,-1,-1
290,5,651.00,121.00,31.00,127.00,1.0000,-1,-1,-1
290,6,836.00,124.00,31.00,131.00,1.0000,-1,-1,-1
290,4,118.00,112.00,30.00,112.00,1.0000,-1,-1,-1
291,3,312.00,114.00,29.00,113.00,1.0000,-1,-1,-1
291,12,843.00,124.00,31.00,132.00,1.0000,-1,-1,-1
291,7,306.00,116.00,31.00,120.00,1.0000,-1,-1,-1
291,13,1235.00,140.00,50.00,178.00,1.0000,-1,-1,-1
291,21,443.00,114.00,27.00,107.00,1.0000,-1,-1,-1
291,5,612.00,121.00,31.00,128.00,1.0000,-1,-1,-1
291,1,518.00,117.00,29.00,117.00,1.0000,-1,-1,-1
291,10,657.00,120.00,29.00,124.00,1.0000,-1,-1,-1
291,28,472.00,114.00,26.00,104.00,1.0000,-1,-1,-1
291,6,790.00,123.00,31.00,130.00,1.0000,-1,-1,-1
291,11,818.00,125.00,32.00,135.00,1.0000,-1,-1,-1
291,39,740.00,117.00,26.00,105.00,1.0000,-1,-1,-1
291,41,746.00,117.00,26.00,107.00,1.0000,-1,-1,-1
291,22,348.00,114.00,28.00,109.00,1.0000,-1,-1,-1
291,8,467.00,117.00,30.00,119.00,1.0000,-1,-1,-1
291,27,461.00,115.00,27.00,110.00,1.0000,-1,-1,-1
292,22,332.00,113.00,28.00,110.00,1.0000,-1,-1,-1
292,7,256.00,115.00,31.00,119.00,1.0000,-1,-1,-1
292,39,751.00,117.00,25.00,105.00,1.0000,-1,-1,-1
292,21,435.00,114.00,26.00,106.00,1.0000,-1,-1,-1
292,13,1214.00,140.00,50.00,181.00,1.0000,-1,-1,-1
292,8,438.00,117.00,30.00,117.00,1.0000,-1,-1,-1
292,10,617.00,120.00,30.00,123.00,1.0000,-1,-1,-1
292,27,432.00,114.00,28.00,109.00,1.0000,-1,-1,-1
292,6,746.00,123.00,31.00,130.00,1.0000,-1,-1,-1
292,5,577.00,121.00,31.00,127.00,1.0000,-1,-1,-1
292,3,357.00,115.00,29.00,112.00,1.0000,-1,-1,-1
292,1,479.00,117.00,29.00,116.00,1.0000,-1,-1,-1
292,11,777.00,124.00,31.00,133.00,1.0000,-1,-1,-1
292,12,807.00,124.00,31.00,131.00,1.0000,-1,-1,-1
292,41,746.00,117.00,26.00,107.00,1.0000,-1,-1,-1
292,28,451.00,113.00,26.00,104.00,1.0000,-1,-1,-1
293,11,733.00,124.00,32.00,133.00,1.0000,-1,-1,-1
293,41,745.00,117.00,25.00,107.00,1.0000,-1,-1,-1
293,27,405.00,114.00,27.00,108.00,1.0000,-1,-1,-1
293,8,405.00,116.00,30.00,118.00,1.0000,-1,-1,-1
293,3,390.00,115.00,29.00,112.00,1.0000,-1,-1,-1
293,39,751.00,117.00,25.00,105.00,1.0000,-1,-1,-1
293,13,1202.00,141.00,51.00,185.00,1.0000,-1,-1,-1
293,21,415.00,113.00,26.00,105.00,1.0000,-1,-1,-1
293,28,425.00,113.00,26.00,103.00,1.0000,-1,-1,-1
293,22,316.00,113.00,28.00,108.00,1.0000,-1,-1,-1
293,6,716.00,122.00,31.00,128.00,1.0000,-1,-1,-1
293,1,445.00,116.00,29.00,115.00,1.0000,-1,-1,-1
293,12,766.00,123.00,30.00,129.00,1.0000,-1,-1,-1
293,5,552.00,120.00,31.00,126.00,1.0000,-1,-1,-1
293,10,599.00,120.00,30.00,122.00,1.0000,-1,-1,-1
293,7,231.00,115.00,31.00,118.00,1.0000,-1,-1,-1
294,41,745.00,117.00,25.00,107.00,1.0000,-1,-1,-1
294,21,398.00,113.00,26.00,104.00,1.0000,-1,-1,-1
294,11,690.00,123.00,31.00,132.00,1.0000,-1,-1,-1
294,6,674.00,121.00,31.00,128.00,1.0000,-1,-1,-1
294,22,292.00,113.00,28.00,108.00,1.0000,-1,-1,-1
294,39,751.00,117.00,25.00,105.00,1.0000,-1,-1,-1
294,12,720.00,122.00,31.00,128.00,1.0000,-1,-1,-1
294,28,414.00,112.00,26.00,103.00,1.0000,-1,-1,-1
294,13,1157.00,141.00,51.00,186.00,1.0000,-1,-1,-1
294,7,193.00,114.00,30.00,116.00,1.0000,-1,-1,-1
294,10,557.00,119.00,30.00,123.00,1.0000,-1,-1,-1
294,5,523.00,120.00,31.00,126.00,1.0000,-1,-1,-1
294,27,372.00,113.00,27.00,107.00,1.0000,-1,-1,-1
294,1,413.00,116.00,30.00,115.00,1.0000,-1,-1,-1
294,8,381.00,116.00,30.00,117.00,1.0000,-1,-1,-1
294,3,443.00,115.00,28.00,113.00,1.0000,-1,-1,-1
295,41,745.00,117.00,25.00,107.00,1.0000,-1,-1,-1
295,6,640.00,121.00,31.00,126.00,1.0000,-1,-1,-1
295,1,376.00,115.00,29.00,114.00,1.0000,-1,-1,-1
295,21,373.00,112.00,26.00,104.00,1.0000,-1,-1,-1
295,8,348.00,115.00,29.00,115.00,1.0000,-1,-1,-1
295,39,751.00,117.00,25.00,105.00,1.0000,-1,-1,-1
295,10,523.00,119.00,30.00,122.00,1.0000,-1,-1,-1
295,3,485.00,116.00,29.00,113.00,1.0000,-1,-1,-1
295,13,1109.00,141.00,50.00,189.00,1.0000,-1,-1,-1
295,28,393.00,112.00,25.00,101.00,1.0000,-1,-1,-1
295,11,647.00,122.00,32.00,130.00,1.0000,-1,-1,-1
295,5,483.00,119.00,32.00,126.00,1.0000,-1,-1,-1
295,12,680.00,122.00,31.00,128.00,1.0000,-1,-1,-1
295,7,163.00,113.00,31.00,115.00,1.0000,-1,-1,-1
295,27,338.00,113.00,27.00,105.00,1.0000,-1,-1,-1
295,22,272.00,112.00,27.00,107.00,1.0000,-1,-1,-1
296,41,745.00,117.00,25.00,107.00,1.0000,-1,-1,-1
296,8,322.00,115.00,29.00,114.00,1.0000,-1,-1,-1
296,13,1072.00,143.00,51.00,194.00,1.0000,-1,-1,-1
296,22,250.00,112.00,27.00,105.00,1.0000,-1,-1,-1
296,6,618.00,120.00,30.00,123.00,1.0000,-1,-1,-1
296,39,751.00,117.00,25.00,105.00,1.0000,-1,-1,-1
296,1,352.00,115.00,29.00,112.00,1.0000,-1,-1,-1
296,21,349.00,112.00,26.00,103.00,1.0000,-1,-1,-1
296,10,481.00,118.00,30.00,120.00,1.0000,-1,-1,-1
296,12,636.00,121.00,31.00,128.00,1.0000,-1,-1,-1
296,28,372.00,112.00,26.00,101.00,1.0000,-1,-1,-1
296,5,446.00,119.00,31.00,125.00,1.0000,-1,-1,-1
296,11,608.00,121.00,31.00,128.00,1.0000,-1,-1,-1
296,7,136.00,113.00,30.00,114.00,1.0000,-1,-1,-1
296,27,308.00,112.00,27.00,105.00,1.0000,-1,-1,-1
296,3,537.00,117.00,29.00,114.00,1.0000,-1,-1,-1
297,12,601.00,120.00,31.00,126.00,1.0000,-1,-1,-1
297,1,328.00,114.00,29.00,112.00,1.0000,-1,-1,-1
297,13,1013.00,143.00,50.00,198.00,1.0000,-1,-1,-1
297,22,235.00,111.00,27.00,104.00,1.0000,-1,-1,-1
297,21,332.00,112.00,26.00,102.00,1.0000,-1,-1,-1
297,10,439.00,117.00,31.00,121.00,1.0000,-1,-1,-1
297,7,110.00,112.00,30.00,115.00,1.0000,-1,-1,-1
297,39,750.00,117.00,25.00,105.00,1.0000,-1,-1,-1
297,14,1441.00,152.00,67.00,217.00,1.0000,-1,-1,-1
297,9,949.00,126.00,33.00,135.00,1.0000,-1,-1,-1
297,8,284.00,114.00,29.00,113.00,1.0000,-1,-1,-1
297,6,594.00,120.00,30.00,122.00,1.0000,-1,-1,-1
297,5,404.00,118.00,31.00,124.00,1.0000,-1,-1,-1
297,41,743.00,117.00,26.00,107.00,1.0000,-1,-1,-1
297,27,291.00,112.00,27.00,103.00,1.0000,-1,-1,-1
297,11,569.00,120.00,31.00,128.00,1.0000,-1,-1,-1
297,3,579.00,117.00,28.00,114.00,1.0000,-1,-1,-1
298,21,311.00,111.00,26.00,102.00,1.0000,-1,-1,-1
298,13,971.00,143.00,50.00,201.00,1.0000,-1,-1,-1
298,8,264.00,114.00,29.00,113.00,1.0000,-1,-1,-1
298,22,224.00,111.00,27.00,102.00,1.0000,-1,-1,-1
298,10,409.00,117.00,30.00,121.00,1.0000,-1,-1,-1
298,14,1477.00,155.00,73.00,230.00,1.0000,-1,-1,-1
298,1,302.00,114.00,28.00,111.00,1.0000,-1,-1,-1
298,5,367.00,118.00,32.00,124.00,1.0000,-1,-1,-1
298,41,742.00,117.00,25.00,107.00,1.0000,-1,-1,-1
298,39,748.00,117.00,26.00,105.00,1.0000,-1,-1,-1
298,27,260.00,111.00,27.00,102.00,1.0000,-1,-1,-1
298,16,938.00,124.00,31.00,129.00,1.0000,-1,-1,-1
298,6,563.00,119.00,30.00,122.00,1.0000,-1,-1,-1
298,15,870.00,122.00,29.00,121.00,1.0000,-1,-1,-1
298,9,916.00,126.00,33.00,135.00,1.0000,-1,-1,-1
298,12,571.00,120.00,31.00,126.00,1.0000,-1,-1,-1
298,3,618.00,117.00,28.00,114.00,1.0000,-1,-1,-1
298,11,531.00,120.00,32.00,127.00,1.0000,-1,-1,-1
299,16,903.00,124.00,30.00,128.00,1.0000,-1,-1,-1
299,1,277.00,113.00,28.00,111.00,1.0000,-1,-1,-1
299,12,526.00,119.00,31.00,124.00,1.0000,-1,-1,-1
299,5,332.00,117.00,31.00,125.00,1.0000,-1,-1,-1
299,10,366.00,116.00,31.00,121.00,1.0000,-1,-1,-1
299,9,875.00,125.00,31.00,132.00,1.0000,-1,-1,-1
299,15,807.00,121.00,29.00,120.00,1.0000,-1,-1,-1
299,11,498.00,119.00,32.00,126.00,1.0000,-1,-1,-1
299,41,742.00,117.00,25.00,107.00,1.0000,-1,-1,-1
299,21,292.00,111.00,26.00,99.00,1.0000,-1,-1,-1
299,14,1476.00,158.00,75.00,238.00,1.0000,-1,-1,-1
299,3,659.00,118.00,27.00,114.00,1.0000,-1,-1,-1
299,13,894.00,143.00,49.00,206.00,1.0000,-1,-1,-1
299,6,528.00,118.00,30.00,121.00,1.0000,-1,-1,-1
299,39,747.00,117.00,25.00,105.00,1.0000,-1,-1,-1
299,8,232.00,113.00,29.00,112.00,1.0000,-1,-1,-1
300,5,304.00,117.00,32.00,125.00,1.0000,-1,-1,-1
300,8,203.00,112.00,29.00,111.00,1.0000,-1,-1,-1
300,13,851.00,144.00,50.00,210.00,1.0000,-1,-1,-1
300,9,843.00,124.00,30.00,132.00,1.0000,-1,-1,-1
300,14,1541.00,162.00,83.00,255.00,1.0000,-1,-1,-1
300,41,742.00,117.00,25.00,107.00,1.0000,-1,-1,-1
300,12,495.00,118.00,31.00,123.00,1.0000,-1,-1,-1
300,15,752.00,120.00,29.00,119.00,1.0000,-1,-1,-1
300,6,497.00,118.00,29.00,118.00,1.0000,-1,-1,-1
300,10,327.00,116.00,31.00,120.00,1.0000,-1,-1,-1
300,1,253.00,113.00,28.00,109.00,1.0000,-1,-1,-1
300,11,451.00,118.00,31.00,125.00,1.0000,-1,-1,-1
300,39,747.00,117.00,25.00,105.00,1.0000,-1,-1,-1
300,16,861.00,123.00,30.00,128.00,1.0000,-1,-1,-1
300,3,708.00,119.00,27.00,114.00,1.0000,-1,-1,-1
301,8,292.00,0.00,62.00,231.00,1.0000,-1,-1,-1
301,9,714.00,12.00,50.00,220.00,1.0000,-1,-1,-1
301,7,1740.00,33.00,88.00,186.00,1.0000,-1,-1,-1
301,1,1242.00,64.00,87.00,243.00,1.0000,-1,-1,-1
301,4,815.00,10.00,53.00,213.00,1.0000,-1,-1,-1
301,3,1558.00,18.00,78.00,180.00,1.0000,-1,-1,-1
301,10,1190.00,16.00,68.00,197.00,1.0000,-1,-1,-1
301,5,1176.00,108.00,101.00,289.00,1.0000,-1,-1,-1
301,11,1256.00,138.00,118.00,313.00,1.0000,-1,-1,-1
301,14,1849.00,81.00,117.00,227.00,1.0000,-1,-1,-1
301,2,1281.00,63.00,89.00,239.00,1.0000,-1,-1,-1
301,13,1907.00,146.00,154.00,285.00,1.0000,-1,-1,-1
301,6,1781.00,87.00,118.00,236.00,1.0000,-1,-1,-1
301,12,1608.00,14.00,77.00,174.00,1.0000,-1,-1,-1
302,11,1120.00,139.00,109.00,321.00,1.0000,-1,-1,-1
302,8,216.00,0.00,66.00,233.00,1.0000,-1,-1,-1
302,9,714.00,12.00,50.00,220.00,1.0000,-1,-1,-1
302,7,1740.00,33.00,88.00,186.00,1.0000,-1,-1,-1
302,1,1242.00,64.00,87.00,243.00,1.0000,-1,-1,-1
302,6,1755.00,80.00,114.00,231.00,1.0000,-1,-1,-1
302,5,1055.00,107.00,95.00,294.00,1.0000,-1,-1,-1
302,3,1556.00,17.00,78.00,180.00,1.0000,-1,-1,-1
302,2,1278.00,62.00,88.00,238.00,1.0000,-1,-1,-1
302,10,1189.00,15.00,67.00,198.00,1.0000,-1,-1,-1
302,12,1608.00,14.00,77.00,173.00,1.0000,-1,-1,-1
302,4,814.00,10.00,53.00,213.00,1.0000,-1,-1,-1
302,13,1844.00,122.00,139.00,266.00,1.0000,-1,-1,-1
303,15,1875.00,80.00,116.00,225.00,1.0000,-1,-1,-1
303,1,1238.00,63.00,87.00,242.00,1.0000,-1,-1,-1
303,2,1280.00,60.00,88.00,237.00,1.0000,-1,-1,-1
303,3,1554.00,17.00,78.00,180.00,1.0000,-1,-1,-1
303,4,815.00,10.00,53.00,213.00,1.0000,-1,-1,-1
303,5,921.00,109.00,87.00,303.00,1.0000,-1,-1,-1
303,6,1726.00,73.00,109.00,225.00,1.0000,-1,-1,-1
303,7,1731.00,26.00,85.00,178.00,1.0000,-1,-1,-1
303,8,49.00,1.00,76.00,244.00,1.0000,-1,-1,-1
303,13,1844.00,109.00,131.00,254.00,1.0000,-1,-1,-1
303,9,717.00,12.00,50.00,220.00,1.0000,-1,-1,-1
303,10,1189.00,15.00,67.00,198.00,1.0000,-1,-1,-1
303,11,995.00,133.00,100.00,322.00,1.0000,-1,-1,-1
303,12,1608.00,14.00,77.00,173.00,1.0000,-1,-1,-1
304,12,1607.00,14.00,77.00,173.00,1.0000,-1,-1,-1
304,4,818.00,10.00,53.00,213.00,1.0000,-1,-1,-1
304,2,1302.00,62.00,89.00,237.00,1.0000,-1,-1,-1
304,15,1826.00,72.00,110.00,219.00,1.0000,-1,-1,-1
304,10,1190.00,16.00,68.00,197.00,1.0000,-1,-1,-1
304,7,1752.00,23.00,84.00,174.00,1.0000,-1,-1,-1
304,1,1238.00,61.00,86.00,239.00,1.0000,-1,-1,-1
304,5,817.00,106.00,80.00,307.00,1.0000,-1,-1,-1
304,3,1556.00,17.00,78.00,179.00,1.0000,-1,-1,-1
304,9,719.00,12.00,51.00,220.00,1.0000,-1,-1,-1
304,6,1770.00,72.00,109.00,223.00,1.0000,-1,-1,-1
304,11,871.00,132.00,91.00,328.00,1.0000,-1,-1,-1
304,13,1835.00,107.00,130.00,252.00,1.0000,-1,-1,-1
305,13,1811.00,94.00,122.00,242.00,1.0000,-1,-1,-1
305,6,1830.00,59.00,104.00,206.00,1.0000,-1,-1,-1
305,10,1192.00,16.00,68.00,197.00,1.0000,-1,-1,-1
305,3,1558.00,17.00,78.00,179.00,1.0000,-1,-1,-1
305,12,1605.00,13.00,77.00,173.00,1.0000,-1,-1,-1
305,11,743.00,134.00,82.00,336.00,1.0000,-1,-1,-1
305,7,1751.00,22.00,83.00,174.00,1.0000,-1,-1,-1
305,2,1303.00,62.00,90.00,237.00,1.0000,-1,-1,-1
305,5,695.00,109.00,72.00,315.00,1.0000,-1,-1,-1
305,4,818.00,10.00,53.00,213.00,1.0000,-1,-1,-1
305,1,1243.00,62.00,87.00,241.00,1.0000,-1,-1,-1
305,9,719.00,11.00,50.00,220.00,1.0000,-1,-1,-1
305,14,1840.00,58.00,104.00,205.00,1.0000,-1,-1,-1
306,11,553.00,136.00,82.00,348.00,1.0000,-1,-1,-1
306,12,1607.00,14.00,77.00,173.00,1.0000,-1,-1,-1
306,13,1790.00,86.00,117.00,235.00,1.0000,-1,-1,-1
306,9,721.00,11.00,50.00,219.00,1.0000,-1,-1,-1
306,7,1816.00,23.00,85.00,171.00,1.0000,-1,-1,-1
306,10,1192.00,16.00,68.00,197.00,1.0000,-1,-1,-1
306,3,1556.00,17.00,78.00,179.00,1.0000,-1,-1,-1
306,2,1302.00,62.00,89.00,237.00,1.0000,-1,-1,-1
306,14,1821.00,42.00,95.00,190.00,1.0000,-1,-1,-1
306,4,818.00,10.00,54.00,214.00,1.0000,-1,-1,-1
306,1,1228.00,63.00,87.00,242.00,1.0000,-1,-1,-1
306,6,1846.00,61.00,105.00,207.00,1.0000,-1,-1,-1
306,5,524.00,112.00,78.00,326.00,1.0000,-1,-1,-1
307,7,1844.00,26.00,87.00,172.00,1.0000,-1,-1,-1
307,12,1607.00,14.00,77.00,173.00,1.0000,-1,-1,-1
307,9,717.00,11.00,50.00,219.00,1.0000,-1,-1,-1
307,14,1857.00,36.00,92.00,183.00,1.0000,-1,-1,-1
307,5,374.00,113.00,87.00,335.00,1.0000,-1,-1,-1
307,11,393.00,140.00,93.00,360.00,1.0000,-1,-1,-1
307,10,1193.00,15.00,68.00,198.00,1.0000,-1,-1,-1
307,1,1228.00,63.00,87.00,242.00,1.0000,-1,-1,-1
307,13,1810.00,70.00,109.00,218.00,1.0000,-1,-1,-1
307,3,1555.00,17.00,77.00,178.00,1.0000,-1,-1,-1
307,2,1300.00,61.00,89.00,237.00,1.0000,-1,-1,-1
307,4,821.00,10.00,54.00,214.00,1.0000,-1,-1,-1
307,6,1849.00,60.00,104.00,205.00,1.0000,-1,-1,-1
308,4,820.00,10.00,54.00,213.00,1.0000,-1,-1,-1
308,7,1844.00,25.00,86.00,172.00,1.0000,-1,-1,-1
308,11,241.00,134.00,102.00,362.00,1.0000,-1,-1,-1
308,12,1613.00,15.00,78.00,174.00,1.0000,-1,-1,-1
308,5,199.00,116.00,99.00,347.00,1.0000,-1,-1,-1
308,1,1229.00,64.00,87.00,243.00,1.0000,-1,-1,-1
308,14,1894.00,33.00,92.00,178.00,1.0000,-1,-1,-1
308,6,1915.00,45.00,98.00,188.00,1.0000,-1,-1,-1
308,3,1555.00,17.00,77.00,178.00,1.0000,-1,-1,-1
308,9,716.00,10.00,50.00,219.00,1.0000,-1,-1,-1
308,2,1300.00,61.00,89.00,237.00,1.0000,-1,-1,-1
308,10,1192.00,15.00,68.00,197.00,1.0000,-1,-1,-1
308,13,1788.00,66.00,107.00,216.00,1.0000,-1,-1,-1
309,14,1860.00,28.00,88.00,174.00,1.0000,-1,-1,-1
309,5,43.00,114.00,112.00,353.00,1.0000,-1,-1,-1
309,12,1613.00,15.00,78.00,174.00,1.0000,-1,-1,-1
309,3,1552.00,16.00,76.00,178.00,1.0000,-1,-1,-1
309,10,1192.00,15.00,68.00,197.00,1.0000,-1,-1,-1
309,11,53.00,141.00,120.00,377.00,1.0000,-1,-1,-1
309,13,1780.00,50.00,98.00,201.00,1.0000,-1,-1,-1
309,9,715.00,10.00,50.00,218.00,1.0000,-1,-1,-1
309,1,1227.00,63.00,87.00,243.00,1.0000,-1,-1,-1
309,2,1300.00,61.00,89.00,237.00,1.0000,-1,-1,-1
309,4,821.00,10.00,54.00,214.00,1.0000,-1,-1,-1
309,7,1853.00,24.00,85.00,170.00,1.0000,-1,-1,-1
310,3,1552.00,16.00,76.00,178.00,1.0000,-1,-1,-1
310,7,1855.00,24.00,86.00,171.00,1.0000,-1,-1,-1
310,1,1225.00,63.00,87.00,242.00,1.0000,-1,-1,-1
310,13,1774.00,43.00,94.00,193.00,1.0000,-1,-1,-1
310,12,1612.00,15.00,77.00,173.00,1.0000,-1,-1,-1
310,10,1190.00,15.00,67.00,197.00,1.0000,-1,-1,-1
310,2,1300.00,61.00,89.00,237.00,1.0000,-1,-1,-1
310,4,810.00,8.00,53.00,212.00,1.0000,-1,-1,-1
310,9,719.00,12.00,51.00,220.00,1.0000,-1,-1,-1
310,15,1236.00,42.00,79.00,221.00,1.0000,-1,-1,-1
310,14,1845.00,26.00,86.00,172.00,1.0000,-1,-1,-1
311,16,394.00,612.00,207.00,743.00,1.0000,-1,-1,-1
311,15,1154.00,39.00,75.00,222.00,1.0000,-1,-1,-1
311,13,1854.00,32.00,91.00,178.00,1.0000,-1,-1,-1
311,1,1230.00,66.00,88.00,245.00,1.0000,-1,-1,-1
311,2,1295.00,61.00,89.00,236.00,1.0000,-1,-1,-1
312,13,1841.00,31.00,90.00,178.00,1.0000,-1,-1,-1
312,1,1230.00,66.00,88.00,245.00,1.0000,-1,-1,-1
312,2,1295.00,61.00,89.00,236.00,1.0000,-1,-1,-1
312,16,199.00,513.00,207.00,679.00,1.0000,-1,-1,-1
312,15,1068.00,35.00,71.00,224.00,1.0000,-1,-1,-1
313,1,1230.00,66.00,88.00,245.00,1.0000,-1,-1,-1
313,16,34.00,449.00,214.00,637.00,1.0000,-1,-1,-1
313,2,1295.00,61.00,89.00,236.00,1.0000,-1,-1,-1
313,15,981.00,34.00,67.00,228.00,1.0000,-1,-1,-1
313,13,1868.00,25.00,86.00,170.00,1.0000,-1,-1,-1
314,15,889.00,29.00,61.00,227.00,1.0000,-1,-1,-1
314,1,1230.00,66.00,88.00,245.00,1.0000,-1,-1,-1
314,2,1295.00,61.00,89.00,236.00,1.0000,-1,-1,-1
314,13,1866.00,23.00,86.00,169.00,1.0000,-1,-1,-1
315,1,1224.00,65.00,88.00,244.00,1.0000,-1,-1,-1
315,2,1295.00,61.00,89.00,236.00,1.0000,-1,-1,-1
315,15,779.00,26.00,56.00,231.00,1.0000,-1,-1,-1
316,1,1224.00,65.00,88.00,244.00,1.0000,-1,-1,-1
316,2,1295.00,61.00,89.00,236.00,1.0000,-1,-1,-1
316,15,727.00,21.00,53.00,229.00,1.0000,-1,-1,-1
317,1,1235.00,66.00,88.00,245.00,1.0000,-1,-1,-1
317,2,1290.00,61.00,89.00,236.00,1.0000,-1,-1,-1
317,15,618.00,17.00,51.00,230.00,1.0000,-1,-1,-1
318,2,1292.00,61.00,89.00,237.00,1.0000,-1,-1,-1
318,1,1232.00,66.00,88.00,246.00,1.0000,-1,-1,-1
318,15,546.00,14.00,54.00,231.00,1.0000,-1,-1,-1
319,1,1237.00,67.00,88.00,245.00,1.0000,-1,-1,-1
319,2,1295.00,61.00,89.00,236.00,1.0000,-1,-1,-1
319,15,455.00,6.00,56.00,228.00,1.0000,-1,-1,-1
320,15,356.00,5.00,60.00,233.00,1.0000,-1,-1,-1
320,1,1237.00,67.00,88.00,245.00,1.0000,-1,-1,-1
320,2,1306.00,63.00,90.00,239.00,1.0000,-1,-1,-1
321,15,278.00,0.00,62.00,230.00,1.0000,-1,-1,-1
321,1,1231.00,64.00,87.00,244.00,1.0000,-1,-1,-1
321,2,1314.00,65.00,91.00,240.00,1.0000,-1,-1,-1
322,2,1314.00,65.00,91.00,240.00,1.0000,-1,-1,-1
322,1,1230.00,65.00,87.00,244.00,1.0000,-1,-1,-1
323,3,1909.00,43.00,97.00,186.00,1.0000,-1,-1,-1
323,1,1230.00,65.00,87.00,244.00,1.0000,-1,-1,-1
323,2,1314.00,65.00,91.00,240.00,1.0000,-1,-1,-1
324,3,1889.00,36.00,93.00,181.00,1.0000,-1,-1,-1
324,1,1230.00,65.00,87.00,244.00,1.0000,-1,-1,-1
324,2,1314.00,65.00,91.00,240.00,1.0000,-1,-1,-1
325,3,1896.00,32.00,90.00,175.00,1.0000,-1,-1,-1
325,1,1230.00,65.00,87.00,244.00,1.0000,-1,-1,-1
325,2,1314.00,65.00,91.00,240.00,1.0000,-1,-1,-1
326,3,1909.00,29.00,90.00,172.00,1.0000,-1,-1,-1
326,1,1230.00,65.00,87.00,244.00,1.0000,-1,-1,-1
326,2,1314.00,65.00,91.00,240.00,1.0000,-1,-1,-1
327,2,1315.00,61.00,89.00,237.00,1.0000,-1,-1,-1
327,1,1230.00,65.00,87.00,244.00,1.0000,-1,-1,-1
327,3,1904.00,27.00,88.00,170.00,1.0000,-1,-1,-1
328,3,1894.00,23.00,85.00,166.00,1.0000,-1,-1,-1
328,1,1230.00,65.00,87.00,244.00,1.0000,-1,-1,-1
328,2,1313.00,59.00,89.00,234.00,1.0000,-1,-1,-1
329,1,1234.00,65.00,88.00,244.00,1.0000,-1,-1,-1
329,2,1274.00,50.00,84.00,227.00,1.0000,-1,-1,-1
330,2,1245.00,42.00,80.00,221.00,1.0000,-1,-1,-1
330,1,1210.00,60.00,85.00,240.00,1.0000,-1,-1,-1
331,2,1191.00,33.00,75.00,214.00,1.0000,-1,-1,-1
331,1,1211.00,62.00,86.00,242.00,1.0000,-1,-1,-1
332,1,1214.00,58.00,84.00,238.00,1.0000,-1,-1,-1
332,2,1148.00,24.00,69.00,208.00,1.0000,-1,-1,-1
333,1,1218.00,54.00,83.00,234.00,1.0000,-1,-1,-1
334,1,1200.00,47.00,79.00,228.00,1.0000,-1,-1,-1
335,1,1185.00,40.00,77.00,222.00,1.0000,-1,-1,-1
336,1,1177.00,33.00,74.00,216.00,1.0000,-1,-1,-1
337,1,1176.00,30.00,73.00,213.00,1.0000,-1,-1,-1
338,1,1133.00,22.00,68.00,208.00,1.0000,-1,-1,-1
339,1,1125.00,18.00,67.00,204.00,1.0000,-1,-1,-1
340,1,1105.00,15.00,65.00,201.00,1.0000,-1,-1,-1
341,3,1052.00,553.00,251.00,670.00,1.0000,-1,-1,-1
342,3,968.00,508.00,221.00,641.00,1.0000,-1,-1,-1
343,3,836.00,474.00,188.00,621.00,1.0000,-1,-1,-1
344,3,807.00,414.00,166.00,575.00,1.0000,-1,-1,-1
345,3,754.00,359.00,143.00,533.00,1.0000,-1,-1,-1
346,3,621.00,316.00,122.00,503.00,1.0000,-1,-1,-1
347,3,579.00,270.00,111.00,467.00,1.0000,-1,-1,-1
348,3,555.00,243.00,106.00,445.00,1.0000,-1,-1,-1
349,3,511.00,201.00,100.00,409.00,1.0000,-1,-1,-1
350,3,451.00,180.00,99.00,393.00,1.0000,-1,-1,-1
