1,35,1716.00,184.90,132.00,206.20,0.9067,-1,-1,-1
1,29,873.00,393.80,192.00,509.20,0.8794,-1,-1,-1
1,1,1263.80,127.70,69.00,160.90,0.8730,-1,-1,-1
1,2,1665.00,169.90,96.00,171.00,0.8716,-1,-1,-1
1,34,1186.50,126.80,72.00,163.40,0.8696,-1,-1,-1
1,59,1563.00,789.00,357.00,291.00,0.8682,-1,-1,-1
1,3,1539.00,138.90,84.00,190.90,0.8633,-1,-1,-1
1,4,1458.00,141.80,70.50,165.70,0.8569,-1,-1,-1
1,5,981.80,184.10,109.40,190.10,0.8408,-1,-1,-1
1,6,129.80,141.40,50.20,141.00,0.8374,-1,-1,-1
1,7,1428.80,138.90,49.40,150.40,0.8257,-1,-1,-1
1,8,1047.80,107.80,51.00,153.00,0.8232,-1,-1,-1
1,123,1063.50,354.80,186.00,443.20,0.8208,-1,-1,-1
1,9,758.60,108.90,33.40,110.90,0.7808,-1,-1,-1
1,39,1141.50,107.40,33.00,78.40,0.7788,-1,-1,-1
1,10,1348.50,145.70,84.00,184.50,0.7778,-1,-1,-1
1,11,710.20,114.90,40.60,112.50,0.7769,-1,-1,-1
1,12,1181.20,121.80,36.00,128.30,0.7725,-1,-1,-1
1,13,1641.00,141.90,60.00,163.90,0.7446,-1,-1,-1
1,14,687.00,116.60,33.00,106.50,0.7422,-1,-1,-1
1,15,1122.80,97.30,28.40,69.80,0.7188,-1,-1,-1
1,16,921.80,147.00,63.00,174.40,0.7188,-1,-1,-1
1,17,1330.50,134.60,51.00,150.00,0.7104,-1,-1,-1
1,18,1507.50,147.60,49.50,147.00,0.6646,-1,-1,-1
1,73,954.00,135.70,54.00,183.10,0.6440,-1,-1,-1
1,19,365.10,151.90,48.10,150.00,0.6143,-1,-1,-1
1,20,973.50,110.80,27.00,53.60,0.6069,-1,-1,-1
1,21,499.50,232.10,75.00,90.00,0.5869,-1,-1,-1
1,22,432.80,244.10,69.00,93.00,0.5234,-1,-1,-1
1,95,1266.00,85.70,33.00,91.50,0.5127,-1,-1,-1
1,23,1393.50,133.60,45.00,139.40,0.5029,-1,-1,-1
1,81,904.50,149.90,42.00,93.10,0.4756,-1,-1,-1
1,24,743.20,119.20,24.80,89.70,0.4426,-1,-1,-1
1,25,734.20,198.80,66.80,76.40,0.3923,-1,-1,-1
1,26,672.00,120.40,25.50,96.90,0.3389,-1,-1,-1
1,33,1059.00,309.80,84.00,177.00,0.3259,-1,-1,-1
1,79,1081.50,113.10,21.00,78.00,0.2893,-1,-1,-1
1,27,1717.50,168.80,72.00,164.20,0.2878,-1,-1,-1
2,29,897.40,356.50,179.60,474.90,0.6909,-1,-1,-1
2,1,1259.70,127.80,65.30,152.10,0.7363,-1,-1,-1
2,2,1644.60,179.60,110.80,197.40,0.8623,-1,-1,-1
2,3,1548.40,145.60,70.40,160.90,0.7402,-1,-1,-1
2,4,1447.90,139.30,68.60,162.20,0.6782,-1,-1,-1
2,5,952.20,188.40,108.70,189.80,0.7725,-1,-1,-1
2,6,129.20,141.50,49.90,139.70,0.8608,-1,-1,-1
2,7,1417.80,136.50,49.20,149.40,0.8184,-1,-1,-1
2,8,1047.90,107.60,44.20,132.20,0.8369,-1,-1,-1
2,9,759.30,109.10,33.60,111.60,0.7402,-1,-1,-1
2,39,1150.80,105.50,32.60,77.70,0.6123,-1,-1,-1
2,10,1354.40,129.10,73.50,162.40,0.8169,-1,-1,-1
2,11,710.00,116.20,39.70,110.30,0.7656,-1,-1,-1
2,12,1175.60,122.50,43.40,153.70,0.8760,-1,-1,-1
2,13,1643.00,152.30,66.40,181.00,0.5029,-1,-1,-1
2,14,686.90,116.80,33.20,107.00,0.8154,-1,-1,-1
2,15,1122.00,96.30,28.70,70.40,0.7041,-1,-1,-1
2,16,917.50,160.20,58.40,161.70,0.5928,-1,-1,-1
2,17,1313.60,138.70,58.80,172.80,0.7769,-1,-1,-1
2,18,1513.70,136.70,61.80,183.10,0.8267,-1,-1,-1
2,19,350.50,152.10,49.10,151.40,0.6152,-1,-1,-1
2,20,972.50,109.40,30.30,60.50,0.5439,-1,-1,-1
2,21,497.40,231.80,76.60,92.00,0.6309,-1,-1,-1
2,22,432.40,245.30,69.00,93.00,0.7139,-1,-1,-1
2,23,1394.70,119.40,45.20,140.40,0.3767,-1,-1,-1
2,81,904.90,130.80,51.60,114.20,0.1603,-1,-1,-1
2,24,743.00,120.70,24.60,89.20,0.5796,-1,-1,-1
2,25,734.80,198.30,67.60,77.40,0.4534,-1,-1,-1
2,26,671.80,119.20,25.90,98.30,0.6665,-1,-1,-1
2,33,1046.40,201.70,97.50,206.30,0.9053,-1,-1,-1
2,79,1082.90,114.70,19.60,72.80,0.3701,-1,-1,-1
2,27,1707.10,164.20,69.40,159.00,0.7622,-1,-1,-1
3,1,1260.80,128.40,63.60,149.50,0.5796,-1,-1,-1
3,2,1596.90,176.80,109.40,195.70,0.8623,-1,-1,-1
3,3,1543.00,139.90,72.10,165.60,0.8003,-1,-1,-1
3,4,1432.90,133.40,67.60,160.10,0.7891,-1,-1,-1
3,5,973.00,189.40,123.60,218.10,0.8882,-1,-1,-1
3,6,129.60,141.80,49.80,139.40,0.8652,-1,-1,-1
3,7,1411.90,135.90,46.70,142.20,0.7944,-1,-1,-1
3,8,1042.40,105.90,41.70,124.70,0.8301,-1,-1,-1
3,9,759.80,109.10,32.90,109.20,0.7627,-1,-1,-1
3,10,1350.00,127.00,69.00,153.80,0.8237,-1,-1,-1
3,11,710.00,116.50,39.50,109.80,0.7773,-1,-1,-1
3,12,1158.70,120.10,44.10,154.40,0.8833,-1,-1,-1
3,13,1646.50,152.20,61.20,168.00,0.7256,-1,-1,-1
3,14,686.80,116.10,33.40,107.80,0.7905,-1,-1,-1
3,15,1120.70,95.90,28.70,70.50,0.7930,-1,-1,-1
3,16,894.80,188.20,72.70,199.30,0.8926,-1,-1,-1
3,17,1321.20,138.90,50.00,147.20,0.7598,-1,-1,-1
3,18,1494.40,132.60,63.60,187.40,0.8418,-1,-1,-1
3,19,372.50,153.00,48.30,147.70,0.8452,-1,-1,-1
3,20,975.90,109.50,27.10,54.00,0.5449,-1,-1,-1
3,21,497.90,231.50,77.50,92.80,0.5840,-1,-1,-1
3,22,435.50,244.30,69.80,93.90,0.7568,-1,-1,-1
3,23,1392.90,114.10,46.90,146.20,0.6899,-1,-1,-1
3,24,744.30,120.40,25.40,92.00,0.5659,-1,-1,-1
3,25,735.40,199.50,66.70,76.50,0.4121,-1,-1,-1
3,26,671.30,119.60,25.80,97.90,0.5020,-1,-1,-1
3,79,1082.70,114.10,21.30,79.40,0.3354,-1,-1,-1
3,27,1683.00,161.10,71.00,162.80,0.8169,-1,-1,-1
3,83,1594.60,136.20,67.00,154.20,0.4072,-1,-1,-1
3,72,1885.40,160.40,33.20,184.20,0.4922,-1,-1,-1
3,130,1286.00,136.40,47.60,163.90,0.7515,-1,-1,-1
3,46,232.90,83.60,26.80,60.80,0.4600,-1,-1,-1
3,91,922.50,127.10,80.10,192.30,0.5166,-1,-1,-1
3,34,1202.00,129.20,63.10,144.10,0.8301,-1,-1,-1
3,59,1432.10,568.80,487.90,511.20,0.8701,-1,-1,-1
3,73,949.90,126.70,56.70,191.40,0.6343,-1,-1,-1
4,1,1251.30,131.40,66.60,157.50,0.8257,-1,-1,-1
4,2,1554.00,168.90,106.40,191.00,0.7827,-1,-1,-1
4,3,1538.60,136.80,71.60,166.00,0.7842,-1,-1,-1
4,4,1415.50,133.30,64.50,153.70,0.6699,-1,-1,-1
4,5,936.10,192.10,131.00,233.30,0.8540,-1,-1,-1
4,6,129.90,142.60,49.50,138.30,0.8599,-1,-1,-1
4,7,1401.90,130.00,48.60,148.90,0.6460,-1,-1,-1
4,8,1040.80,103.10,41.50,123.50,0.8252,-1,-1,-1
4,9,758.80,108.70,33.80,111.80,0.7017,-1,-1,-1
4,10,1344.90,125.10,66.10,148.50,0.8003,-1,-1,-1
4,11,710.20,114.30,40.20,111.80,0.7686,-1,-1,-1
4,12,1144.20,117.80,42.80,149.00,0.8169,-1,-1,-1
4,13,1627.80,156.10,61.60,169.70,0.7065,-1,-1,-1
4,14,686.70,115.90,33.60,108.30,0.8135,-1,-1,-1
4,15,1117.50,94.80,28.60,70.80,0.7705,-1,-1,-1
4,16,849.10,201.60,79.40,215.30,0.8872,-1,-1,-1
4,17,1310.60,128.00,50.40,148.30,0.7769,-1,-1,-1
4,18,1474.70,129.70,64.60,188.60,0.9053,-1,-1,-1
4,19,390.60,152.70,47.80,145.20,0.8521,-1,-1,-1
4,21,494.90,231.50,77.90,93.10,0.6836,-1,-1,-1
4,22,433.10,245.00,69.30,93.30,0.5557,-1,-1,-1
4,23,1395.50,115.20,45.60,143.00,0.4417,-1,-1,-1
4,24,746.00,120.80,25.40,91.80,0.5264,-1,-1,-1
4,25,734.50,200.20,66.30,75.80,0.3486,-1,-1,-1
4,26,671.70,118.90,25.70,97.30,0.5254,-1,-1,-1
4,79,1078.70,108.50,24.20,88.90,0.7422,-1,-1,-1
4,27,1662.20,154.80,71.40,164.70,0.8105,-1,-1,-1
4,83,1589.70,143.40,73.50,170.50,0.2153,-1,-1,-1
4,72,1865.70,153.90,37.10,201.10,0.8481,-1,-1,-1
4,46,234.60,83.80,26.50,59.90,0.3057,-1,-1,-1
4,91,913.50,147.80,71.60,171.70,0.5020,-1,-1,-1
4,59,1351.70,586.80,568.30,491.90,0.8359,-1,-1,-1
4,73,935.30,140.40,53.70,175.50,0.2289,-1,-1,-1
4,35,1739.20,173.80,125.70,199.80,0.8315,-1,-1,-1
5,1,1248.10,121.50,59.40,142.40,0.5039,-1,-1,-1
5,2,1508.80,160.50,101.60,182.80,0.8384,-1,-1,-1
5,3,1547.50,145.30,66.70,156.50,0.4971,-1,-1,-1
5,4,1400.10,127.90,65.30,156.70,0.8169,-1,-1,-1
5,6,129.40,142.60,49.50,138.20,0.8481,-1,-1,-1
5,8,1039.80,103.60,40.60,120.10,0.8267,-1,-1,-1
5,9,760.60,109.80,33.10,109.70,0.6372,-1,-1,-1
5,10,1336.40,121.70,63.50,143.90,0.8359,-1,-1,-1
5,11,709.60,115.00,40.10,111.30,0.7969,-1,-1,-1
5,12,1132.90,125.10,44.00,150.10,0.8569,-1,-1,-1
5,14,687.00,116.20,33.00,107.00,0.6953,-1,-1,-1
5,15,1113.90,94.00,29.50,73.70,0.6450,-1,-1,-1
5,16,857.00,205.80,89.70,242.50,0.9092,-1,-1,-1
5,17,1299.90,124.10,49.60,145.30,0.8008,-1,-1,-1
5,18,1460.00,126.00,64.00,184.50,0.8467,-1,-1,-1
5,19,417.60,153.20,47.80,145.00,0.8394,-1,-1,-1
5,21,496.00,231.80,76.60,91.20,0.6646,-1,-1,-1
5,22,434.60,245.50,68.90,92.20,0.5981,-1,-1,-1
5,24,746.10,124.90,25.60,91.20,0.4243,-1,-1,-1
5,25,732.90,201.80,65.40,75.10,0.2134,-1,-1,-1
5,26,673.60,120.10,26.10,98.50,0.5488,-1,-1,-1
5,79,1079.10,109.30,24.70,90.10,0.5737,-1,-1,-1
5,27,1646.90,151.20,72.30,166.90,0.8037,-1,-1,-1
5,83,1591.10,146.10,74.10,172.80,0.7441,-1,-1,-1
5,72,1864.30,155.20,39.70,211.30,0.8232,-1,-1,-1
5,46,230.40,85.70,26.40,58.90,0.4082,-1,-1,-1
5,59,1245.40,667.10,490.60,411.40,0.8701,-1,-1,-1
5,73,937.30,128.90,57.60,186.70,0.7676,-1,-1,-1
5,88,1158.40,116.50,53.20,151.70,0.7305,-1,-1,-1
5,35,1761.90,174.80,115.80,185.50,0.8374,-1,-1,-1
5,34,1219.40,122.10,69.10,158.50,0.8262,-1,-1,-1
6,2,1467.80,154.90,96.40,175.50,0.8569,-1,-1,-1
6,3,1541.10,138.80,68.60,163.10,0.7969,-1,-1,-1
6,4,1392.90,126.00,63.50,153.10,0.8359,-1,-1,-1
6,6,130.30,142.70,49.60,138.40,0.8608,-1,-1,-1
6,8,1049.70,101.60,40.30,118.80,0.7964,-1,-1,-1
6,9,760.40,109.50,33.50,111.20,0.7358,-1,-1,-1
6,10,1332.20,119.80,61.90,141.90,0.8257,-1,-1,-1
6,11,708.70,117.30,39.30,108.70,0.7720,-1,-1,-1
6,12,1123.10,112.10,41.20,139.20,0.7939,-1,-1,-1
6,14,687.10,116.90,32.80,106.20,0.6826,-1,-1,-1
6,15,1112.70,94.00,26.60,66.40,0.3784,-1,-1,-1
6,16,816.30,211.10,96.60,258.30,0.9312,-1,-1,-1
6,17,1291.00,121.10,48.50,140.50,0.8286,-1,-1,-1
6,18,1445.90,130.90,60.30,172.90,0.7983,-1,-1,-1
6,19,452.90,154.20,41.30,122.30,0.7544,-1,-1,-1
6,21,495.30,231.80,77.30,91.90,0.7271,-1,-1,-1
6,22,435.70,243.70,70.80,94.40,0.7461,-1,-1,-1
6,24,743.80,127.30,25.40,89.30,0.5010,-1,-1,-1
6,26,674.60,121.30,26.00,98.10,0.5469,-1,-1,-1
6,27,1637.30,149.90,70.20,164.30,0.4736,-1,-1,-1
6,83,1590.20,143.20,75.00,175.20,0.7056,-1,-1,-1
6,46,229.80,84.30,27.50,60.40,0.1755,-1,-1,-1
6,59,1342.80,623.60,534.40,455.90,0.9341,-1,-1,-1
6,73,938.80,124.80,59.20,192.00,0.7930,-1,-1,-1
6,88,1162.20,111.90,49.10,140.30,0.8340,-1,-1,-1
6,35,1750.50,175.20,124.10,200.50,0.9072,-1,-1,-1
6,63,138.90,409.80,241.50,575.40,0.8574,-1,-1,-1
6,103,1720.10,173.00,69.80,180.70,0.8193,-1,-1,-1
6,34,1207.20,117.50,68.40,158.40,0.7944,-1,-1,-1
6,123,1071.30,395.20,217.40,518.90,0.8691,-1,-1,-1
6,95,1258.90,101.30,28.10,77.50,0.5640,-1,-1,-1
6,33,1070.60,133.60,71.10,151.20,0.8511,-1,-1,-1
6,91,891.50,147.40,72.80,175.60,0.8115,-1,-1,-1
7,2,1428.90,148.20,91.40,168.50,0.7959,-1,-1,-1
7,3,1540.50,136.10,68.30,165.50,0.7827,-1,-1,-1
7,4,1388.70,121.20,62.40,151.20,0.8589,-1,-1,-1
7,6,130.60,142.40,49.60,138.50,0.8589,-1,-1,-1
7,8,1034.80,123.10,50.60,143.60,0.9180,-1,-1,-1
7,9,760.60,110.60,32.80,109.60,0.6851,-1,-1,-1
7,10,1328.30,118.50,60.50,139.30,0.8633,-1,-1,-1
7,11,708.70,119.20,38.90,107.40,0.7656,-1,-1,-1
7,12,1114.50,107.60,38.90,129.80,0.7710,-1,-1,-1
7,14,686.80,117.30,32.90,106.60,0.7568,-1,-1,-1
7,17,1280.50,118.60,47.60,137.60,0.8408,-1,-1,-1
7,19,478.30,155.30,44.90,132.10,0.7690,-1,-1,-1
7,21,496.30,231.80,78.20,92.90,0.6143,-1,-1,-1
7,22,433.20,243.70,70.90,94.50,0.7827,-1,-1,-1
7,24,742.80,127.20,25.70,89.50,0.4292,-1,-1,-1
7,26,673.70,122.60,25.70,97.30,0.2140,-1,-1,-1
7,83,1586.10,142.80,74.40,174.70,0.7148,-1,-1,-1
7,59,1255.00,635.30,516.10,444.50,0.8818,-1,-1,-1
7,73,938.90,122.10,59.90,193.90,0.8237,-1,-1,-1
7,88,1178.40,112.60,51.90,146.80,0.7637,-1,-1,-1
7,103,1707.80,175.60,75.40,194.30,0.9067,-1,-1,-1
7,34,1203.60,110.00,59.10,139.30,0.5669,-1,-1,-1
7,62,1660.20,169.20,61.10,161.80,0.4961,-1,-1,-1
7,82,999.00,114.20,32.10,88.00,0.5767,-1,-1,-1
7,45,1017.40,115.60,28.00,90.20,0.4368,-1,-1,-1
7,95,1261.50,103.80,25.40,70.70,0.4197,-1,-1,-1
7,91,884.80,144.80,73.50,178.50,0.8115,-1,-1,-1
7,29,890.00,409.30,200.80,520.80,0.9160,-1,-1,-1
7,13,1618.70,164.00,66.60,182.40,0.7910,-1,-1,-1
7,79,1069.60,102.50,30.90,111.20,0.7812,-1,-1,-1
8,2,1392.10,143.90,87.20,163.80,0.8384,-1,-1,-1
8,3,1541.50,136.80,66.00,162.70,0.7949,-1,-1,-1
8,4,1383.70,120.00,59.70,146.10,0.7583,-1,-1,-1
8,6,128.10,142.20,50.10,138.90,0.8613,-1,-1,-1
8,9,758.80,109.10,32.40,108.60,0.4717,-1,-1,-1
8,10,1323.30,117.30,59.40,138.20,0.8501,-1,-1,-1
8,11,707.60,116.40,40.00,110.50,0.8032,-1,-1,-1
8,12,1111.60,104.10,37.10,122.10,0.7563,-1,-1,-1
8,14,686.50,116.60,33.30,107.50,0.7769,-1,-1,-1
8,17,1276.50,117.50,46.70,133.60,0.8530,-1,-1,-1
8,19,495.30,155.20,44.00,128.10,0.6958,-1,-1,-1
8,21,488.70,231.50,78.10,94.60,0.4863,-1,-1,-1
8,22,431.60,243.90,70.70,94.40,0.7583,-1,-1,-1
8,24,738.90,125.10,26.10,90.60,0.2056,-1,-1,-1
8,83,1564.80,149.70,78.40,182.80,0.8403,-1,-1,-1
8,59,1058.30,678.40,474.40,401.60,0.7983,-1,-1,-1
8,73,937.80,120.90,59.50,193.80,0.6187,-1,-1,-1
8,88,1185.10,105.20,47.20,134.30,0.6968,-1,-1,-1
8,62,1652.40,167.30,71.40,187.80,0.8535,-1,-1,-1
8,45,1021.80,110.90,29.40,94.40,0.5815,-1,-1,-1
8,95,1263.90,104.50,24.70,69.20,0.4678,-1,-1,-1
8,91,884.80,144.90,73.00,178.90,0.7671,-1,-1,-1
8,51,1250.10,102.20,23.10,75.30,0.5815,-1,-1,-1
8,13,1611.30,165.20,63.90,175.70,0.6738,-1,-1,-1
8,79,1074.10,100.70,32.00,113.20,0.7852,-1,-1,-1
8,39,1148.20,104.60,63.10,151.70,0.8042,-1,-1,-1
8,18,1442.70,124.00,63.50,181.30,0.7871,-1,-1,-1
8,46,233.40,84.10,27.70,60.20,0.5088,-1,-1,-1
9,2,1362.60,141.60,81.70,156.60,0.7959,-1,-1,-1
9,3,1520.00,148.00,69.80,171.70,0.8652,-1,-1,-1
9,4,1376.90,118.10,57.30,140.50,0.3108,-1,-1,-1
9,6,126.00,142.40,50.50,138.80,0.8706,-1,-1,-1
9,9,757.40,110.40,32.60,109.10,0.5293,-1,-1,-1
9,10,1322.70,115.30,57.30,134.30,0.8242,-1,-1,-1
9,11,708.20,116.30,40.00,110.10,0.7822,-1,-1,-1
9,12,1107.70,102.40,35.80,117.50,0.7080,-1,-1,-1
9,14,686.50,116.50,33.20,107.50,0.7788,-1,-1,-1
9,17,1272.40,114.80,46.30,131.80,0.8223,-1,-1,-1
9,21,492.00,230.10,76.00,95.20,0.5195,-1,-1,-1
9,24,737.20,122.10,27.40,95.20,0.2302,-1,-1,-1
9,83,1568.80,158.60,72.80,172.90,0.6851,-1,-1,-1
9,73,940.90,121.40,59.70,194.60,0.7490,-1,-1,-1
9,88,1182.70,103.00,42.00,120.00,0.5889,-1,-1,-1
9,62,1649.70,153.90,64.20,169.60,0.6060,-1,-1,-1
9,45,1022.90,110.70,28.40,90.70,0.6738,-1,-1,-1
9,95,1266.00,107.40,23.00,64.30,0.4785,-1,-1,-1
9,91,888.50,146.00,71.40,177.00,0.7759,-1,-1,-1
9,51,1245.00,101.50,23.90,77.90,0.5972,-1,-1,-1
9,13,1618.30,161.60,68.70,187.20,0.7725,-1,-1,-1
9,79,1068.50,104.80,29.70,103.70,0.5391,-1,-1,-1
9,115,1043.40,108.90,32.40,97.60,0.5972,-1,-1,-1
9,39,1139.70,103.60,63.10,151.50,0.7373,-1,-1,-1
9,18,1434.10,121.70,61.40,172.00,0.7871,-1,-1,-1
9,46,230.10,89.90,26.00,54.50,0.2101,-1,-1,-1
9,72,1858.50,133.60,42.80,214.50,0.8398,-1,-1,-1
9,33,1079.90,98.20,50.60,110.80,0.6738,-1,-1,-1
10,2,1338.20,139.40,78.10,151.90,0.8682,-1,-1,-1
10,3,1533.60,153.40,66.50,165.80,0.7637,-1,-1,-1
10,4,1376.70,118.40,53.00,131.00,0.6758,-1,-1,-1
10,6,127.50,142.50,50.50,138.20,0.8608,-1,-1,-1
10,9,759.50,109.90,32.70,109.80,0.6772,-1,-1,-1
10,10,1321.10,113.50,55.70,132.10,0.8374,-1,-1,-1
10,11,708.50,115.60,40.40,111.00,0.7734,-1,-1,-1
10,12,1099.80,100.00,33.40,109.40,0.4561,-1,-1,-1
10,14,686.30,116.70,33.10,107.10,0.7661,-1,-1,-1
10,17,1270.30,116.30,45.00,127.00,0.8018,-1,-1,-1
10,21,497.20,231.00,74.00,92.60,0.7485,-1,-1,-1
10,73,941.80,120.70,60.20,197.10,0.7778,-1,-1,-1
10,88,1173.20,100.60,41.10,117.60,0.7051,-1,-1,-1
10,62,1642.10,151.90,61.10,160.90,0.7124,-1,-1,-1
10,45,1023.30,110.00,28.60,90.70,0.7490,-1,-1,-1
10,91,893.70,149.20,69.90,175.40,0.7129,-1,-1,-1
10,51,1243.80,102.20,23.00,74.60,0.3923,-1,-1,-1
10,79,1066.20,105.40,29.00,99.70,0.6782,-1,-1,-1
10,39,1140.20,102.40,54.30,133.70,0.6069,-1,-1,-1
10,18,1433.90,119.50,59.70,166.20,0.8154,-1,-1,-1
10,109,458.80,163.50,66.70,141.00,0.8799,-1,-1,-1
10,120,1086.10,102.40,29.20,96.90,0.4148,-1,-1,-1
10,72,1844.50,137.10,40.70,186.30,0.7305,-1,-1,-1
10,33,1084.60,94.40,46.70,105.20,0.4824,-1,-1,-1
10,27,1576.00,148.40,79.30,187.60,0.7461,-1,-1,-1
10,63,190.60,494.00,242.80,583.30,0.8916,-1,-1,-1
10,26,672.50,118.90,26.50,100.70,0.2822,-1,-1,-1
11,2,1317.20,134.30,74.80,148.20,0.7559,-1,-1,-1
11,3,1529.90,139.90,71.60,182.00,0.3748,-1,-1,-1
11,4,1372.20,114.90,55.20,136.90,0.8774,-1,-1,-1
11,6,128.00,143.30,50.50,137.70,0.8633,-1,-1,-1
11,9,759.70,109.90,32.80,109.80,0.7231,-1,-1,-1
11,10,1319.80,116.30,50.70,122.80,0.3098,-1,-1,-1
11,11,708.40,113.90,40.90,112.40,0.7793,-1,-1,-1
11,12,1101.40,100.30,37.70,122.90,0.7886,-1,-1,-1
11,14,686.80,116.80,33.00,106.70,0.7930,-1,-1,-1
11,17,1272.40,109.70,45.80,127.90,0.8242,-1,-1,-1
11,21,499.10,231.20,72.90,91.90,0.6826,-1,-1,-1
11,73,942.70,119.70,60.40,198.50,0.7051,-1,-1,-1
11,88,1167.10,96.90,39.60,113.70,0.7026,-1,-1,-1
11,62,1644.40,150.70,60.40,158.30,0.5195,-1,-1,-1
11,45,1021.70,110.30,28.70,89.80,0.7534,-1,-1,-1
11,91,898.20,154.40,67.70,170.40,0.7241,-1,-1,-1
11,51,1244.00,99.20,24.30,78.50,0.4312,-1,-1,-1
11,79,1062.10,105.70,27.30,93.60,0.7417,-1,-1,-1
11,39,1135.80,100.90,49.70,124.80,0.7622,-1,-1,-1
11,18,1419.80,125.10,64.20,177.60,0.7041,-1,-1,-1
11,109,450.40,165.30,55.60,116.40,0.7656,-1,-1,-1
11,120,1081.10,108.50,28.00,93.30,0.7827,-1,-1,-1
11,28,1829.50,143.90,90.50,209.30,0.8081,-1,-1,-1
11,121,974.40,111.10,28.80,77.60,0.4158,-1,-1,-1
11,27,1573.20,148.30,73.30,176.40,0.5928,-1,-1,-1
11,26,671.20,117.40,26.80,101.50,0.1925,-1,-1,-1
11,35,1758.10,144.50,138.40,231.70,0.8101,-1,-1,-1
11,22,431.50,245.00,69.90,93.20,0.7759,-1,-1,-1
11,83,1547.20,152.00,76.60,183.80,0.7446,-1,-1,-1
11,13,1630.30,156.60,61.80,165.10,0.4407,-1,-1,-1
12,2,1300.50,129.10,72.50,144.70,0.8511,-1,-1,-1
12,3,1530.00,140.90,66.70,174.70,0.1251,-1,-1,-1
12,4,1372.00,116.30,52.40,131.30,0.6206,-1,-1,-1
12,6,128.30,143.30,50.70,137.60,0.8760,-1,-1,-1
12,9,766.10,110.80,23.20,74.00,0.5215,-1,-1,-1
12,11,708.10,114.60,40.70,112.10,0.8276,-1,-1,-1
12,12,1097.40,100.60,37.90,121.60,0.8164,-1,-1,-1
12,14,686.40,116.90,33.00,106.60,0.7334,-1,-1,-1
12,17,1271.80,109.50,44.00,122.80,0.8140,-1,-1,-1
12,21,502.40,232.30,71.30,90.10,0.5601,-1,-1,-1
12,73,942.50,118.80,59.60,197.90,0.6772,-1,-1,-1
12,88,1160.00,94.50,39.50,114.30,0.7217,-1,-1,-1
12,62,1630.60,148.70,59.30,156.40,0.1163,-1,-1,-1
12,45,1021.10,111.20,28.80,88.80,0.7593,-1,-1,-1
12,91,902.10,158.40,66.80,166.70,0.7334,-1,-1,-1
12,51,1242.80,101.90,23.00,74.80,0.1842,-1,-1,-1
12,79,1062.30,105.20,27.50,93.00,0.7007,-1,-1,-1
12,39,1132.10,98.70,48.10,121.90,0.7534,-1,-1,-1
12,18,1426.00,121.40,58.40,160.20,0.8154,-1,-1,-1
12,120,1076.30,109.10,26.80,89.60,0.5420,-1,-1,-1
12,28,1818.30,144.60,101.70,213.30,0.8818,-1,-1,-1
12,121,974.50,112.30,28.10,75.80,0.3311,-1,-1,-1
12,27,1572.50,148.90,69.80,171.70,0.7847,-1,-1,-1
12,26,672.50,117.60,26.80,101.90,0.4795,-1,-1,-1
12,35,1747.90,139.70,117.00,201.40,0.8359,-1,-1,-1
12,22,433.30,245.20,70.00,93.00,0.5049,-1,-1,-1
12,83,1537.40,151.70,74.50,181.30,0.8306,-1,-1,-1
12,13,1637.20,156.10,61.60,158.70,0.7056,-1,-1,-1
12,23,1386.00,133.90,54.40,169.30,0.8198,-1,-1,-1
12,25,703.60,140.80,143.20,174.60,0.8652,-1,-1,-1
12,24,735.80,126.20,26.70,94.40,0.3611,-1,-1,-1
13,2,1284.20,125.40,69.50,142.10,0.8433,-1,-1,-1
13,3,1521.50,144.40,68.00,174.10,0.7705,-1,-1,-1
13,4,1374.70,119.30,46.80,120.60,0.1683,-1,-1,-1
13,6,127.80,143.10,51.00,137.50,0.8608,-1,-1,-1
13,9,760.50,109.20,32.20,102.40,0.6689,-1,-1,-1
13,11,712.80,114.90,40.90,112.40,0.1456,-1,-1,-1
13,12,1096.70,100.90,37.10,118.60,0.8037,-1,-1,-1
13,14,683.80,117.70,30.00,93.00,0.1486,-1,-1,-1
13,17,1275.80,111.60,41.60,115.90,0.7485,-1,-1,-1
13,21,502.50,232.50,71.50,89.90,0.6343,-1,-1,-1
13,73,941.50,120.00,59.10,197.20,0.6899,-1,-1,-1
13,88,1152.50,91.70,37.30,109.30,0.6919,-1,-1,-1
13,62,1625.00,145.70,58.90,157.60,0.1619,-1,-1,-1
13,45,1020.70,111.70,29.10,88.50,0.7549,-1,-1,-1
13,91,903.80,158.50,67.20,166.10,0.6416,-1,-1,-1
13,51,1242.80,102.20,21.80,71.10,0.1113,-1,-1,-1
13,79,1062.20,104.80,27.90,92.90,0.7104,-1,-1,-1
13,39,1130.30,98.70,45.30,116.40,0.7661,-1,-1,-1
13,18,1420.20,122.20,52.30,145.10,0.6133,-1,-1,-1
13,120,1075.00,108.70,26.60,89.00,0.4775,-1,-1,-1
13,28,1793.10,152.60,122.20,207.00,0.8926,-1,-1,-1
13,121,974.20,112.30,28.60,77.00,0.4216,-1,-1,-1
13,27,1568.40,144.60,69.00,171.70,0.7847,-1,-1,-1
13,26,675.60,117.90,27.60,100.80,0.6250,-1,-1,-1
13,35,1732.40,136.50,106.10,188.30,0.8530,-1,-1,-1
13,22,432.60,244.50,70.50,93.50,0.6318,-1,-1,-1
13,83,1529.90,143.40,73.90,183.00,0.1727,-1,-1,-1
13,13,1636.40,151.60,63.40,161.50,0.7798,-1,-1,-1
13,137,1190.60,101.90,18.20,69.30,0.6152,-1,-1,-1
13,23,1389.30,123.10,47.30,144.20,0.8203,-1,-1,-1
13,25,671.20,136.20,143.60,184.30,0.8672,-1,-1,-1
13,7,1350.60,134.60,54.00,162.50,0.8291,-1,-1,-1
13,103,1696.40,190.70,68.70,173.90,0.8589,-1,-1,-1
13,95,1262.70,108.10,25.00,68.20,0.3469,-1,-1,-1
13,10,1323.80,109.60,48.70,119.50,0.7310,-1,-1,-1
13,109,421.20,166.10,74.00,156.60,0.5322,-1,-1,-1
14,3,1499.70,147.60,64.10,166.40,0.8286,-1,-1,-1
14,4,1376.90,119.10,43.10,114.20,0.7671,-1,-1,-1
14,6,127.60,143.10,51.30,138.00,0.8613,-1,-1,-1
14,9,759.20,109.60,33.30,107.10,0.6738,-1,-1,-1
14,11,710.30,115.30,40.50,110.90,0.7798,-1,-1,-1
14,12,1096.10,101.90,36.10,113.50,0.7476,-1,-1,-1
14,14,685.30,117.40,32.80,102.30,0.5601,-1,-1,-1
14,17,1280.00,115.30,36.70,102.20,0.1772,-1,-1,-1
14,21,502.00,232.30,72.50,90.60,0.5889,-1,-1,-1
14,73,940.80,119.20,59.60,199.00,0.5488,-1,-1,-1
14,88,1149.50,89.30,37.40,110.80,0.6992,-1,-1,-1
14,62,1627.00,144.50,57.70,154.00,0.2949,-1,-1,-1
14,45,1019.30,111.10,29.70,89.00,0.7759,-1,-1,-1
14,91,906.40,163.20,66.50,161.00,0.4971,-1,-1,-1
14,51,1240.20,104.20,22.50,73.60,0.1766,-1,-1,-1
14,79,1061.90,103.70,28.80,94.40,0.7178,-1,-1,-1
14,39,1132.20,91.80,47.00,120.40,0.4600,-1,-1,-1
14,18,1420.20,117.40,51.00,144.40,0.5757,-1,-1,-1
14,120,1075.00,108.20,26.10,88.20,0.5107,-1,-1,-1
14,28,1770.40,156.00,118.00,201.30,0.9067,-1,-1,-1
14,121,973.80,111.40,28.20,76.10,0.1890,-1,-1,-1
14,27,1567.50,147.70,66.20,165.90,0.8481,-1,-1,-1
14,26,675.20,118.10,28.50,103.30,0.5669,-1,-1,-1
14,35,1714.30,132.00,99.00,181.60,0.8896,-1,-1,-1
14,22,433.40,245.30,70.10,92.60,0.6895,-1,-1,-1
14,83,1530.00,141.10,68.40,172.10,0.7842,-1,-1,-1
14,13,1639.70,173.10,66.90,163.60,0.8115,-1,-1,-1
14,137,1185.20,102.30,19.10,72.50,0.6030,-1,-1,-1
14,23,1396.20,132.60,50.00,152.70,0.7363,-1,-1,-1
14,7,1330.70,132.00,55.00,162.50,0.8599,-1,-1,-1
14,95,1257.20,107.90,25.40,69.10,0.4961,-1,-1,-1
14,109,412.20,165.20,77.20,166.20,0.7075,-1,-1,-1
14,130,1288.60,121.90,41.80,139.00,0.8872,-1,-1,-1
14,123,1141.40,350.00,165.70,398.40,0.8296,-1,-1,-1
14,19,621.60,142.40,64.70,188.60,0.7827,-1,-1,-1
15,3,1468.60,142.80,64.00,163.90,0.8809,-1,-1,-1
15,4,1365.30,128.30,52.40,140.20,0.7529,-1,-1,-1
15,6,127.40,143.30,51.30,137.90,0.8608,-1,-1,-1
15,9,756.60,110.00,34.10,109.70,0.7051,-1,-1,-1
15,11,709.60,116.80,39.90,109.00,0.7798,-1,-1,-1
15,12,1095.60,102.40,34.70,108.50,0.7832,-1,-1,-1
15,14,686.50,116.90,33.60,105.20,0.6899,-1,-1,-1
15,17,1271.00,119.90,43.40,121.00,0.7993,-1,-1,-1
15,21,500.20,232.60,73.20,91.40,0.4961,-1,-1,-1
15,73,940.70,119.60,59.40,198.00,0.7324,-1,-1,-1
15,88,1144.90,89.60,36.60,109.40,0.4504,-1,-1,-1
15,62,1607.10,168.30,59.60,158.40,0.7363,-1,-1,-1
15,45,1018.60,111.10,30.20,89.20,0.7861,-1,-1,-1
15,91,904.80,166.00,66.40,158.90,0.6733,-1,-1,-1
15,51,1242.80,105.30,23.00,74.00,0.5698,-1,-1,-1
15,79,1060.70,104.60,28.40,92.90,0.7559,-1,-1,-1
15,39,1124.60,93.30,43.90,114.10,0.6724,-1,-1,-1
15,18,1410.30,114.10,51.10,144.70,0.7578,-1,-1,-1
15,120,1074.20,108.10,25.70,87.30,0.1366,-1,-1,-1
15,28,1756.60,152.50,112.80,194.60,0.9048,-1,-1,-1
15,121,974.00,111.40,29.70,79.70,0.3867,-1,-1,-1
15,27,1567.80,150.00,65.00,166.50,0.7861,-1,-1,-1
15,26,673.30,118.00,28.40,102.20,0.6758,-1,-1,-1
15,35,1697.90,129.90,92.20,172.60,0.8511,-1,-1,-1
15,22,432.70,245.00,69.90,92.40,0.6323,-1,-1,-1
15,83,1534.20,139.80,66.80,168.20,0.8062,-1,-1,-1
15,13,1642.10,155.10,67.80,166.50,0.7705,-1,-1,-1
15,137,1184.90,104.50,17.50,66.40,0.3123,-1,-1,-1
15,95,1259.30,109.40,23.40,62.90,0.1505,-1,-1,-1
15,109,405.10,165.70,77.80,169.20,0.8276,-1,-1,-1
15,134,1208.60,104.00,40.40,78.70,0.4717,-1,-1,-1
15,130,1296.60,124.90,48.10,154.80,0.8345,-1,-1,-1
15,24,739.50,123.60,25.30,89.50,0.3877,-1,-1,-1
15,10,1326.20,105.80,48.40,120.50,0.6602,-1,-1,-1
16,3,1442.60,137.40,62.50,160.50,0.8623,-1,-1,-1
16,4,1370.10,120.50,46.20,125.20,0.7593,-1,-1,-1
16,6,127.30,143.40,51.10,137.20,0.8550,-1,-1,-1
16,9,755.80,108.10,34.90,112.80,0.7476,-1,-1,-1
16,11,709.20,116.50,40.00,109.30,0.7720,-1,-1,-1
16,12,1097.90,102.80,33.80,104.70,0.5747,-1,-1,-1
16,14,686.40,117.50,33.60,105.50,0.7114,-1,-1,-1
16,17,1262.70,119.80,44.70,125.70,0.5889,-1,-1,-1
16,21,464.70,175.50,124.70,162.90,0.7881,-1,-1,-1
16,73,930.40,122.10,62.00,199.50,0.6318,-1,-1,-1
16,88,1141.60,96.10,33.70,100.80,0.7407,-1,-1,-1
16,62,1589.40,158.20,59.70,160.60,0.6943,-1,-1,-1
16,45,1017.40,111.30,30.30,88.20,0.6177,-1,-1,-1
16,91,903.10,147.90,74.70,177.40,0.1727,-1,-1,-1
16,51,1242.10,106.90,22.60,72.30,0.1993,-1,-1,-1
16,79,1059.20,105.10,27.40,91.20,0.6567,-1,-1,-1
16,39,1120.60,100.50,40.50,105.70,0.5215,-1,-1,-1
16,18,1401.80,115.10,49.30,138.90,0.8442,-1,-1,-1
16,120,1070.60,114.00,28.10,94.30,0.6968,-1,-1,-1
16,28,1739.40,146.00,107.60,187.70,0.9180,-1,-1,-1
16,121,971.60,112.40,27.80,74.60,0.5293,-1,-1,-1
16,27,1551.50,165.30,62.10,154.70,0.6548,-1,-1,-1
16,26,672.80,118.90,27.90,100.80,0.6460,-1,-1,-1
16,35,1682.30,126.30,86.80,167.10,0.7944,-1,-1,-1
16,22,424.70,217.20,88.40,120.20,0.1263,-1,-1,-1
16,83,1535.70,138.10,58.10,144.20,0.5698,-1,-1,-1
16,13,1639.30,150.40,67.50,165.30,0.7349,-1,-1,-1
16,137,1175.20,104.10,21.50,80.50,0.7202,-1,-1,-1
16,95,1256.00,106.80,24.70,67.20,0.1034,-1,-1,-1
16,109,400.90,165.20,78.60,171.20,0.7339,-1,-1,-1
16,134,1212.20,105.90,39.60,77.30,0.2487,-1,-1,-1
16,130,1282.40,121.40,50.10,158.10,0.7280,-1,-1,-1
16,136,734.10,201.00,69.70,74.30,0.3674,-1,-1,-1
16,24,740.30,123.20,24.80,88.20,0.5879,-1,-1,-1
16,10,1324.20,103.20,45.60,114.60,0.6538,-1,-1,-1
16,5,806.10,369.30,230.20,423.60,0.8799,-1,-1,-1
16,7,1335.20,134.80,49.30,146.00,0.8164,-1,-1,-1
17,4,1367.70,117.80,42.50,117.60,0.7974,-1,-1,-1
17,6,127.10,143.60,50.90,136.90,0.8550,-1,-1,-1
17,9,756.10,108.10,35.30,113.70,0.8452,-1,-1,-1
17,11,709.70,114.90,40.70,111.40,0.7373,-1,-1,-1
17,12,1092.90,105.40,33.00,101.60,0.7471,-1,-1,-1
17,14,684.20,117.20,33.50,104.70,0.6602,-1,-1,-1
17,17,1255.00,116.20,52.30,145.80,0.8320,-1,-1,-1
17,73,928.00,124.50,62.10,196.90,0.4688,-1,-1,-1
17,88,1135.00,102.30,31.40,94.20,0.6758,-1,-1,-1
17,62,1576.50,153.80,60.80,160.90,0.8003,-1,-1,-1
17,45,1018.10,112.80,30.10,86.60,0.7373,-1,-1,-1
17,91,904.60,138.70,77.30,186.60,0.5796,-1,-1,-1
17,79,1058.70,105.30,27.00,90.50,0.5381,-1,-1,-1
17,39,1116.90,104.80,37.70,99.50,0.4688,-1,-1,-1
17,18,1390.10,113.80,47.90,135.40,0.8350,-1,-1,-1
17,120,1066.90,112.90,29.90,98.90,0.6870,-1,-1,-1
17,28,1730.30,139.70,103.00,182.50,0.8940,-1,-1,-1
17,121,973.60,113.40,21.30,55.50,0.5840,-1,-1,-1
17,27,1540.90,145.00,64.70,164.60,0.5889,-1,-1,-1
17,26,674.90,118.60,27.10,98.40,0.3328,-1,-1,-1
17,35,1668.00,126.60,80.30,158.50,0.7461,-1,-1,-1
17,22,420.70,232.90,83.30,111.90,0.1316,-1,-1,-1
17,83,1515.80,158.40,58.60,146.90,0.7129,-1,-1,-1
17,13,1636.20,148.30,67.30,165.20,0.7827,-1,-1,-1
17,137,1177.00,107.20,23.10,85.30,0.7866,-1,-1,-1
17,109,394.70,153.90,88.70,195.90,0.7793,-1,-1,-1
17,134,1210.50,112.90,37.00,72.10,0.3979,-1,-1,-1
17,130,1289.40,114.10,38.40,121.60,0.6377,-1,-1,-1
17,136,733.00,200.10,70.40,75.20,0.3604,-1,-1,-1
17,24,740.10,123.90,24.00,85.10,0.5698,-1,-1,-1
17,10,1313.90,107.00,56.80,145.80,0.8135,-1,-1,-1
17,23,1411.30,133.30,52.00,155.30,0.8345,-1,-1,-1
18,4,1364.00,113.60,41.10,116.30,0.5649,-1,-1,-1
18,6,126.50,143.60,51.00,137.10,0.8569,-1,-1,-1
18,9,757.30,108.70,35.20,113.10,0.8374,-1,-1,-1
18,11,708.40,113.80,41.00,112.50,0.7026,-1,-1,-1
18,12,1085.20,111.20,32.60,97.30,0.6943,-1,-1,-1
18,14,684.40,117.60,33.40,103.70,0.7461,-1,-1,-1
18,17,1242.30,116.90,53.20,147.30,0.7969,-1,-1,-1
18,73,933.80,124.00,64.70,197.30,0.8223,-1,-1,-1
18,88,1133.50,108.30,29.40,88.70,0.3486,-1,-1,-1
18,62,1572.00,152.60,61.30,159.40,0.8501,-1,-1,-1
18,45,1017.50,112.10,30.70,87.00,0.7939,-1,-1,-1
18,91,907.20,167.30,65.70,157.40,0.4158,-1,-1,-1
18,79,1059.80,106.70,26.50,88.60,0.7441,-1,-1,-1
18,39,1120.00,109.00,36.00,94.60,0.6875,-1,-1,-1
18,18,1379.40,107.20,48.70,138.90,0.5669,-1,-1,-1
18,28,1714.90,133.60,100.10,179.20,0.9033,-1,-1,-1
18,121,976.70,114.10,16.70,42.60,0.3989,-1,-1,-1
18,27,1534.80,140.20,64.60,165.30,0.8481,-1,-1,-1
18,26,675.40,119.30,26.40,97.20,0.1824,-1,-1,-1
18,35,1653.10,121.80,77.50,158.10,0.7832,-1,-1,-1
18,22,427.30,240.00,75.20,100.70,0.4873,-1,-1,-1
18,83,1492.80,156.70,59.50,148.60,0.7886,-1,-1,-1
18,13,1633.10,146.30,67.20,166.00,0.7441,-1,-1,-1
18,137,1176.40,106.40,24.00,87.40,0.4922,-1,-1,-1
18,109,385.40,159.20,86.10,189.90,0.8208,-1,-1,-1
18,134,1208.30,117.20,40.50,79.30,0.3425,-1,-1,-1
18,130,1293.40,122.80,41.60,132.40,0.7881,-1,-1,-1
18,136,733.20,199.80,70.80,75.70,0.3008,-1,-1,-1
18,24,739.00,124.90,24.80,86.30,0.5698,-1,-1,-1
18,10,1316.80,104.30,49.50,128.80,0.8159,-1,-1,-1
18,143,1164.10,132.30,23.20,62.00,0.4727,-1,-1,-1
18,96,1428.90,112.70,36.60,106.00,0.6665,-1,-1,-1
18,23,1398.30,129.30,52.40,153.80,0.8340,-1,-1,-1
18,21,487.10,212.60,90.50,117.10,0.6021,-1,-1,-1
19,4,1361.90,108.80,44.50,126.10,0.7993,-1,-1,-1
19,6,127.20,143.90,50.60,136.40,0.8550,-1,-1,-1
19,9,758.60,108.40,35.00,113.00,0.7559,-1,-1,-1
19,11,709.60,116.80,40.20,110.20,0.7769,-1,-1,-1
19,12,1080.00,117.90,31.40,92.10,0.7217,-1,-1,-1
19,14,682.50,117.10,33.80,104.30,0.6909,-1,-1,-1
19,17,1247.70,115.00,45.20,127.80,0.6309,-1,-1,-1
19,73,942.10,121.40,65.50,198.40,0.6758,-1,-1,-1
19,88,1137.90,112.40,27.80,84.30,0.7578,-1,-1,-1
19,62,1571.20,152.60,62.50,159.00,0.8286,-1,-1,-1
19,45,1016.90,112.80,30.60,86.20,0.7227,-1,-1,-1
19,91,904.00,160.10,68.40,164.80,0.5820,-1,-1,-1
19,79,1061.20,108.20,26.30,87.50,0.7148,-1,-1,-1
19,39,1118.10,112.70,34.40,91.20,0.7476,-1,-1,-1
19,28,1710.00,125.10,99.20,180.70,0.8423,-1,-1,-1
19,121,978.30,114.10,16.50,41.30,0.2186,-1,-1,-1
19,27,1532.80,137.50,64.80,165.60,0.8413,-1,-1,-1
19,26,675.50,116.60,27.20,100.80,0.3630,-1,-1,-1
19,35,1637.90,117.60,72.70,149.60,0.1078,-1,-1,-1
19,22,429.80,243.00,73.30,98.40,0.7769,-1,-1,-1
19,83,1475.30,139.40,63.30,160.40,0.7280,-1,-1,-1
19,13,1637.30,144.50,68.30,167.70,0.6885,-1,-1,-1
19,137,1178.30,124.80,20.40,71.00,0.5127,-1,-1,-1
19,109,366.50,159.60,79.00,174.60,0.8784,-1,-1,-1
19,130,1281.10,124.80,42.20,132.10,0.8174,-1,-1,-1
19,136,733.50,200.10,70.30,75.20,0.3557,-1,-1,-1
19,24,739.80,122.10,25.70,88.80,0.6299,-1,-1,-1
19,10,1314.50,101.50,45.90,119.80,0.8174,-1,-1,-1
19,96,1422.90,112.10,37.60,108.60,0.7769,-1,-1,-1
19,23,1389.40,129.10,51.20,149.30,0.8198,-1,-1,-1
19,21,496.40,227.20,76.30,97.80,0.6362,-1,-1,-1
19,34,1213.00,111.60,59.30,144.00,0.7593,-1,-1,-1
19,63,228.80,481.90,237.70,539.60,0.9194,-1,-1,-1
20,4,1359.40,106.60,45.40,129.00,0.8364,-1,-1,-1
20,6,126.50,144.10,51.30,139.90,0.8125,-1,-1,-1
20,9,759.00,109.20,34.40,111.50,0.6279,-1,-1,-1
20,11,709.70,118.60,40.10,109.90,0.7549,-1,-1,-1
20,12,1079.00,116.50,31.80,93.30,0.6567,-1,-1,-1
20,14,684.40,117.30,34.20,105.40,0.7642,-1,-1,-1
20,17,1248.30,116.00,47.00,133.40,0.7788,-1,-1,-1
20,73,944.50,121.30,65.30,198.90,0.6851,-1,-1,-1
20,88,1134.90,112.10,26.00,81.20,0.1379,-1,-1,-1
20,62,1571.90,153.60,63.60,158.10,0.8135,-1,-1,-1
20,45,1016.60,112.70,30.90,86.40,0.7075,-1,-1,-1
20,91,902.80,160.30,68.60,164.70,0.6567,-1,-1,-1
20,79,1061.50,106.50,26.80,89.00,0.7334,-1,-1,-1
20,39,1120.40,112.50,34.20,90.30,0.7212,-1,-1,-1
20,28,1711.80,127.70,92.90,171.20,0.8276,-1,-1,-1
20,27,1531.50,136.80,64.70,165.20,0.8228,-1,-1,-1
20,26,674.40,117.00,26.80,99.70,0.4980,-1,-1,-1
20,35,1625.70,115.60,60.40,126.10,0.6851,-1,-1,-1
20,22,431.20,243.90,71.60,96.00,0.7773,-1,-1,-1
20,83,1469.20,147.70,56.70,144.50,0.8359,-1,-1,-1
20,13,1637.50,148.10,67.60,164.30,0.7192,-1,-1,-1
20,137,1172.10,112.70,22.40,77.50,0.6113,-1,-1,-1
20,109,331.90,160.00,75.30,166.50,0.8345,-1,-1,-1
20,130,1285.20,113.00,35.90,112.00,0.7578,-1,-1,-1
20,136,733.50,200.40,69.40,74.60,0.3311,-1,-1,-1
20,24,741.50,123.90,25.70,88.30,0.4785,-1,-1,-1
20,10,1319.10,98.60,44.20,116.20,0.8237,-1,-1,-1
20,96,1414.60,111.50,38.90,113.30,0.5918,-1,-1,-1
20,23,1388.30,127.60,50.30,145.00,0.8296,-1,-1,-1
20,21,498.90,231.20,72.40,92.10,0.6235,-1,-1,-1
20,145,1096.30,111.70,27.40,93.90,0.4243,-1,-1,-1
20,16,910.80,121.70,99.60,202.10,0.3425,-1,-1,-1
20,34,1200.40,114.90,57.40,138.40,0.8052,-1,-1,-1
20,103,1667.40,174.70,79.50,202.00,0.8652,-1,-1,-1
20,95,1248.40,107.10,24.20,65.90,0.3433,-1,-1,-1
20,143,1150.40,114.40,30.70,81.90,0.7949,-1,-1,-1
21,4,1352.90,104.70,45.30,128.20,0.8438,-1,-1,-1
21,6,127.80,144.20,50.50,138.00,0.8579,-1,-1,-1
21,9,759.70,109.60,34.10,110.80,0.5420,-1,-1,-1
21,11,709.90,119.00,39.60,108.40,0.7607,-1,-1,-1
21,12,1078.30,115.30,31.90,93.20,0.6733,-1,-1,-1
21,14,684.40,116.60,34.80,105.90,0.8130,-1,-1,-1
21,17,1240.20,131.20,41.50,115.50,0.6333,-1,-1,-1
21,73,946.80,122.80,64.30,196.70,0.1052,-1,-1,-1
21,88,1135.60,110.80,28.50,86.90,0.7334,-1,-1,-1
21,62,1568.50,149.50,63.90,158.50,0.6245,-1,-1,-1
21,45,1015.40,112.50,31.10,86.50,0.6704,-1,-1,-1
21,91,902.30,148.40,73.70,177.10,0.2854,-1,-1,-1
21,79,1061.40,108.20,26.40,87.90,0.7080,-1,-1,-1
21,39,1114.40,109.70,34.70,94.00,0.5312,-1,-1,-1
21,28,1722.70,130.70,88.50,165.60,0.8608,-1,-1,-1
21,27,1526.30,136.80,64.40,163.50,0.8296,-1,-1,-1
21,26,673.10,117.40,26.40,99.00,0.3320,-1,-1,-1
21,35,1613.30,111.30,43.40,86.50,0.6807,-1,-1,-1
21,22,432.40,244.70,70.60,94.30,0.7378,-1,-1,-1
21,83,1469.60,147.70,53.20,136.70,0.8271,-1,-1,-1
21,13,1644.50,150.70,65.40,159.90,0.7993,-1,-1,-1
21,137,1165.30,112.00,23.90,82.30,0.7627,-1,-1,-1
21,130,1286.90,109.20,32.50,100.90,0.7642,-1,-1,-1
21,136,733.60,200.00,69.90,75.40,0.5107,-1,-1,-1
21,24,744.10,125.30,24.80,84.10,0.5059,-1,-1,-1
21,10,1319.10,97.60,42.80,112.60,0.7129,-1,-1,-1
21,96,1414.70,109.90,34.00,99.80,0.5254,-1,-1,-1
21,23,1386.30,125.10,49.20,140.00,0.8198,-1,-1,-1
21,21,502.20,232.30,70.40,89.30,0.5381,-1,-1,-1
21,145,1097.40,113.30,27.50,93.80,0.3960,-1,-1,-1
21,16,914.40,122.70,98.40,199.80,0.6377,-1,-1,-1
21,34,1193.00,114.00,55.80,134.10,0.7891,-1,-1,-1
21,143,1142.00,109.90,31.00,83.40,0.1744,-1,-1,-1
21,1,1256.80,108.20,48.40,115.40,0.7295,-1,-1,-1
22,4,1344.90,102.20,45.70,127.90,0.8359,-1,-1,-1
22,6,128.10,143.90,50.30,137.50,0.8682,-1,-1,-1
22,9,761.10,111.00,33.70,110.00,0.6636,-1,-1,-1
22,11,709.90,117.80,40.20,110.30,0.7949,-1,-1,-1
22,12,1074.60,115.30,29.90,89.00,0.5039,-1,-1,-1
22,14,685.60,116.70,34.70,105.70,0.7974,-1,-1,-1
22,73,947.90,123.70,63.40,195.00,0.1027,-1,-1,-1
22,88,1134.30,110.90,28.40,87.20,0.3269,-1,-1,-1
22,62,1542.40,154.60,72.30,179.90,0.8521,-1,-1,-1
22,45,1014.70,111.10,31.70,88.00,0.7744,-1,-1,-1
22,91,901.70,136.30,78.40,189.40,0.3364,-1,-1,-1
22,79,1058.10,108.00,27.90,91.40,0.4688,-1,-1,-1
22,39,1112.00,110.20,34.40,94.40,0.5000,-1,-1,-1
22,28,1735.90,132.90,85.70,161.30,0.7178,-1,-1,-1
22,27,1516.20,136.60,61.70,158.70,0.7456,-1,-1,-1
22,26,672.70,117.30,26.10,99.00,0.4775,-1,-1,-1
22,22,432.70,245.00,70.00,93.50,0.7515,-1,-1,-1
22,83,1480.00,148.20,50.90,133.00,0.7871,-1,-1,-1
22,13,1633.70,153.50,65.20,156.90,0.6523,-1,-1,-1
22,137,1157.90,111.00,24.40,83.90,0.4187,-1,-1,-1
22,136,734.90,202.50,67.50,72.60,0.2605,-1,-1,-1
22,24,742.30,124.20,26.90,89.70,0.6494,-1,-1,-1
22,10,1315.70,99.10,41.20,109.30,0.8013,-1,-1,-1
22,23,1388.10,121.70,47.80,135.40,0.8330,-1,-1,-1
22,21,502.60,232.70,70.20,88.60,0.6196,-1,-1,-1
22,145,1095.00,114.60,27.30,92.60,0.7148,-1,-1,-1
22,16,915.80,123.70,97.60,198.70,0.6196,-1,-1,-1
22,143,1140.00,109.00,32.70,87.70,0.3408,-1,-1,-1
22,33,1443.80,105.00,42.80,127.80,0.8311,-1,-1,-1
22,1,1169.00,118.00,50.10,121.40,0.8091,-1,-1,-1
22,115,1048.10,118.80,27.80,84.10,0.4688,-1,-1,-1
22,134,1205.90,126.10,56.10,112.20,0.7432,-1,-1,-1
23,4,1339.60,98.10,45.70,127.80,0.7461,-1,-1,-1
23,6,136.10,144.20,65.10,170.40,0.7178,-1,-1,-1
23,9,761.70,111.20,33.60,110.10,0.7217,-1,-1,-1
23,11,712.50,117.40,40.10,110.20,0.7690,-1,-1,-1
23,12,1074.80,111.00,28.60,86.80,0.6582,-1,-1,-1
23,14,686.60,117.00,34.50,104.40,0.7871,-1,-1,-1
23,73,947.40,123.20,62.90,195.30,0.7705,-1,-1,-1
23,88,1133.20,107.20,28.90,89.30,0.5430,-1,-1,-1
23,62,1546.60,146.10,68.80,172.90,0.8501,-1,-1,-1
23,45,1020.70,122.50,29.30,80.50,0.6279,-1,-1,-1
23,91,902.10,154.10,71.30,171.40,0.6436,-1,-1,-1
23,79,1058.10,114.50,28.00,88.60,0.7456,-1,-1,-1
23,39,1106.80,107.10,36.00,98.90,0.7334,-1,-1,-1
23,27,1491.70,142.40,69.60,178.70,0.8394,-1,-1,-1
23,26,672.30,118.70,26.00,98.50,0.6885,-1,-1,-1
23,22,432.30,244.90,70.20,93.60,0.7563,-1,-1,-1
23,83,1483.50,141.00,46.80,117.20,0.1163,-1,-1,-1
23,13,1629.90,149.80,66.70,160.30,0.7852,-1,-1,-1
23,136,734.10,203.10,67.20,72.10,0.2037,-1,-1,-1
23,24,742.50,120.90,27.10,90.50,0.5361,-1,-1,-1
23,10,1314.90,95.40,41.90,112.20,0.6636,-1,-1,-1
23,23,1386.20,112.00,48.40,137.40,0.8262,-1,-1,-1
23,21,500.70,233.00,71.00,89.20,0.6084,-1,-1,-1
23,16,912.50,122.50,97.90,199.60,0.1238,-1,-1,-1
23,33,1431.00,102.80,42.10,125.60,0.8340,-1,-1,-1
23,1,1259.00,106.80,46.40,114.20,0.8262,-1,-1,-1
23,134,1201.40,126.10,55.30,112.50,0.8042,-1,-1,-1
23,46,222.40,97.70,22.90,46.60,0.4055,-1,-1,-1
23,103,1698.50,178.10,79.20,189.10,0.8931,-1,-1,-1
23,95,1241.40,108.90,25.90,70.30,0.4600,-1,-1,-1
24,4,1331.40,98.70,44.60,123.60,0.8633,-1,-1,-1
24,6,131.50,144.50,57.60,151.40,0.8652,-1,-1,-1
24,9,760.80,110.40,33.80,111.40,0.7271,-1,-1,-1
24,11,715.90,117.20,39.70,110.80,0.7324,-1,-1,-1
24,12,1075.40,109.80,28.30,86.70,0.5312,-1,-1,-1
24,14,687.90,117.90,34.10,102.90,0.8003,-1,-1,-1
24,73,946.10,123.80,62.80,195.30,0.6895,-1,-1,-1
24,88,1125.80,106.60,30.20,94.00,0.1877,-1,-1,-1
24,62,1545.70,141.70,66.00,167.50,0.7969,-1,-1,-1
24,45,1018.50,122.30,31.40,83.90,0.4207,-1,-1,-1
24,91,902.20,155.40,70.50,169.90,0.6489,-1,-1,-1
24,79,1061.30,107.80,29.70,93.40,0.6533,-1,-1,-1
24,39,1112.00,106.60,35.10,98.30,0.5264,-1,-1,-1
24,26,667.00,119.10,26.80,99.80,0.6978,-1,-1,-1
24,22,432.30,245.10,70.10,93.40,0.7583,-1,-1,-1
24,83,1478.00,136.00,55.60,140.60,0.7422,-1,-1,-1
24,13,1622.10,150.10,66.20,158.20,0.7202,-1,-1,-1
24,24,742.60,118.70,27.00,90.70,0.4397,-1,-1,-1
24,10,1308.40,94.60,40.70,110.10,0.7339,-1,-1,-1
24,23,1383.80,97.90,50.20,143.50,0.7808,-1,-1,-1
24,21,501.20,233.00,71.00,88.80,0.5981,-1,-1,-1
24,16,914.80,122.60,96.50,197.80,0.4668,-1,-1,-1
24,33,1422.60,101.40,40.80,121.40,0.8271,-1,-1,-1
24,1,1261.10,104.70,45.60,113.10,0.7583,-1,-1,-1
24,84,1364.10,104.80,26.40,106.30,0.4912,-1,-1,-1
24,72,1656.90,158.90,53.40,182.40,0.8789,-1,-1,-1
24,46,219.80,97.60,22.50,45.50,0.3157,-1,-1,-1
24,95,1238.90,108.60,25.40,70.00,0.2401,-1,-1,-1
24,82,1000.90,130.80,26.20,73.20,0.5581,-1,-1,-1
24,35,1567.00,103.80,35.30,67.00,0.7231,-1,-1,-1
24,34,1190.00,109.40,50.40,122.80,0.7695,-1,-1,-1
24,28,1743.40,131.40,85.80,161.60,0.7266,-1,-1,-1
24,143,1129.50,106.70,43.50,116.10,0.7812,-1,-1,-1
24,115,1043.50,122.10,27.20,82.00,0.5898,-1,-1,-1
25,4,1327.60,98.20,44.00,122.00,0.7959,-1,-1,-1
25,6,128.50,143.90,54.10,142.50,0.8613,-1,-1,-1
25,9,762.10,110.90,33.40,111.10,0.5786,-1,-1,-1
25,11,716.60,117.50,39.30,110.80,0.8252,-1,-1,-1
25,12,1075.70,109.80,27.20,85.60,0.5107,-1,-1,-1
25,14,690.30,117.30,34.50,104.00,0.7886,-1,-1,-1
25,73,946.60,124.10,61.80,194.20,0.7002,-1,-1,-1
25,88,1118.70,106.30,29.60,93.00,0.1790,-1,-1,-1
25,62,1538.80,143.70,62.60,158.30,0.7637,-1,-1,-1
25,45,1013.80,121.70,33.00,87.10,0.7671,-1,-1,-1
25,91,902.50,155.90,69.80,169.00,0.7622,-1,-1,-1
25,79,1062.10,105.20,30.10,93.90,0.6841,-1,-1,-1
25,39,1112.20,105.80,38.70,110.40,0.3584,-1,-1,-1
25,26,661.40,116.10,28.50,104.50,0.6646,-1,-1,-1
25,22,432.60,244.90,70.40,93.40,0.7563,-1,-1,-1
25,83,1465.80,128.20,59.80,150.30,0.8672,-1,-1,-1
25,13,1618.70,150.40,63.00,154.40,0.5332,-1,-1,-1
25,24,744.20,119.20,27.20,91.70,0.5264,-1,-1,-1
25,10,1304.50,95.80,39.30,106.70,0.8301,-1,-1,-1
25,23,1382.50,104.50,45.80,131.10,0.8032,-1,-1,-1
25,21,502.50,232.70,70.80,88.80,0.6113,-1,-1,-1
25,33,1422.70,99.60,32.60,96.10,0.6611,-1,-1,-1
25,1,1263.40,105.00,43.40,107.60,0.7642,-1,-1,-1
25,84,1364.30,105.00,25.50,102.00,0.6289,-1,-1,-1
25,72,1656.20,144.60,49.50,169.00,0.7871,-1,-1,-1
25,46,219.00,98.90,21.40,44.00,0.2568,-1,-1,-1
25,95,1238.10,108.00,25.10,70.60,0.1646,-1,-1,-1
25,35,1551.60,100.80,39.40,72.70,0.5225,-1,-1,-1
25,34,1184.30,108.50,46.70,117.30,0.7549,-1,-1,-1
25,28,1745.60,131.60,85.70,161.80,0.7129,-1,-1,-1
25,143,1120.10,104.50,45.60,121.50,0.7217,-1,-1,-1
25,137,1146.20,107.40,26.70,90.80,0.7017,-1,-1,-1
26,4,1326.50,98.30,42.50,118.40,0.7983,-1,-1,-1
26,6,127.80,143.90,52.60,139.10,0.8599,-1,-1,-1
26,9,760.90,110.60,33.80,111.80,0.4475,-1,-1,-1
26,11,715.40,111.20,41.40,116.60,0.7534,-1,-1,-1
26,12,1076.90,111.20,25.90,82.80,0.3887,-1,-1,-1
26,14,692.40,116.50,34.80,105.00,0.7974,-1,-1,-1
26,73,946.40,124.60,61.10,193.20,0.8560,-1,-1,-1
26,88,1109.30,105.90,29.10,90.90,0.6548,-1,-1,-1
26,62,1529.40,156.00,63.50,160.40,0.8188,-1,-1,-1
26,45,1016.80,116.20,32.90,86.50,0.5840,-1,-1,-1
26,91,899.70,166.90,64.40,156.00,0.7583,-1,-1,-1
26,79,1062.00,105.00,30.10,93.40,0.6592,-1,-1,-1
26,39,1110.50,105.90,35.00,100.20,0.1447,-1,-1,-1
26,26,654.80,113.80,30.30,108.60,0.6978,-1,-1,-1
26,22,433.60,245.10,70.70,93.10,0.7598,-1,-1,-1
26,83,1455.40,129.60,59.20,147.90,0.6992,-1,-1,-1
26,13,1603.70,150.60,63.20,154.00,0.8027,-1,-1,-1
26,24,744.70,117.90,27.60,94.00,0.1101,-1,-1,-1
26,10,1301.50,98.40,38.00,103.70,0.7754,-1,-1,-1
26,21,500.60,232.10,72.50,90.40,0.6187,-1,-1,-1
26,33,1415.40,98.50,36.80,107.20,0.7852,-1,-1,-1
26,1,1154.00,104.60,34.20,89.00,0.7759,-1,-1,-1
26,72,1654.00,141.70,47.20,160.40,0.7827,-1,-1,-1
26,95,1238.50,107.20,25.60,72.60,0.2487,-1,-1,-1
26,35,1539.70,102.80,38.20,67.70,0.5137,-1,-1,-1
26,34,1176.00,117.00,41.00,103.60,0.8052,-1,-1,-1
26,28,1747.80,130.40,87.00,163.70,0.7153,-1,-1,-1
26,143,1115.80,105.90,43.70,116.90,0.7393,-1,-1,-1
26,148,1244.60,108.00,25.40,70.20,0.4082,-1,-1,-1
26,149,1250.10,105.40,25.80,70.50,0.4941,-1,-1,-1
26,3,1361.70,138.20,62.20,160.80,0.7759,-1,-1,-1
26,82,999.80,122.60,30.80,87.30,0.2878,-1,-1,-1
27,4,1328.50,95.70,31.60,85.00,0.5078,-1,-1,-1
27,6,127.50,144.30,51.80,137.40,0.8623,-1,-1,-1
27,9,763.90,111.30,31.80,107.00,0.4407,-1,-1,-1
27,11,713.40,111.70,41.40,116.60,0.7139,-1,-1,-1
27,12,1075.90,110.10,25.50,83.70,0.2180,-1,-1,-1
27,14,692.30,117.10,34.10,104.20,0.7734,-1,-1,-1
27,73,947.70,123.30,60.10,191.10,0.8027,-1,-1,-1
27,88,1105.00,105.20,28.60,90.90,0.3523,-1,-1,-1
27,62,1523.40,148.90,61.90,158.50,0.7319,-1,-1,-1
27,45,1015.60,112.40,33.60,88.00,0.7124,-1,-1,-1
27,91,897.10,153.10,68.50,169.50,0.8481,-1,-1,-1
27,79,1062.60,104.10,30.80,94.50,0.7407,-1,-1,-1
27,26,648.80,112.40,30.70,109.40,0.7241,-1,-1,-1
27,22,434.50,245.40,71.30,93.00,0.7461,-1,-1,-1
27,83,1447.90,128.40,58.30,148.40,0.7686,-1,-1,-1
27,13,1590.50,149.10,62.90,152.50,0.7905,-1,-1,-1
27,24,745.40,120.40,27.20,93.40,0.1348,-1,-1,-1
27,10,1296.00,95.80,37.40,102.60,0.8086,-1,-1,-1
27,21,502.20,232.10,72.50,90.30,0.6167,-1,-1,-1
27,33,1417.00,95.20,38.80,112.40,0.7861,-1,-1,-1
27,1,1148.50,103.70,32.10,86.20,0.7798,-1,-1,-1
27,72,1645.60,143.10,45.90,155.10,0.7983,-1,-1,-1
27,95,1238.10,105.50,27.00,79.00,0.1710,-1,-1,-1
27,35,1529.20,100.70,40.20,70.00,0.6592,-1,-1,-1
27,34,1164.00,108.30,42.40,109.50,0.7671,-1,-1,-1
27,28,1745.50,131.20,85.90,162.30,0.6538,-1,-1,-1
27,143,1111.10,103.00,43.50,116.10,0.7773,-1,-1,-1
27,148,1240.00,105.30,31.90,88.30,0.1376,-1,-1,-1
27,149,1244.70,103.20,34.30,93.80,0.1097,-1,-1,-1
27,2,1813.20,166.00,93.60,227.60,0.7056,-1,-1,-1
27,116,672.70,113.50,29.80,105.20,0.7075,-1,-1,-1
27,3,1331.90,135.90,61.30,157.50,0.8418,-1,-1,-1
27,51,1234.70,108.70,23.50,75.60,0.4358,-1,-1,-1
27,145,1095.40,107.90,25.90,88.20,0.5400,-1,-1,-1
27,27,1474.90,152.40,64.60,161.30,0.8799,-1,-1,-1
27,23,1374.10,105.40,42.70,121.00,0.7827,-1,-1,-1
28,4,1324.90,93.10,39.70,107.60,0.6123,-1,-1,-1
28,6,127.10,143.90,51.60,137.30,0.8740,-1,-1,-1
28,9,759.70,109.20,33.60,111.10,0.5649,-1,-1,-1
28,11,712.10,113.80,40.50,114.60,0.7217,-1,-1,-1
28,12,1078.50,108.60,27.60,90.20,0.6978,-1,-1,-1
28,14,690.20,116.90,34.00,104.10,0.7671,-1,-1,-1
28,62,1521.90,143.60,60.40,153.00,0.7754,-1,-1,-1
28,45,1016.30,111.70,33.50,87.90,0.7324,-1,-1,-1
28,91,897.70,136.50,74.70,187.00,0.6860,-1,-1,-1
28,79,1061.10,103.30,30.50,94.40,0.7280,-1,-1,-1
28,26,642.80,114.30,31.00,109.20,0.7944,-1,-1,-1
28,22,433.40,245.80,71.30,92.70,0.7847,-1,-1,-1
28,83,1442.30,137.60,61.00,155.30,0.8262,-1,-1,-1
28,13,1580.50,146.60,63.20,153.50,0.8472,-1,-1,-1
28,24,745.50,119.70,27.70,97.00,0.1221,-1,-1,-1
28,10,1294.00,93.80,35.40,95.20,0.4707,-1,-1,-1
28,21,500.20,231.50,73.60,91.40,0.6260,-1,-1,-1
28,33,1426.60,98.20,36.60,106.20,0.7266,-1,-1,-1
28,1,1259.70,99.70,38.00,98.00,0.6943,-1,-1,-1
28,72,1630.50,140.40,46.20,154.30,0.7886,-1,-1,-1
28,95,1238.00,101.30,29.40,86.30,0.3503,-1,-1,-1
28,35,1508.50,100.40,54.70,98.70,0.7192,-1,-1,-1
28,34,1153.30,104.90,41.30,107.60,0.7104,-1,-1,-1
28,28,1740.60,128.70,109.80,214.40,0.2487,-1,-1,-1
28,143,1107.00,100.90,42.40,113.30,0.8091,-1,-1,-1
28,148,1233.50,95.60,37.80,105.20,0.6362,-1,-1,-1
28,116,671.30,110.50,30.50,108.20,0.7202,-1,-1,-1
28,3,1302.40,126.60,62.20,158.40,0.7334,-1,-1,-1
28,120,1183.90,102.00,25.30,86.00,0.5498,-1,-1,-1
28,52,485.40,113.30,40.40,101.40,0.3345,-1,-1,-1
28,54,1861.20,108.00,49.20,91.30,0.6416,-1,-1,-1
28,51,1228.70,100.20,27.10,90.50,0.1427,-1,-1,-1
28,23,1365.50,95.40,45.40,128.30,0.7534,-1,-1,-1
28,96,1395.40,101.50,34.80,100.70,0.7485,-1,-1,-1
28,103,1715.90,182.60,86.80,208.90,0.4922,-1,-1,-1
28,16,913.90,121.40,91.50,192.50,0.4756,-1,-1,-1
29,4,1320.60,93.70,40.90,111.00,0.8652,-1,-1,-1
29,6,127.40,143.90,51.50,137.20,0.8672,-1,-1,-1
29,9,757.30,110.20,34.10,110.20,0.6113,-1,-1,-1
29,11,714.00,111.90,41.20,116.50,0.7964,-1,-1,-1
29,12,1074.80,108.50,27.90,90.90,0.2690,-1,-1,-1
29,14,691.50,116.30,34.10,104.90,0.8208,-1,-1,-1
29,62,1513.30,141.00,59.40,149.90,0.8159,-1,-1,-1
29,45,1016.00,110.60,33.70,88.20,0.7505,-1,-1,-1
29,91,903.10,146.40,70.60,177.30,0.7568,-1,-1,-1
29,79,1064.80,105.20,31.80,96.40,0.6943,-1,-1,-1
29,26,634.70,115.70,32.00,108.50,0.7339,-1,-1,-1
29,22,432.30,246.00,71.30,92.60,0.7842,-1,-1,-1
29,83,1445.20,133.50,59.00,151.80,0.8291,-1,-1,-1
29,13,1572.30,145.70,62.60,152.80,0.7739,-1,-1,-1
29,24,743.30,121.20,25.20,89.70,0.2437,-1,-1,-1
29,10,1295.40,92.90,29.70,79.20,0.4805,-1,-1,-1
29,21,500.70,231.30,74.60,92.00,0.6396,-1,-1,-1
29,33,1434.90,99.40,33.40,95.80,0.6919,-1,-1,-1
29,1,1141.50,105.40,35.60,99.60,0.8164,-1,-1,-1
29,72,1621.40,137.70,46.70,154.60,0.8042,-1,-1,-1
29,35,1495.30,99.10,55.90,104.50,0.7285,-1,-1,-1
29,34,1156.90,101.80,34.40,91.80,0.7075,-1,-1,-1
29,28,1749.50,126.30,96.60,190.40,0.8232,-1,-1,-1
29,143,1104.70,101.60,39.90,105.80,0.7993,-1,-1,-1
29,116,671.00,112.50,29.80,105.40,0.6460,-1,-1,-1
29,120,1184.00,99.20,25.80,87.80,0.4688,-1,-1,-1
29,52,485.20,112.70,40.70,102.10,0.2949,-1,-1,-1
29,54,1848.30,107.60,49.30,91.90,0.5459,-1,-1,-1
29,51,1224.90,102.50,28.10,91.50,0.4678,-1,-1,-1
29,23,1357.90,101.90,42.00,117.10,0.8130,-1,-1,-1
29,151,1202.10,105.50,26.10,82.50,0.5068,-1,-1,-1
29,96,1395.70,102.20,30.50,87.60,0.1105,-1,-1,-1
29,103,1699.90,169.40,88.60,216.60,0.8398,-1,-1,-1
29,81,955.60,109.40,38.80,89.70,0.7075,-1,-1,-1
29,7,1264.00,128.90,52.00,146.20,0.8320,-1,-1,-1
29,149,1248.20,102.60,30.00,82.10,0.4893,-1,-1,-1
29,2,1831.40,157.10,84.30,204.60,0.7280,-1,-1,-1
30,4,1316.90,94.00,40.90,111.80,0.8013,-1,-1,-1
30,6,127.30,143.80,51.20,137.30,0.8643,-1,-1,-1
30,9,753.70,107.00,35.60,114.20,0.7583,-1,-1,-1
30,11,715.90,110.70,41.10,117.10,0.7920,-1,-1,-1
30,12,1074.90,108.70,27.00,89.60,0.3398,-1,-1,-1
30,14,694.90,114.90,34.80,107.20,0.8335,-1,-1,-1
30,62,1507.60,139.40,59.00,150.30,0.8511,-1,-1,-1
30,45,1013.70,110.00,34.20,89.60,0.7305,-1,-1,-1
30,91,896.30,152.60,68.10,171.10,0.8291,-1,-1,-1
30,79,1065.30,104.90,32.10,96.10,0.6689,-1,-1,-1
30,26,635.00,113.40,33.20,111.00,0.6958,-1,-1,-1
30,22,432.20,245.50,71.50,92.80,0.8101,-1,-1,-1
30,83,1444.80,135.50,56.00,144.10,0.7725,-1,-1,-1
30,13,1562.10,144.30,61.10,150.60,0.7129,-1,-1,-1
30,10,1292.70,92.10,34.70,93.30,0.5747,-1,-1,-1
30,21,500.10,233.00,73.60,90.80,0.7202,-1,-1,-1
30,33,1442.00,96.30,34.90,98.70,0.7363,-1,-1,-1
30,1,1137.60,105.40,34.70,97.70,0.7627,-1,-1,-1
30,72,1595.40,155.80,59.40,189.50,0.8643,-1,-1,-1
30,35,1484.90,95.30,52.50,100.90,0.7710,-1,-1,-1
30,34,1158.20,100.40,31.80,85.20,0.7544,-1,-1,-1
30,28,1752.20,127.00,89.60,174.80,0.5449,-1,-1,-1
30,143,1100.50,100.40,40.00,104.90,0.7441,-1,-1,-1
30,116,671.00,113.20,29.50,103.80,0.6768,-1,-1,-1
30,52,485.30,112.20,41.00,102.70,0.1993,-1,-1,-1
30,54,1834.10,105.50,50.40,94.30,0.7378,-1,-1,-1
30,51,1222.80,99.10,29.60,95.40,0.6689,-1,-1,-1
30,23,1346.80,101.70,40.80,113.10,0.8174,-1,-1,-1
30,151,1193.20,94.50,31.00,97.70,0.6870,-1,-1,-1
30,96,1397.00,93.90,35.50,101.40,0.5400,-1,-1,-1
30,103,1671.80,164.50,85.60,211.80,0.8643,-1,-1,-1
30,138,1880.90,181.80,39.10,188.30,0.6235,-1,-1,-1
30,152,1058.60,106.00,32.90,95.90,0.3867,-1,-1,-1
30,81,952.80,108.30,38.30,89.00,0.7212,-1,-1,-1
30,7,1245.90,124.20,51.70,145.70,0.8105,-1,-1,-1
30,18,855.50,119.40,59.00,178.40,0.8242,-1,-1,-1
30,115,1042.60,112.00,32.20,96.60,0.7612,-1,-1,-1
30,88,1095.00,102.40,30.60,98.90,0.4600,-1,-1,-1
31,4,1314.40,93.50,38.30,106.00,0.6113,-1,-1,-1
31,6,127.70,144.00,51.00,137.20,0.8662,-1,-1,-1
31,9,751.40,107.80,35.20,112.60,0.7407,-1,-1,-1
31,11,715.30,109.20,41.70,118.50,0.7339,-1,-1,-1
31,12,1076.00,109.00,25.70,87.60,0.3115,-1,-1,-1
31,14,696.40,115.50,34.60,106.60,0.6387,-1,-1,-1
31,62,1501.30,139.20,57.70,147.90,0.8833,-1,-1,-1
31,45,1016.10,110.80,36.70,96.20,0.7065,-1,-1,-1
31,91,890.30,149.40,70.10,174.30,0.8223,-1,-1,-1
31,79,1068.10,105.90,31.00,93.70,0.3486,-1,-1,-1
31,26,639.60,113.70,33.60,110.70,0.7490,-1,-1,-1
31,22,433.00,244.80,71.90,93.20,0.7500,-1,-1,-1
31,83,1442.30,130.50,56.10,146.40,0.7939,-1,-1,-1
31,13,1535.00,150.50,73.50,184.00,0.8286,-1,-1,-1
31,10,1292.60,91.20,35.40,95.30,0.6299,-1,-1,-1
31,21,499.80,232.20,75.30,92.70,0.5947,-1,-1,-1
31,33,1446.00,94.50,33.00,91.90,0.4072,-1,-1,-1
31,1,1257.80,95.20,37.30,100.00,0.8354,-1,-1,-1
31,72,1585.60,147.00,54.00,166.90,0.8013,-1,-1,-1
31,35,1474.00,93.00,52.30,103.80,0.7178,-1,-1,-1
31,34,1153.60,99.10,28.50,77.80,0.6504,-1,-1,-1
31,28,1753.60,121.20,90.40,176.50,0.5859,-1,-1,-1
31,143,1095.60,108.50,37.00,96.90,0.7778,-1,-1,-1
31,116,670.80,112.90,29.30,103.40,0.6460,-1,-1,-1
31,52,485.20,110.40,41.90,105.00,0.3933,-1,-1,-1
31,23,1331.70,122.70,48.70,131.10,0.8306,-1,-1,-1
31,151,1184.60,93.30,32.00,100.90,0.4756,-1,-1,-1
31,96,1398.30,95.60,35.00,100.40,0.7583,-1,-1,-1
31,103,1643.50,158.00,83.40,207.50,0.9111,-1,-1,-1
31,152,1060.60,103.30,33.10,96.30,0.7402,-1,-1,-1
31,81,953.70,111.20,37.20,85.10,0.6426,-1,-1,-1
31,64,946.70,177.40,44.00,62.20,0.6196,-1,-1,-1
31,153,1856.10,109.90,45.00,89.50,0.4590,-1,-1,-1
31,134,1209.70,127.70,66.20,136.20,0.8330,-1,-1,-1
31,84,1371.10,93.90,26.50,103.80,0.7324,-1,-1,-1
31,82,1005.90,117.70,31.50,92.00,0.4397,-1,-1,-1
31,120,1184.90,95.50,24.30,82.20,0.2983,-1,-1,-1
31,2,1845.30,176.40,74.70,202.60,0.8032,-1,-1,-1
32,4,1315.30,95.10,39.10,108.40,0.6309,-1,-1,-1
32,6,127.20,144.20,50.80,136.30,0.8345,-1,-1,-1
32,11,711.30,110.70,41.50,116.30,0.6592,-1,-1,-1
32,12,1075.60,107.40,25.90,89.90,0.1962,-1,-1,-1
32,14,699.70,115.80,33.90,105.90,0.2949,-1,-1,-1
32,62,1485.40,147.50,68.90,174.10,0.8750,-1,-1,-1
32,45,1011.30,111.50,35.60,93.80,0.4102,-1,-1,-1
32,91,888.90,147.60,70.30,175.80,0.7939,-1,-1,-1
32,26,643.20,114.80,33.90,110.60,0.7568,-1,-1,-1
32,22,433.40,244.60,72.00,93.00,0.7505,-1,-1,-1
32,83,1441.60,127.30,56.00,147.60,0.7832,-1,-1,-1
32,10,1292.80,89.30,32.50,86.00,0.3459,-1,-1,-1
32,21,499.50,232.00,74.40,91.70,0.6934,-1,-1,-1
32,33,1446.70,91.80,40.00,111.60,0.1490,-1,-1,-1
32,1,1124.80,106.10,33.40,94.50,0.8335,-1,-1,-1
32,72,1563.90,144.50,51.40,153.30,0.7002,-1,-1,-1
32,34,1152.90,97.00,33.80,93.70,0.6733,-1,-1,-1
32,28,1750.70,127.30,85.70,169.70,0.7080,-1,-1,-1
32,116,669.80,113.30,29.10,102.60,0.5859,-1,-1,-1
32,52,485.00,110.90,41.50,104.20,0.2031,-1,-1,-1
32,23,1306.90,127.40,50.40,134.60,0.8501,-1,-1,-1
32,151,1175.30,94.90,32.10,101.40,0.5420,-1,-1,-1
32,96,1397.60,95.20,34.60,98.70,0.7642,-1,-1,-1
32,103,1654.50,154.60,78.90,200.10,0.8262,-1,-1,-1
32,152,1061.50,102.40,32.70,95.10,0.7271,-1,-1,-1
32,81,956.20,110.60,36.50,85.20,0.7280,-1,-1,-1
32,64,946.10,178.10,43.40,61.40,0.5889,-1,-1,-1
32,153,1855.90,109.70,44.50,88.80,0.4668,-1,-1,-1
32,84,1370.10,91.90,27.20,102.70,0.7773,-1,-1,-1
32,82,1003.20,112.30,35.00,100.90,0.6577,-1,-1,-1
32,120,1188.50,97.00,26.20,88.40,0.1163,-1,-1,-1
32,2,1854.00,182.10,66.00,187.20,0.7075,-1,-1,-1
32,25,725.40,120.80,127.00,168.40,0.7905,-1,-1,-1
32,17,1199.70,123.30,48.30,132.40,0.8198,-1,-1,-1
32,39,1108.00,110.20,27.80,82.40,0.4824,-1,-1,-1
32,18,856.30,129.40,43.40,126.10,0.7075,-1,-1,-1
32,88,1088.30,121.20,28.60,87.60,0.6577,-1,-1,-1
33,4,1305.20,94.70,39.60,109.80,0.7471,-1,-1,-1
33,6,127.50,143.60,51.00,137.40,0.8330,-1,-1,-1
33,11,714.90,110.50,40.20,114.50,0.6226,-1,-1,-1
33,12,1076.00,111.10,24.90,86.70,0.1221,-1,-1,-1
33,14,695.70,114.40,47.10,145.90,0.7402,-1,-1,-1
33,62,1489.50,142.40,61.50,154.60,0.8418,-1,-1,-1
33,45,1010.20,112.70,33.50,88.20,0.7505,-1,-1,-1
33,91,878.40,147.50,67.70,171.80,0.7949,-1,-1,-1
33,26,646.20,114.50,33.80,110.60,0.7773,-1,-1,-1
33,22,432.70,245.20,71.60,92.60,0.7759,-1,-1,-1
33,83,1434.30,125.10,54.50,142.70,0.6479,-1,-1,-1
33,10,1286.40,88.20,32.20,84.80,0.1105,-1,-1,-1
33,21,499.60,232.70,73.60,91.30,0.7534,-1,-1,-1
33,33,1453.60,91.60,29.90,77.90,0.5254,-1,-1,-1
33,1,1118.90,108.70,32.80,93.90,0.7129,-1,-1,-1
33,72,1548.60,142.50,50.20,147.20,0.7642,-1,-1,-1
33,34,1152.40,94.90,36.50,100.80,0.7163,-1,-1,-1
33,28,1757.80,128.60,83.50,167.70,0.6558,-1,-1,-1
33,116,670.80,111.70,29.40,104.10,0.3594,-1,-1,-1
33,52,484.90,111.50,41.40,103.60,0.2247,-1,-1,-1
33,96,1394.00,93.20,34.30,98.30,0.7690,-1,-1,-1
33,103,1632.30,155.10,74.30,188.30,0.8306,-1,-1,-1
33,152,1059.50,105.20,31.30,91.50,0.8037,-1,-1,-1
33,81,953.80,112.70,33.50,79.90,0.6216,-1,-1,-1
33,64,938.30,177.60,44.20,62.30,0.3887,-1,-1,-1
33,84,1369.30,91.50,27.40,99.70,0.7725,-1,-1,-1
33,2,1833.60,191.60,73.30,181.10,0.8687,-1,-1,-1
33,17,1184.20,118.90,49.50,130.80,0.8140,-1,-1,-1
33,39,1103.50,115.20,26.30,78.90,0.6875,-1,-1,-1
33,18,841.20,134.70,38.40,109.90,0.7739,-1,-1,-1
33,88,1080.80,117.20,30.80,93.80,0.6807,-1,-1,-1
33,27,1439.60,145.70,70.90,179.80,0.8237,-1,-1,-1
33,3,1262.50,125.70,52.90,130.90,0.8359,-1,-1,-1
33,149,1248.70,92.20,31.50,86.10,0.7310,-1,-1,-1
33,51,1222.90,99.50,28.00,87.80,0.3242,-1,-1,-1
33,9,749.40,109.40,35.80,112.40,0.6670,-1,-1,-1
33,13,1551.30,151.70,73.80,185.40,0.8013,-1,-1,-1
34,4,1302.10,92.00,38.60,108.20,0.6626,-1,-1,-1
34,6,127.90,143.40,51.00,137.50,0.8521,-1,-1,-1
34,11,713.70,112.00,40.80,115.30,0.7656,-1,-1,-1
34,14,701.60,114.20,41.60,127.80,0.1188,-1,-1,-1
34,62,1486.80,137.70,57.80,146.10,0.8789,-1,-1,-1
34,45,1009.50,112.20,33.20,87.10,0.7695,-1,-1,-1
34,91,860.80,148.20,65.10,162.90,0.8579,-1,-1,-1
34,26,648.00,113.50,30.00,92.70,0.1486,-1,-1,-1
34,22,433.30,245.50,71.30,91.80,0.7949,-1,-1,-1
34,83,1437.70,130.50,50.00,134.40,0.6479,-1,-1,-1
34,10,1280.80,92.60,37.00,97.90,0.7432,-1,-1,-1
34,21,499.30,233.50,72.90,90.70,0.7725,-1,-1,-1
34,33,1461.40,95.50,23.20,60.70,0.2089,-1,-1,-1
34,1,1117.10,116.30,30.20,86.80,0.7769,-1,-1,-1
34,72,1532.00,142.30,58.80,171.70,0.8286,-1,-1,-1
34,34,1143.40,107.40,33.30,92.70,0.7124,-1,-1,-1
34,28,1744.20,132.10,105.30,216.30,0.8311,-1,-1,-1
34,116,672.40,109.20,29.60,104.90,0.5640,-1,-1,-1
34,52,485.00,112.10,41.00,102.70,0.3201,-1,-1,-1
34,96,1391.40,93.40,32.80,93.70,0.7686,-1,-1,-1
34,103,1645.70,178.80,76.40,184.70,0.8823,-1,-1,-1
34,152,1059.30,105.80,31.00,91.10,0.7920,-1,-1,-1
34,81,950.00,113.30,34.80,82.10,0.4932,-1,-1,-1
34,64,937.80,178.80,44.10,61.80,0.5479,-1,-1,-1
34,84,1366.70,91.20,27.80,97.90,0.8511,-1,-1,-1
34,17,1165.80,114.60,49.90,130.10,0.7637,-1,-1,-1
34,39,1100.70,116.20,24.80,77.50,0.2063,-1,-1,-1
34,88,1077.30,116.80,31.50,95.60,0.7373,-1,-1,-1
34,147,1322.70,94.20,33.60,89.90,0.4678,-1,-1,-1
34,27,1418.50,141.50,68.30,175.50,0.8521,-1,-1,-1
34,3,1241.10,126.20,50.30,124.40,0.8589,-1,-1,-1
34,9,748.90,115.20,33.70,105.00,0.4941,-1,-1,-1
34,13,1570.90,152.70,71.70,178.80,0.8208,-1,-1,-1
34,136,725.90,180.50,85.60,95.50,0.4417,-1,-1,-1
34,145,1097.10,116.00,22.70,78.40,0.5479,-1,-1,-1
34,153,1855.60,110.20,44.80,89.60,0.4331,-1,-1,-1
35,4,1291.40,87.30,38.60,108.80,0.7974,-1,-1,-1
35,6,128.50,144.10,50.50,136.70,0.8662,-1,-1,-1
35,11,714.10,114.20,40.30,113.20,0.7139,-1,-1,-1
35,14,698.70,117.20,36.20,111.90,0.6558,-1,-1,-1
35,62,1483.70,135.60,55.10,141.00,0.7124,-1,-1,-1
35,45,1009.30,111.30,33.10,87.00,0.7563,-1,-1,-1
35,26,649.00,113.10,33.90,105.60,0.7520,-1,-1,-1
35,22,433.00,245.80,71.20,91.60,0.7500,-1,-1,-1
35,83,1428.30,126.20,50.80,138.00,0.6577,-1,-1,-1
35,21,500.70,234.50,72.60,90.50,0.7393,-1,-1,-1
35,1,1260.60,95.50,36.70,98.80,0.7720,-1,-1,-1
35,72,1735.60,103.60,29.80,97.30,0.8320,-1,-1,-1
35,34,1135.10,110.70,32.50,92.30,0.5601,-1,-1,-1
35,28,1754.80,132.00,91.10,187.70,0.8613,-1,-1,-1
35,116,673.00,109.40,30.30,107.70,0.7305,-1,-1,-1
35,52,485.30,110.90,41.40,103.80,0.3425,-1,-1,-1
35,96,1387.70,92.20,30.80,87.50,0.6318,-1,-1,-1
35,103,1614.20,184.80,77.40,178.60,0.8486,-1,-1,-1
35,152,1059.60,104.40,31.30,92.10,0.7642,-1,-1,-1
35,81,954.10,112.20,34.80,83.50,0.7007,-1,-1,-1
35,64,937.60,178.10,45.60,63.20,0.4514,-1,-1,-1
35,84,1361.10,90.00,28.20,96.80,0.7100,-1,-1,-1
35,17,1153.00,109.40,49.30,128.70,0.8091,-1,-1,-1
35,147,1318.50,93.30,32.80,87.70,0.5747,-1,-1,-1
35,27,1395.00,136.50,65.50,170.40,0.8193,-1,-1,-1
35,9,752.60,137.30,27.20,81.30,0.2394,-1,-1,-1
35,13,1557.80,149.10,69.60,172.40,0.7754,-1,-1,-1
35,136,730.90,192.50,74.30,83.60,0.4668,-1,-1,-1
35,153,1856.30,89.40,56.50,112.50,0.1389,-1,-1,-1
35,138,1870.70,181.50,49.30,210.60,0.7642,-1,-1,-1
35,7,1213.30,116.20,45.90,125.80,0.8223,-1,-1,-1
35,35,1408.50,90.10,78.00,162.20,0.3904,-1,-1,-1
35,143,1081.10,114.50,34.80,91.00,0.7808,-1,-1,-1
35,120,1184.20,96.60,27.50,93.10,0.4158,-1,-1,-1
35,18,828.30,141.80,53.40,153.10,0.8198,-1,-1,-1
36,4,1286.60,86.40,37.50,105.00,0.8052,-1,-1,-1
36,6,128.50,144.20,50.50,136.60,0.8662,-1,-1,-1
36,11,713.80,138.30,38.50,106.20,0.7188,-1,-1,-1
36,14,697.70,117.20,34.80,106.50,0.5889,-1,-1,-1
36,62,1467.10,136.90,63.10,160.90,0.8481,-1,-1,-1
36,45,1008.10,110.70,33.30,87.50,0.7759,-1,-1,-1
36,26,650.40,113.60,34.90,109.90,0.7324,-1,-1,-1
36,22,433.70,246.10,71.00,90.90,0.6758,-1,-1,-1
36,21,502.50,233.70,73.00,90.40,0.7866,-1,-1,-1
36,1,1112.80,108.60,31.80,94.40,0.3960,-1,-1,-1
36,72,1718.00,99.80,33.00,102.30,0.7847,-1,-1,-1
36,28,1753.50,127.20,87.10,176.80,0.8291,-1,-1,-1
36,116,672.90,110.00,31.10,110.70,0.6333,-1,-1,-1
36,52,485.10,110.90,41.20,103.70,0.2698,-1,-1,-1
36,96,1385.30,92.80,27.20,74.90,0.6440,-1,-1,-1
36,103,1638.80,189.00,72.80,167.80,0.8398,-1,-1,-1
36,152,1056.20,102.90,30.00,89.20,0.5352,-1,-1,-1
36,81,955.00,109.80,35.90,87.30,0.6836,-1,-1,-1
36,64,927.10,177.00,48.30,64.70,0.6069,-1,-1,-1
36,84,1356.00,93.00,26.30,87.70,0.6123,-1,-1,-1
36,17,1139.60,105.30,48.70,126.30,0.8311,-1,-1,-1
36,147,1318.00,97.10,30.70,82.20,0.6885,-1,-1,-1
36,27,1369.20,131.00,63.20,165.20,0.8433,-1,-1,-1
36,13,1564.20,169.20,70.70,171.50,0.8198,-1,-1,-1
36,136,711.60,146.00,108.20,130.60,0.6074,-1,-1,-1
36,7,1196.80,111.40,46.40,124.60,0.8018,-1,-1,-1
36,35,1397.80,104.00,72.60,154.30,0.8521,-1,-1,-1
36,120,1183.90,96.70,29.00,99.00,0.1907,-1,-1,-1
36,18,811.70,140.90,56.60,161.60,0.8223,-1,-1,-1
36,46,198.80,94.20,30.20,65.00,0.7124,-1,-1,-1
36,95,1229.10,100.60,29.00,87.80,0.3840,-1,-1,-1
36,12,1068.90,112.60,26.40,88.90,0.7056,-1,-1,-1
36,2,1826.20,185.40,88.50,217.60,0.8965,-1,-1,-1
36,149,1246.20,97.20,36.80,99.90,0.7388,-1,-1,-1
36,39,1091.30,112.40,29.90,91.10,0.7993,-1,-1,-1
37,4,1281.10,86.50,36.90,102.40,0.7798,-1,-1,-1
37,6,128.50,144.30,50.50,136.50,0.8652,-1,-1,-1
37,11,710.60,137.10,42.40,117.60,0.1422,-1,-1,-1
37,14,702.30,115.40,34.60,103.90,0.2316,-1,-1,-1
37,62,1446.70,135.10,64.50,165.90,0.8130,-1,-1,-1
37,45,1006.70,109.90,33.40,88.10,0.7529,-1,-1,-1
37,26,650.70,114.00,34.80,110.50,0.7153,-1,-1,-1
37,22,434.60,245.60,71.60,91.00,0.6699,-1,-1,-1
37,21,503.80,233.60,72.90,89.70,0.7925,-1,-1,-1
37,1,1260.30,89.30,31.30,87.80,0.3503,-1,-1,-1
37,72,1500.70,136.70,57.10,164.10,0.7974,-1,-1,-1
37,28,1753.50,124.90,86.80,173.80,0.7607,-1,-1,-1
37,116,672.60,109.70,30.90,111.10,0.6494,-1,-1,-1
37,52,483.70,107.50,42.70,107.60,0.2698,-1,-1,-1
37,103,1616.00,187.10,69.30,160.30,0.8315,-1,-1,-1
37,152,1057.00,111.70,29.80,87.50,0.6836,-1,-1,-1
37,81,954.30,109.30,36.50,89.00,0.6548,-1,-1,-1
37,64,918.60,175.60,52.70,67.40,0.4893,-1,-1,-1
37,84,1350.40,85.30,24.70,77.00,0.5469,-1,-1,-1
37,17,1126.10,103.30,47.00,122.20,0.7959,-1,-1,-1
37,147,1306.90,90.40,31.30,84.20,0.5342,-1,-1,-1
37,27,1341.60,130.10,58.90,155.80,0.8623,-1,-1,-1
37,13,1543.50,178.40,67.50,162.30,0.7271,-1,-1,-1
37,7,1178.40,99.60,48.80,129.60,0.8530,-1,-1,-1
37,35,1384.20,110.50,67.20,146.80,0.8242,-1,-1,-1
37,90,1425.50,86.10,36.80,109.00,0.6011,-1,-1,-1
37,95,1226.10,95.00,31.10,94.40,0.4207,-1,-1,-1
37,12,1066.80,114.90,25.90,86.30,0.2330,-1,-1,-1
37,2,1794.00,193.90,89.20,215.80,0.8833,-1,-1,-1
37,39,1092.90,111.50,30.80,92.90,0.7754,-1,-1,-1
37,115,1039.50,104.30,27.70,83.40,0.5312,-1,-1,-1
37,79,1072.50,114.50,27.10,84.80,0.3398,-1,-1,-1
37,25,745.70,148.70,102.20,143.40,0.8359,-1,-1,-1
37,91,859.10,121.50,47.90,121.90,0.7769,-1,-1,-1
37,153,1858.90,103.40,49.40,98.10,0.3774,-1,-1,-1
37,138,1878.50,181.00,41.50,206.00,0.7686,-1,-1,-1
38,4,1274.20,84.30,36.70,102.40,0.8218,-1,-1,-1
38,6,128.00,144.20,50.50,136.80,0.8662,-1,-1,-1
38,11,710.90,122.30,41.90,115.00,0.6992,-1,-1,-1
38,14,702.30,114.70,34.80,105.90,0.2120,-1,-1,-1
38,45,1006.40,110.20,33.00,87.80,0.7505,-1,-1,-1
38,26,652.50,141.50,36.80,109.10,0.7939,-1,-1,-1
38,22,433.30,245.60,72.20,91.80,0.7642,-1,-1,-1
38,21,501.00,233.80,73.90,90.50,0.7788,-1,-1,-1
38,72,1479.60,131.60,56.20,159.70,0.8042,-1,-1,-1
38,28,1764.70,128.50,80.20,163.00,0.6333,-1,-1,-1
38,52,488.60,108.70,33.40,80.90,0.5156,-1,-1,-1
38,81,952.70,108.70,37.30,90.70,0.6450,-1,-1,-1
38,64,920.20,177.50,53.00,64.30,0.1023,-1,-1,-1
38,84,1347.40,83.30,28.50,88.10,0.7832,-1,-1,-1
38,17,1113.60,99.20,45.80,121.30,0.7866,-1,-1,-1
38,147,1304.80,86.90,33.60,89.40,0.1896,-1,-1,-1
38,27,1310.20,124.40,57.90,151.00,0.8081,-1,-1,-1
38,13,1564.10,180.70,64.70,154.80,0.8086,-1,-1,-1
38,7,1164.40,104.10,45.00,119.90,0.8003,-1,-1,-1
38,35,1366.90,114.20,63.80,140.70,0.8521,-1,-1,-1
38,1,1255.10,88.50,31.10,87.30,0.5059,-1,-1,-1
38,90,1419.70,87.20,31.70,93.50,0.7178,-1,-1,-1
38,95,1226.80,98.10,29.30,88.20,0.2043,-1,-1,-1
38,12,1064.50,108.30,27.90,91.30,0.7153,-1,-1,-1
38,2,1814.10,186.30,88.30,212.20,0.8931,-1,-1,-1
38,125,487.00,148.00,50.50,145.90,0.7690,-1,-1,-1
38,36,678.30,144.20,50.10,119.00,0.7432,-1,-1,-1
38,115,1034.80,107.80,29.80,90.00,0.8013,-1,-1,-1
38,79,1075.20,111.70,26.20,85.10,0.2466,-1,-1,-1
38,91,838.20,120.00,44.70,115.20,0.8008,-1,-1,-1
38,153,1858.70,109.30,42.00,83.00,0.1312,-1,-1,-1
38,138,1868.00,184.40,47.50,194.90,0.1056,-1,-1,-1
38,137,1099.60,108.20,26.90,89.30,0.7090,-1,-1,-1
38,3,1197.40,100.50,49.10,121.90,0.7646,-1,-1,-1
38,83,1410.10,127.00,59.90,159.60,0.8682,-1,-1,-1
38,96,1377.50,94.00,22.20,60.10,0.4854,-1,-1,-1
38,136,709.80,132.90,116.00,150.90,0.7432,-1,-1,-1
39,4,1272.30,83.50,31.80,86.30,0.2247,-1,-1,-1
39,6,128.00,144.60,50.20,136.10,0.8623,-1,-1,-1
39,11,708.00,119.60,39.40,109.90,0.3328,-1,-1,-1
39,14,701.50,115.60,35.40,106.70,0.8032,-1,-1,-1
39,45,1005.30,113.00,30.90,84.70,0.3647,-1,-1,-1
39,26,646.20,144.20,41.20,121.50,0.6523,-1,-1,-1
39,22,433.30,245.60,72.40,91.60,0.7227,-1,-1,-1
39,21,499.80,234.00,75.10,91.00,0.7793,-1,-1,-1
39,72,1473.40,153.80,57.80,161.10,0.7686,-1,-1,-1
39,28,1761.40,128.10,80.60,161.00,0.4253,-1,-1,-1
39,52,490.90,108.80,29.60,69.00,0.5630,-1,-1,-1
39,81,952.50,109.70,36.80,89.10,0.6621,-1,-1,-1
39,84,1345.60,84.60,29.30,89.30,0.2830,-1,-1,-1
39,17,1102.90,101.20,43.20,113.70,0.7319,-1,-1,-1
39,147,1303.00,88.70,31.60,84.80,0.3657,-1,-1,-1
39,13,1547.70,179.80,62.80,150.90,0.8223,-1,-1,-1
39,7,1151.80,104.50,43.80,115.60,0.8916,-1,-1,-1
39,35,1350.60,114.10,61.20,137.10,0.8481,-1,-1,-1
39,1,1254.10,88.40,30.20,86.70,0.1176,-1,-1,-1
39,90,1416.10,87.60,22.40,65.30,0.6143,-1,-1,-1
39,12,1062.20,106.00,28.60,92.60,0.6836,-1,-1,-1
39,2,1778.30,196.20,86.20,204.00,0.8872,-1,-1,-1
39,125,478.10,147.30,52.70,151.70,0.7490,-1,-1,-1
39,79,1077.10,110.20,25.80,85.90,0.4805,-1,-1,-1
39,153,1856.90,109.40,45.50,89.90,0.3091,-1,-1,-1
39,137,1097.10,107.50,27.60,92.40,0.5630,-1,-1,-1
39,83,1395.10,120.70,61.50,164.60,0.8706,-1,-1,-1
39,96,1377.50,91.10,17.80,45.90,0.2444,-1,-1,-1
39,136,704.50,135.50,102.80,143.40,0.6899,-1,-1,-1
39,148,1220.90,103.60,44.80,123.20,0.7017,-1,-1,-1
39,23,1268.30,118.90,53.50,144.20,0.8105,-1,-1,-1
39,151,1137.00,110.70,27.00,86.50,0.3730,-1,-1,-1
39,82,1015.80,116.20,31.50,89.70,0.7515,-1,-1,-1
39,120,1191.30,99.20,27.10,90.70,0.5312,-1,-1,-1
39,62,1447.00,130.60,61.00,156.20,0.7988,-1,-1,-1
39,116,672.70,110.10,29.20,106.20,0.6021,-1,-1,-1
39,25,737.00,169.70,77.80,114.90,0.5669,-1,-1,-1
40,6,127.90,145.00,50.00,135.50,0.8599,-1,-1,-1
40,11,701.80,116.40,38.00,106.50,0.1071,-1,-1,-1
40,14,696.20,116.50,34.70,104.50,0.4941,-1,-1,-1
40,45,1001.80,115.80,32.30,87.40,0.7773,-1,-1,-1
40,26,647.10,125.70,39.20,116.90,0.7974,-1,-1,-1
40,22,433.40,245.40,72.80,91.70,0.7227,-1,-1,-1
40,21,499.30,232.10,75.60,91.70,0.7124,-1,-1,-1
40,28,1761.30,128.80,82.70,165.10,0.8428,-1,-1,-1
40,52,490.80,109.10,29.60,66.50,0.5303,-1,-1,-1
40,81,952.30,109.90,36.70,88.40,0.6836,-1,-1,-1
40,84,1338.60,84.50,28.50,87.10,0.1422,-1,-1,-1
40,17,1094.50,103.80,40.70,106.40,0.7461,-1,-1,-1
40,147,1301.60,88.10,29.70,81.10,0.1152,-1,-1,-1
40,13,1526.20,175.30,60.90,146.30,0.8315,-1,-1,-1
40,72,1633.20,106.60,35.50,101.00,0.8389,-1,-1,-1
40,7,1139.70,103.50,42.00,110.60,0.7759,-1,-1,-1
40,35,1333.80,111.60,59.90,135.50,0.8013,-1,-1,-1
40,12,1062.10,104.30,29.50,94.20,0.7363,-1,-1,-1
40,2,1770.10,232.60,128.70,304.20,0.8760,-1,-1,-1
40,125,478.70,149.80,53.60,154.70,0.7622,-1,-1,-1
40,79,1076.90,108.90,25.50,87.00,0.4216,-1,-1,-1
40,137,1093.30,101.40,30.70,101.90,0.1490,-1,-1,-1
40,83,1379.10,120.30,59.60,160.10,0.8276,-1,-1,-1
40,136,688.10,124.60,104.10,153.90,0.7886,-1,-1,-1
40,33,1687.30,190.50,85.60,194.60,0.8447,-1,-1,-1
40,82,1017.20,107.40,28.80,84.50,0.7305,-1,-1,-1
40,120,1196.20,106.00,25.80,83.30,0.3748,-1,-1,-1
40,62,1435.80,124.90,70.90,182.70,0.7705,-1,-1,-1
40,116,671.80,110.50,29.60,107.80,0.6084,-1,-1,-1
40,25,742.50,200.10,56.60,79.40,0.1302,-1,-1,-1
40,34,1121.20,98.40,24.90,70.90,0.4971,-1,-1,-1
40,149,1240.90,110.30,51.30,138.50,0.8252,-1,-1,-1
40,103,1622.50,184.70,81.40,188.20,0.8887,-1,-1,-1
41,6,127.40,144.90,50.10,136.10,0.8599,-1,-1,-1
41,45,991.70,118.70,32.80,88.60,0.6851,-1,-1,-1
41,26,649.30,118.40,38.20,114.10,0.7310,-1,-1,-1
41,22,432.90,244.80,73.40,92.50,0.5557,-1,-1,-1
41,21,497.60,232.70,74.90,90.80,0.5820,-1,-1,-1
41,28,1755.80,126.10,86.30,170.60,0.8276,-1,-1,-1
41,52,491.10,110.10,29.90,65.00,0.5088,-1,-1,-1
41,81,952.90,109.60,36.40,87.50,0.7417,-1,-1,-1
41,84,1330.50,85.50,30.10,91.60,0.1045,-1,-1,-1
41,17,1085.20,107.00,38.70,102.00,0.7686,-1,-1,-1
41,147,1299.00,85.20,31.60,87.80,0.1242,-1,-1,-1
41,13,1499.50,172.00,59.50,143.00,0.8271,-1,-1,-1
41,72,1612.00,106.90,33.80,95.10,0.6895,-1,-1,-1
41,7,1134.60,103.50,40.70,106.80,0.7930,-1,-1,-1
41,35,1321.20,109.90,57.10,131.30,0.7798,-1,-1,-1
41,12,1060.80,104.70,29.40,93.40,0.7583,-1,-1,-1
41,2,1725.40,256.70,142.00,327.40,0.8740,-1,-1,-1
41,125,481.80,152.30,46.90,134.80,0.6377,-1,-1,-1
41,79,1077.80,110.50,25.30,88.30,0.2394,-1,-1,-1
41,137,1093.80,104.50,29.10,95.60,0.1541,-1,-1,-1
41,83,1358.40,118.70,58.70,156.60,0.8271,-1,-1,-1
41,136,681.20,132.40,96.00,148.60,0.8169,-1,-1,-1
41,82,1012.20,107.10,29.60,86.80,0.5957,-1,-1,-1
41,120,1195.10,104.50,26.50,83.70,0.5630,-1,-1,-1
41,62,1418.50,121.20,72.70,186.40,0.8193,-1,-1,-1
41,5,559.20,148.70,64.70,131.80,0.8159,-1,-1,-1
41,24,757.70,121.40,31.10,95.50,0.5234,-1,-1,-1
41,34,1120.90,97.30,24.20,70.20,0.3694,-1,-1,-1
41,103,1635.60,186.00,78.90,183.80,0.8423,-1,-1,-1
41,1,1105.90,101.50,29.50,92.70,0.5815,-1,-1,-1
41,39,1082.70,109.70,31.30,94.40,0.2837,-1,-1,-1
41,64,914.50,174.70,59.00,67.70,0.4426,-1,-1,-1
41,27,1266.70,106.20,52.30,137.70,0.8296,-1,-1,-1
41,3,1161.50,108.50,34.60,87.20,0.6177,-1,-1,-1
41,148,1216.60,112.70,48.20,131.70,0.7178,-1,-1,-1
42,6,127.30,145.20,49.70,134.90,0.8335,-1,-1,-1
42,45,981.20,119.80,32.50,88.60,0.7241,-1,-1,-1
42,26,649.30,114.80,38.00,114.00,0.7607,-1,-1,-1
42,22,432.00,245.80,72.70,91.90,0.6030,-1,-1,-1
42,21,497.80,234.40,73.00,88.10,0.6084,-1,-1,-1
42,28,1755.20,126.20,86.70,169.50,0.8750,-1,-1,-1
42,52,490.60,111.10,30.20,63.70,0.5591,-1,-1,-1
42,81,954.60,110.60,34.30,83.20,0.6826,-1,-1,-1
42,147,1299.20,84.60,27.00,75.20,0.2437,-1,-1,-1
42,13,1473.20,167.20,58.30,139.60,0.8472,-1,-1,-1
42,72,1438.80,126.30,44.50,125.60,0.7788,-1,-1,-1
42,7,1128.70,103.10,39.10,101.80,0.8062,-1,-1,-1
42,35,1296.70,112.90,56.00,128.20,0.8540,-1,-1,-1
42,12,1060.40,104.90,29.30,92.90,0.8101,-1,-1,-1
42,125,486.80,151.70,41.20,116.70,0.5547,-1,-1,-1
42,83,1335.80,117.10,56.60,151.50,0.8159,-1,-1,-1
42,136,694.80,122.10,87.40,142.40,0.5254,-1,-1,-1
42,82,1009.20,109.00,29.40,85.10,0.6953,-1,-1,-1
42,62,1395.30,116.70,72.40,187.10,0.8320,-1,-1,-1
42,24,755.60,116.80,33.00,101.70,0.2681,-1,-1,-1
42,34,1122.60,96.00,22.10,64.30,0.2200,-1,-1,-1
42,103,1611.30,181.90,76.40,177.90,0.8931,-1,-1,-1
42,132,520.70,153.90,59.30,132.20,0.7920,-1,-1,-1
42,1,1253.50,83.00,35.30,99.20,0.8110,-1,-1,-1
42,39,1081.00,112.50,31.90,95.70,0.7832,-1,-1,-1
42,64,909.80,173.60,62.30,69.30,0.6040,-1,-1,-1
42,3,1150.10,109.00,33.40,87.00,0.7051,-1,-1,-1
42,148,1202.20,112.70,48.40,129.80,0.8140,-1,-1,-1
42,36,674.30,145.90,58.40,139.30,0.7773,-1,-1,-1
42,11,700.20,115.40,41.20,117.30,0.6655,-1,-1,-1
43,6,127.20,145.10,49.90,135.30,0.8457,-1,-1,-1
43,45,983.60,110.90,29.70,81.40,0.6885,-1,-1,-1
43,26,648.90,115.90,36.70,110.00,0.7832,-1,-1,-1
43,22,432.60,246.90,72.00,90.90,0.2798,-1,-1,-1
43,21,497.20,233.90,73.60,88.80,0.4426,-1,-1,-1
43,28,1753.80,126.20,87.30,168.70,0.8145,-1,-1,-1
43,52,491.10,111.10,31.00,62.70,0.4524,-1,-1,-1
43,81,958.10,116.80,35.90,85.90,0.4863,-1,-1,-1
43,147,1298.70,85.00,29.30,82.10,0.1624,-1,-1,-1
43,72,1428.60,117.60,58.70,165.30,0.7256,-1,-1,-1
43,35,1289.10,113.30,56.50,133.80,0.3867,-1,-1,-1
43,12,1059.20,105.00,29.50,93.40,0.7695,-1,-1,-1
43,125,490.00,150.70,40.90,113.80,0.6084,-1,-1,-1
43,83,1314.40,116.30,54.40,145.60,0.7568,-1,-1,-1
43,82,1006.80,109.00,30.80,87.30,0.8369,-1,-1,-1
43,62,1371.00,117.80,69.30,179.50,0.7251,-1,-1,-1
43,24,757.60,121.80,31.90,98.40,0.7598,-1,-1,-1
43,1,1247.70,87.90,33.70,92.20,0.8037,-1,-1,-1
43,39,1076.70,112.30,33.60,98.80,0.7432,-1,-1,-1
43,64,908.50,173.60,64.70,69.80,0.6133,-1,-1,-1
43,3,1132.30,103.40,36.60,95.00,0.8115,-1,-1,-1
43,130,1532.20,157.70,74.80,177.60,0.7446,-1,-1,-1
43,36,667.90,152.00,57.00,137.50,0.7441,-1,-1,-1
43,11,707.30,111.00,40.90,117.30,0.6548,-1,-1,-1
43,151,1111.60,103.10,27.10,86.40,0.5166,-1,-1,-1
43,25,740.40,201.60,54.70,73.70,0.5186,-1,-1,-1
43,120,1182.10,108.00,37.60,117.30,0.7983,-1,-1,-1
44,6,127.40,145.10,49.90,135.60,0.8467,-1,-1,-1
44,45,977.00,107.70,29.80,82.50,0.6836,-1,-1,-1
44,26,646.50,115.20,34.30,101.70,0.1255,-1,-1,-1
44,21,496.00,232.80,74.30,89.90,0.5820,-1,-1,-1
44,28,1753.40,127.90,87.30,166.70,0.8643,-1,-1,-1
44,52,489.80,109.30,33.70,66.40,0.6836,-1,-1,-1
44,81,957.80,115.60,33.60,81.80,0.3999,-1,-1,-1
44,72,1411.30,141.90,52.30,143.40,0.6958,-1,-1,-1
44,12,1059.00,105.40,29.20,92.20,0.6436,-1,-1,-1
44,125,490.60,150.30,41.50,113.90,0.6450,-1,-1,-1
44,83,1295.80,114.30,53.50,142.50,0.7822,-1,-1,-1
44,82,1005.00,109.40,31.20,86.60,0.8193,-1,-1,-1
44,62,1347.30,138.20,59.70,151.60,0.7217,-1,-1,-1
44,24,756.40,123.10,31.70,97.30,0.5938,-1,-1,-1
44,39,1071.80,118.80,33.10,94.20,0.7910,-1,-1,-1
44,64,908.40,173.30,67.00,69.70,0.6289,-1,-1,-1
44,3,1124.40,102.30,37.40,97.50,0.8408,-1,-1,-1
44,1,1241.90,88.80,33.40,91.20,0.7871,-1,-1,-1
44,130,1523.40,163.10,70.70,167.80,0.6836,-1,-1,-1
44,36,653.20,155.70,57.70,139.20,0.8267,-1,-1,-1
44,11,705.90,113.90,40.30,113.90,0.7266,-1,-1,-1
44,44,1341.60,118.90,37.20,132.50,0.4951,-1,-1,-1
44,140,1151.20,108.20,22.60,82.00,0.4321,-1,-1,-1
44,73,1423.50,115.00,43.20,131.10,0.4216,-1,-1,-1
44,25,741.20,205.50,54.80,69.90,0.2194,-1,-1,-1
44,120,1169.90,108.90,39.30,120.20,0.7476,-1,-1,-1
44,10,1266.20,108.80,26.10,66.70,0.4717,-1,-1,-1
44,13,1459.00,165.40,64.00,154.90,0.8350,-1,-1,-1
44,7,1112.60,101.70,32.40,86.90,0.5342,-1,-1,-1
45,6,127.80,144.70,50.10,136.10,0.8579,-1,-1,-1
45,45,973.30,108.90,27.70,78.60,0.2095,-1,-1,-1
45,26,647.50,113.40,36.30,108.50,0.4619,-1,-1,-1
45,21,496.20,231.10,75.70,92.10,0.7690,-1,-1,-1
45,28,1753.20,128.90,87.30,165.50,0.8320,-1,-1,-1
45,52,489.30,108.50,35.30,68.10,0.5303,-1,-1,-1
45,81,960.00,112.00,34.10,83.70,0.6670,-1,-1,-1
45,72,1389.20,147.10,48.80,132.70,0.8140,-1,-1,-1
45,12,1059.00,105.70,29.00,92.10,0.6772,-1,-1,-1
45,125,488.30,149.50,47.10,128.80,0.6875,-1,-1,-1
45,83,1280.40,109.90,52.00,139.90,0.7690,-1,-1,-1
45,82,1002.30,110.60,31.40,85.60,0.7900,-1,-1,-1
45,62,1318.00,121.30,63.30,161.50,0.8003,-1,-1,-1
45,24,757.40,115.30,33.20,101.90,0.7241,-1,-1,-1
45,39,1072.70,118.90,33.60,93.60,0.7544,-1,-1,-1
45,64,909.80,175.10,67.10,67.20,0.3132,-1,-1,-1
45,3,1118.70,106.00,36.50,94.90,0.8027,-1,-1,-1
45,1,1240.30,88.20,33.30,90.70,0.7515,-1,-1,-1
45,130,1491.50,162.10,67.20,159.90,0.7178,-1,-1,-1
45,11,704.30,115.60,40.20,112.20,0.7744,-1,-1,-1
45,44,1353.80,116.60,33.80,119.80,0.7500,-1,-1,-1
45,140,1153.00,103.90,30.80,111.60,0.6636,-1,-1,-1
45,73,1419.80,121.60,43.90,133.60,0.5669,-1,-1,-1
45,25,739.50,205.10,56.80,70.60,0.4446,-1,-1,-1
45,160,1190.20,102.90,23.20,78.20,0.7251,-1,-1,-1
45,161,725.40,113.10,27.90,108.30,0.4504,-1,-1,-1
45,10,1263.60,118.60,22.40,56.10,0.1877,-1,-1,-1
45,13,1437.20,162.20,65.50,160.30,0.8315,-1,-1,-1
45,123,1351.60,264.60,131.70,306.90,0.7642,-1,-1,-1
45,116,676.40,110.40,30.00,107.50,0.5581,-1,-1,-1
45,2,1725.80,330.10,182.00,418.30,0.8608,-1,-1,-1
45,22,434.40,245.80,73.30,91.60,0.6548,-1,-1,-1
46,6,128.40,144.60,50.10,136.30,0.8643,-1,-1,-1
46,26,647.20,113.60,37.20,111.40,0.7593,-1,-1,-1
46,21,494.80,230.90,76.30,93.40,0.7534,-1,-1,-1
46,28,1752.70,127.30,88.20,167.00,0.8267,-1,-1,-1
46,52,489.80,109.30,35.50,67.30,0.4158,-1,-1,-1
46,81,959.80,110.30,35.20,87.10,0.7690,-1,-1,-1
46,72,1502.90,110.00,41.00,100.50,0.8174,-1,-1,-1
46,12,1060.50,105.10,29.90,93.90,0.7847,-1,-1,-1
46,125,487.40,149.50,49.30,134.60,0.7402,-1,-1,-1
46,83,1264.80,113.70,48.10,130.40,0.7788,-1,-1,-1
46,82,999.20,111.60,31.70,84.80,0.7432,-1,-1,-1
46,62,1296.50,131.70,57.60,146.20,0.7798,-1,-1,-1
46,24,758.90,113.10,32.50,100.50,0.6372,-1,-1,-1
46,39,1071.70,111.90,31.60,90.90,0.1733,-1,-1,-1
46,64,907.00,175.20,70.00,68.80,0.5059,-1,-1,-1
46,3,1114.00,111.40,34.60,91.50,0.8335,-1,-1,-1
46,1,1235.60,92.90,31.70,87.10,0.6123,-1,-1,-1
46,11,704.40,114.40,41.30,113.30,0.7725,-1,-1,-1
46,44,1347.20,113.10,32.20,113.40,0.7363,-1,-1,-1
46,140,1147.30,102.70,33.40,120.00,0.8491,-1,-1,-1
46,73,1409.50,149.60,49.60,150.40,0.6870,-1,-1,-1
46,25,739.50,206.80,57.30,69.20,0.3208,-1,-1,-1
46,160,1187.90,102.90,22.70,76.00,0.7441,-1,-1,-1
46,161,726.90,112.90,28.00,109.00,0.3577,-1,-1,-1
46,10,1257.40,112.00,24.90,63.30,0.1394,-1,-1,-1
46,13,1441.70,158.50,64.10,157.40,0.7295,-1,-1,-1
46,111,931.10,124.20,24.20,68.40,0.4609,-1,-1,-1
46,116,673.40,110.70,30.70,108.50,0.5508,-1,-1,-1
46,2,1672.70,365.40,190.00,437.10,0.8760,-1,-1,-1
46,22,433.60,244.90,74.00,92.60,0.6636,-1,-1,-1
46,138,1834.10,168.10,59.00,226.70,0.8574,-1,-1,-1
46,79,1086.60,117.70,27.60,91.50,0.8237,-1,-1,-1
46,5,581.20,166.50,66.50,137.10,0.7583,-1,-1,-1
47,6,128.60,144.50,50.10,136.40,0.8589,-1,-1,-1
47,26,647.60,113.60,37.60,112.70,0.7461,-1,-1,-1
47,21,496.80,232.10,74.50,91.50,0.7378,-1,-1,-1
47,28,1736.20,128.30,121.30,237.30,0.8252,-1,-1,-1
47,52,488.70,109.00,37.10,69.10,0.6011,-1,-1,-1
47,81,959.60,109.90,34.90,87.20,0.7925,-1,-1,-1
47,72,1331.80,140.90,48.20,129.20,0.7866,-1,-1,-1
47,12,1061.90,104.30,30.70,95.20,0.7559,-1,-1,-1
47,125,486.20,149.30,50.30,137.20,0.7505,-1,-1,-1
47,83,1248.50,108.80,48.40,133.70,0.6450,-1,-1,-1
47,82,997.60,110.90,32.80,85.80,0.7529,-1,-1,-1
47,62,1286.80,116.90,52.00,133.90,0.7041,-1,-1,-1
47,24,761.10,113.30,28.80,88.50,0.3943,-1,-1,-1
47,39,1072.60,108.50,30.50,91.20,0.2247,-1,-1,-1
47,64,904.90,175.10,71.30,69.10,0.4197,-1,-1,-1
47,3,1111.30,115.60,31.80,86.60,0.7026,-1,-1,-1
47,1,1232.60,93.40,32.70,92.50,0.1389,-1,-1,-1
47,11,708.00,113.30,42.00,113.90,0.7080,-1,-1,-1
47,140,1140.10,99.00,33.90,120.90,0.7778,-1,-1,-1
47,73,1385.60,152.60,51.70,155.70,0.8613,-1,-1,-1
47,25,738.60,205.30,59.50,70.50,0.3115,-1,-1,-1
47,160,1189.20,105.00,20.80,68.80,0.5137,-1,-1,-1
47,161,729.80,115.00,27.30,105.90,0.1404,-1,-1,-1
47,13,1427.10,156.30,62.00,152.30,0.8276,-1,-1,-1
47,111,925.20,124.60,24.90,70.00,0.3914,-1,-1,-1
47,116,672.10,112.10,30.10,105.90,0.5391,-1,-1,-1
47,22,432.70,244.10,74.50,93.40,0.7031,-1,-1,-1
47,138,1840.40,149.80,63.20,231.20,0.8530,-1,-1,-1
47,79,1090.70,114.30,29.20,94.90,0.8174,-1,-1,-1
47,5,567.00,161.20,69.30,145.00,0.7305,-1,-1,-1
47,95,1212.10,103.50,30.10,82.50,0.3191,-1,-1,-1
47,14,696.50,120.70,32.10,99.90,0.4600,-1,-1,-1
47,149,1258.10,128.80,53.70,143.20,0.7002,-1,-1,-1
47,132,538.20,143.80,59.70,135.00,0.6270,-1,-1,-1
48,6,128.30,144.70,49.90,136.20,0.8623,-1,-1,-1
48,26,648.50,113.40,37.20,113.00,0.7622,-1,-1,-1
48,21,497.10,232.60,74.70,92.00,0.6123,-1,-1,-1
48,28,1746.80,128.90,110.50,221.40,0.7104,-1,-1,-1
48,52,488.20,112.00,34.90,64.10,0.4197,-1,-1,-1
48,81,959.60,109.90,34.50,87.40,0.7910,-1,-1,-1
48,72,1461.30,111.70,44.20,109.50,0.8154,-1,-1,-1
48,12,1062.00,106.60,29.90,92.70,0.7471,-1,-1,-1
48,125,484.90,149.10,54.30,147.30,0.7471,-1,-1,-1
48,82,997.90,111.00,33.50,85.90,0.8091,-1,-1,-1
48,62,1272.00,110.80,48.00,124.40,0.6860,-1,-1,-1
48,24,761.60,113.20,28.10,86.70,0.5601,-1,-1,-1
48,39,1073.90,108.40,28.20,87.40,0.2186,-1,-1,-1
48,64,906.70,175.10,71.60,67.60,0.4177,-1,-1,-1
48,11,714.50,117.10,40.90,110.70,0.7671,-1,-1,-1
48,140,1134.10,102.90,32.00,112.00,0.7612,-1,-1,-1
48,73,1390.80,154.70,50.30,149.90,0.7861,-1,-1,-1
48,25,738.50,207.20,59.10,68.50,0.1353,-1,-1,-1
48,160,1189.40,105.30,20.80,68.60,0.6060,-1,-1,-1
48,13,1418.60,140.10,62.00,156.20,0.7695,-1,-1,-1
48,111,923.10,127.40,23.00,64.60,0.1074,-1,-1,-1
48,116,672.50,111.00,30.10,105.80,0.5068,-1,-1,-1
48,22,432.30,244.80,73.70,92.50,0.6841,-1,-1,-1
48,138,1826.80,153.30,64.00,221.20,0.7949,-1,-1,-1
48,79,1094.20,113.70,29.50,94.50,0.8057,-1,-1,-1
48,95,1209.90,107.70,29.30,77.90,0.1101,-1,-1,-1
48,14,699.30,117.70,33.70,104.90,0.7339,-1,-1,-1
48,132,547.00,161.40,60.60,138.30,0.7456,-1,-1,-1
48,33,1705.20,172.30,93.30,215.40,0.8911,-1,-1,-1
48,35,1217.50,114.30,64.40,150.70,0.8511,-1,-1,-1
49,6,127.70,145.00,50.50,138.40,0.6689,-1,-1,-1
49,26,648.10,113.70,37.10,112.50,0.7583,-1,-1,-1
49,28,1747.90,142.90,109.60,223.60,0.8862,-1,-1,-1
49,52,487.20,108.40,37.70,68.90,0.4504,-1,-1,-1
49,81,959.70,109.80,34.10,87.40,0.8101,-1,-1,-1
49,72,1437.40,112.20,45.60,113.00,0.8203,-1,-1,-1
49,12,1062.90,107.50,29.90,91.40,0.6279,-1,-1,-1
49,125,482.70,149.20,57.30,156.90,0.7788,-1,-1,-1
49,82,996.00,109.40,33.90,87.60,0.7256,-1,-1,-1
49,62,1266.50,103.30,45.70,119.50,0.1545,-1,-1,-1
49,24,745.00,123.30,29.60,96.90,0.3523,-1,-1,-1
49,39,1072.00,109.10,28.30,88.10,0.3459,-1,-1,-1
49,64,910.30,175.20,71.00,66.40,0.4756,-1,-1,-1
49,11,714.30,117.40,41.40,111.40,0.7646,-1,-1,-1
49,140,1128.10,101.90,30.60,106.20,0.7339,-1,-1,-1
49,73,1380.70,151.30,49.10,145.10,0.7769,-1,-1,-1
49,25,738.10,209.40,58.40,66.20,0.1705,-1,-1,-1
49,160,1188.60,104.20,21.40,69.90,0.6362,-1,-1,-1
49,13,1401.30,131.90,59.40,153.10,0.5410,-1,-1,-1
49,111,921.90,122.50,24.00,66.90,0.1394,-1,-1,-1
49,116,673.00,111.00,30.30,106.90,0.4331,-1,-1,-1
49,79,1097.80,114.60,28.80,91.30,0.7661,-1,-1,-1
49,14,699.80,117.90,33.10,104.40,0.5767,-1,-1,-1
49,33,1718.20,174.50,75.30,176.90,0.7686,-1,-1,-1
49,35,1197.40,98.90,69.00,164.80,0.7939,-1,-1,-1
49,103,1584.70,135.50,68.50,159.20,0.6992,-1,-1,-1
49,149,1258.00,107.60,57.10,154.20,0.7642,-1,-1,-1
50,6,127.40,145.20,50.30,137.70,0.7964,-1,-1,-1
50,26,648.20,113.90,37.00,112.40,0.7319,-1,-1,-1
50,28,1759.00,136.80,91.80,189.30,0.8184,-1,-1,-1
50,52,487.30,108.10,37.80,68.70,0.3701,-1,-1,-1
50,81,960.00,109.20,33.50,86.80,0.7471,-1,-1,-1
50,72,1416.40,112.30,45.70,114.10,0.8184,-1,-1,-1
50,12,1062.40,108.30,29.60,90.00,0.7192,-1,-1,-1
50,125,480.40,149.40,60.30,167.10,0.7202,-1,-1,-1
50,82,995.50,109.30,33.70,88.00,0.7139,-1,-1,-1
50,62,1250.70,103.90,43.60,117.10,0.4834,-1,-1,-1
50,24,763.00,112.30,26.30,81.30,0.4282,-1,-1,-1
50,64,908.90,175.20,72.40,67.00,0.5283,-1,-1,-1
50,11,710.60,115.90,42.30,112.40,0.7153,-1,-1,-1
50,140,1121.10,103.20,29.50,101.40,0.7578,-1,-1,-1
50,73,1363.00,149.30,47.20,138.30,0.7100,-1,-1,-1
50,25,737.70,209.90,58.80,65.40,0.1299,-1,-1,-1
50,160,1191.20,103.80,15.90,49.60,0.1371,-1,-1,-1
50,13,1384.70,126.80,57.30,151.20,0.7280,-1,-1,-1
50,111,918.40,119.60,25.30,70.70,0.1124,-1,-1,-1
50,116,672.70,111.10,30.40,107.20,0.4397,-1,-1,-1
50,79,1100.40,113.40,28.00,89.80,0.5747,-1,-1,-1
50,14,699.30,118.40,32.20,103.60,0.4504,-1,-1,-1
50,33,1706.30,163.90,82.10,193.40,0.8286,-1,-1,-1
50,149,1267.30,100.30,45.80,125.80,0.7080,-1,-1,-1
50,27,1141.00,97.60,38.00,100.90,0.7832,-1,-1,-1
50,148,1178.80,109.70,54.60,147.30,0.7637,-1,-1,-1
50,1,1078.80,111.70,24.90,81.50,0.3611,-1,-1,-1
50,44,1353.40,108.20,28.70,98.80,0.3684,-1,-1,-1
50,83,1206.90,102.30,41.90,118.70,0.5537,-1,-1,-1
50,21,488.90,180.00,108.40,140.90,0.6069,-1,-1,-1
51,28,985.50,8.60,108.00,312.60,0.9165,-1,-1,-1
51,29,850.50,8.60,132.00,399.00,0.9126,-1,-1,-1
51,2,1204.50,5.20,108.00,322.90,0.8970,-1,-1,-1
51,13,1329.00,19.90,132.00,338.60,0.8716,-1,-1,-1
51,88,1524.00,16.10,111.00,189.80,0.8643,-1,-1,-1
51,5,640.90,26.80,87.00,228.60,0.8506,-1,-1,-1
51,1,1696.50,0.00,132.00,253.30,0.8330,-1,-1,-1
51,30,719.20,15.00,96.00,283.30,0.8262,-1,-1,-1
51,3,1084.50,17.60,93.00,296.30,0.8057,-1,-1,-1
51,18,573.00,15.80,93.00,284.20,0.7886,-1,-1,-1
51,31,804.80,23.60,82.40,273.00,0.7852,-1,-1,-1
51,32,1374.00,66.40,190.50,429.00,0.7852,-1,-1,-1
51,33,399.80,15.60,115.40,326.20,0.7769,-1,-1,-1
51,34,1113.00,28.10,138.00,378.40,0.6826,-1,-1,-1
51,35,919.50,20.20,69.00,277.60,0.6143,-1,-1,-1
51,127,1155.00,7.00,63.00,70.10,0.5840,-1,-1,-1
51,44,1434.00,2.20,76.50,129.00,0.5498,-1,-1,-1
51,36,457.50,1.30,79.50,124.50,0.4912,-1,-1,-1
51,37,490.50,0.60,72.00,116.60,0.3674,-1,-1,-1
51,103,1854.00,24.40,66.00,640.10,0.3540,-1,-1,-1
51,6,1335.80,0.00,37.40,96.20,0.2622,-1,-1,-1
52,28,990.60,13.30,113.50,327.90,0.8965,-1,-1,-1
52,29,878.20,22.10,107.90,327.40,0.7861,-1,-1,-1
52,2,1214.40,22.80,116.90,349.90,0.6909,-1,-1,-1
52,88,1551.70,12.40,105.10,180.50,0.8887,-1,-1,-1
52,5,641.00,24.20,88.70,233.30,0.8145,-1,-1,-1
52,1,1696.70,0.00,134.20,257.70,0.8789,-1,-1,-1
52,30,721.30,14.30,96.10,284.20,0.8433,-1,-1,-1
52,3,1099.50,15.00,99.40,316.40,0.9229,-1,-1,-1
52,18,576.30,16.70,92.90,284.10,0.8130,-1,-1,-1
52,31,797.20,6.40,122.40,403.80,0.8872,-1,-1,-1
52,32,1389.00,55.60,219.10,494.10,0.6260,-1,-1,-1
52,33,409.20,12.10,121.30,342.20,0.4600,-1,-1,-1
52,34,1162.20,14.10,125.50,345.50,0.6841,-1,-1,-1
52,35,911.70,9.50,74.20,298.20,0.4082,-1,-1,-1
52,44,1434.70,6.20,68.60,113.80,0.1624,-1,-1,-1
52,36,470.90,0.50,75.40,117.80,0.3218,-1,-1,-1
52,37,488.10,2.20,72.20,117.00,0.1608,-1,-1,-1
53,28,988.20,18.00,118.70,342.40,0.9136,-1,-1,-1
53,29,863.80,31.80,109.00,331.60,0.8740,-1,-1,-1
53,2,1223.80,14.90,100.80,304.00,0.7983,-1,-1,-1
53,5,633.40,24.50,90.30,238.30,0.8706,-1,-1,-1
53,1,1696.60,0.00,130.20,248.90,0.8950,-1,-1,-1
53,30,716.40,3.70,142.60,423.30,0.7930,-1,-1,-1
53,3,1093.70,15.50,103.70,330.60,0.8862,-1,-1,-1
53,18,578.30,19.80,92.40,281.60,0.8193,-1,-1,-1
53,31,804.90,24.30,102.60,340.40,0.7734,-1,-1,-1
53,32,1437.30,76.80,246.50,556.60,0.6011,-1,-1,-1
53,33,426.90,29.30,116.60,328.30,0.9053,-1,-1,-1
53,34,1163.50,14.90,132.50,366.00,0.8491,-1,-1,-1
53,35,904.90,5.80,76.90,307.10,0.7295,-1,-1,-1
53,36,477.30,1.60,69.50,107.90,0.2744,-1,-1,-1
53,37,490.20,4.00,69.00,112.30,0.1790,-1,-1,-1
53,13,1310.90,23.90,132.10,339.60,0.9082,-1,-1,-1
54,28,973.20,19.30,126.30,364.60,0.9092,-1,-1,-1
54,29,834.30,38.20,114.10,346.00,0.8989,-1,-1,-1
54,2,1244.60,10.60,102.60,309.90,0.8203,-1,-1,-1
54,30,662.50,0.40,159.60,472.50,0.7310,-1,-1,-1
54,3,1084.60,23.70,108.80,346.70,0.9072,-1,-1,-1
54,18,576.80,21.90,89.40,273.30,0.8486,-1,-1,-1
54,31,776.70,34.80,94.40,314.70,0.8223,-1,-1,-1
54,32,1521.10,99.50,279.10,632.50,0.8643,-1,-1,-1
54,33,429.30,32.90,116.00,327.40,0.7583,-1,-1,-1
54,34,1153.90,16.30,147.00,404.80,0.8608,-1,-1,-1
54,35,903.90,6.10,82.10,326.00,0.8818,-1,-1,-1
54,36,482.00,2.10,71.90,112.30,0.2487,-1,-1,-1
54,59,1455.00,5.80,164.10,405.20,0.7646,-1,-1,-1
54,86,1523.30,44.30,164.60,410.20,0.7705,-1,-1,-1
55,28,963.40,17.20,135.00,388.60,0.8970,-1,-1,-1
55,29,800.00,37.40,122.20,369.90,0.9038,-1,-1,-1
55,30,592.40,8.40,170.10,495.30,0.8423,-1,-1,-1
55,3,1086.50,32.10,116.30,369.40,0.8521,-1,-1,-1
55,31,733.60,39.10,94.50,314.60,0.8457,-1,-1,-1
55,32,1599.80,132.70,320.20,791.30,0.8154,-1,-1,-1
55,33,429.50,34.70,115.70,327.00,0.8076,-1,-1,-1
55,34,1169.50,22.60,162.80,447.70,0.8730,-1,-1,-1
55,35,889.40,7.90,87.00,341.10,0.8872,-1,-1,-1
55,36,478.80,0.70,70.90,111.30,0.1101,-1,-1,-1
55,59,1445.40,10.30,175.90,434.70,0.9204,-1,-1,-1
55,86,1561.10,32.00,190.60,474.30,0.9185,-1,-1,-1
55,5,630.90,33.30,93.00,246.40,0.7744,-1,-1,-1
55,1,1714.10,1.70,130.80,251.30,0.8442,-1,-1,-1
55,13,1289.30,14.00,127.00,331.20,0.7944,-1,-1,-1
56,28,940.30,21.40,141.80,409.00,0.9175,-1,-1,-1
56,29,769.20,41.10,127.70,384.70,0.9087,-1,-1,-1
56,3,1082.80,34.70,123.80,389.70,0.9380,-1,-1,-1
56,31,688.20,43.60,100.40,329.30,0.9014,-1,-1,-1
56,33,436.90,25.00,164.40,462.70,0.9043,-1,-1,-1
56,34,1220.70,24.40,185.60,507.60,0.8950,-1,-1,-1
56,35,869.30,14.70,92.90,361.60,0.8389,-1,-1,-1
56,36,479.80,1.00,69.10,108.00,0.2974,-1,-1,-1
56,59,1436.50,12.10,192.30,474.30,0.8984,-1,-1,-1
56,86,1629.00,28.00,217.70,540.70,0.9321,-1,-1,-1
56,64,1663.90,3.80,85.60,122.60,0.7671,-1,-1,-1
56,5,618.90,34.50,93.10,251.10,0.5820,-1,-1,-1
56,88,1562.10,13.40,168.50,296.30,0.8672,-1,-1,-1
56,18,582.10,23.10,88.80,270.30,0.7661,-1,-1,-1
57,28,913.10,26.90,152.60,441.50,0.9053,-1,-1,-1
57,29,733.80,48.10,133.80,402.10,0.8999,-1,-1,-1
57,3,1087.90,33.80,135.40,421.90,0.9380,-1,-1,-1
57,31,646.30,49.40,105.70,345.00,0.8843,-1,-1,-1
57,33,435.70,31.50,138.20,392.80,0.7612,-1,-1,-1
57,34,1288.20,18.50,210.70,574.20,0.8882,-1,-1,-1
57,35,846.90,15.10,98.30,379.00,0.8682,-1,-1,-1
57,36,478.20,0.30,72.20,112.00,0.4648,-1,-1,-1
57,59,1442.00,14.70,217.00,538.70,0.7671,-1,-1,-1
57,86,1688.20,33.50,231.80,606.30,0.9160,-1,-1,-1
57,88,1599.70,8.70,175.10,311.10,0.8511,-1,-1,-1
57,18,578.30,22.20,89.10,272.70,0.7456,-1,-1,-1
57,6,1344.90,3.60,41.40,103.00,0.3923,-1,-1,-1
58,28,884.10,32.90,160.40,460.70,0.8716,-1,-1,-1
58,29,694.10,53.80,144.60,430.70,0.8799,-1,-1,-1
58,3,1071.30,36.80,146.10,448.70,0.8882,-1,-1,-1
58,31,613.60,47.80,111.80,364.10,0.8687,-1,-1,-1
58,33,421.60,33.60,125.40,352.80,0.8110,-1,-1,-1
58,35,819.50,13.50,105.10,398.20,0.8394,-1,-1,-1
58,36,478.30,0.00,74.00,113.60,0.5264,-1,-1,-1
58,59,1396.60,23.30,261.60,648.40,0.9175,-1,-1,-1
58,88,1529.90,11.80,289.90,529.20,0.8608,-1,-1,-1
58,18,571.30,21.00,89.20,275.70,0.6177,-1,-1,-1
58,7,192.70,13.70,236.90,557.30,0.9312,-1,-1,-1
58,110,1002.70,19.80,79.60,264.90,0.8652,-1,-1,-1
58,77,729.30,17.20,70.00,113.30,0.6792,-1,-1,-1
58,103,1835.70,75.20,72.90,688.70,0.7563,-1,-1,-1
58,44,1448.70,0.50,66.10,112.10,0.7969,-1,-1,-1
58,1,1724.90,10.00,146.10,282.90,0.8809,-1,-1,-1
59,28,844.30,33.20,170.50,488.60,0.9038,-1,-1,-1
59,29,654.10,56.10,155.90,457.70,0.8970,-1,-1,-1
59,3,1057.20,39.50,163.20,497.70,0.8765,-1,-1,-1
59,31,567.10,52.30,115.70,378.50,0.7622,-1,-1,-1
59,33,417.30,34.60,120.60,336.50,0.7969,-1,-1,-1
59,35,793.90,20.10,106.20,404.90,0.2095,-1,-1,-1
59,36,476.90,0.40,75.40,114.90,0.6440,-1,-1,-1
59,59,1423.40,28.30,320.90,795.90,0.9102,-1,-1,-1
59,7,100.80,33.50,256.40,605.10,0.8931,-1,-1,-1
59,110,1014.80,22.80,83.70,277.70,0.8818,-1,-1,-1
59,77,729.90,18.20,83.30,135.30,0.6494,-1,-1,-1
59,62,1415.10,3.30,43.80,98.40,0.8027,-1,-1,-1
59,97,634.80,30.80,82.10,97.10,0.6494,-1,-1,-1
59,44,1447.20,0.40,57.70,98.10,0.6792,-1,-1,-1
59,1,1779.80,9.10,139.30,276.30,0.8433,-1,-1,-1
60,28,799.50,40.70,185.70,533.80,0.9131,-1,-1,-1
60,29,590.50,56.60,168.40,492.90,0.8789,-1,-1,-1
60,3,1028.80,53.60,175.40,529.50,0.9194,-1,-1,-1
60,31,513.20,57.70,122.60,401.10,0.7705,-1,-1,-1
60,33,416.30,36.00,119.30,329.60,0.8135,-1,-1,-1
60,59,1474.20,34.30,376.40,930.60,0.8491,-1,-1,-1
60,7,15.20,31.30,269.60,637.80,0.8960,-1,-1,-1
60,62,1429.70,3.80,42.40,95.20,0.8037,-1,-1,-1
60,97,632.30,34.80,90.40,107.60,0.7529,-1,-1,-1
60,44,1467.10,0.00,52.80,90.90,0.7324,-1,-1,-1
60,123,852.90,9.80,97.20,106.80,0.7520,-1,-1,-1
60,82,1576.60,0.00,38.80,88.80,0.6143,-1,-1,-1
60,32,733.50,21.80,67.80,274.30,0.4321,-1,-1,-1
60,127,1134.00,0.00,97.60,113.40,0.3840,-1,-1,-1
60,64,1680.60,0.20,93.00,135.00,0.5718,-1,-1,-1
60,103,1848.00,52.10,65.90,616.00,0.6333,-1,-1,-1
61,28,747.20,52.00,199.70,574.80,0.8765,-1,-1,-1
61,29,533.00,68.50,181.60,531.10,0.8970,-1,-1,-1
61,3,979.20,60.80,196.00,586.80,0.9380,-1,-1,-1
61,33,408.10,39.10,152.90,430.50,0.7754,-1,-1,-1
61,59,1550.90,55.10,369.10,993.00,0.4648,-1,-1,-1
61,7,0.00,46.80,235.70,650.80,0.8340,-1,-1,-1
61,97,603.40,36.30,147.20,178.10,0.7637,-1,-1,-1
61,44,1457.50,1.70,53.30,92.30,0.7993,-1,-1,-1
61,123,821.80,14.70,185.30,206.20,0.7114,-1,-1,-1
61,82,1579.50,0.00,37.60,86.20,0.5205,-1,-1,-1
61,32,716.10,38.70,63.70,257.20,0.6299,-1,-1,-1
61,96,1665.10,0.00,47.80,100.40,0.8188,-1,-1,-1
61,64,1684.30,0.00,147.60,218.60,0.8398,-1,-1,-1
61,5,607.40,25.40,61.40,161.50,0.6860,-1,-1,-1
61,36,474.60,1.40,73.90,111.20,0.5898,-1,-1,-1
62,28,674.90,59.10,217.00,624.50,0.8530,-1,-1,-1
62,3,929.80,66.90,213.50,633.80,0.9243,-1,-1,-1
62,33,375.40,56.10,151.00,434.80,0.6885,-1,-1,-1
62,44,1464.90,1.40,52.80,91.60,0.7852,-1,-1,-1
62,82,1580.10,0.00,42.70,97.80,0.7822,-1,-1,-1
62,64,1687.70,0.30,161.80,245.40,0.8555,-1,-1,-1
62,132,402.30,1.10,68.70,75.00,0.6558,-1,-1,-1
62,115,1798.00,0.00,70.00,119.70,0.7612,-1,-1,-1
62,36,475.40,2.50,69.20,102.50,0.6816,-1,-1,-1
62,30,440.00,89.30,189.60,546.60,0.8882,-1,-1,-1
62,6,1359.80,0.50,36.70,90.10,0.4824,-1,-1,-1
62,18,580.50,23.20,85.90,272.80,0.7100,-1,-1,-1
62,35,752.10,6.80,109.20,410.70,0.4272,-1,-1,-1
62,110,1067.60,29.90,105.80,347.70,0.8970,-1,-1,-1
62,77,735.30,6.70,132.80,216.90,0.7065,-1,-1,-1
63,28,603.40,61.10,233.50,675.30,0.9116,-1,-1,-1
63,3,845.30,76.40,233.50,684.70,0.9268,-1,-1,-1
63,33,346.20,82.40,192.30,557.10,0.8716,-1,-1,-1
63,44,1483.80,3.50,50.90,87.80,0.8208,-1,-1,-1
63,82,1579.40,0.00,39.70,91.40,0.4971,-1,-1,-1
63,64,1688.70,0.00,165.20,256.30,0.8496,-1,-1,-1
63,132,400.10,0.30,71.70,78.30,0.4922,-1,-1,-1
63,115,1812.80,0.00,72.90,125.00,0.8052,-1,-1,-1
63,89,669.90,2.60,72.30,85.60,0.6646,-1,-1,-1
63,35,720.10,5.50,108.90,396.20,0.4197,-1,-1,-1
63,110,1079.90,31.70,114.30,368.90,0.9082,-1,-1,-1
63,37,435.50,0.80,162.60,280.50,0.8169,-1,-1,-1
63,31,435.00,49.80,72.10,215.00,0.7793,-1,-1,-1
63,5,606.80,20.80,34.10,81.60,0.5620,-1,-1,-1
64,28,514.00,74.90,252.80,728.60,0.8857,-1,-1,-1
64,3,752.20,86.20,272.90,797.70,0.8950,-1,-1,-1
64,33,270.90,100.60,217.20,628.00,0.8750,-1,-1,-1
64,44,1507.10,1.00,50.50,87.60,0.8027,-1,-1,-1
64,82,1579.80,0.00,38.90,89.50,0.6738,-1,-1,-1
64,64,1690.00,0.00,163.90,260.20,0.8574,-1,-1,-1
64,115,1831.50,0.00,71.30,122.80,0.8672,-1,-1,-1
64,35,703.90,4.10,87.40,287.00,0.4561,-1,-1,-1
64,110,1090.50,35.00,124.20,393.20,0.9287,-1,-1,-1
64,98,855.50,23.20,125.00,193.70,0.8774,-1,-1,-1
64,31,384.00,19.70,115.80,349.00,0.8174,-1,-1,-1
64,62,1437.80,0.10,41.80,93.20,0.8257,-1,-1,-1
64,127,1118.70,10.40,107.10,127.40,0.3091,-1,-1,-1
64,123,872.20,30.30,247.40,284.10,0.8911,-1,-1,-1
64,6,1366.60,0.00,48.80,119.90,0.7358,-1,-1,-1
64,18,577.60,22.00,67.50,191.40,0.5039,-1,-1,-1
65,3,635.40,106.70,307.80,894.90,0.8779,-1,-1,-1
65,44,1528.00,0.20,51.00,88.10,0.7612,-1,-1,-1
65,82,1580.60,0.00,37.30,86.70,0.4187,-1,-1,-1
65,64,1689.30,0.60,161.50,263.90,0.8335,-1,-1,-1
65,115,1851.80,0.00,68.20,119.30,0.8193,-1,-1,-1
65,35,676.80,4.70,86.30,257.60,0.7505,-1,-1,-1
65,110,1106.90,38.80,137.00,427.90,0.9253,-1,-1,-1
65,98,841.40,19.60,160.90,251.80,0.8857,-1,-1,-1
65,80,1807.10,0.00,42.80,112.80,0.7026,-1,-1,-1
65,62,1418.20,0.00,51.20,114.50,0.8193,-1,-1,-1
65,123,906.70,34.80,253.50,301.80,0.9277,-1,-1,-1
65,18,587.10,19.50,54.90,147.00,0.5815,-1,-1,-1
65,29,350.40,105.30,287.50,850.70,0.8921,-1,-1,-1
65,96,1651.80,0.00,45.40,95.10,0.7983,-1,-1,-1
65,36,464.90,2.60,79.70,119.60,0.5918,-1,-1,-1
65,77,780.70,36.00,129.70,219.40,0.8501,-1,-1,-1
66,44,1548.10,0.20,52.00,86.80,0.2358,-1,-1,-1
66,82,1574.80,0.00,38.20,86.90,0.4893,-1,-1,-1
66,64,1677.40,0.20,162.50,266.10,0.7720,-1,-1,-1
66,115,1865.90,0.00,54.10,115.40,0.8394,-1,-1,-1
66,110,1116.40,51.30,149.50,463.10,0.9072,-1,-1,-1
66,98,840.60,17.30,180.90,286.80,0.9136,-1,-1,-1
66,80,1825.70,0.00,42.40,110.90,0.7827,-1,-1,-1
66,123,937.50,40.20,259.10,321.40,0.9087,-1,-1,-1
66,18,580.60,21.30,79.00,214.90,0.5537,-1,-1,-1
66,63,0.00,145.50,305.10,847.50,0.8516,-1,-1,-1
66,2,737.10,19.00,86.40,272.50,0.8618,-1,-1,-1
66,117,416.40,2.70,85.10,124.70,0.4485,-1,-1,-1
66,29,365.10,132.70,317.70,909.50,0.7866,-1,-1,-1
66,36,457.80,2.20,79.90,122.20,0.5820,-1,-1,-1
66,77,800.50,43.20,127.40,222.40,0.8481,-1,-1,-1
66,13,1183.90,15.90,126.90,342.00,0.8726,-1,-1,-1
66,97,550.00,19.00,276.50,343.00,0.8472,-1,-1,-1
66,132,378.30,1.20,116.20,129.60,0.5156,-1,-1,-1
66,33,206.10,109.70,299.00,872.70,0.7866,-1,-1,-1
66,31,345.80,58.90,89.10,249.80,0.4377,-1,-1,-1
67,44,1563.70,0.00,49.30,86.00,0.1009,-1,-1,-1
67,82,1577.30,0.00,37.80,86.30,0.5889,-1,-1,-1
67,64,1685.70,0.50,157.00,260.80,0.7622,-1,-1,-1
67,115,1879.50,0.00,40.50,110.50,0.6836,-1,-1,-1
67,110,1121.00,64.40,167.00,510.20,0.9360,-1,-1,-1
67,98,842.30,18.70,195.20,314.60,0.9204,-1,-1,-1
67,80,1847.70,0.00,41.40,107.30,0.7593,-1,-1,-1
67,123,965.50,45.50,265.60,343.60,0.9038,-1,-1,-1
67,63,0.00,145.50,327.80,887.80,0.7661,-1,-1,-1
67,2,732.70,19.40,87.70,276.50,0.8540,-1,-1,-1
67,77,814.80,45.90,129.00,234.00,0.8662,-1,-1,-1
67,41,973.00,0.70,56.50,99.60,0.6069,-1,-1,-1
67,13,1199.70,20.20,128.40,351.70,0.8989,-1,-1,-1
67,97,503.10,16.30,349.70,451.00,0.9194,-1,-1,-1
67,132,376.70,1.10,121.60,138.70,0.7363,-1,-1,-1
67,33,218.10,147.80,322.60,901.40,0.7827,-1,-1,-1
67,31,295.90,36.20,87.30,223.20,0.5571,-1,-1,-1
67,37,440.10,4.80,159.80,287.50,0.8833,-1,-1,-1
67,96,1637.40,0.00,38.40,80.70,0.7490,-1,-1,-1
68,82,1576.90,0.00,38.20,87.60,0.6582,-1,-1,-1
68,64,1682.00,0.50,153.00,258.60,0.8481,-1,-1,-1
68,110,1110.80,68.80,185.50,560.80,0.9199,-1,-1,-1
68,98,846.40,23.80,204.60,336.40,0.9175,-1,-1,-1
68,80,1867.90,0.00,40.40,103.50,0.8066,-1,-1,-1
68,63,12.90,116.20,386.90,943.70,0.6738,-1,-1,-1
68,2,727.70,19.20,88.50,278.90,0.8682,-1,-1,-1
68,77,819.50,49.70,131.50,247.70,0.8843,-1,-1,-1
68,41,968.30,2.20,57.90,102.00,0.1608,-1,-1,-1
68,13,1218.30,22.70,138.30,376.90,0.9150,-1,-1,-1
68,97,448.20,14.70,393.40,530.10,0.9170,-1,-1,-1
68,132,345.80,2.20,202.50,239.80,0.8862,-1,-1,-1
68,34,790.40,3.50,56.60,149.60,0.8110,-1,-1,-1
68,96,1636.40,0.00,39.20,80.90,0.5293,-1,-1,-1
68,36,462.50,3.80,81.20,123.70,0.3960,-1,-1,-1
69,82,1573.70,0.00,40.40,94.90,0.1089,-1,-1,-1
69,64,1684.00,1.50,147.90,256.20,0.8662,-1,-1,-1
69,98,830.20,32.10,211.10,354.60,0.8594,-1,-1,-1
69,80,1882.90,0.00,37.10,100.30,0.7900,-1,-1,-1
69,63,55.80,54.00,274.40,670.90,0.8335,-1,-1,-1
69,2,727.10,18.60,89.40,280.90,0.8862,-1,-1,-1
69,77,809.60,55.50,133.30,260.90,0.7925,-1,-1,-1
69,41,967.80,2.90,54.90,97.00,0.2173,-1,-1,-1
69,13,1246.10,23.20,147.60,404.60,0.9087,-1,-1,-1
69,97,401.70,17.00,425.00,598.40,0.9072,-1,-1,-1
69,132,296.70,5.70,235.60,285.80,0.8135,-1,-1,-1
69,36,463.60,2.50,80.40,124.20,0.6943,-1,-1,-1
69,32,652.50,29.50,64.30,254.80,0.7583,-1,-1,-1
69,89,688.10,4.80,78.10,95.30,0.5352,-1,-1,-1
69,117,395.70,4.80,87.00,128.40,0.6289,-1,-1,-1
69,44,1587.20,0.00,45.20,79.90,0.4456,-1,-1,-1
69,123,919.80,73.70,431.70,584.00,0.9204,-1,-1,-1
70,82,1576.10,0.00,45.80,105.10,0.7129,-1,-1,-1
70,64,1682.50,2.30,148.20,260.70,0.8477,-1,-1,-1
70,63,0.00,45.20,238.90,635.50,0.8818,-1,-1,-1
70,2,721.70,19.50,89.90,283.60,0.8599,-1,-1,-1
70,77,787.10,49.20,172.50,346.10,0.8618,-1,-1,-1
70,13,1293.80,25.70,162.60,441.10,0.9180,-1,-1,-1
70,97,345.30,26.40,452.70,667.20,0.9048,-1,-1,-1
70,132,249.00,9.10,249.00,312.90,0.8823,-1,-1,-1
70,36,463.30,1.10,76.00,119.60,0.5059,-1,-1,-1
70,81,1856.40,0.00,42.00,85.00,0.7285,-1,-1,-1
70,40,1015.90,2.40,48.10,92.40,0.5898,-1,-1,-1
70,88,385.30,2.80,113.30,128.20,0.4932,-1,-1,-1
70,32,638.30,30.60,67.50,256.20,0.8374,-1,-1,-1
70,117,404.70,3.60,87.50,127.90,0.6416,-1,-1,-1
70,123,875.60,86.80,476.90,672.70,0.9121,-1,-1,-1
70,110,1152.10,72.50,157.90,483.20,0.8931,-1,-1,-1
70,96,1620.10,0.00,39.20,79.60,0.7642,-1,-1,-1
71,82,1578.20,0.00,41.80,95.40,0.6250,-1,-1,-1
71,64,1688.00,0.90,145.50,261.40,0.8965,-1,-1,-1
71,2,697.90,54.60,94.80,299.00,0.6670,-1,-1,-1
71,77,738.70,53.30,191.50,392.20,0.8872,-1,-1,-1
71,13,1333.60,28.10,175.60,476.10,0.9136,-1,-1,-1
71,97,279.10,28.70,494.00,757.80,0.9360,-1,-1,-1
71,132,197.30,11.80,251.20,327.80,0.8516,-1,-1,-1
71,81,1868.60,0.00,41.70,84.10,0.6655,-1,-1,-1
71,40,1015.60,0.70,50.30,96.60,0.5786,-1,-1,-1
71,32,630.80,32.30,69.80,254.90,0.8848,-1,-1,-1
71,117,398.30,2.50,78.10,115.20,0.4834,-1,-1,-1
71,123,783.60,109.40,543.70,802.40,0.9062,-1,-1,-1
71,110,1201.80,84.10,153.30,467.80,0.8682,-1,-1,-1
71,35,550.20,17.60,86.30,258.00,0.7808,-1,-1,-1
71,44,1606.30,0.90,56.30,100.70,0.8271,-1,-1,-1
72,64,1691.40,0.20,141.70,260.10,0.8623,-1,-1,-1
72,2,667.70,59.80,127.10,397.90,0.7944,-1,-1,-1
72,13,1401.80,32.80,192.10,519.00,0.9175,-1,-1,-1
72,132,146.90,13.40,246.50,336.70,0.6860,-1,-1,-1
72,81,1878.20,0.00,39.90,80.30,0.2234,-1,-1,-1
72,40,1014.30,1.60,51.20,97.80,0.6699,-1,-1,-1
72,32,616.00,50.60,86.20,304.60,0.6602,-1,-1,-1
72,117,396.80,2.70,96.40,143.10,0.2240,-1,-1,-1
72,123,690.40,150.90,570.80,878.00,0.9106,-1,-1,-1
72,110,1257.80,89.20,166.00,511.00,0.9287,-1,-1,-1
72,35,542.10,19.80,90.60,273.20,0.8501,-1,-1,-1
72,44,1627.30,0.00,57.20,103.80,0.7710,-1,-1,-1
72,28,266.20,31.90,314.90,907.20,0.9478,-1,-1,-1
72,41,912.70,3.10,124.00,223.50,0.9141,-1,-1,-1
72,36,464.70,2.50,75.70,120.50,0.5371,-1,-1,-1
73,64,1697.90,0.00,133.50,249.90,0.6665,-1,-1,-1
73,81,1885.70,0.00,34.30,78.30,0.6289,-1,-1,-1
73,40,1015.40,0.40,52.80,101.00,0.2766,-1,-1,-1
73,32,612.70,61.50,94.20,310.50,0.5566,-1,-1,-1
73,117,395.20,3.00,89.60,134.40,0.5640,-1,-1,-1
73,110,1299.80,84.30,181.50,561.20,0.9043,-1,-1,-1
73,28,166.60,24.70,339.90,958.10,0.9189,-1,-1,-1
73,41,920.80,3.30,134.00,247.30,0.8989,-1,-1,-1
73,36,457.80,2.40,76.10,121.90,0.4678,-1,-1,-1
73,3,581.00,232.20,308.50,847.80,0.8931,-1,-1,-1
73,37,466.20,74.40,177.60,329.60,0.6206,-1,-1,-1
73,88,405.00,3.00,110.40,124.50,0.3970,-1,-1,-1
73,82,1581.20,0.10,40.60,90.60,0.3701,-1,-1,-1
73,77,721.10,32.10,161.60,340.30,0.8384,-1,-1,-1
74,64,1696.30,1.80,118.40,220.70,0.6724,-1,-1,-1
74,32,617.20,42.40,89.40,284.00,0.8765,-1,-1,-1
74,117,405.90,1.50,73.30,107.90,0.5869,-1,-1,-1
74,28,48.60,38.90,332.80,937.50,0.7271,-1,-1,-1
74,41,940.40,4.40,140.70,265.90,0.9209,-1,-1,-1
74,36,474.00,1.30,71.00,112.40,0.4282,-1,-1,-1
74,37,421.80,71.00,237.70,454.60,0.7178,-1,-1,-1
74,82,1579.90,0.20,40.00,89.00,0.4485,-1,-1,-1
74,77,709.80,28.70,154.70,332.60,0.9355,-1,-1,-1
74,88,1608.60,52.60,311.40,676.90,0.7969,-1,-1,-1
74,18,564.00,20.10,75.70,197.70,0.4746,-1,-1,-1
74,33,282.00,303.70,316.90,776.30,0.8652,-1,-1,-1
74,34,795.00,24.30,80.20,214.80,0.8540,-1,-1,-1
74,13,1378.20,73.90,229.60,628.50,0.9062,-1,-1,-1
74,132,138.90,17.70,202.50,284.80,0.6807,-1,-1,-1
75,64,1695.70,0.50,128.50,244.10,0.8799,-1,-1,-1
75,32,627.60,36.60,87.00,271.20,0.9365,-1,-1,-1
75,28,30.10,256.90,294.40,790.80,0.3850,-1,-1,-1
75,41,970.20,7.10,144.20,279.90,0.8999,-1,-1,-1
75,36,465.00,1.20,73.20,118.10,0.5649,-1,-1,-1
75,82,1579.30,0.20,40.10,88.60,0.4036,-1,-1,-1
75,77,702.10,25.40,154.20,339.00,0.8857,-1,-1,-1
75,18,540.30,21.30,98.10,257.30,0.8706,-1,-1,-1
75,34,812.20,24.90,84.90,227.70,0.8950,-1,-1,-1
75,13,1404.10,98.60,262.40,724.90,0.8853,-1,-1,-1
75,132,133.30,19.00,213.30,312.40,0.8330,-1,-1,-1
75,97,229.70,72.30,414.90,670.50,0.8857,-1,-1,-1
75,88,404.10,2.10,112.30,127.00,0.7007,-1,-1,-1
76,64,1702.40,0.10,118.10,224.50,0.5640,-1,-1,-1
76,32,633.30,35.30,88.70,273.90,0.8975,-1,-1,-1
76,36,458.00,2.00,72.80,117.70,0.5972,-1,-1,-1
76,82,1579.80,0.20,40.70,88.50,0.5918,-1,-1,-1
76,77,715.50,25.30,150.30,340.00,0.8887,-1,-1,-1
76,18,521.50,25.50,102.90,272.30,0.8818,-1,-1,-1
76,34,837.10,28.10,88.30,235.90,0.8970,-1,-1,-1
76,39,608.50,3.70,45.30,67.30,0.6621,-1,-1,-1
76,97,130.60,89.40,420.40,704.90,0.8862,-1,-1,-1
76,88,1496.90,111.10,423.10,891.40,0.8721,-1,-1,-1
76,28,1045.50,9.90,112.60,291.80,0.9180,-1,-1,-1
76,89,646.50,32.00,204.10,270.90,0.8354,-1,-1,-1
76,40,1013.50,0.10,51.50,98.00,0.6396,-1,-1,-1
77,64,1697.80,0.00,124.10,243.20,0.8965,-1,-1,-1
77,32,629.90,38.30,89.20,273.10,0.9004,-1,-1,-1
77,36,455.80,1.90,70.20,113.00,0.2783,-1,-1,-1
77,82,1578.90,0.10,41.10,88.40,0.5962,-1,-1,-1
77,77,729.40,26.00,144.50,338.40,0.8389,-1,-1,-1
77,18,514.40,48.30,98.80,263.10,0.6104,-1,-1,-1
77,34,863.30,31.00,94.20,251.50,0.8901,-1,-1,-1
77,39,604.70,0.80,47.50,70.80,0.5698,-1,-1,-1
77,88,401.00,1.80,109.80,125.10,0.7881,-1,-1,-1
77,5,471.10,0.30,71.40,114.60,0.3337,-1,-1,-1
77,6,970.00,4.60,54.40,96.00,0.6724,-1,-1,-1
77,89,647.30,34.60,202.00,288.60,0.8623,-1,-1,-1
77,40,1014.80,0.20,51.30,96.70,0.7065,-1,-1,-1
77,127,1039.70,13.00,227.90,306.60,0.9248,-1,-1,-1
77,28,0.00,164.80,297.80,850.90,0.9126,-1,-1,-1
77,132,134.10,21.80,209.20,319.50,0.8672,-1,-1,-1
78,64,1714.70,0.00,127.90,250.90,0.8315,-1,-1,-1
78,32,626.20,36.20,90.00,275.70,0.8350,-1,-1,-1
78,82,1578.50,0.10,41.40,88.40,0.6387,-1,-1,-1
78,77,731.40,25.40,138.90,338.00,0.7944,-1,-1,-1
78,18,513.50,39.40,109.70,279.00,0.8740,-1,-1,-1
78,34,893.70,33.30,99.40,265.30,0.8843,-1,-1,-1
78,39,601.80,0.00,50.00,74.30,0.2637,-1,-1,-1
78,88,400.30,2.90,108.60,124.60,0.8145,-1,-1,-1
78,5,466.30,2.70,89.40,143.90,0.1285,-1,-1,-1
78,6,974.40,5.00,55.30,97.70,0.1312,-1,-1,-1
78,89,644.00,34.10,197.40,298.70,0.8501,-1,-1,-1
78,40,1017.30,0.20,51.30,96.70,0.7202,-1,-1,-1
78,30,825.70,0.70,79.90,195.40,0.8340,-1,-1,-1
78,127,1067.40,15.80,219.00,324.50,0.9131,-1,-1,-1
78,28,0.00,195.00,251.90,828.20,0.7520,-1,-1,-1
78,132,137.20,20.40,204.10,323.70,0.8457,-1,-1,-1
78,44,1726.20,0.10,42.70,73.40,0.6001,-1,-1,-1
79,64,1720.60,6.80,119.20,239.10,0.8574,-1,-1,-1
79,32,620.50,37.10,92.20,283.10,0.7607,-1,-1,-1
79,82,1580.00,0.10,42.10,88.40,0.6245,-1,-1,-1
79,77,732.40,25.50,132.40,334.90,0.7881,-1,-1,-1
79,18,517.30,29.20,115.00,295.20,0.8931,-1,-1,-1
79,34,907.10,14.80,85.90,229.00,0.8340,-1,-1,-1
79,39,598.90,0.00,49.90,73.80,0.1120,-1,-1,-1
79,88,402.10,2.10,109.60,125.60,0.7656,-1,-1,-1
79,5,471.90,1.20,80.70,129.40,0.3721,-1,-1,-1
79,6,979.10,1.20,46.90,82.20,0.1234,-1,-1,-1
79,89,640.60,34.70,191.60,308.70,0.7959,-1,-1,-1
79,40,1015.90,0.20,53.70,101.00,0.7104,-1,-1,-1
79,30,835.90,0.20,83.00,203.70,0.8740,-1,-1,-1
79,127,1112.20,22.20,216.30,344.20,0.9209,-1,-1,-1
79,132,139.60,19.70,198.00,325.10,0.8164,-1,-1,-1
79,59,0.00,85.50,133.30,339.50,0.8872,-1,-1,-1
79,44,1728.50,0.10,41.40,69.50,0.7056,-1,-1,-1
79,41,921.70,34.20,149.20,297.80,0.8950,-1,-1,-1
80,64,1729.30,7.60,118.50,241.30,0.8916,-1,-1,-1
80,32,606.70,36.40,96.90,288.10,0.8428,-1,-1,-1
80,82,1579.50,0.10,42.60,88.50,0.6416,-1,-1,-1
80,77,725.20,19.40,132.10,344.60,0.7490,-1,-1,-1
80,18,519.50,24.50,117.90,309.40,0.7930,-1,-1,-1
80,34,933.00,6.50,82.10,216.40,0.8613,-1,-1,-1
80,39,601.50,0.00,49.80,74.20,0.2379,-1,-1,-1
80,88,407.00,3.20,108.40,123.30,0.6934,-1,-1,-1
80,5,474.10,0.50,77.20,123.30,0.4941,-1,-1,-1
80,89,645.40,35.30,181.30,310.60,0.7695,-1,-1,-1
80,40,1021.50,0.10,42.40,74.00,0.1630,-1,-1,-1
80,30,841.20,0.70,87.10,214.70,0.8765,-1,-1,-1
80,127,1155.60,24.80,218.40,371.00,0.9302,-1,-1,-1
80,132,142.80,20.00,191.30,324.30,0.8589,-1,-1,-1
80,59,9.80,79.60,133.10,324.20,0.9048,-1,-1,-1
80,44,1729.50,0.10,41.90,69.10,0.7129,-1,-1,-1
80,28,974.90,35.40,119.30,311.80,0.9219,-1,-1,-1
81,64,1733.70,8.00,117.70,240.80,0.7842,-1,-1,-1
81,32,601.10,39.10,99.60,288.90,0.6982,-1,-1,-1
81,82,1578.10,0.10,43.10,88.40,0.6436,-1,-1,-1
81,77,727.30,25.50,131.20,344.00,0.8491,-1,-1,-1
81,18,515.20,24.30,119.50,313.40,0.6665,-1,-1,-1
81,34,949.70,3.90,87.30,225.70,0.9053,-1,-1,-1
81,39,604.20,0.00,48.90,73.40,0.1163,-1,-1,-1
81,88,401.50,2.70,110.30,126.10,0.6489,-1,-1,-1
81,5,468.50,1.20,80.80,129.20,0.2893,-1,-1,-1
81,89,649.20,37.30,171.40,311.30,0.7393,-1,-1,-1
81,40,1017.30,0.10,52.90,92.90,0.1896,-1,-1,-1
81,30,838.90,2.10,91.10,226.10,0.8760,-1,-1,-1
81,127,1204.30,26.80,226.60,403.10,0.9243,-1,-1,-1
81,132,145.60,18.60,186.10,325.20,0.8491,-1,-1,-1
81,59,41.50,77.80,125.70,306.30,0.8687,-1,-1,-1
81,44,1731.00,0.10,43.20,68.80,0.7271,-1,-1,-1
81,28,995.40,42.10,126.70,333.30,0.9087,-1,-1,-1
82,64,1749.00,9.20,115.50,239.00,0.9048,-1,-1,-1
82,32,597.50,39.20,100.90,295.80,0.7778,-1,-1,-1
82,82,1578.60,0.10,43.30,88.30,0.7251,-1,-1,-1
82,77,709.60,28.70,133.70,356.20,0.8857,-1,-1,-1
82,18,501.00,22.60,122.70,323.00,0.8438,-1,-1,-1
82,34,969.40,3.50,90.80,235.90,0.9214,-1,-1,-1
82,88,398.60,2.70,109.80,126.70,0.6494,-1,-1,-1
82,5,459.80,2.90,92.00,149.30,0.2942,-1,-1,-1
82,89,632.00,40.20,165.30,313.80,0.7720,-1,-1,-1
82,30,836.60,0.90,94.90,237.50,0.8970,-1,-1,-1
82,127,1254.60,34.20,233.00,432.50,0.9038,-1,-1,-1
82,132,149.00,19.30,180.10,323.40,0.8833,-1,-1,-1
82,59,84.90,73.90,118.90,288.90,0.9092,-1,-1,-1
82,44,1729.20,0.10,43.30,68.20,0.7056,-1,-1,-1
82,29,776.70,1.70,83.40,217.40,0.8740,-1,-1,-1
83,64,1776.30,9.80,115.00,240.20,0.8442,-1,-1,-1
83,32,597.90,41.40,102.50,300.00,0.6919,-1,-1,-1
83,82,1577.60,0.10,43.70,88.30,0.5571,-1,-1,-1
83,77,696.50,36.20,136.40,363.60,0.8633,-1,-1,-1
83,18,490.20,23.30,124.20,329.30,0.8408,-1,-1,-1
83,34,980.30,4.30,96.60,251.80,0.8955,-1,-1,-1
83,88,399.60,2.50,109.30,126.40,0.7090,-1,-1,-1
83,89,619.80,44.90,156.40,310.10,0.4131,-1,-1,-1
83,30,844.70,1.40,97.10,244.80,0.8955,-1,-1,-1
83,127,1315.80,40.20,242.70,467.30,0.8359,-1,-1,-1
83,132,150.50,20.70,175.60,323.00,0.8569,-1,-1,-1
83,59,112.10,67.20,115.80,282.10,0.8887,-1,-1,-1
83,44,1727.80,0.10,44.00,68.50,0.7578,-1,-1,-1
83,29,776.30,6.30,87.00,227.60,0.7363,-1,-1,-1
83,3,1105.10,56.70,145.70,400.40,0.9126,-1,-1,-1
84,64,1799.40,3.60,120.30,255.70,0.8184,-1,-1,-1
84,32,582.40,39.60,104.50,306.90,0.6860,-1,-1,-1
84,77,690.40,36.20,139.10,374.30,0.8970,-1,-1,-1
84,18,460.20,28.10,133.70,342.90,0.8965,-1,-1,-1
84,34,992.80,5.40,102.50,268.50,0.9238,-1,-1,-1
84,88,393.70,3.20,105.70,124.50,0.5718,-1,-1,-1
84,89,603.70,47.60,156.00,322.10,0.8032,-1,-1,-1
84,30,860.00,1.50,100.10,253.70,0.8882,-1,-1,-1
84,127,1395.00,41.70,264.50,526.20,0.8931,-1,-1,-1
84,132,150.30,20.80,171.90,322.40,0.8501,-1,-1,-1
84,59,120.00,66.40,113.10,276.70,0.8633,-1,-1,-1
84,44,1727.00,0.10,44.30,68.60,0.6592,-1,-1,-1
84,29,774.40,10.40,94.20,246.50,0.8662,-1,-1,-1
84,39,605.80,0.00,46.50,70.20,0.2837,-1,-1,-1
85,32,579.30,45.80,115.00,335.30,0.8511,-1,-1,-1
85,77,678.30,38.70,146.70,396.10,0.8901,-1,-1,-1
85,18,422.30,27.50,139.40,357.10,0.8789,-1,-1,-1
85,34,998.70,7.70,110.00,288.00,0.9282,-1,-1,-1
85,30,871.90,3.30,104.60,267.90,0.9141,-1,-1,-1
85,127,1459.70,43.90,285.80,585.70,0.8672,-1,-1,-1
85,132,152.50,21.00,168.20,321.60,0.8652,-1,-1,-1
85,59,119.00,63.90,113.60,278.70,0.8882,-1,-1,-1
85,44,1727.30,0.10,44.80,69.30,0.6919,-1,-1,-1
85,29,774.20,11.00,98.90,258.20,0.8057,-1,-1,-1
85,7,1249.60,77.70,172.60,489.60,0.8989,-1,-1,-1
85,39,607.50,0.00,46.60,70.50,0.4465,-1,-1,-1
85,117,396.80,0.00,71.00,107.00,0.5459,-1,-1,-1
85,5,475.70,1.50,74.50,118.80,0.5303,-1,-1,-1
85,82,1577.30,0.00,43.60,88.70,0.3877,-1,-1,-1
86,32,552.60,48.10,122.70,359.30,0.9087,-1,-1,-1
86,77,664.70,42.50,158.00,419.30,0.9189,-1,-1,-1
86,18,386.50,33.00,144.20,375.30,0.8857,-1,-1,-1
86,34,1009.90,11.20,117.10,307.80,0.9263,-1,-1,-1
86,30,881.10,3.70,110.30,284.90,0.8643,-1,-1,-1
86,132,154.80,20.90,164.90,321.00,0.8672,-1,-1,-1
86,59,116.60,63.90,113.20,278.70,0.8940,-1,-1,-1
86,44,1726.40,0.10,44.60,68.80,0.6870,-1,-1,-1
86,29,770.10,11.90,103.50,269.30,0.8237,-1,-1,-1
86,39,605.80,0.00,47.50,72.10,0.5850,-1,-1,-1
86,119,644.30,0.00,34.70,59.90,0.5332,-1,-1,-1
86,5,470.20,2.20,76.60,121.90,0.5786,-1,-1,-1
86,82,1576.40,0.00,43.20,88.70,0.4121,-1,-1,-1
86,110,1660.40,47.90,240.50,720.10,0.8154,-1,-1,-1
86,88,400.00,3.50,101.50,119.60,0.4131,-1,-1,-1
87,32,554.50,50.80,118.20,345.30,0.7124,-1,-1,-1
87,77,658.90,41.70,166.00,436.10,0.9194,-1,-1,-1
87,18,348.10,41.90,149.40,392.20,0.8843,-1,-1,-1
87,34,1023.00,14.70,126.40,332.40,0.9492,-1,-1,-1
87,30,892.40,5.50,113.80,298.10,0.9053,-1,-1,-1
87,132,156.70,21.20,161.80,320.50,0.8682,-1,-1,-1
87,59,114.30,64.00,113.10,279.10,0.9053,-1,-1,-1
87,29,773.80,10.20,111.60,292.80,0.8486,-1,-1,-1
87,39,606.30,0.00,47.00,71.10,0.7080,-1,-1,-1
87,5,469.30,1.80,76.20,121.50,0.6104,-1,-1,-1
87,82,1577.90,0.00,43.40,88.80,0.1027,-1,-1,-1
87,2,869.00,6.30,60.50,177.40,0.7100,-1,-1,-1
87,35,849.70,16.90,50.20,216.60,0.6050,-1,-1,-1
87,88,1473.50,54.10,446.50,968.20,0.8691,-1,-1,-1
87,127,1423.10,85.60,298.20,632.70,0.8525,-1,-1,-1
87,117,395.00,0.50,81.60,126.80,0.5459,-1,-1,-1
88,32,556.10,51.80,124.40,360.80,0.8687,-1,-1,-1
88,77,669.50,44.60,179.40,467.50,0.9180,-1,-1,-1
88,18,284.10,43.20,158.50,419.80,0.8608,-1,-1,-1
88,30,903.40,4.90,119.00,315.20,0.8848,-1,-1,-1
88,132,158.10,20.20,159.70,321.40,0.8662,-1,-1,-1
88,59,112.10,65.00,112.40,277.90,0.8706,-1,-1,-1
88,29,775.30,10.60,115.40,305.70,0.8491,-1,-1,-1
88,39,607.50,0.00,46.90,71.20,0.5303,-1,-1,-1
88,5,475.10,2.50,74.00,115.80,0.6440,-1,-1,-1
88,82,1577.70,0.00,43.10,88.40,0.2466,-1,-1,-1
88,2,882.80,12.70,60.30,177.00,0.7002,-1,-1,-1
88,35,860.10,33.60,49.00,209.50,0.7402,-1,-1,-1
88,13,466.60,59.90,136.00,405.00,0.9141,-1,-1,-1
88,127,1297.80,52.40,396.40,849.80,0.9395,-1,-1,-1
88,117,398.70,2.60,82.40,128.40,0.7773,-1,-1,-1
88,40,1017.00,0.10,54.30,96.20,0.5156,-1,-1,-1
88,3,1077.10,19.60,134.90,371.30,0.9180,-1,-1,-1
88,44,1726.20,1.20,44.00,67.80,0.5630,-1,-1,-1
89,32,551.10,56.50,133.70,384.20,0.9180,-1,-1,-1
89,77,679.50,50.80,195.70,504.70,0.9224,-1,-1,-1
89,18,235.90,44.40,167.40,443.40,0.9058,-1,-1,-1
89,30,914.20,4.30,124.80,333.30,0.8911,-1,-1,-1
89,132,150.70,21.30,150.70,315.20,0.7285,-1,-1,-1
89,59,112.40,64.40,113.00,278.90,0.8916,-1,-1,-1
89,29,796.50,15.50,93.00,241.60,0.5557,-1,-1,-1
89,39,606.60,0.00,47.50,72.20,0.7534,-1,-1,-1
89,5,469.70,3.60,75.90,119.10,0.6372,-1,-1,-1
89,82,1576.40,0.00,43.30,88.50,0.4902,-1,-1,-1
89,2,900.10,15.10,63.00,186.30,0.7031,-1,-1,-1
89,35,873.00,43.80,50.20,213.30,0.8066,-1,-1,-1
89,13,432.70,68.50,145.00,431.40,0.9053,-1,-1,-1
89,117,401.80,2.50,79.60,122.80,0.3657,-1,-1,-1
89,63,848.80,11.20,71.50,242.60,0.5391,-1,-1,-1
89,40,1018.80,0.10,54.70,98.00,0.5708,-1,-1,-1
89,3,1126.40,22.20,102.50,272.10,0.7461,-1,-1,-1
89,44,1724.90,0.30,45.40,69.70,0.7544,-1,-1,-1
89,7,1111.90,36.00,301.30,847.00,0.8892,-1,-1,-1
89,119,648.50,0.00,31.70,53.80,0.5225,-1,-1,-1
89,88,409.30,2.40,107.70,124.50,0.4045,-1,-1,-1
90,32,544.10,61.40,143.80,409.10,0.9048,-1,-1,-1
90,77,675.60,54.20,212.50,545.00,0.9189,-1,-1,-1
90,18,175.20,49.30,185.50,487.60,0.9102,-1,-1,-1
90,30,920.30,5.30,132.40,355.70,0.9067,-1,-1,-1
90,59,104.30,66.00,110.60,278.00,0.5869,-1,-1,-1
90,29,791.10,22.00,122.50,321.20,0.4912,-1,-1,-1
90,39,605.10,0.00,48.10,72.70,0.7017,-1,-1,-1
90,5,468.80,4.00,75.60,118.40,0.6841,-1,-1,-1
90,82,1575.00,0.00,43.30,88.80,0.5859,-1,-1,-1
90,2,909.30,15.00,67.90,203.10,0.5146,-1,-1,-1
90,13,405.00,75.40,151.00,448.90,0.9072,-1,-1,-1
90,63,852.70,9.70,77.10,261.30,0.7812,-1,-1,-1
90,40,1016.60,0.00,58.50,105.90,0.4263,-1,-1,-1
90,44,1724.60,0.00,45.50,69.90,0.7349,-1,-1,-1
90,36,494.00,0.50,66.20,113.50,0.5581,-1,-1,-1
90,7,1056.10,31.80,282.30,789.90,0.9121,-1,-1,-1
90,119,654.50,0.00,34.20,57.50,0.1836,-1,-1,-1
90,88,403.90,3.20,107.00,124.00,0.5972,-1,-1,-1
91,32,522.10,72.00,155.40,441.70,0.8740,-1,-1,-1
91,77,658.20,55.40,230.30,585.70,0.9243,-1,-1,-1
91,18,110.00,65.40,202.70,529.70,0.9243,-1,-1,-1
91,30,942.50,8.30,99.30,261.10,0.6870,-1,-1,-1
91,29,781.70,23.20,136.50,361.90,0.7051,-1,-1,-1
91,39,604.60,0.00,47.70,72.00,0.5747,-1,-1,-1
91,5,468.70,4.20,76.10,118.60,0.6362,-1,-1,-1
91,82,1576.50,0.00,43.20,88.70,0.5498,-1,-1,-1
91,2,926.90,15.70,67.80,204.00,0.6758,-1,-1,-1
91,13,353.40,79.50,161.00,477.40,0.8955,-1,-1,-1
91,63,860.80,10.80,74.40,251.10,0.3025,-1,-1,-1
91,44,1725.20,0.00,46.00,70.30,0.7251,-1,-1,-1
91,119,663.40,0.00,35.70,59.50,0.4639,-1,-1,-1
91,88,406.30,3.40,107.70,124.10,0.6802,-1,-1,-1
91,98,871.00,33.40,354.10,639.20,0.9194,-1,-1,-1
91,35,885.40,57.00,54.90,229.70,0.8501,-1,-1,-1
91,132,156.10,21.60,155.50,333.80,0.5918,-1,-1,-1
91,3,1143.90,0.20,55.90,147.40,0.8198,-1,-1,-1
92,32,499.20,81.10,168.70,473.50,0.9189,-1,-1,-1
92,77,651.20,60.30,257.10,647.00,0.9380,-1,-1,-1
92,18,42.20,73.00,220.60,578.40,0.9180,-1,-1,-1
92,30,981.40,14.60,101.10,261.80,0.4854,-1,-1,-1
92,39,604.70,0.00,47.40,71.20,0.7280,-1,-1,-1
92,5,468.90,4.00,76.30,118.50,0.3577,-1,-1,-1
92,82,1576.10,0.00,43.20,89.00,0.5649,-1,-1,-1
92,2,956.30,16.00,44.60,126.60,0.6748,-1,-1,-1
92,13,287.50,86.90,177.80,527.10,0.8994,-1,-1,-1
92,44,1725.20,0.00,46.40,70.00,0.7153,-1,-1,-1
92,119,668.90,0.00,38.10,62.00,0.3638,-1,-1,-1
92,88,403.60,2.20,109.10,125.60,0.7217,-1,-1,-1
92,98,851.00,38.90,307.60,585.10,0.7378,-1,-1,-1
92,132,159.10,21.40,148.30,325.10,0.8579,-1,-1,-1
92,127,1317.10,49.50,271.70,600.70,0.8403,-1,-1,-1
92,36,490.00,2.10,57.60,98.20,0.3857,-1,-1,-1
93,32,471.60,95.80,185.80,519.80,0.9116,-1,-1,-1
93,77,651.60,76.20,298.90,736.90,0.8931,-1,-1,-1
93,18,0.00,75.70,216.90,622.40,0.9062,-1,-1,-1
93,30,976.80,16.80,144.60,379.90,0.9106,-1,-1,-1
93,39,606.30,0.00,48.20,72.00,0.3503,-1,-1,-1
93,5,477.30,3.30,74.40,114.00,0.4951,-1,-1,-1
93,82,1579.20,0.00,42.50,87.70,0.4387,-1,-1,-1
93,2,980.60,19.40,41.90,114.40,0.3748,-1,-1,-1
93,13,213.70,98.90,195.20,578.40,0.8994,-1,-1,-1
93,44,1725.20,0.00,46.50,69.80,0.7139,-1,-1,-1
93,119,667.70,3.60,43.20,70.20,0.1361,-1,-1,-1
93,88,400.10,1.90,109.10,126.60,0.6216,-1,-1,-1
93,127,1387.20,49.60,272.40,622.10,0.8892,-1,-1,-1
93,36,475.20,4.60,63.30,107.10,0.2194,-1,-1,-1
93,28,858.70,18.50,144.60,415.80,0.8442,-1,-1,-1
93,59,106.00,64.00,110.70,279.70,0.8730,-1,-1,-1
93,29,772.90,31.90,175.90,469.70,0.6309,-1,-1,-1
93,35,181.50,21.30,70.70,173.00,0.5938,-1,-1,-1
93,3,1138.10,0.00,36.00,88.10,0.7007,-1,-1,-1
94,32,428.90,107.10,208.10,578.00,0.9106,-1,-1,-1
94,77,618.00,104.90,335.50,817.70,0.8979,-1,-1,-1
94,18,0.00,109.70,172.00,676.20,0.8564,-1,-1,-1
94,30,984.50,13.90,168.90,452.00,0.8784,-1,-1,-1
94,39,606.40,0.00,48.00,71.90,0.6968,-1,-1,-1
94,5,484.40,1.30,74.90,115.10,0.6167,-1,-1,-1
94,82,1578.20,0.00,42.70,88.30,0.5068,-1,-1,-1
94,2,1002.30,24.20,37.50,96.00,0.5957,-1,-1,-1
94,13,137.30,116.10,213.90,630.10,0.9023,-1,-1,-1
94,44,1725.10,0.00,46.50,70.10,0.2186,-1,-1,-1
94,119,655.40,2.60,56.30,91.40,0.6826,-1,-1,-1
94,88,1457.20,55.40,369.20,773.70,0.8418,-1,-1,-1
94,36,467.10,5.00,68.40,115.50,0.5918,-1,-1,-1
94,28,861.40,22.40,155.00,446.40,0.9004,-1,-1,-1
94,59,109.90,64.90,84.50,210.30,0.4990,-1,-1,-1
94,63,872.30,15.30,73.80,248.30,0.4158,-1,-1,-1
94,132,172.90,20.90,112.90,246.00,0.8223,-1,-1,-1
95,32,382.90,122.20,238.30,659.60,0.9097,-1,-1,-1
95,77,590.40,112.30,371.40,888.70,0.8931,-1,-1,-1
95,30,994.50,13.60,185.40,503.90,0.7974,-1,-1,-1
95,39,606.50,0.00,48.30,72.40,0.6309,-1,-1,-1
95,5,485.80,1.50,74.80,114.60,0.6040,-1,-1,-1
95,82,1575.90,0.00,42.70,88.60,0.5698,-1,-1,-1
95,2,1017.80,27.90,35.50,87.60,0.3811,-1,-1,-1
95,13,62.20,135.20,237.30,693.40,0.9248,-1,-1,-1
95,44,1724.90,0.00,46.80,70.40,0.6870,-1,-1,-1
95,119,649.80,1.90,58.80,96.10,0.6919,-1,-1,-1
95,88,403.00,1.90,106.60,123.10,0.7080,-1,-1,-1
95,36,466.80,5.40,70.00,117.40,0.3567,-1,-1,-1
95,28,863.00,32.10,167.50,482.20,0.8789,-1,-1,-1
95,59,118.20,66.40,75.90,182.00,0.6323,-1,-1,-1
95,33,669.40,22.40,152.20,241.50,0.7637,-1,-1,-1
95,98,799.00,2.90,81.10,148.60,0.7812,-1,-1,-1
95,63,892.70,17.30,51.20,163.60,0.6826,-1,-1,-1
95,132,170.10,21.30,134.40,295.60,0.8652,-1,-1,-1
95,34,1108.70,49.70,109.80,295.40,0.8042,-1,-1,-1
96,32,303.60,136.00,276.20,765.80,0.7305,-1,-1,-1
96,77,496.00,139.50,389.00,923.60,0.7861,-1,-1,-1
96,30,1018.40,13.50,204.90,567.30,0.8989,-1,-1,-1
96,39,606.40,0.00,48.70,73.30,0.1710,-1,-1,-1
96,5,486.40,1.30,75.00,114.10,0.5264,-1,-1,-1
96,82,1576.80,0.00,43.10,89.00,0.5918,-1,-1,-1
96,13,0.00,149.20,248.40,770.40,0.8340,-1,-1,-1
96,44,1723.70,0.00,47.00,70.60,0.7520,-1,-1,-1
96,88,404.70,0.70,108.90,124.70,0.7788,-1,-1,-1
96,36,464.80,5.30,70.60,118.00,0.4207,-1,-1,-1
96,28,863.40,43.70,183.70,518.10,0.9341,-1,-1,-1
96,59,110.20,65.00,105.10,253.50,0.8511,-1,-1,-1
96,33,617.00,14.30,185.50,295.60,0.8975,-1,-1,-1
96,98,814.30,3.20,86.90,159.90,0.8750,-1,-1,-1
96,63,895.00,19.00,47.90,147.20,0.7559,-1,-1,-1
96,132,169.50,20.90,140.20,311.60,0.8525,-1,-1,-1
96,34,1143.20,55.20,107.70,305.50,0.7578,-1,-1,-1
96,40,1037.80,32.70,54.60,94.90,0.7129,-1,-1,-1
97,32,322.00,216.10,303.90,803.30,0.6460,-1,-1,-1
97,30,1036.80,24.40,224.60,631.70,0.8916,-1,-1,-1
97,5,489.10,1.60,74.00,113.60,0.5527,-1,-1,-1
97,82,1576.90,0.00,43.70,89.10,0.5947,-1,-1,-1
97,13,0.00,198.90,199.80,829.70,0.7129,-1,-1,-1
97,44,1724.90,0.00,47.70,70.50,0.6943,-1,-1,-1
97,88,406.10,2.50,108.30,123.10,0.6655,-1,-1,-1
97,36,464.50,5.60,71.30,118.60,0.5820,-1,-1,-1
97,59,104.60,65.00,111.00,270.80,0.7114,-1,-1,-1
97,33,543.70,6.70,226.20,364.20,0.9189,-1,-1,-1
97,98,827.80,43.10,304.70,617.50,0.9165,-1,-1,-1
97,63,898.50,19.30,50.50,149.20,0.7900,-1,-1,-1
97,132,179.10,21.70,107.50,232.80,0.8389,-1,-1,-1
97,34,1178.90,59.80,115.20,335.10,0.5981,-1,-1,-1
97,123,732.00,0.10,71.10,176.40,0.8750,-1,-1,-1
97,40,1054.70,38.30,63.80,111.20,0.6802,-1,-1,-1
97,117,399.50,3.30,81.00,125.80,0.3647,-1,-1,-1
98,32,273.20,323.00,310.90,748.20,0.5420,-1,-1,-1
98,30,1070.10,36.90,251.50,717.40,0.8721,-1,-1,-1
98,5,488.30,2.20,73.60,113.00,0.4932,-1,-1,-1
98,82,1577.20,0.00,43.50,89.10,0.6406,-1,-1,-1
98,13,0.00,252.30,191.10,827.70,0.2161,-1,-1,-1
98,44,1723.40,0.00,47.70,70.60,0.7686,-1,-1,-1
98,88,406.60,3.10,110.00,124.00,0.6826,-1,-1,-1
98,36,464.80,4.10,72.70,120.60,0.5737,-1,-1,-1
98,59,105.30,64.50,114.40,280.00,0.8652,-1,-1,-1
98,33,512.80,8.10,223.10,364.10,0.9307,-1,-1,-1
98,98,823.00,51.20,313.40,654.60,0.9297,-1,-1,-1
98,63,896.90,23.60,56.40,158.10,0.8208,-1,-1,-1
98,132,170.90,19.80,135.20,296.80,0.8608,-1,-1,-1
98,123,737.50,0.00,75.20,186.30,0.8540,-1,-1,-1
98,40,1063.90,42.80,65.50,110.10,0.1956,-1,-1,-1
98,117,400.20,3.80,80.40,126.10,0.1561,-1,-1,-1
99,30,1129.40,40.70,282.70,810.60,0.9009,-1,-1,-1
99,5,491.00,3.90,66.90,102.70,0.1200,-1,-1,-1
99,82,1575.30,0.00,43.40,89.10,0.5850,-1,-1,-1
99,44,1723.20,0.00,47.00,69.90,0.7505,-1,-1,-1
99,88,406.70,3.10,110.80,124.30,0.6460,-1,-1,-1
99,36,462.60,3.00,72.00,121.10,0.6680,-1,-1,-1
99,59,106.20,63.90,115.80,284.10,0.8726,-1,-1,-1
99,33,483.40,7.90,210.00,348.70,0.9058,-1,-1,-1
99,98,843.60,57.30,338.20,729.00,0.9229,-1,-1,-1
99,132,169.00,18.90,141.50,313.60,0.8540,-1,-1,-1
99,123,741.50,2.10,82.80,205.60,0.8706,-1,-1,-1
99,117,398.90,2.10,80.80,128.90,0.4756,-1,-1,-1
99,97,25.90,505.80,361.60,574.20,0.7388,-1,-1,-1
100,30,1193.00,50.40,309.50,893.30,0.9209,-1,-1,-1
100,82,1575.80,0.70,42.90,88.30,0.4570,-1,-1,-1
100,44,1722.70,0.00,47.50,70.40,0.7578,-1,-1,-1
100,88,401.70,3.30,110.20,124.50,0.7656,-1,-1,-1
100,36,463.00,3.00,66.60,113.70,0.3157,-1,-1,-1
100,59,106.60,64.40,115.30,283.40,0.8799,-1,-1,-1
100,33,460.20,20.00,186.80,314.50,0.8926,-1,-1,-1
100,98,854.20,71.90,385.30,856.40,0.9048,-1,-1,-1
100,132,169.50,19.60,142.70,319.50,0.8633,-1,-1,-1
100,123,753.80,3.20,88.40,219.80,0.8896,-1,-1,-1
100,39,606.40,1.90,46.20,70.00,0.5303,-1,-1,-1
100,34,1262.40,95.90,81.70,214.80,0.7456,-1,-1,-1
101,3,954.00,186.40,93.00,264.70,0.8760,-1,-1,-1
101,30,1243.50,135.00,60.00,136.50,0.8608,-1,-1,-1
101,4,357.80,157.50,96.70,211.10,0.8589,-1,-1,-1
101,33,937.50,287.80,351.00,666.20,0.8452,-1,-1,-1
101,29,1517.20,417.80,318.80,662.20,0.8350,-1,-1,-1
101,37,1456.50,330.20,246.00,359.80,0.8335,-1,-1,-1
101,1,289.30,156.80,79.50,188.20,0.8311,-1,-1,-1
101,38,997.50,101.10,48.00,140.20,0.8232,-1,-1,-1
101,81,1447.50,93.00,28.50,86.10,0.8218,-1,-1,-1
101,39,1299.80,129.80,67.40,153.70,0.8198,-1,-1,-1
101,9,1597.50,109.50,45.00,132.60,0.8057,-1,-1,-1
101,31,1099.50,115.30,51.00,112.70,0.7969,-1,-1,-1
101,40,658.50,104.80,32.30,79.90,0.7925,-1,-1,-1
101,41,1061.20,107.60,48.00,149.30,0.7866,-1,-1,-1
101,2,45.80,152.00,70.80,182.10,0.7759,-1,-1,-1
101,88,0.00,158.20,69.20,214.90,0.7725,-1,-1,-1
101,59,151.50,321.80,282.00,420.00,0.7583,-1,-1,-1
101,32,1284.00,548.20,343.50,531.00,0.7334,-1,-1,-1
101,5,1165.50,142.90,60.00,129.70,0.7168,-1,-1,-1
101,18,1462.50,142.90,165.00,303.00,0.6895,-1,-1,-1
101,28,1032.80,196.10,133.40,170.30,0.6558,-1,-1,-1
101,97,1176.80,251.80,232.40,456.20,0.6069,-1,-1,-1
101,42,935.20,97.20,25.60,71.50,0.5815,-1,-1,-1
101,35,1806.00,452.20,114.00,537.80,0.5757,-1,-1,-1
101,80,310.50,115.60,35.30,47.20,0.5547,-1,-1,-1
101,43,1701.00,68.30,30.00,68.30,0.5312,-1,-1,-1
101,44,273.40,130.00,47.20,153.10,0.5205,-1,-1,-1
101,45,1170.80,103.50,39.00,49.50,0.4980,-1,-1,-1
101,46,752.20,107.10,27.00,62.20,0.4580,-1,-1,-1
101,47,1662.00,67.70,36.00,69.00,0.4055,-1,-1,-1
101,34,585.80,431.20,272.20,635.30,0.3960,-1,-1,-1
101,48,635.20,109.40,25.60,69.20,0.3840,-1,-1,-1
101,110,1857.00,541.90,63.00,533.60,0.3684,-1,-1,-1
101,82,1157.20,138.80,43.60,114.70,0.3611,-1,-1,-1
101,62,1824.00,336.20,96.00,515.80,0.3269,-1,-1,-1
101,84,1144.50,121.70,24.00,68.20,0.2837,-1,-1,-1
101,13,1462.50,146.20,103.50,301.90,0.2681,-1,-1,-1
101,7,474.00,491.60,207.80,588.40,0.2622,-1,-1,-1
101,49,1545.00,111.80,30.00,59.60,0.2568,-1,-1,-1
102,3,918.90,182.50,87.70,249.10,0.9014,-1,-1,-1
102,30,1223.40,128.80,61.20,139.40,0.8589,-1,-1,-1
102,4,390.00,151.80,91.50,200.10,0.7866,-1,-1,-1
102,33,1036.70,277.60,334.80,638.70,0.7778,-1,-1,-1
102,29,1512.30,426.20,314.30,653.10,0.8584,-1,-1,-1
102,37,1435.30,260.20,241.50,355.00,0.8252,-1,-1,-1
102,1,325.70,152.80,79.30,187.60,0.8125,-1,-1,-1
102,38,996.00,102.40,48.40,141.40,0.8413,-1,-1,-1
102,81,1444.70,93.00,27.60,83.50,0.7114,-1,-1,-1
102,39,1316.60,138.00,68.90,156.70,0.8394,-1,-1,-1
102,9,1597.80,110.00,44.40,130.30,0.8052,-1,-1,-1
102,31,1103.00,107.50,54.40,121.20,0.1063,-1,-1,-1
102,40,668.70,106.10,32.00,79.60,0.7612,-1,-1,-1
102,41,1070.70,107.70,48.70,150.50,0.7080,-1,-1,-1
102,2,30.30,164.60,84.90,218.70,0.7202,-1,-1,-1
102,32,1283.20,547.90,343.80,530.70,0.7378,-1,-1,-1
102,5,1152.50,116.70,70.40,153.20,0.1376,-1,-1,-1
102,18,1466.20,139.00,131.60,241.10,0.4961,-1,-1,-1
102,28,983.50,190.60,176.10,226.50,0.8955,-1,-1,-1
102,42,935.90,95.70,25.50,71.20,0.6104,-1,-1,-1
102,35,1784.50,417.80,128.40,604.10,0.7124,-1,-1,-1
102,80,289.60,114.20,76.40,103.60,0.7017,-1,-1,-1
102,43,1702.60,68.60,29.40,66.90,0.4717,-1,-1,-1
102,44,278.10,129.90,46.20,148.80,0.7192,-1,-1,-1
102,45,1164.30,106.60,50.60,64.50,0.5869,-1,-1,-1
102,46,751.40,106.60,27.40,63.20,0.6177,-1,-1,-1
102,47,1663.30,68.50,36.00,69.00,0.4873,-1,-1,-1
102,34,632.90,483.00,255.40,593.90,0.7559,-1,-1,-1
102,48,630.30,111.40,23.70,64.50,0.4932,-1,-1,-1
102,110,1861.10,539.60,58.90,531.30,0.2524,-1,-1,-1
102,82,1156.10,138.80,49.70,131.00,0.7559,-1,-1,-1
102,88,701.80,121.40,20.30,46.60,0.2598,-1,-1,-1
102,49,1545.10,112.40,35.00,70.00,0.1225,-1,-1,-1
103,3,883.60,174.60,84.30,239.60,0.9072,-1,-1,-1
103,30,1219.90,110.10,47.50,108.20,0.7192,-1,-1,-1
103,4,422.90,151.00,87.20,190.70,0.8350,-1,-1,-1
103,33,1118.40,274.60,390.40,753.00,0.5391,-1,-1,-1
103,29,1511.10,430.00,313.10,649.80,0.9106,-1,-1,-1
103,1,350.30,150.80,78.20,185.60,0.7417,-1,-1,-1
103,38,1001.30,104.00,38.50,111.20,0.7393,-1,-1,-1
103,39,1344.40,139.90,69.20,157.50,0.8799,-1,-1,-1
103,9,1597.30,109.30,45.40,133.30,0.7861,-1,-1,-1
103,31,1113.00,126.30,57.70,129.00,0.8203,-1,-1,-1
103,40,679.20,107.20,33.20,82.10,0.7832,-1,-1,-1
103,41,1065.00,108.20,49.40,151.90,0.7974,-1,-1,-1
103,2,30.20,161.30,72.60,187.50,0.7104,-1,-1,-1
103,32,1263.90,548.20,347.10,531.50,0.8677,-1,-1,-1
103,5,1177.40,123.10,64.50,141.00,0.8350,-1,-1,-1
103,18,1479.30,133.90,167.40,310.60,0.8018,-1,-1,-1
103,28,952.40,183.20,173.80,226.60,0.8999,-1,-1,-1
103,42,935.10,95.50,26.10,73.00,0.6460,-1,-1,-1
103,35,1788.40,422.30,131.10,617.40,0.7407,-1,-1,-1
103,80,285.00,112.80,85.40,117.70,0.7563,-1,-1,-1
103,43,1702.70,68.50,29.70,67.60,0.3711,-1,-1,-1
103,44,279.80,130.30,46.40,147.80,0.7720,-1,-1,-1
103,45,1158.10,106.10,63.80,82.50,0.6758,-1,-1,-1
103,46,751.30,106.30,27.40,63.10,0.5981,-1,-1,-1
103,47,1664.90,68.30,35.60,68.70,0.3389,-1,-1,-1
103,34,755.40,508.00,248.30,570.70,0.7900,-1,-1,-1
103,48,627.60,115.80,22.30,60.40,0.5273,-1,-1,-1
103,49,1542.80,111.30,36.20,71.60,0.1045,-1,-1,-1
103,86,45.80,276.80,131.80,534.20,0.8804,-1,-1,-1
103,103,9.00,333.30,84.70,561.30,0.7759,-1,-1,-1
103,97,1215.80,275.40,240.40,471.40,0.3904,-1,-1,-1
103,13,1462.00,170.20,94.80,276.20,0.8652,-1,-1,-1
104,3,851.40,167.10,81.50,230.90,0.8984,-1,-1,-1
104,30,1217.30,104.70,41.40,93.90,0.7827,-1,-1,-1
104,4,452.80,144.90,84.90,185.90,0.8086,-1,-1,-1
104,29,1515.30,447.10,304.50,630.60,0.7612,-1,-1,-1
104,1,357.20,145.80,75.20,178.80,0.8296,-1,-1,-1
104,38,999.10,102.10,47.10,136.60,0.8296,-1,-1,-1
104,39,1371.30,138.20,71.40,162.80,0.8599,-1,-1,-1
104,9,1605.40,111.80,31.50,91.30,0.5957,-1,-1,-1
104,31,1106.10,128.70,58.60,132.10,0.5518,-1,-1,-1
104,40,685.90,105.60,34.40,85.30,0.8252,-1,-1,-1
104,41,1072.10,108.80,48.60,149.80,0.6235,-1,-1,-1
104,2,64.00,164.70,67.90,173.70,0.8726,-1,-1,-1
104,32,1295.60,548.50,348.20,531.50,0.8467,-1,-1,-1
104,18,1503.20,134.50,172.80,325.60,0.8184,-1,-1,-1
104,28,911.60,175.80,165.80,220.40,0.8682,-1,-1,-1
104,42,934.80,95.50,26.40,73.80,0.5938,-1,-1,-1
104,35,1759.50,255.60,160.50,811.30,0.1130,-1,-1,-1
104,80,284.50,112.40,87.20,122.60,0.7622,-1,-1,-1
104,43,1701.60,68.40,29.70,67.60,0.5293,-1,-1,-1
104,44,280.40,130.90,46.70,146.70,0.6333,-1,-1,-1
104,46,751.40,105.90,27.70,63.60,0.6040,-1,-1,-1
104,47,1665.40,67.50,35.40,68.70,0.6030,-1,-1,-1
104,34,922.50,518.10,249.00,560.90,0.9102,-1,-1,-1
104,48,621.50,115.60,22.00,59.20,0.3811,-1,-1,-1
104,49,1542.90,109.10,38.90,77.10,0.3821,-1,-1,-1
104,86,39.90,307.60,139.00,557.90,0.8770,-1,-1,-1
104,13,1480.10,177.20,83.70,240.70,0.4561,-1,-1,-1
104,88,1.10,143.90,55.60,172.30,0.7720,-1,-1,-1
104,59,108.00,332.50,339.30,513.10,0.9009,-1,-1,-1
104,81,1447.80,84.00,27.00,81.50,0.5908,-1,-1,-1
104,82,1168.70,127.10,50.10,132.00,0.8232,-1,-1,-1
105,3,826.70,161.40,77.00,217.80,0.8911,-1,-1,-1
105,30,1220.30,99.20,42.20,95.50,0.6152,-1,-1,-1
105,4,481.60,147.50,78.90,172.70,0.8438,-1,-1,-1
105,29,1521.80,441.70,305.60,634.70,0.8965,-1,-1,-1
105,1,370.70,142.00,72.70,174.50,0.8271,-1,-1,-1
105,38,997.80,102.10,48.60,141.40,0.8076,-1,-1,-1
105,39,1395.50,132.10,72.40,165.50,0.8682,-1,-1,-1
105,9,1610.60,110.50,24.50,69.80,0.3904,-1,-1,-1
105,40,693.20,105.50,33.70,84.00,0.7212,-1,-1,-1
105,41,1075.60,109.10,49.30,150.80,0.7422,-1,-1,-1
105,2,91.60,165.00,67.60,173.20,0.8457,-1,-1,-1
105,32,1293.40,546.40,352.00,533.60,0.9409,-1,-1,-1
105,18,1528.30,135.20,150.40,288.70,0.8350,-1,-1,-1
105,28,878.90,168.60,153.10,207.70,0.8823,-1,-1,-1
105,42,935.40,97.30,25.10,70.00,0.5981,-1,-1,-1
105,80,285.60,112.30,85.90,123.60,0.7622,-1,-1,-1
105,43,1702.30,69.30,29.80,67.40,0.5991,-1,-1,-1
105,44,280.60,130.10,47.40,146.70,0.7563,-1,-1,-1
105,46,751.80,107.50,27.10,61.80,0.5254,-1,-1,-1
105,47,1665.90,68.10,34.60,67.00,0.5796,-1,-1,-1
105,34,1012.30,528.10,248.70,551.90,0.8237,-1,-1,-1
105,49,1537.70,109.50,42.10,83.20,0.5449,-1,-1,-1
105,86,14.80,280.80,131.60,526.10,0.8062,-1,-1,-1
105,13,1480.50,174.90,92.40,264.10,0.8989,-1,-1,-1
105,58,410.30,142.10,68.60,169.50,0.8105,-1,-1,-1
105,96,1027.90,131.60,52.90,119.60,0.8232,-1,-1,-1
105,88,0.00,136.40,47.20,164.50,0.7432,-1,-1,-1
105,59,104.50,380.70,361.40,551.90,0.9106,-1,-1,-1
105,37,1457.70,277.80,282.30,420.70,0.6226,-1,-1,-1
105,45,1154.00,105.60,71.20,94.60,0.5068,-1,-1,-1
106,3,803.20,155.20,75.40,212.50,0.8799,-1,-1,-1
106,30,1222.20,103.60,40.10,91.10,0.6187,-1,-1,-1
106,4,499.10,139.20,76.90,168.40,0.8193,-1,-1,-1
106,29,1528.50,435.30,309.80,642.90,0.9038,-1,-1,-1
106,1,382.40,138.80,70.80,170.00,0.8857,-1,-1,-1
106,38,999.20,102.90,49.40,143.50,0.8311,-1,-1,-1
106,39,1407.50,126.10,72.10,165.40,0.8955,-1,-1,-1
106,41,1085.80,109.10,48.50,148.10,0.7988,-1,-1,-1
106,2,111.70,162.90,66.50,169.60,0.8833,-1,-1,-1
106,32,1302.90,548.70,353.60,531.30,0.9326,-1,-1,-1
106,18,1520.40,133.90,163.80,321.40,0.8418,-1,-1,-1
106,28,848.70,165.10,142.20,196.80,0.8687,-1,-1,-1
106,42,934.50,97.40,24.80,69.40,0.5879,-1,-1,-1
106,80,287.00,112.90,83.50,123.60,0.7720,-1,-1,-1
106,43,1701.50,69.00,29.70,67.20,0.5889,-1,-1,-1
106,44,280.10,131.50,46.50,140.70,0.7256,-1,-1,-1
106,47,1664.90,68.80,34.40,66.60,0.5283,-1,-1,-1
106,34,1075.30,550.00,242.30,530.00,0.8774,-1,-1,-1
106,49,1531.60,107.80,53.50,107.10,0.7266,-1,-1,-1
106,13,1476.70,174.90,93.10,265.40,0.9053,-1,-1,-1
106,58,433.30,140.20,68.30,168.70,0.8311,-1,-1,-1
106,96,1043.70,130.10,53.20,120.60,0.8164,-1,-1,-1
106,88,0.00,130.60,43.90,183.50,0.6646,-1,-1,-1
106,59,69.70,345.50,409.30,636.60,0.7402,-1,-1,-1
106,98,223.10,162.80,86.60,191.30,0.8643,-1,-1,-1
106,7,465.70,412.60,230.20,619.60,0.8198,-1,-1,-1
106,31,1118.80,126.90,54.50,124.40,0.7690,-1,-1,-1
107,3,781.10,152.20,70.50,199.00,0.8730,-1,-1,-1
107,30,1219.10,104.40,40.60,91.30,0.5107,-1,-1,-1
107,4,515.80,136.20,74.90,164.40,0.7886,-1,-1,-1
107,29,1521.90,437.70,294.90,617.60,0.7388,-1,-1,-1
107,1,397.80,136.20,66.40,160.10,0.8579,-1,-1,-1
107,38,1000.00,102.50,49.10,143.80,0.7788,-1,-1,-1
107,39,1406.20,125.80,68.60,157.40,0.8765,-1,-1,-1
107,41,1096.10,108.70,49.30,149.20,0.8052,-1,-1,-1
107,2,134.90,158.40,64.20,165.00,0.7231,-1,-1,-1
107,32,1319.90,550.50,352.70,529.50,0.9336,-1,-1,-1
107,18,1518.90,132.50,164.70,330.70,0.8418,-1,-1,-1
107,28,823.30,159.70,130.90,186.30,0.8174,-1,-1,-1
107,42,935.10,98.00,25.00,69.60,0.6636,-1,-1,-1
107,80,289.20,113.10,78.40,119.60,0.7285,-1,-1,-1
107,43,1701.40,70.00,29.30,65.90,0.5010,-1,-1,-1
107,44,278.20,143.90,62.20,185.80,0.8613,-1,-1,-1
107,47,1668.40,69.20,33.00,64.40,0.3950,-1,-1,-1
107,34,1104.70,550.60,246.10,529.40,0.8691,-1,-1,-1
107,49,1528.80,107.20,60.70,122.80,0.6689,-1,-1,-1
107,13,1466.80,173.40,93.80,267.60,0.9033,-1,-1,-1
107,58,448.60,137.30,65.00,160.50,0.8511,-1,-1,-1
107,96,1033.90,127.70,53.00,120.80,0.7920,-1,-1,-1
107,88,0.00,129.20,44.90,189.30,0.1093,-1,-1,-1
107,59,205.70,339.00,355.70,559.00,0.8931,-1,-1,-1
107,6,1173.60,108.60,35.10,83.70,0.3831,-1,-1,-1
107,97,1283.70,307.90,195.50,385.90,0.7446,-1,-1,-1
107,35,1744.40,291.90,162.80,762.50,0.7778,-1,-1,-1
107,40,709.20,106.50,31.40,78.60,0.7212,-1,-1,-1
107,46,751.20,109.60,27.10,61.70,0.3621,-1,-1,-1
108,3,755.90,148.70,67.30,188.10,0.8843,-1,-1,-1
108,30,1224.10,105.40,39.70,89.90,0.6133,-1,-1,-1
108,4,528.40,127.70,74.80,164.70,0.8740,-1,-1,-1
108,29,1535.20,437.30,285.10,599.70,0.8062,-1,-1,-1
108,1,408.00,135.10,64.30,155.20,0.8579,-1,-1,-1
108,38,1001.30,102.30,48.90,142.90,0.7583,-1,-1,-1
108,39,1400.00,125.30,64.90,149.30,0.8579,-1,-1,-1
108,41,1099.10,108.70,50.40,151.50,0.7949,-1,-1,-1
108,2,145.50,163.80,66.40,166.70,0.8540,-1,-1,-1
108,32,1330.40,545.50,355.20,534.50,0.9341,-1,-1,-1
108,18,1531.00,133.50,144.20,292.20,0.8716,-1,-1,-1
108,28,796.50,153.40,123.80,179.40,0.8696,-1,-1,-1
108,42,935.10,97.00,25.50,70.90,0.6396,-1,-1,-1
108,80,283.20,136.90,106.20,166.20,0.8843,-1,-1,-1
108,43,1703.40,69.60,29.30,65.90,0.6069,-1,-1,-1
108,44,276.50,137.40,56.20,166.50,0.7822,-1,-1,-1
108,47,1667.10,69.00,33.30,64.60,0.4814,-1,-1,-1
108,34,1110.00,549.40,252.30,530.60,0.8472,-1,-1,-1
108,49,1529.40,110.40,58.40,119.20,0.7378,-1,-1,-1
108,13,1465.10,171.40,94.50,267.70,0.9048,-1,-1,-1
108,58,464.70,133.40,63.10,155.40,0.8613,-1,-1,-1
108,6,1175.60,118.50,30.90,73.30,0.5859,-1,-1,-1
108,109,967.60,126.80,42.40,111.10,0.8203,-1,-1,-1
108,64,1607.20,111.10,36.40,76.60,0.6353,-1,-1,-1
108,97,1329.60,427.50,146.30,284.40,0.5264,-1,-1,-1
108,35,1762.40,407.50,139.60,640.60,0.4065,-1,-1,-1
108,40,711.80,107.10,30.40,75.90,0.7622,-1,-1,-1
108,46,752.70,108.70,27.00,61.20,0.1361,-1,-1,-1
108,62,1826.40,193.20,64.50,325.40,0.8916,-1,-1,-1
108,103,0.00,281.80,83.50,636.00,0.5039,-1,-1,-1
108,37,1505.30,312.70,194.40,285.10,0.7964,-1,-1,-1
108,7,502.80,342.80,202.30,522.70,0.8354,-1,-1,-1
109,3,734.10,142.20,65.50,182.20,0.8843,-1,-1,-1
109,30,1235.50,108.50,31.80,72.20,0.6533,-1,-1,-1
109,4,544.20,122.70,71.20,158.20,0.8423,-1,-1,-1
109,29,1562.30,437.70,243.10,506.80,0.6206,-1,-1,-1
109,1,421.90,132.90,62.40,150.90,0.8521,-1,-1,-1
109,38,998.70,102.10,48.90,143.60,0.7578,-1,-1,-1
109,39,1385.40,123.30,62.70,144.00,0.8706,-1,-1,-1
109,41,1099.30,108.70,51.20,152.60,0.8228,-1,-1,-1
109,2,165.80,158.20,68.50,170.10,0.8242,-1,-1,-1
109,32,1340.10,541.90,357.00,538.10,0.8804,-1,-1,-1
109,18,1526.00,133.30,153.60,318.30,0.8716,-1,-1,-1
109,28,779.60,149.30,114.20,170.60,0.8481,-1,-1,-1
109,42,934.50,96.70,28.90,80.80,0.6782,-1,-1,-1
109,80,294.80,142.40,114.00,182.60,0.8491,-1,-1,-1
109,43,1701.80,68.80,29.90,66.80,0.5000,-1,-1,-1
109,44,277.60,134.20,52.80,153.50,0.8081,-1,-1,-1
109,47,1666.50,68.90,33.70,65.10,0.4121,-1,-1,-1
109,34,1114.40,547.20,258.70,532.80,0.8125,-1,-1,-1
109,49,1532.60,111.80,53.40,110.60,0.7744,-1,-1,-1
109,13,1467.30,170.70,95.30,267.70,0.8789,-1,-1,-1
109,58,473.90,127.40,62.90,155.40,0.8643,-1,-1,-1
109,6,1180.40,124.60,28.60,67.30,0.5078,-1,-1,-1
109,109,975.60,124.90,42.10,111.20,0.6816,-1,-1,-1
109,64,1606.40,98.70,43.50,91.70,0.5332,-1,-1,-1
109,97,1338.80,449.60,142.10,272.70,0.4697,-1,-1,-1
109,35,1768.50,358.00,116.00,513.10,0.7563,-1,-1,-1
109,40,710.80,105.40,30.40,76.10,0.6592,-1,-1,-1
109,115,298.30,112.30,61.00,103.60,0.7305,-1,-1,-1
109,103,43.20,292.40,118.10,733.80,0.8711,-1,-1,-1
109,84,1143.50,126.00,23.00,63.40,0.3364,-1,-1,-1
109,96,1056.70,122.00,49.30,112.90,0.8188,-1,-1,-1
110,3,719.00,139.90,62.60,173.80,0.8726,-1,-1,-1
110,30,1239.90,109.20,36.60,83.80,0.7031,-1,-1,-1
110,4,560.90,120.40,68.30,152.00,0.8608,-1,-1,-1
110,29,1559.20,432.70,280.10,590.10,0.6680,-1,-1,-1
110,1,430.10,131.50,61.20,148.30,0.8291,-1,-1,-1
110,38,996.00,102.40,48.30,142.40,0.7642,-1,-1,-1
110,39,1377.10,119.40,61.20,141.40,0.8438,-1,-1,-1
110,41,1098.60,109.40,51.60,152.70,0.7842,-1,-1,-1
110,2,174.50,156.10,67.20,164.20,0.8315,-1,-1,-1
110,32,1346.20,540.50,356.80,539.50,0.9048,-1,-1,-1
110,18,1523.60,131.90,154.60,329.30,0.8726,-1,-1,-1
110,28,757.90,144.70,108.60,166.10,0.8809,-1,-1,-1
110,42,937.40,96.50,22.00,58.80,0.4102,-1,-1,-1
110,80,315.90,141.50,113.00,185.80,0.8315,-1,-1,-1
110,43,1702.20,68.70,30.10,67.20,0.6953,-1,-1,-1
110,44,278.30,132.60,51.90,148.00,0.7939,-1,-1,-1
110,47,1670.90,68.70,32.70,63.40,0.5098,-1,-1,-1
110,34,1114.60,543.20,265.80,536.60,0.8838,-1,-1,-1
110,49,1532.90,110.20,51.60,108.10,0.7720,-1,-1,-1
110,13,1467.10,173.70,96.70,268.50,0.9160,-1,-1,-1
110,58,488.40,123.20,62.40,153.90,0.8369,-1,-1,-1
110,6,1186.10,128.10,27.50,64.00,0.4148,-1,-1,-1
110,109,968.40,123.70,40.80,107.90,0.6875,-1,-1,-1
110,64,1607.80,104.70,42.70,90.00,0.7388,-1,-1,-1
110,97,1332.90,459.10,141.70,271.20,0.1656,-1,-1,-1
110,40,707.60,102.10,30.60,77.00,0.6636,-1,-1,-1
110,115,296.50,112.70,65.00,111.10,0.7866,-1,-1,-1
110,103,95.30,335.10,130.70,732.50,0.9219,-1,-1,-1
110,84,1143.00,125.00,23.90,64.10,0.5400,-1,-1,-1
110,96,1048.60,119.90,47.30,108.60,0.8320,-1,-1,-1
110,110,1821.60,452.00,77.60,623.40,0.6724,-1,-1,-1
110,88,0.00,130.70,41.30,168.70,0.7485,-1,-1,-1
110,46,750.50,106.00,29.00,65.30,0.5918,-1,-1,-1
111,3,700.40,135.70,61.20,170.00,0.8599,-1,-1,-1
111,30,1241.90,109.80,37.40,86.60,0.7280,-1,-1,-1
111,4,572.30,117.80,64.30,144.30,0.8008,-1,-1,-1
111,29,1585.70,434.70,248.10,518.90,0.7363,-1,-1,-1
111,1,436.40,128.40,60.30,146.30,0.8062,-1,-1,-1
111,38,995.20,104.70,47.50,139.80,0.7578,-1,-1,-1
111,39,1369.90,118.90,58.40,135.00,0.8599,-1,-1,-1
111,41,1097.00,108.80,52.00,153.50,0.8032,-1,-1,-1
111,2,182.70,152.20,64.50,157.00,0.8105,-1,-1,-1
111,32,1352.70,542.60,355.70,536.40,0.8730,-1,-1,-1
111,18,1524.00,131.20,153.50,334.00,0.8862,-1,-1,-1
111,28,741.90,137.20,102.10,161.00,0.8242,-1,-1,-1
111,42,938.30,97.30,19.70,51.40,0.1471,-1,-1,-1
111,80,331.80,140.50,106.40,179.40,0.8408,-1,-1,-1
111,43,1701.50,69.00,29.80,66.70,0.6113,-1,-1,-1
111,44,278.30,131.80,52.30,146.60,0.7808,-1,-1,-1
111,47,1666.50,71.10,40.20,80.10,0.5205,-1,-1,-1
111,34,1119.20,549.30,272.20,530.70,0.8081,-1,-1,-1
111,49,1525.50,111.60,55.50,118.70,0.7983,-1,-1,-1
111,13,1454.10,175.50,97.80,268.10,0.8481,-1,-1,-1
111,58,498.30,121.20,59.70,147.70,0.8550,-1,-1,-1
111,109,962.90,122.50,39.50,104.70,0.6699,-1,-1,-1
111,64,1609.30,108.30,40.10,84.60,0.6689,-1,-1,-1
111,115,295.50,112.70,66.40,114.90,0.7930,-1,-1,-1
111,103,131.10,368.90,112.10,589.80,0.8311,-1,-1,-1
111,84,1142.80,126.80,24.30,62.50,0.5508,-1,-1,-1
111,96,1035.20,117.10,47.80,109.30,0.7944,-1,-1,-1
111,122,914.40,122.90,43.20,106.60,0.7930,-1,-1,-1
111,123,0.00,260.50,168.50,775.30,0.6807,-1,-1,-1
111,46,750.40,108.60,27.70,61.50,0.6177,-1,-1,-1
111,88,695.30,102.40,29.90,69.40,0.6187,-1,-1,-1
111,86,0.00,244.90,130.10,626.30,0.6655,-1,-1,-1
111,59,178.40,424.70,402.50,643.30,0.8965,-1,-1,-1
112,3,685.60,132.90,58.60,162.90,0.8521,-1,-1,-1
112,30,1243.10,109.70,37.50,87.80,0.6992,-1,-1,-1
112,4,578.70,115.60,63.10,142.70,0.8223,-1,-1,-1
112,29,1600.70,435.60,232.20,481.40,0.8110,-1,-1,-1
112,1,444.00,127.10,58.60,142.90,0.8062,-1,-1,-1
112,38,996.00,104.00,48.20,140.90,0.8130,-1,-1,-1
112,39,1369.90,114.80,58.00,133.10,0.8364,-1,-1,-1
112,41,1097.10,108.60,52.40,154.20,0.7905,-1,-1,-1
112,2,191.10,177.80,78.60,190.40,0.8062,-1,-1,-1
112,32,1356.90,544.20,355.90,535.00,0.8711,-1,-1,-1
112,18,1535.00,131.40,136.80,297.60,0.8184,-1,-1,-1
112,28,726.10,135.30,97.90,157.60,0.8760,-1,-1,-1
112,42,938.70,97.70,18.60,46.70,0.1550,-1,-1,-1
112,80,348.00,138.60,98.60,170.40,0.8218,-1,-1,-1
112,43,1697.90,71.30,36.40,82.00,0.6567,-1,-1,-1
112,44,277.80,131.40,52.70,144.90,0.7847,-1,-1,-1
112,47,1666.70,71.00,43.20,88.50,0.7002,-1,-1,-1
112,34,1121.10,556.30,278.20,522.80,0.8154,-1,-1,-1
112,49,1521.10,111.40,57.60,125.10,0.8208,-1,-1,-1
112,13,1447.70,176.40,93.30,250.60,0.8975,-1,-1,-1
112,58,504.60,121.00,56.90,140.90,0.8369,-1,-1,-1
112,109,954.00,122.50,40.20,106.50,0.2108,-1,-1,-1
112,64,1612.50,107.70,33.70,70.60,0.2147,-1,-1,-1
112,115,295.10,112.70,66.40,116.60,0.7759,-1,-1,-1
112,84,1143.70,127.60,24.50,61.60,0.5020,-1,-1,-1
112,122,899.70,122.50,42.50,104.80,0.8335,-1,-1,-1
112,123,5.90,286.10,189.10,744.10,0.6279,-1,-1,-1
112,146,1447.70,353.20,121.50,338.50,0.8140,-1,-1,-1
112,128,620.60,109.20,24.80,80.90,0.6807,-1,-1,-1
112,77,1219.40,125.00,29.60,47.10,0.3694,-1,-1,-1
112,88,692.50,103.30,28.10,64.70,0.6167,-1,-1,-1
112,86,9.40,284.30,149.30,587.30,0.6548,-1,-1,-1
112,59,320.10,460.00,388.90,620.00,0.9238,-1,-1,-1
112,62,1841.70,181.00,44.50,206.00,0.8608,-1,-1,-1
112,37,1554.80,289.00,182.00,271.30,0.6611,-1,-1,-1
112,97,1297.90,461.00,130.80,234.00,0.7202,-1,-1,-1
113,3,671.90,129.70,56.10,156.50,0.8623,-1,-1,-1
113,30,1243.50,108.90,37.60,88.90,0.7002,-1,-1,-1
113,4,586.40,115.60,60.00,135.80,0.8086,-1,-1,-1
113,29,1605.10,439.50,238.30,488.20,0.8228,-1,-1,-1
113,1,451.00,123.20,57.70,140.60,0.8481,-1,-1,-1
113,38,999.50,102.80,49.00,142.80,0.8032,-1,-1,-1
113,39,1365.10,111.50,57.00,131.70,0.8784,-1,-1,-1
113,41,1098.00,108.00,52.60,153.50,0.8271,-1,-1,-1
113,2,198.00,160.90,67.10,161.90,0.8076,-1,-1,-1
113,32,1356.20,543.30,356.90,536.40,0.8882,-1,-1,-1
113,18,1537.60,132.70,145.10,319.80,0.8750,-1,-1,-1
113,28,721.60,133.70,90.10,149.60,0.8613,-1,-1,-1
113,80,357.60,135.40,91.70,162.00,0.8491,-1,-1,-1
113,43,1694.30,75.80,36.00,82.40,0.7490,-1,-1,-1
113,44,277.70,131.60,49.60,135.50,0.2751,-1,-1,-1
113,34,1118.30,554.90,284.00,524.40,0.8403,-1,-1,-1
113,49,1507.20,127.60,87.80,197.80,0.7056,-1,-1,-1
113,13,1441.10,177.70,98.10,260.50,0.9097,-1,-1,-1
113,58,510.30,119.10,54.70,135.60,0.8438,-1,-1,-1
113,64,1611.30,109.90,35.90,74.90,0.5889,-1,-1,-1
113,115,295.70,112.60,65.40,116.90,0.7656,-1,-1,-1
113,84,1143.50,128.00,24.70,60.80,0.4795,-1,-1,-1
113,122,880.00,120.10,41.20,101.60,0.8457,-1,-1,-1
113,123,102.80,342.70,185.00,711.80,0.9092,-1,-1,-1
113,128,628.30,108.10,23.40,76.00,0.7378,-1,-1,-1
113,77,1218.60,125.90,29.30,46.60,0.4121,-1,-1,-1
113,59,371.20,430.30,327.50,532.90,0.9287,-1,-1,-1
113,62,1841.70,186.10,43.00,193.40,0.7168,-1,-1,-1
113,98,242.60,180.20,90.00,198.70,0.8193,-1,-1,-1
113,35,1775.20,284.80,70.90,294.30,0.4312,-1,-1,-1
114,3,663.00,126.60,54.00,150.80,0.8687,-1,-1,-1
114,30,1241.90,109.20,36.90,88.20,0.5332,-1,-1,-1
114,4,591.20,115.90,58.40,133.20,0.7925,-1,-1,-1
114,29,1592.50,436.20,272.30,558.50,0.6655,-1,-1,-1
114,1,460.90,121.00,54.20,133.30,0.8003,-1,-1,-1
114,38,1002.10,106.10,47.70,139.60,0.8242,-1,-1,-1
114,39,1368.20,109.80,55.10,128.00,0.8442,-1,-1,-1
114,41,1098.90,107.70,53.40,154.30,0.7773,-1,-1,-1
114,2,205.10,151.70,60.40,145.00,0.8130,-1,-1,-1
114,32,1386.30,542.70,350.90,535.20,0.8521,-1,-1,-1
114,18,1543.70,133.50,147.40,323.10,0.7900,-1,-1,-1
114,28,710.10,129.90,86.30,146.50,0.8857,-1,-1,-1
114,80,367.20,133.20,84.20,152.90,0.8384,-1,-1,-1
114,43,1705.70,79.70,36.90,83.20,0.7905,-1,-1,-1
114,44,270.40,132.40,50.90,140.00,0.4177,-1,-1,-1
114,34,1172.70,642.10,267.30,437.70,0.7734,-1,-1,-1
114,13,1443.60,178.30,94.20,244.40,0.8750,-1,-1,-1
114,58,516.60,119.30,53.10,132.30,0.8169,-1,-1,-1
114,64,1608.00,109.40,38.20,79.50,0.6982,-1,-1,-1
114,115,301.40,114.40,51.60,93.20,0.5581,-1,-1,-1
114,84,1143.60,127.30,25.40,61.70,0.5879,-1,-1,-1
114,122,863.30,117.50,41.50,102.30,0.8672,-1,-1,-1
114,123,213.90,399.80,182.10,675.10,0.9297,-1,-1,-1
114,128,635.20,106.30,22.60,73.10,0.5957,-1,-1,-1
114,77,1216.80,126.10,30.00,47.60,0.4026,-1,-1,-1
114,59,522.30,420.40,304.00,497.10,0.9365,-1,-1,-1
114,62,1825.80,178.60,47.20,200.90,0.8843,-1,-1,-1
114,33,127.10,156.50,54.20,150.90,0.8315,-1,-1,-1
114,133,902.80,120.90,35.20,99.60,0.7832,-1,-1,-1
114,119,1192.50,126.00,30.60,49.10,0.4331,-1,-1,-1
114,98,277.30,178.20,86.40,190.50,0.7822,-1,-1,-1
114,109,962.40,116.70,39.50,104.70,0.7974,-1,-1,-1
114,146,1449.00,369.90,114.30,311.90,0.8076,-1,-1,-1
114,97,1314.40,457.30,146.00,256.10,0.8423,-1,-1,-1
115,3,654.90,124.00,52.10,144.90,0.8540,-1,-1,-1
115,30,1237.20,106.80,37.70,91.50,0.6968,-1,-1,-1
115,4,594.70,117.60,54.80,125.90,0.7622,-1,-1,-1
115,29,1582.30,430.70,284.40,587.30,0.8716,-1,-1,-1
115,1,467.10,119.30,53.30,131.60,0.8081,-1,-1,-1
115,38,1003.60,107.60,47.10,138.20,0.8330,-1,-1,-1
115,39,1372.70,108.10,53.80,125.30,0.8643,-1,-1,-1
115,41,1099.80,109.40,53.30,153.30,0.8115,-1,-1,-1
115,2,223.60,145.00,58.10,137.90,0.7471,-1,-1,-1
115,32,1359.60,543.00,352.30,536.20,0.9009,-1,-1,-1
115,18,1530.60,132.40,145.30,326.30,0.8818,-1,-1,-1
115,28,702.60,129.50,79.10,138.10,0.8296,-1,-1,-1
115,80,373.70,127.90,81.70,151.90,0.8438,-1,-1,-1
115,44,273.40,131.10,51.90,140.90,0.7129,-1,-1,-1
115,34,1204.40,505.60,330.50,565.80,0.5869,-1,-1,-1
115,13,1442.10,179.20,100.20,258.00,0.8931,-1,-1,-1
115,58,528.00,115.60,52.20,130.70,0.8560,-1,-1,-1
115,64,1603.90,106.10,49.00,103.50,0.4358,-1,-1,-1
115,115,297.60,114.20,58.30,107.60,0.8032,-1,-1,-1
115,84,1143.60,127.00,25.70,61.90,0.5508,-1,-1,-1
115,122,846.50,115.20,40.60,100.50,0.8384,-1,-1,-1
115,123,325.70,453.60,177.60,626.40,0.9224,-1,-1,-1
115,128,644.00,107.70,22.20,70.80,0.3381,-1,-1,-1
115,77,1215.70,125.50,30.20,48.20,0.4177,-1,-1,-1
115,62,1813.00,173.30,49.30,201.30,0.8872,-1,-1,-1
115,33,139.70,147.10,55.00,153.00,0.8350,-1,-1,-1
115,133,900.40,118.30,33.90,96.20,0.6807,-1,-1,-1
115,119,1197.00,125.90,28.30,45.20,0.3201,-1,-1,-1
115,98,317.80,170.90,84.50,185.90,0.8530,-1,-1,-1
115,63,1011.80,528.80,398.60,518.40,0.8052,-1,-1,-1
115,9,244.50,132.30,47.40,130.10,0.6060,-1,-1,-1
115,81,1705.20,68.90,25.20,65.80,0.4580,-1,-1,-1
115,82,1524.30,107.80,50.40,128.50,0.6343,-1,-1,-1
115,109,951.40,109.90,39.10,103.70,0.6372,-1,-1,-1
115,97,1299.60,453.60,172.90,303.10,0.1968,-1,-1,-1
115,46,750.60,106.90,29.20,64.70,0.5186,-1,-1,-1
115,42,934.30,97.00,27.40,69.70,0.5547,-1,-1,-1
116,3,649.60,123.50,49.70,138.50,0.8340,-1,-1,-1
116,30,1233.50,107.80,36.90,90.90,0.6646,-1,-1,-1
116,4,597.40,117.30,53.50,123.30,0.7432,-1,-1,-1
116,29,1580.00,430.50,275.30,569.80,0.9150,-1,-1,-1
116,1,478.50,119.90,51.00,126.50,0.8423,-1,-1,-1
116,38,1003.30,108.70,46.60,137.20,0.8291,-1,-1,-1
116,39,1384.80,108.00,45.60,106.60,0.3950,-1,-1,-1
116,41,1099.10,109.40,53.30,152.30,0.8037,-1,-1,-1
116,2,237.80,138.60,55.70,132.50,0.6577,-1,-1,-1
116,32,1349.20,545.90,352.90,533.80,0.7827,-1,-1,-1
116,18,1527.60,131.00,142.00,327.30,0.7695,-1,-1,-1
116,28,694.70,128.80,74.30,132.80,0.8428,-1,-1,-1
116,80,384.70,127.10,75.20,143.50,0.8066,-1,-1,-1
116,44,274.30,130.50,53.00,141.20,0.6680,-1,-1,-1
116,13,1441.10,178.10,102.30,264.20,0.8584,-1,-1,-1
116,58,536.80,114.60,50.90,128.30,0.7925,-1,-1,-1
116,64,1605.50,106.70,46.70,99.50,0.4756,-1,-1,-1
116,115,297.80,113.00,60.00,113.20,0.8003,-1,-1,-1
116,84,1143.50,127.20,26.00,61.50,0.5068,-1,-1,-1
116,122,832.10,116.40,38.80,96.10,0.8301,-1,-1,-1
116,128,650.00,106.40,27.80,89.40,0.4377,-1,-1,-1
116,77,1212.30,122.90,35.30,57.00,0.1901,-1,-1,-1
116,62,1811.30,171.70,51.30,201.90,0.8799,-1,-1,-1
116,33,150.10,140.50,52.80,146.80,0.8237,-1,-1,-1
116,133,890.50,118.20,31.60,89.80,0.7227,-1,-1,-1
116,119,1194.00,125.70,30.10,48.40,0.3235,-1,-1,-1
116,98,352.20,165.40,80.60,179.00,0.8188,-1,-1,-1
116,63,1010.00,529.30,413.80,540.50,0.8833,-1,-1,-1
116,9,240.50,138.80,43.90,120.40,0.2114,-1,-1,-1
116,81,1706.90,70.70,23.60,62.00,0.3174,-1,-1,-1
116,82,1525.30,109.20,50.70,129.60,0.7549,-1,-1,-1
116,109,952.70,106.40,32.10,84.20,0.3896,-1,-1,-1
116,97,1281.80,453.70,209.40,372.50,0.6489,-1,-1,-1
116,5,1399.10,119.70,84.20,214.10,0.8696,-1,-1,-1
116,46,750.20,109.40,28.20,61.90,0.2108,-1,-1,-1
116,110,1820.90,419.20,78.10,579.40,0.7432,-1,-1,-1
116,59,513.30,494.40,353.70,551.90,0.9082,-1,-1,-1
117,3,644.00,119.30,49.10,137.10,0.8164,-1,-1,-1
117,30,1236.10,108.80,30.50,74.80,0.4893,-1,-1,-1
117,4,599.50,111.30,53.10,123.10,0.7754,-1,-1,-1
117,29,1578.60,432.40,278.00,578.60,0.8960,-1,-1,-1
117,1,490.20,118.10,50.70,126.40,0.8286,-1,-1,-1
117,38,1003.40,110.20,45.90,135.40,0.8511,-1,-1,-1
117,41,1097.00,108.60,53.70,152.20,0.8257,-1,-1,-1
117,2,256.80,135.20,53.90,130.80,0.1836,-1,-1,-1
117,32,1353.90,548.00,351.40,530.90,0.8906,-1,-1,-1
117,18,1517.40,116.50,146.80,345.00,0.7529,-1,-1,-1
117,28,686.20,127.00,70.00,128.40,0.8276,-1,-1,-1
117,80,401.40,125.80,54.30,100.40,0.6226,-1,-1,-1
117,44,273.90,131.40,54.70,142.20,0.7241,-1,-1,-1
117,13,1435.70,176.40,104.40,268.30,0.8760,-1,-1,-1
117,58,546.80,113.80,50.30,125.60,0.7744,-1,-1,-1
117,64,1604.70,100.30,48.70,105.50,0.1432,-1,-1,-1
117,115,297.70,112.60,60.60,116.80,0.7944,-1,-1,-1
117,84,1143.50,127.60,26.10,60.60,0.4534,-1,-1,-1
117,122,819.00,114.90,38.10,94.70,0.8125,-1,-1,-1
117,77,1208.50,118.40,42.40,69.50,0.2075,-1,-1,-1
117,62,1818.00,177.10,52.60,199.00,0.7505,-1,-1,-1
117,33,162.10,135.50,51.00,142.00,0.8198,-1,-1,-1
117,133,877.30,113.90,31.60,90.00,0.7964,-1,-1,-1
117,119,1192.30,126.90,30.10,48.30,0.3242,-1,-1,-1
117,98,382.40,162.00,76.60,170.40,0.8057,-1,-1,-1
117,63,1000.60,533.80,413.70,545.70,0.9009,-1,-1,-1
117,81,1709.90,70.70,23.00,60.30,0.3748,-1,-1,-1
117,82,1530.30,110.30,43.70,111.50,0.5591,-1,-1,-1
117,97,1268.40,455.10,231.20,417.70,0.4648,-1,-1,-1
117,5,1375.80,118.10,79.80,202.80,0.8696,-1,-1,-1
117,46,750.70,109.00,28.10,61.60,0.5649,-1,-1,-1
117,31,911.90,109.70,38.90,97.90,0.8340,-1,-1,-1
117,48,1438.20,75.70,35.40,69.30,0.6636,-1,-1,-1
117,59,631.00,563.50,341.60,512.60,0.9346,-1,-1,-1
117,34,1227.00,463.30,340.30,606.60,0.6943,-1,-1,-1
117,42,931.80,98.60,29.10,75.00,0.6436,-1,-1,-1
118,3,639.60,116.70,47.70,132.70,0.8687,-1,-1,-1
118,30,1232.00,107.00,34.90,86.80,0.4912,-1,-1,-1
118,4,604.00,108.70,52.50,122.00,0.8027,-1,-1,-1
118,29,1578.00,434.10,275.20,573.40,0.9199,-1,-1,-1
118,1,505.20,115.90,50.70,124.50,0.8438,-1,-1,-1
118,38,1003.40,111.30,45.70,134.50,0.8457,-1,-1,-1
118,41,1094.00,108.20,54.20,153.00,0.7886,-1,-1,-1
118,32,1352.90,548.70,352.10,530.90,0.8843,-1,-1,-1
118,18,1514.50,125.50,141.20,336.40,0.7051,-1,-1,-1
118,28,680.00,125.50,67.20,125.50,0.8726,-1,-1,-1
118,80,404.90,121.70,62.00,116.00,0.1188,-1,-1,-1
118,44,275.50,129.70,57.80,148.90,0.7178,-1,-1,-1
118,13,1433.40,176.00,105.80,270.60,0.8574,-1,-1,-1
118,58,549.50,110.60,48.90,122.70,0.8857,-1,-1,-1
118,64,1604.10,103.80,46.20,101.10,0.5264,-1,-1,-1
118,115,300.40,120.30,62.60,123.50,0.4092,-1,-1,-1
118,84,1142.20,128.00,26.70,60.60,0.4177,-1,-1,-1
118,122,806.80,114.30,37.60,93.60,0.8433,-1,-1,-1
118,33,179.30,132.20,48.80,136.00,0.8354,-1,-1,-1
118,133,865.90,111.50,31.60,90.30,0.7734,-1,-1,-1
118,119,1192.30,127.00,29.00,46.50,0.2991,-1,-1,-1
118,98,403.40,154.80,74.90,166.80,0.7251,-1,-1,-1
118,63,1027.00,661.50,325.90,418.50,0.9121,-1,-1,-1
118,81,1707.70,69.60,24.30,63.60,0.5186,-1,-1,-1
118,82,1528.10,111.50,44.20,112.70,0.6670,-1,-1,-1
118,97,1256.80,457.90,237.50,438.70,0.6450,-1,-1,-1
118,5,1355.30,116.50,75.60,191.80,0.8550,-1,-1,-1
118,46,750.30,108.50,28.30,62.00,0.6523,-1,-1,-1
118,31,897.30,108.70,39.90,100.10,0.8110,-1,-1,-1
118,48,1443.80,78.50,30.40,59.80,0.4504,-1,-1,-1
118,27,843.50,114.40,33.50,94.10,0.8252,-1,-1,-1
118,79,937.40,164.90,54.20,69.40,0.5889,-1,-1,-1
118,42,933.60,98.50,27.50,71.50,0.6323,-1,-1,-1
118,86,0.00,225.70,113.90,503.10,0.8696,-1,-1,-1
118,128,669.50,108.70,27.30,87.30,0.4990,-1,-1,-1
119,3,634.90,115.40,45.90,127.20,0.8086,-1,-1,-1
119,30,1232.20,108.90,34.40,86.80,0.2690,-1,-1,-1
119,4,605.60,105.60,51.70,121.30,0.8252,-1,-1,-1
119,29,1576.80,434.70,275.70,578.40,0.8916,-1,-1,-1
119,1,515.20,114.70,48.90,120.50,0.8276,-1,-1,-1
119,38,1003.30,110.90,45.80,134.70,0.8550,-1,-1,-1
119,41,1091.00,107.80,54.10,153.00,0.8330,-1,-1,-1
119,32,1348.70,551.50,351.90,527.90,0.9146,-1,-1,-1
119,18,1514.50,128.70,138.10,336.10,0.8652,-1,-1,-1
119,28,676.40,120.70,63.20,120.20,0.8008,-1,-1,-1
119,80,402.60,121.00,79.20,153.40,0.3140,-1,-1,-1
119,44,275.00,131.10,58.20,148.60,0.7822,-1,-1,-1
119,13,1433.30,175.20,106.80,272.10,0.9082,-1,-1,-1
119,58,552.40,107.10,47.00,118.80,0.7974,-1,-1,-1
119,64,1603.00,108.10,44.90,98.40,0.7563,-1,-1,-1
119,115,311.70,126.00,62.20,121.80,0.5640,-1,-1,-1
119,84,1141.50,128.10,27.30,60.90,0.2751,-1,-1,-1
119,122,795.90,111.60,37.40,93.70,0.8872,-1,-1,-1
119,133,855.00,107.20,31.60,90.60,0.7798,-1,-1,-1
119,119,1194.10,127.20,28.30,45.30,0.3345,-1,-1,-1
119,98,411.40,155.50,68.70,154.00,0.7661,-1,-1,-1
119,63,1005.20,568.50,392.60,511.50,0.8306,-1,-1,-1
119,81,1706.90,69.80,25.00,64.80,0.5566,-1,-1,-1
119,82,1521.30,110.50,46.30,119.00,0.7520,-1,-1,-1
119,97,1227.70,457.90,286.60,555.40,0.5332,-1,-1,-1
119,5,1333.90,121.40,71.90,182.00,0.9033,-1,-1,-1
119,46,750.40,107.70,28.70,62.50,0.6030,-1,-1,-1
119,31,879.20,109.60,38.40,96.60,0.8091,-1,-1,-1
119,48,1452.20,79.40,23.40,46.00,0.3923,-1,-1,-1
119,27,832.90,113.70,32.60,91.30,0.7754,-1,-1,-1
119,42,934.50,98.30,27.60,72.50,0.6396,-1,-1,-1
119,40,1432.20,104.20,45.00,116.20,0.8027,-1,-1,-1
119,128,677.30,107.80,25.90,82.90,0.7007,-1,-1,-1
119,9,216.80,127.40,48.30,131.00,0.7808,-1,-1,-1
119,110,1817.50,465.60,83.50,575.50,0.4668,-1,-1,-1
120,3,632.70,113.90,45.10,125.30,0.8418,-1,-1,-1
120,30,1232.10,107.00,35.60,90.80,0.5908,-1,-1,-1
120,4,609.80,103.40,49.60,119.00,0.8369,-1,-1,-1
120,29,1582.00,434.00,290.10,623.60,0.8569,-1,-1,-1
120,1,516.70,111.80,48.50,119.90,0.7988,-1,-1,-1
120,38,1003.20,110.90,46.00,134.50,0.8687,-1,-1,-1
120,41,1091.00,107.70,53.60,152.50,0.8027,-1,-1,-1
120,32,1319.30,560.00,349.40,519.80,0.9194,-1,-1,-1
120,18,1512.40,131.20,135.10,332.80,0.8696,-1,-1,-1
120,28,671.00,118.00,61.20,118.40,0.8306,-1,-1,-1
120,44,275.00,130.50,58.40,148.80,0.7891,-1,-1,-1
120,13,1433.50,175.80,107.00,272.20,0.9033,-1,-1,-1
120,58,556.30,106.50,46.00,117.30,0.7812,-1,-1,-1
120,64,1600.00,102.70,47.60,105.80,0.5352,-1,-1,-1
120,115,333.60,129.00,59.20,116.80,0.6929,-1,-1,-1
120,84,1141.20,127.30,27.70,61.20,0.2502,-1,-1,-1
120,122,787.50,111.10,36.20,91.20,0.8296,-1,-1,-1
120,133,842.70,108.30,30.60,88.20,0.7788,-1,-1,-1
120,119,1194.50,126.50,28.50,46.00,0.2153,-1,-1,-1
120,98,420.40,148.40,67.90,154.10,0.7212,-1,-1,-1
120,63,1006.00,551.20,400.10,528.80,0.8286,-1,-1,-1
120,81,1706.50,69.70,25.30,65.40,0.5508,-1,-1,-1
120,82,1520.70,110.50,47.80,123.70,0.6826,-1,-1,-1
120,5,1319.30,131.20,65.40,164.10,0.8901,-1,-1,-1
120,46,750.30,107.70,28.70,62.40,0.5889,-1,-1,-1
120,31,864.00,110.20,36.80,92.50,0.7090,-1,-1,-1
120,27,821.80,114.20,30.90,86.40,0.8105,-1,-1,-1
120,42,935.30,97.00,27.60,72.80,0.6279,-1,-1,-1
120,40,1446.60,102.50,44.40,114.10,0.8252,-1,-1,-1
120,83,1872.80,156.10,47.20,222.20,0.4102,-1,-1,-1
120,2,302.80,114.80,46.90,117.20,0.7891,-1,-1,-1
120,79,932.20,164.50,55.10,70.70,0.3372,-1,-1,-1
121,3,629.20,110.80,44.40,123.70,0.8237,-1,-1,-1
121,30,1233.40,111.70,33.40,85.70,0.1807,-1,-1,-1
121,4,612.20,104.40,46.00,114.10,0.7339,-1,-1,-1
121,29,1607.20,441.40,293.10,632.70,0.8447,-1,-1,-1
121,1,517.00,109.70,47.10,116.90,0.8374,-1,-1,-1
121,38,1003.10,110.90,46.10,134.50,0.8608,-1,-1,-1
121,41,1092.00,107.90,53.50,152.80,0.7812,-1,-1,-1
121,32,1316.50,574.20,343.90,505.80,0.8750,-1,-1,-1
121,18,1513.80,132.20,131.70,330.20,0.8599,-1,-1,-1
121,28,665.40,114.80,59.60,117.30,0.8027,-1,-1,-1
121,44,276.00,128.20,59.70,151.30,0.7812,-1,-1,-1
121,13,1433.30,174.70,107.70,273.20,0.8970,-1,-1,-1
121,58,557.80,106.50,45.80,116.10,0.7637,-1,-1,-1
121,64,1601.00,107.30,44.40,98.50,0.5215,-1,-1,-1
121,115,336.40,120.80,58.20,117.60,0.6582,-1,-1,-1
121,84,1141.90,126.90,28.10,61.50,0.3784,-1,-1,-1
121,122,779.60,109.00,35.60,90.20,0.7788,-1,-1,-1
121,133,831.60,107.90,27.90,80.90,0.7500,-1,-1,-1
121,119,1194.40,125.90,29.00,47.00,0.2451,-1,-1,-1
121,98,430.50,147.00,63.60,144.30,0.7925,-1,-1,-1
121,63,1024.90,554.30,392.30,525.70,0.8594,-1,-1,-1
121,81,1706.30,69.30,25.60,65.60,0.4543,-1,-1,-1
121,82,1522.30,103.50,50.60,131.10,0.6318,-1,-1,-1
121,5,1308.40,140.30,61.60,153.60,0.8730,-1,-1,-1
121,46,751.40,106.80,28.90,63.30,0.5708,-1,-1,-1
121,31,847.40,110.00,35.50,89.60,0.7944,-1,-1,-1
121,27,809.60,106.60,32.70,91.80,0.8076,-1,-1,-1
121,42,934.90,97.80,27.00,72.00,0.5850,-1,-1,-1
121,83,1874.80,167.40,45.20,199.40,0.5757,-1,-1,-1
121,2,308.90,112.40,45.10,115.10,0.7471,-1,-1,-1
121,79,931.80,164.50,55.50,70.70,0.4863,-1,-1,-1
121,7,590.50,291.60,183.50,472.90,0.9067,-1,-1,-1
121,86,5.90,304.30,126.90,500.20,0.8472,-1,-1,-1
121,48,1460.20,76.60,32.00,63.60,0.6670,-1,-1,-1
122,3,629.00,107.70,43.80,122.00,0.7900,-1,-1,-1
122,30,1233.10,109.10,34.20,88.50,0.4397,-1,-1,-1
122,4,618.30,104.80,42.40,109.10,0.6167,-1,-1,-1
122,29,1670.70,465.70,249.30,614.30,0.6792,-1,-1,-1
122,1,516.30,108.40,45.90,113.50,0.8066,-1,-1,-1
122,38,1003.00,110.80,46.30,134.60,0.8682,-1,-1,-1
122,41,1096.00,107.20,54.10,154.00,0.8457,-1,-1,-1
122,32,1346.70,577.90,345.00,502.10,0.8545,-1,-1,-1
122,18,1515.90,132.30,129.10,329.60,0.8730,-1,-1,-1
122,28,660.00,112.30,56.60,114.00,0.8237,-1,-1,-1
122,44,276.30,130.40,59.60,150.00,0.7622,-1,-1,-1
122,13,1432.60,176.00,107.40,271.40,0.9058,-1,-1,-1
122,58,562.30,106.20,44.00,112.30,0.7568,-1,-1,-1
122,64,1596.20,105.10,53.50,120.80,0.6362,-1,-1,-1
122,115,348.10,120.40,55.80,114.90,0.8203,-1,-1,-1
122,84,1142.60,127.30,27.50,60.00,0.4148,-1,-1,-1
122,122,768.70,108.00,35.10,89.40,0.7900,-1,-1,-1
122,133,819.90,109.00,26.70,78.30,0.6060,-1,-1,-1
122,119,1193.50,127.00,28.90,46.90,0.4727,-1,-1,-1
122,98,439.30,142.10,63.00,142.70,0.7090,-1,-1,-1
122,63,1072.30,558.40,383.90,521.60,0.8223,-1,-1,-1
122,81,1706.00,69.30,26.10,65.80,0.5215,-1,-1,-1
122,82,1522.50,106.80,50.40,129.70,0.6299,-1,-1,-1
122,5,1297.20,147.80,57.90,143.10,0.8857,-1,-1,-1
122,31,833.70,110.90,34.40,86.90,0.7725,-1,-1,-1
122,27,796.80,106.10,32.50,91.10,0.8188,-1,-1,-1
122,42,935.50,98.40,26.30,70.90,0.5908,-1,-1,-1
122,83,1863.80,172.80,40.50,175.00,0.5527,-1,-1,-1
122,2,311.00,112.80,46.10,119.50,0.7505,-1,-1,-1
122,96,389.80,122.60,51.70,113.30,0.8286,-1,-1,-1
122,48,1465.40,75.10,33.10,66.60,0.7725,-1,-1,-1
122,146,1427.20,458.80,104.10,266.00,0.6768,-1,-1,-1
122,80,438.40,117.30,69.80,139.20,0.5039,-1,-1,-1
122,128,704.20,113.70,24.40,76.70,0.7124,-1,-1,-1
123,3,628.30,105.90,42.60,119.00,0.8472,-1,-1,-1
123,30,1232.00,107.90,34.50,90.00,0.5566,-1,-1,-1
123,1,519.80,108.40,44.00,109.20,0.8481,-1,-1,-1
123,38,1002.80,110.20,46.60,135.30,0.8672,-1,-1,-1
123,41,1098.20,107.00,54.90,154.60,0.7974,-1,-1,-1
123,32,1387.80,580.90,344.50,498.10,0.8481,-1,-1,-1
123,18,1518.00,136.60,127.50,329.00,0.8369,-1,-1,-1
123,28,656.60,110.60,54.40,112.30,0.7969,-1,-1,-1
123,44,275.70,131.30,59.40,148.10,0.7676,-1,-1,-1
123,13,1431.00,175.50,108.00,272.40,0.9082,-1,-1,-1
123,58,566.30,104.30,43.60,111.30,0.7900,-1,-1,-1
123,64,1594.10,104.50,50.20,109.70,0.1371,-1,-1,-1
123,115,361.60,115.50,54.20,114.80,0.7969,-1,-1,-1
123,84,1142.50,127.20,27.90,60.50,0.3867,-1,-1,-1
123,122,757.00,105.60,35.10,89.80,0.8066,-1,-1,-1
123,133,808.80,109.70,25.70,77.20,0.1650,-1,-1,-1
123,119,1193.20,128.10,27.90,44.70,0.3328,-1,-1,-1
123,98,448.00,138.70,60.00,136.40,0.7725,-1,-1,-1
123,81,1706.00,69.10,26.10,65.80,0.5547,-1,-1,-1
123,82,1514.50,100.50,45.40,117.30,0.6714,-1,-1,-1
123,5,1284.80,146.70,58.60,144.00,0.8633,-1,-1,-1
123,31,818.00,110.20,34.00,85.90,0.7930,-1,-1,-1
123,27,787.60,106.20,31.20,87.70,0.6851,-1,-1,-1
123,42,935.00,98.20,26.50,71.30,0.5767,-1,-1,-1
123,83,1842.70,169.10,39.10,167.30,0.8062,-1,-1,-1
123,2,327.90,115.60,45.30,115.80,0.8115,-1,-1,-1
123,96,400.30,121.20,50.30,110.00,0.8330,-1,-1,-1
123,48,1472.60,72.30,33.60,68.30,0.7212,-1,-1,-1
123,128,712.30,112.90,26.50,81.30,0.8174,-1,-1,-1
123,103,426.50,393.90,135.00,518.70,0.8794,-1,-1,-1
123,97,1201.20,534.80,286.20,545.20,0.8242,-1,-1,-1
124,30,1230.40,107.40,34.90,91.30,0.6377,-1,-1,-1
124,1,524.40,108.10,43.30,107.80,0.8335,-1,-1,-1
124,38,1002.90,111.10,46.40,134.30,0.8608,-1,-1,-1
124,41,1099.10,108.10,54.90,153.90,0.8169,-1,-1,-1
124,32,1412.70,588.40,344.90,491.30,0.8262,-1,-1,-1
124,18,1517.90,134.30,126.30,329.20,0.8423,-1,-1,-1
124,28,656.50,107.70,51.40,108.30,0.7925,-1,-1,-1
124,44,276.00,132.20,59.10,146.20,0.7910,-1,-1,-1
124,13,1430.50,176.30,108.10,271.50,0.9189,-1,-1,-1
124,58,578.00,103.20,42.90,109.10,0.7949,-1,-1,-1
124,64,1598.00,104.80,47.00,102.30,0.2056,-1,-1,-1
124,115,375.30,111.70,52.80,114.30,0.7529,-1,-1,-1
124,84,1142.70,126.80,28.60,61.70,0.4485,-1,-1,-1
124,122,745.30,107.20,33.70,86.10,0.8066,-1,-1,-1
124,133,796.90,108.40,26.60,80.90,0.1023,-1,-1,-1
124,119,1192.10,127.80,29.40,47.10,0.4302,-1,-1,-1
124,98,457.80,131.90,58.70,134.20,0.7178,-1,-1,-1
124,81,1706.00,70.00,26.00,64.80,0.3999,-1,-1,-1
124,82,1520.30,103.00,47.80,124.70,0.6538,-1,-1,-1
124,5,1267.20,144.60,58.20,142.70,0.8784,-1,-1,-1
124,31,803.90,110.00,33.60,85.00,0.8008,-1,-1,-1
124,27,775.90,106.50,30.80,86.70,0.7485,-1,-1,-1
124,42,935.60,96.50,26.90,72.20,0.5557,-1,-1,-1
124,2,344.80,115.70,43.70,112.00,0.7778,-1,-1,-1
124,96,413.50,118.90,49.30,108.70,0.7661,-1,-1,-1
124,48,1478.50,70.50,37.10,76.60,0.1672,-1,-1,-1
124,128,721.20,112.60,27.60,84.00,0.7334,-1,-1,-1
124,6,309.80,113.20,35.70,116.20,0.8076,-1,-1,-1
124,97,1228.80,554.50,283.20,525.50,0.9028,-1,-1,-1
124,62,1812.60,159.70,46.10,169.10,0.8169,-1,-1,-1
124,40,1490.70,97.10,26.90,68.70,0.5869,-1,-1,-1
124,7,610.30,371.90,217.70,517.60,0.9116,-1,-1,-1
124,4,628.80,104.70,44.10,112.90,0.7866,-1,-1,-1
125,30,1231.40,107.50,33.90,89.00,0.6440,-1,-1,-1
125,1,535.50,106.90,44.10,107.90,0.7852,-1,-1,-1
125,38,1002.80,111.10,46.50,134.20,0.8784,-1,-1,-1
125,41,1099.60,109.40,54.60,153.10,0.8257,-1,-1,-1
125,32,1413.60,597.90,341.20,481.50,0.9062,-1,-1,-1
125,18,1529.40,134.40,103.70,263.00,0.7007,-1,-1,-1
125,28,659.70,107.00,48.90,105.60,0.7812,-1,-1,-1
125,44,276.00,132.60,59.40,145.80,0.7778,-1,-1,-1
125,13,1433.30,175.90,106.20,268.40,0.8989,-1,-1,-1
125,58,588.90,103.00,40.70,104.30,0.7612,-1,-1,-1
125,64,1597.90,107.40,44.90,96.30,0.6060,-1,-1,-1
125,115,386.10,109.90,51.60,113.80,0.8008,-1,-1,-1
125,84,1142.40,127.30,28.60,61.40,0.5591,-1,-1,-1
125,122,733.90,108.60,33.80,86.60,0.7202,-1,-1,-1
125,119,1191.20,127.90,29.00,46.20,0.3513,-1,-1,-1
125,98,468.20,132.20,55.90,126.80,0.7388,-1,-1,-1
125,81,1703.10,67.20,27.90,68.70,0.4795,-1,-1,-1
125,82,1523.30,109.10,46.50,121.10,0.6875,-1,-1,-1
125,5,1248.80,141.50,57.80,141.50,0.8857,-1,-1,-1
125,31,791.10,108.90,33.70,83.90,0.7920,-1,-1,-1
125,27,764.40,105.20,30.00,84.60,0.6084,-1,-1,-1
125,42,935.40,96.30,27.00,72.50,0.6558,-1,-1,-1
125,2,362.70,114.40,43.00,109.30,0.8569,-1,-1,-1
125,96,425.70,116.90,47.80,105.50,0.8076,-1,-1,-1
125,48,1486.00,70.10,33.70,70.50,0.7358,-1,-1,-1
125,6,310.20,112.90,36.20,117.10,0.8013,-1,-1,-1
125,97,1307.60,555.40,269.20,490.70,0.7734,-1,-1,-1
125,62,1789.70,156.00,47.40,163.20,0.7568,-1,-1,-1
125,4,632.90,104.80,42.70,110.10,0.7778,-1,-1,-1
125,79,933.90,166.60,54.30,68.60,0.5879,-1,-1,-1
125,29,1650.60,495.90,255.50,584.10,0.8594,-1,-1,-1
126,30,1236.10,107.20,25.90,63.80,0.1913,-1,-1,-1
126,1,543.20,105.50,42.60,104.70,0.8237,-1,-1,-1
126,38,1003.30,111.50,46.50,133.40,0.8765,-1,-1,-1
126,41,1100.60,108.50,54.70,154.60,0.8276,-1,-1,-1
126,32,1444.20,618.60,327.00,461.20,0.7583,-1,-1,-1
126,18,1522.70,131.80,120.50,310.50,0.8564,-1,-1,-1
126,28,664.90,105.90,47.30,103.30,0.7959,-1,-1,-1
126,44,275.00,131.90,60.00,147.20,0.7993,-1,-1,-1
126,13,1442.40,173.20,105.50,270.00,0.9048,-1,-1,-1
126,64,1600.00,108.30,44.00,94.10,0.3252,-1,-1,-1
126,115,398.80,110.10,47.80,107.60,0.8008,-1,-1,-1
126,84,1143.50,127.20,28.20,61.00,0.4358,-1,-1,-1
126,122,724.20,105.30,31.20,81.70,0.1160,-1,-1,-1
126,119,1191.70,128.40,28.20,44.70,0.3748,-1,-1,-1
126,98,479.70,131.00,53.70,122.70,0.7842,-1,-1,-1
126,81,1704.50,68.50,27.40,66.90,0.5244,-1,-1,-1
126,82,1526.40,111.70,40.10,102.50,0.6699,-1,-1,-1
126,5,1226.70,137.80,57.10,139.90,0.8716,-1,-1,-1
126,31,776.20,107.80,33.00,82.70,0.7446,-1,-1,-1
126,27,749.50,107.00,31.30,88.00,0.7734,-1,-1,-1
126,42,935.00,96.80,26.60,71.40,0.6621,-1,-1,-1
126,2,373.80,113.70,41.10,104.90,0.8613,-1,-1,-1
126,96,435.80,115.00,46.20,102.40,0.8345,-1,-1,-1
126,48,1492.30,71.10,30.90,65.10,0.6758,-1,-1,-1
126,6,310.50,113.00,36.00,116.30,0.8110,-1,-1,-1
126,4,637.90,105.00,40.80,106.30,0.6646,-1,-1,-1
126,47,1661.80,68.50,42.40,68.40,0.3372,-1,-1,-1
126,79,933.60,166.40,55.40,69.30,0.5156,-1,-1,-1
126,29,1691.00,487.90,229.00,592.10,0.8008,-1,-1,-1
126,34,1658.10,349.30,251.50,477.40,0.8008,-1,-1,-1
126,86,30.00,257.10,133.70,478.70,0.8145,-1,-1,-1
126,63,1037.30,398.60,402.10,553.40,0.7959,-1,-1,-1
126,3,607.70,99.70,38.70,106.70,0.7886,-1,-1,-1
127,30,1237.70,107.60,25.60,63.70,0.1329,-1,-1,-1
127,1,552.40,104.70,42.00,101.80,0.8501,-1,-1,-1
127,38,1003.40,111.40,46.70,133.70,0.8750,-1,-1,-1
127,41,1101.80,108.80,54.00,153.70,0.8374,-1,-1,-1
127,32,1505.80,592.20,344.80,487.20,0.7349,-1,-1,-1
127,18,1532.50,134.60,125.40,322.80,0.9048,-1,-1,-1
127,28,656.80,99.00,44.10,100.10,0.6011,-1,-1,-1
127,44,274.70,131.40,60.30,147.90,0.7822,-1,-1,-1
127,13,1455.00,171.50,97.70,250.00,0.8423,-1,-1,-1
127,64,1604.50,109.30,40.30,86.00,0.6968,-1,-1,-1
127,115,408.70,107.20,46.10,106.00,0.8032,-1,-1,-1
127,84,1145.20,126.30,28.40,62.00,0.1650,-1,-1,-1
127,122,713.50,105.50,30.30,80.50,0.5840,-1,-1,-1
127,98,491.40,127.40,52.20,119.50,0.7778,-1,-1,-1
127,81,1702.30,65.80,28.80,70.10,0.5879,-1,-1,-1
127,82,1528.50,111.40,40.20,102.40,0.7759,-1,-1,-1
127,5,1206.10,132.40,56.90,139.50,0.7578,-1,-1,-1
127,31,759.80,109.70,35.40,88.80,0.7378,-1,-1,-1
127,27,739.40,103.20,30.30,85.40,0.5176,-1,-1,-1
127,42,936.00,97.30,26.20,71.00,0.5879,-1,-1,-1
127,2,386.00,112.50,40.40,102.60,0.8062,-1,-1,-1
127,96,445.90,113.00,45.30,100.40,0.7881,-1,-1,-1
127,48,1497.40,71.40,30.10,63.70,0.7642,-1,-1,-1
127,6,310.40,112.80,36.40,116.90,0.8013,-1,-1,-1
127,4,643.60,104.90,39.00,102.90,0.7231,-1,-1,-1
127,47,1664.60,69.60,41.40,67.00,0.2590,-1,-1,-1
127,79,930.40,166.40,55.80,69.60,0.4639,-1,-1,-1
127,29,1685.30,598.40,215.40,481.60,0.5659,-1,-1,-1
127,86,63.10,262.30,149.40,487.40,0.7271,-1,-1,-1
127,88,680.80,103.10,42.30,100.60,0.6978,-1,-1,-1
127,58,613.40,98.50,39.80,102.60,0.8159,-1,-1,-1
127,97,1293.00,419.50,296.10,547.10,0.8818,-1,-1,-1
128,30,1233.00,108.50,31.60,79.90,0.6460,-1,-1,-1
128,1,563.50,102.60,41.00,99.40,0.8521,-1,-1,-1
128,38,1003.00,111.90,46.60,133.20,0.8569,-1,-1,-1
128,41,1111.30,108.70,55.40,156.00,0.8467,-1,-1,-1
128,32,1551.90,574.90,355.20,504.90,0.5879,-1,-1,-1
128,18,1561.10,133.70,128.80,327.70,0.8896,-1,-1,-1
128,28,652.60,96.20,44.10,102.00,0.7969,-1,-1,-1
128,44,274.40,131.50,59.50,145.00,0.7559,-1,-1,-1
128,13,1447.80,170.20,103.50,263.60,0.8872,-1,-1,-1
128,64,1593.30,107.00,54.30,116.60,0.5620,-1,-1,-1
128,115,420.70,107.10,44.30,103.00,0.7900,-1,-1,-1
128,122,704.10,104.80,30.80,82.50,0.2974,-1,-1,-1
128,98,507.80,125.10,50.10,115.70,0.8193,-1,-1,-1
128,81,1704.50,67.90,27.30,67.00,0.6206,-1,-1,-1
128,82,1522.50,109.40,47.90,121.60,0.8491,-1,-1,-1
128,5,1179.90,131.20,56.00,135.00,0.7319,-1,-1,-1
128,31,744.00,108.50,33.00,82.50,0.4883,-1,-1,-1
128,27,728.90,103.00,27.90,80.30,0.1561,-1,-1,-1
128,42,935.10,98.20,26.60,72.00,0.6792,-1,-1,-1
128,2,396.30,110.70,39.50,101.10,0.8398,-1,-1,-1
128,96,455.80,110.70,44.90,100.30,0.8511,-1,-1,-1
128,48,1503.70,70.70,29.40,62.80,0.7900,-1,-1,-1
128,6,309.70,112.90,36.70,117.20,0.7871,-1,-1,-1
128,79,931.00,165.70,56.50,69.70,0.6748,-1,-1,-1
128,29,1694.60,580.70,222.40,499.30,0.5776,-1,-1,-1
128,109,498.40,102.80,33.70,114.70,0.6841,-1,-1,-1
128,88,682.60,104.60,40.30,98.50,0.7002,-1,-1,-1
128,58,623.10,97.50,39.40,101.90,0.7720,-1,-1,-1
128,40,771.80,112.70,35.90,91.30,0.7925,-1,-1,-1
128,133,756.00,104.80,26.70,82.50,0.3208,-1,-1,-1
129,30,1232.30,108.10,33.70,85.50,0.4990,-1,-1,-1
129,1,572.90,99.90,40.50,99.30,0.7441,-1,-1,-1
129,38,1003.20,111.10,46.90,133.90,0.8467,-1,-1,-1
129,41,1116.20,109.80,55.20,155.50,0.8633,-1,-1,-1
129,18,1607.30,141.20,126.60,321.60,0.8672,-1,-1,-1
129,28,649.60,94.20,39.40,95.60,0.4688,-1,-1,-1
129,44,274.20,131.30,60.10,146.30,0.7822,-1,-1,-1
129,13,1446.60,171.60,104.90,266.50,0.8760,-1,-1,-1
129,64,1590.60,108.70,58.80,126.60,0.6226,-1,-1,-1
129,115,431.90,104.00,43.60,103.70,0.7964,-1,-1,-1
129,122,694.50,104.40,33.00,88.10,0.5991,-1,-1,-1
129,98,524.80,120.10,49.80,114.40,0.7568,-1,-1,-1
129,81,1702.50,65.70,28.40,69.50,0.5430,-1,-1,-1
129,82,1524.10,109.70,50.30,127.30,0.7720,-1,-1,-1
129,5,1161.10,130.20,53.30,129.20,0.8169,-1,-1,-1
129,31,735.00,109.80,30.50,76.70,0.5601,-1,-1,-1
129,27,713.10,103.30,29.30,85.30,0.4697,-1,-1,-1
129,42,933.80,98.60,26.70,73.00,0.7139,-1,-1,-1
129,2,408.70,108.70,38.00,97.60,0.7871,-1,-1,-1
129,96,462.40,109.40,42.90,96.90,0.7051,-1,-1,-1
129,48,1509.50,70.30,28.80,61.70,0.7490,-1,-1,-1
129,6,309.30,112.60,36.80,117.00,0.7769,-1,-1,-1
129,79,933.50,165.90,56.30,69.10,0.4055,-1,-1,-1
129,29,1679.20,508.60,240.80,571.40,0.7759,-1,-1,-1
129,109,509.70,102.30,32.40,110.30,0.6699,-1,-1,-1
129,58,629.10,93.90,39.30,102.70,0.7983,-1,-1,-1
129,40,779.30,115.40,36.10,92.00,0.7720,-1,-1,-1
129,46,755.20,106.10,29.80,66.60,0.5127,-1,-1,-1
129,119,1183.70,128.30,44.30,73.30,0.6216,-1,-1,-1
129,4,661.30,97.30,38.50,102.10,0.7710,-1,-1,-1
129,47,1668.90,70.10,39.80,64.70,0.3999,-1,-1,-1
129,86,56.70,283.40,176.80,521.90,0.7744,-1,-1,-1
130,30,1231.20,107.30,34.40,87.90,0.4688,-1,-1,-1
130,1,585.00,99.30,39.60,97.30,0.8198,-1,-1,-1
130,38,1002.50,109.40,47.60,136.00,0.8394,-1,-1,-1
130,41,1119.40,109.20,55.30,153.40,0.7676,-1,-1,-1
130,44,274.30,131.10,60.80,147.80,0.7607,-1,-1,-1
130,13,1455.00,172.10,103.40,266.90,0.8618,-1,-1,-1
130,64,1593.20,122.90,64.40,140.20,0.7075,-1,-1,-1
130,115,445.20,100.00,42.50,103.20,0.7534,-1,-1,-1
130,122,678.10,102.10,34.70,92.90,0.7695,-1,-1,-1
130,98,539.90,116.90,48.00,111.30,0.7690,-1,-1,-1
130,81,1704.50,68.20,27.30,66.80,0.5283,-1,-1,-1
130,82,1521.00,110.70,49.20,126.80,0.7593,-1,-1,-1
130,5,1146.40,131.50,50.50,125.00,0.3550,-1,-1,-1
130,31,719.50,106.60,30.80,79.70,0.1974,-1,-1,-1
130,27,704.90,105.00,30.50,88.00,0.6943,-1,-1,-1
130,42,934.00,99.40,25.30,69.40,0.7612,-1,-1,-1
130,2,421.30,106.10,37.60,97.90,0.7891,-1,-1,-1
130,96,472.60,106.60,42.30,96.80,0.7910,-1,-1,-1
130,48,1517.50,69.60,28.60,61.40,0.4551,-1,-1,-1
130,6,309.30,112.90,36.80,116.20,0.8184,-1,-1,-1
130,79,934.80,165.80,56.50,69.50,0.7827,-1,-1,-1
130,29,1721.40,569.70,198.60,508.60,0.4207,-1,-1,-1
130,109,522.60,102.50,28.60,97.00,0.8174,-1,-1,-1
130,58,631.60,94.00,38.10,100.40,0.8208,-1,-1,-1
130,40,790.90,116.80,36.10,91.80,0.7988,-1,-1,-1
130,7,450.00,296.20,151.90,503.50,0.9331,-1,-1,-1
130,80,614.10,104.60,21.00,70.20,0.4026,-1,-1,-1
130,46,755.50,105.20,29.70,67.20,0.6440,-1,-1,-1
130,119,1186.70,128.40,36.60,59.40,0.4902,-1,-1,-1
130,4,660.70,95.50,36.80,99.10,0.6279,-1,-1,-1
130,47,1675.80,70.90,36.00,59.30,0.3730,-1,-1,-1
130,37,1669.40,136.00,183.80,310.50,0.9053,-1,-1,-1
130,103,595.50,282.80,135.70,453.10,0.8770,-1,-1,-1
131,30,1228.10,106.90,36.10,91.30,0.6001,-1,-1,-1
131,1,593.30,98.40,38.90,96.20,0.8237,-1,-1,-1
131,38,1002.30,107.20,48.60,138.30,0.8740,-1,-1,-1
131,41,1119.10,108.10,56.10,155.20,0.8501,-1,-1,-1
131,44,274.20,131.00,61.20,148.80,0.7769,-1,-1,-1
131,13,1466.10,170.60,104.90,273.70,0.8491,-1,-1,-1
131,64,1593.70,113.80,62.30,139.90,0.8062,-1,-1,-1
131,115,457.20,100.70,39.90,98.70,0.6084,-1,-1,-1
131,98,554.80,113.20,46.80,109.50,0.7964,-1,-1,-1
131,81,1705.40,69.60,26.60,65.50,0.5508,-1,-1,-1
131,82,1523.90,111.50,46.90,122.00,0.8271,-1,-1,-1
131,31,709.50,108.90,31.40,82.10,0.5708,-1,-1,-1
131,42,934.30,98.50,25.40,69.90,0.6919,-1,-1,-1
131,2,437.70,103.10,37.30,97.70,0.7280,-1,-1,-1
131,96,486.50,105.20,41.30,94.40,0.6953,-1,-1,-1
131,48,1525.10,68.80,28.80,62.20,0.4658,-1,-1,-1
131,6,309.00,112.00,37.50,117.80,0.7974,-1,-1,-1
131,79,936.60,165.80,55.90,68.90,0.5449,-1,-1,-1
131,109,532.90,100.40,27.90,93.50,0.7944,-1,-1,-1
131,58,633.30,93.30,37.90,100.90,0.8159,-1,-1,-1
131,40,802.70,119.40,35.80,90.10,0.7964,-1,-1,-1
131,7,412.40,334.10,167.90,552.60,0.9072,-1,-1,-1
131,80,616.20,104.50,21.80,73.30,0.3748,-1,-1,-1
131,46,755.40,104.20,30.00,68.70,0.4446,-1,-1,-1
131,119,1190.20,128.80,30.80,49.50,0.4312,-1,-1,-1
131,4,662.40,94.50,34.60,94.20,0.6953,-1,-1,-1
131,47,1677.50,70.10,37.90,63.90,0.3804,-1,-1,-1
131,37,1717.50,135.60,162.90,297.70,0.8940,-1,-1,-1
131,103,586.00,299.80,167.20,510.80,0.9170,-1,-1,-1
131,88,680.10,101.20,37.70,94.00,0.7456,-1,-1,-1
131,86,18.50,302.00,146.90,432.50,0.8535,-1,-1,-1
132,30,1226.80,106.00,36.90,92.90,0.6440,-1,-1,-1
132,1,601.40,97.10,38.10,95.20,0.8027,-1,-1,-1
132,38,1001.30,104.00,49.90,141.90,0.8550,-1,-1,-1
132,41,1119.50,108.80,56.20,155.70,0.8350,-1,-1,-1
132,44,274.10,130.40,61.40,149.50,0.7881,-1,-1,-1
132,13,1484.70,164.40,107.80,277.20,0.8369,-1,-1,-1
132,64,1588.70,106.60,62.40,141.30,0.6187,-1,-1,-1
132,115,468.90,96.00,39.90,99.90,0.6885,-1,-1,-1
132,98,568.00,110.50,45.00,106.10,0.7949,-1,-1,-1
132,81,1705.30,68.20,27.20,67.70,0.2473,-1,-1,-1
132,82,1525.90,110.60,43.20,110.20,0.5898,-1,-1,-1
132,31,693.10,105.70,32.30,85.00,0.7339,-1,-1,-1
132,42,935.20,97.50,25.80,71.20,0.6646,-1,-1,-1
132,2,451.20,102.60,35.20,93.30,0.7793,-1,-1,-1
132,96,500.80,102.70,40.70,93.70,0.7881,-1,-1,-1
132,6,309.30,112.00,37.90,118.20,0.7773,-1,-1,-1
132,79,937.40,165.80,55.50,68.40,0.6836,-1,-1,-1
132,109,542.10,99.60,26.90,89.90,0.7949,-1,-1,-1
132,40,814.30,119.70,36.90,92.10,0.8369,-1,-1,-1
132,46,755.30,104.50,30.20,70.50,0.2386,-1,-1,-1
132,119,1191.00,128.70,29.60,47.40,0.4668,-1,-1,-1
132,4,668.50,95.10,33.20,91.00,0.4590,-1,-1,-1
132,37,1773.00,146.80,139.10,272.60,0.8442,-1,-1,-1
132,103,589.70,327.70,189.60,559.00,0.8945,-1,-1,-1
132,7,702.10,304.60,222.70,537.00,0.7944,-1,-1,-1
132,88,680.60,101.70,33.30,88.10,0.1495,-1,-1,-1
132,86,6.40,342.70,147.30,432.30,0.7671,-1,-1,-1
132,28,631.40,93.20,39.20,96.50,0.8052,-1,-1,-1
132,122,661.90,96.40,33.00,89.60,0.5156,-1,-1,-1
133,30,1226.00,105.30,37.90,94.20,0.6323,-1,-1,-1
133,1,605.70,95.80,38.00,96.10,0.6768,-1,-1,-1
133,38,1001.50,103.00,50.20,142.80,0.8550,-1,-1,-1
133,41,1118.50,108.60,56.50,155.50,0.8623,-1,-1,-1
133,44,273.80,129.40,61.60,150.00,0.7505,-1,-1,-1
133,13,1515.60,171.30,108.40,269.00,0.7925,-1,-1,-1
133,64,1584.50,106.40,66.80,151.50,0.4456,-1,-1,-1
133,115,478.80,95.30,38.50,98.10,0.7798,-1,-1,-1
133,98,579.70,109.90,42.60,101.30,0.7583,-1,-1,-1
133,81,1706.00,68.40,25.90,64.90,0.2268,-1,-1,-1
133,82,1521.00,108.90,47.50,122.40,0.7490,-1,-1,-1
133,31,676.90,103.10,32.90,86.00,0.6548,-1,-1,-1
133,42,936.20,97.90,25.60,70.20,0.6885,-1,-1,-1
133,2,463.00,100.50,34.40,92.50,0.6978,-1,-1,-1
133,96,511.80,102.50,39.10,91.70,0.6362,-1,-1,-1
133,6,309.30,111.80,37.80,117.70,0.7622,-1,-1,-1
133,79,938.40,166.90,54.80,67.30,0.6113,-1,-1,-1
133,109,551.50,97.70,27.20,90.10,0.8032,-1,-1,-1
133,40,827.50,120.00,37.90,94.60,0.8154,-1,-1,-1
133,46,758.50,104.20,31.60,73.10,0.6060,-1,-1,-1
133,119,1191.40,128.70,29.00,46.10,0.4351,-1,-1,-1
133,4,671.90,97.90,31.90,87.60,0.5820,-1,-1,-1
133,37,1821.00,144.80,99.00,257.50,0.8198,-1,-1,-1
133,7,723.90,347.00,242.40,587.60,0.9092,-1,-1,-1
133,88,683.40,105.40,29.70,81.40,0.1002,-1,-1,-1
133,86,44.50,377.70,152.10,434.50,0.8926,-1,-1,-1
133,9,740.70,120.80,25.50,75.10,0.7490,-1,-1,-1
133,28,630.00,93.60,38.10,94.80,0.6704,-1,-1,-1
133,122,653.40,100.70,29.70,83.40,0.1437,-1,-1,-1
133,63,1072.70,284.80,358.10,523.20,0.8818,-1,-1,-1
133,133,705.20,106.40,27.50,83.70,0.7822,-1,-1,-1
133,5,1077.50,122.80,48.30,119.40,0.8682,-1,-1,-1
133,47,1683.70,87.20,39.50,67.50,0.5156,-1,-1,-1
134,30,1226.30,107.60,37.10,92.50,0.6665,-1,-1,-1
134,1,612.10,96.10,35.30,91.20,0.7456,-1,-1,-1
134,38,1001.10,102.00,50.30,143.80,0.8433,-1,-1,-1
134,41,1117.90,108.70,56.80,155.90,0.8550,-1,-1,-1
134,44,274.50,130.60,60.90,147.90,0.7988,-1,-1,-1
134,13,1566.20,169.30,108.70,267.80,0.8716,-1,-1,-1
134,64,1585.80,105.90,62.70,143.80,0.4844,-1,-1,-1
134,115,489.90,93.60,37.90,98.10,0.6270,-1,-1,-1
134,98,589.40,104.80,42.50,102.30,0.7808,-1,-1,-1
134,81,1711.00,69.00,20.10,48.30,0.1208,-1,-1,-1
134,82,1523.20,110.40,49.00,125.80,0.7949,-1,-1,-1
134,42,935.50,97.60,25.70,70.10,0.6250,-1,-1,-1
134,2,473.80,98.40,33.90,92.50,0.6704,-1,-1,-1
134,96,526.40,101.40,38.40,90.50,0.8003,-1,-1,-1
134,6,310.00,112.20,37.80,116.80,0.7852,-1,-1,-1
134,79,938.10,166.80,54.90,67.30,0.6665,-1,-1,-1
134,109,558.40,97.70,26.90,88.00,0.8330,-1,-1,-1
134,40,841.80,120.50,38.90,97.00,0.8242,-1,-1,-1
134,46,758.00,104.60,28.80,67.90,0.3831,-1,-1,-1
134,119,1191.20,128.90,29.40,46.90,0.5283,-1,-1,-1
134,4,676.30,103.40,29.80,82.90,0.5127,-1,-1,-1
134,88,683.40,107.60,30.40,80.40,0.6548,-1,-1,-1
134,9,746.60,120.80,26.10,76.50,0.7549,-1,-1,-1
134,122,641.30,96.00,32.60,90.70,0.7075,-1,-1,-1
134,133,693.20,109.90,25.30,75.20,0.1486,-1,-1,-1
134,5,1055.40,118.30,47.90,118.60,0.7964,-1,-1,-1
134,7,232.80,406.90,140.20,439.00,0.8784,-1,-1,-1
134,47,1695.70,93.40,38.40,66.70,0.6665,-1,-1,-1
134,97,1340.00,292.10,293.40,544.30,0.8916,-1,-1,-1
135,30,1221.90,106.40,36.00,86.40,0.4746,-1,-1,-1
135,38,1006.90,104.30,50.20,141.20,0.7188,-1,-1,-1
135,41,1117.10,108.50,57.00,156.00,0.8633,-1,-1,-1
135,44,274.80,131.30,61.00,147.80,0.7676,-1,-1,-1
135,64,1586.30,106.70,61.10,139.90,0.7285,-1,-1,-1
135,115,502.70,97.00,35.10,90.80,0.7676,-1,-1,-1
135,98,601.40,103.10,41.30,100.20,0.7559,-1,-1,-1
135,82,1522.20,109.40,49.40,127.30,0.8018,-1,-1,-1
135,42,935.40,97.60,25.50,69.30,0.6548,-1,-1,-1
135,2,483.90,95.80,33.00,91.00,0.7637,-1,-1,-1
135,96,538.30,100.30,36.40,86.30,0.7769,-1,-1,-1
135,6,309.50,112.50,38.30,117.10,0.7661,-1,-1,-1
135,79,937.70,166.00,55.50,68.10,0.6318,-1,-1,-1
135,109,564.80,96.80,26.90,87.40,0.7686,-1,-1,-1
135,40,856.60,119.80,39.70,99.90,0.8521,-1,-1,-1
135,119,1190.40,127.80,30.10,47.80,0.2429,-1,-1,-1
135,88,682.60,107.40,31.30,80.90,0.8252,-1,-1,-1
135,9,751.90,115.60,28.70,83.60,0.7202,-1,-1,-1
135,5,1419.10,124.80,59.80,132.80,0.8633,-1,-1,-1
135,47,1702.40,92.00,41.20,73.00,0.6523,-1,-1,-1
135,59,344.80,397.30,259.10,438.40,0.8564,-1,-1,-1
135,43,1680.00,69.80,25.20,67.60,0.4912,-1,-1,-1
135,18,1642.10,158.40,104.50,269.60,0.8730,-1,-1,-1
135,48,1556.30,68.20,26.80,57.80,0.6929,-1,-1,-1
135,80,620.60,101.30,26.10,88.10,0.3081,-1,-1,-1
135,103,591.70,341.90,166.90,454.40,0.8638,-1,-1,-1
135,31,642.20,98.10,33.20,87.40,0.6514,-1,-1,-1
135,63,1095.60,351.00,428.40,647.20,0.8428,-1,-1,-1
136,30,1220.20,107.80,37.60,87.60,0.4045,-1,-1,-1
136,38,1007.00,111.90,44.50,129.10,0.1807,-1,-1,-1
136,41,1117.10,108.50,57.40,156.50,0.8433,-1,-1,-1
136,44,274.10,130.80,61.60,148.80,0.7964,-1,-1,-1
136,64,1586.30,106.80,60.90,137.80,0.6836,-1,-1,-1
136,115,517.00,95.10,34.10,89.00,0.7324,-1,-1,-1
136,98,614.40,100.30,40.50,99.20,0.8501,-1,-1,-1
136,82,1522.60,110.80,48.10,125.50,0.8198,-1,-1,-1
136,42,935.30,97.70,25.50,68.50,0.6582,-1,-1,-1
136,2,495.70,94.50,32.10,89.20,0.7598,-1,-1,-1
136,96,550.30,99.30,35.60,85.10,0.7373,-1,-1,-1
136,6,308.90,111.90,38.70,117.70,0.7910,-1,-1,-1
136,79,937.80,166.60,55.20,67.70,0.6567,-1,-1,-1
136,109,571.80,96.90,25.50,83.10,0.2766,-1,-1,-1
136,40,872.00,120.50,40.40,101.40,0.8223,-1,-1,-1
136,119,1191.10,128.00,29.30,46.20,0.3711,-1,-1,-1
136,88,683.70,110.30,29.90,77.60,0.5264,-1,-1,-1
136,9,756.70,110.10,30.70,89.40,0.7881,-1,-1,-1
136,5,1014.90,106.10,54.70,136.70,0.8008,-1,-1,-1
136,47,1708.50,89.40,42.50,77.20,0.7241,-1,-1,-1
136,43,1680.80,70.00,25.00,66.80,0.3381,-1,-1,-1
136,157,595.50,96.40,21.90,85.00,0.7534,-1,-1,-1
136,114,733.20,114.20,26.10,81.60,0.7773,-1,-1,-1
136,18,1675.60,163.40,101.90,259.20,0.8447,-1,-1,-1
136,48,1562.30,68.00,26.10,56.80,0.6885,-1,-1,-1
136,103,562.80,397.20,170.70,450.60,0.8257,-1,-1,-1
136,128,815.30,103.90,25.70,73.20,0.6841,-1,-1,-1
136,7,702.40,348.00,193.90,463.50,0.8438,-1,-1,-1
136,86,0.00,278.20,220.70,694.60,0.5127,-1,-1,-1
136,4,689.40,110.40,29.10,77.60,0.6450,-1,-1,-1
136,97,1355.70,350.70,357.20,674.10,0.7710,-1,-1,-1
137,30,1219.50,105.10,40.40,93.30,0.5820,-1,-1,-1
137,41,1116.90,107.90,57.70,157.20,0.8530,-1,-1,-1
137,44,274.00,130.40,61.60,148.60,0.7705,-1,-1,-1
137,64,1586.60,107.60,60.30,135.60,0.6113,-1,-1,-1
137,115,529.50,93.80,33.90,89.20,0.7607,-1,-1,-1
137,98,628.70,102.40,37.80,93.60,0.7949,-1,-1,-1
137,82,1523.60,110.60,47.80,125.30,0.7944,-1,-1,-1
137,42,936.30,97.40,25.50,68.30,0.6426,-1,-1,-1
137,2,507.60,93.10,31.40,87.50,0.7266,-1,-1,-1
137,96,560.00,98.60,34.40,83.80,0.7705,-1,-1,-1
137,6,308.80,111.90,38.70,117.30,0.7725,-1,-1,-1
137,79,937.80,166.20,55.10,67.50,0.6187,-1,-1,-1
137,40,891.70,123.60,39.90,100.20,0.8086,-1,-1,-1
137,119,1191.60,128.00,28.60,44.70,0.3074,-1,-1,-1
137,88,686.20,111.70,29.30,77.00,0.4475,-1,-1,-1
137,9,760.70,110.80,30.50,87.90,0.6689,-1,-1,-1
137,5,989.40,114.20,47.50,119.10,0.8232,-1,-1,-1
137,47,1713.20,89.20,42.00,78.00,0.6250,-1,-1,-1
137,43,1682.30,70.40,24.70,66.10,0.3032,-1,-1,-1
137,157,590.50,96.10,22.40,86.20,0.6929,-1,-1,-1
137,114,733.90,112.20,27.00,84.30,0.8062,-1,-1,-1
137,48,1566.50,66.90,25.50,56.00,0.6514,-1,-1,-1
137,39,1363.70,124.10,60.80,124.10,0.8472,-1,-1,-1
137,21,1487.70,234.10,69.60,92.00,0.3730,-1,-1,-1
137,128,831.00,102.30,26.80,73.50,0.7051,-1,-1,-1
137,7,713.00,399.80,190.60,447.70,0.8306,-1,-1,-1
137,4,693.70,111.80,30.10,77.80,0.6851,-1,-1,-1
137,32,1535.50,381.20,384.50,679.30,0.7852,-1,-1,-1
137,81,1708.60,70.80,24.10,59.00,0.3821,-1,-1,-1
137,133,664.90,105.40,26.30,77.50,0.5234,-1,-1,-1
138,30,1221.70,104.80,40.40,93.80,0.6333,-1,-1,-1
138,41,1117.10,109.10,57.30,156.10,0.8413,-1,-1,-1
138,44,273.80,130.10,61.40,148.20,0.8008,-1,-1,-1
138,64,1586.80,108.60,59.90,133.60,0.6772,-1,-1,-1
138,115,542.20,94.40,32.00,84.80,0.7363,-1,-1,-1
138,98,643.70,102.40,36.10,90.10,0.7627,-1,-1,-1
138,82,1523.40,111.50,46.90,124.20,0.7842,-1,-1,-1
138,42,936.40,99.90,22.90,60.00,0.1260,-1,-1,-1
138,2,522.20,93.10,30.40,85.70,0.7153,-1,-1,-1
138,96,571.70,97.20,33.50,83.60,0.2422,-1,-1,-1
138,6,309.00,112.10,38.80,116.80,0.7788,-1,-1,-1
138,79,939.10,171.80,51.50,61.70,0.1200,-1,-1,-1
138,40,910.80,125.00,40.60,102.90,0.7139,-1,-1,-1
138,119,1191.30,128.40,29.30,45.70,0.4570,-1,-1,-1
138,88,688.00,110.10,28.30,76.30,0.1160,-1,-1,-1
138,9,762.80,110.70,29.60,84.80,0.6978,-1,-1,-1
138,5,964.50,117.30,39.90,99.40,0.7822,-1,-1,-1
138,47,1713.60,89.60,40.40,76.80,0.7031,-1,-1,-1
138,43,1684.00,70.50,24.50,65.40,0.2128,-1,-1,-1
138,157,584.50,98.00,22.60,85.80,0.7139,-1,-1,-1
138,114,734.80,110.90,27.10,84.70,0.7769,-1,-1,-1
138,48,1571.80,68.20,23.30,51.30,0.5962,-1,-1,-1
138,39,1341.20,120.80,60.40,123.30,0.8687,-1,-1,-1
138,21,1489.20,232.30,71.30,94.20,0.2598,-1,-1,-1
138,4,694.40,110.60,30.80,79.20,0.6470,-1,-1,-1
138,33,884.80,407.50,172.60,470.20,0.8564,-1,-1,-1
138,158,486.90,90.60,27.60,85.60,0.5195,-1,-1,-1
138,35,1769.20,163.60,133.60,247.90,0.7920,-1,-1,-1
138,81,1708.50,71.80,29.90,73.50,0.1019,-1,-1,-1
138,110,1816.70,371.30,92.10,585.70,0.6196,-1,-1,-1
138,58,670.00,105.00,30.80,82.70,0.6968,-1,-1,-1
138,80,627.40,95.90,25.60,86.00,0.6621,-1,-1,-1
138,31,605.40,103.80,27.90,74.40,0.5059,-1,-1,-1
138,86,15.10,292.10,176.00,500.60,0.8730,-1,-1,-1
139,30,1224.00,107.00,39.60,91.00,0.1060,-1,-1,-1
139,41,1117.10,109.00,57.20,156.10,0.8208,-1,-1,-1
139,44,273.50,130.40,61.00,147.40,0.7959,-1,-1,-1
139,64,1585.80,108.60,60.00,133.20,0.7266,-1,-1,-1
139,115,558.40,94.00,33.70,89.20,0.7559,-1,-1,-1
139,98,657.80,101.90,35.00,88.10,0.7168,-1,-1,-1
139,82,1522.10,111.40,46.60,124.30,0.8135,-1,-1,-1
139,42,930.70,97.30,30.30,80.60,0.6333,-1,-1,-1
139,2,537.20,93.60,29.10,82.80,0.7285,-1,-1,-1
139,6,308.80,112.00,39.10,116.90,0.7920,-1,-1,-1
139,79,933.80,156.10,63.80,77.60,0.1016,-1,-1,-1
139,119,1191.50,128.40,28.90,44.90,0.3184,-1,-1,-1
139,5,946.60,122.90,36.90,90.10,0.4766,-1,-1,-1
139,43,1681.00,70.30,24.90,66.20,0.3867,-1,-1,-1
139,114,735.30,109.30,26.60,82.70,0.7007,-1,-1,-1
139,48,1572.20,68.80,22.70,49.70,0.6567,-1,-1,-1
139,39,1319.20,117.80,59.10,121.20,0.8335,-1,-1,-1
139,21,1488.80,232.20,71.30,94.20,0.4006,-1,-1,-1
139,4,695.60,109.20,31.40,81.40,0.7188,-1,-1,-1
139,158,486.90,91.90,26.90,83.20,0.3730,-1,-1,-1
139,35,1794.90,167.30,125.10,239.20,0.8569,-1,-1,-1
139,81,1709.50,78.40,31.90,79.50,0.6748,-1,-1,-1
139,3,191.70,346.00,113.70,406.40,0.8955,-1,-1,-1
139,77,1043.00,413.40,166.10,474.90,0.9043,-1,-1,-1
139,29,282.40,318.50,196.40,408.50,0.8516,-1,-1,-1
139,127,1541.50,236.40,121.00,111.60,0.4854,-1,-1,-1
139,58,675.70,107.00,29.00,81.20,0.4426,-1,-1,-1
139,80,632.80,98.40,23.70,79.40,0.1699,-1,-1,-1
139,31,592.30,99.50,29.10,78.00,0.3149,-1,-1,-1
139,28,598.40,96.00,31.80,80.20,0.5806,-1,-1,-1
139,46,755.50,109.60,34.30,81.70,0.7500,-1,-1,-1
139,59,343.00,328.80,285.20,488.60,0.8848,-1,-1,-1
139,63,1116.60,356.10,302.50,489.80,0.7949,-1,-1,-1
139,133,638.40,99.60,26.90,79.90,0.6792,-1,-1,-1
140,30,1232.10,104.90,41.80,97.30,0.6387,-1,-1,-1
140,41,1115.90,109.50,56.50,154.70,0.8418,-1,-1,-1
140,44,273.20,130.30,61.70,149.00,0.8013,-1,-1,-1
140,64,1586.00,107.40,60.90,133.90,0.6611,-1,-1,-1
140,98,668.80,101.20,33.80,85.60,0.7612,-1,-1,-1
140,82,1521.20,109.30,47.70,128.10,0.6870,-1,-1,-1
140,42,930.30,98.60,28.10,75.50,0.2358,-1,-1,-1
140,2,551.70,94.80,31.30,88.40,0.7769,-1,-1,-1
140,6,308.40,112.60,39.10,116.30,0.7881,-1,-1,-1
140,79,941.00,138.60,75.70,96.70,0.7671,-1,-1,-1
140,119,1188.90,128.70,32.10,50.00,0.4834,-1,-1,-1
140,5,912.20,114.00,42.20,103.90,0.7822,-1,-1,-1
140,43,1682.20,70.10,24.70,65.80,0.3320,-1,-1,-1
140,114,734.20,104.10,27.90,86.60,0.6860,-1,-1,-1
140,48,1569.60,67.40,23.50,52.10,0.7422,-1,-1,-1
140,39,1295.00,114.00,58.60,120.60,0.8789,-1,-1,-1
140,21,1489.70,231.70,71.30,94.00,0.1113,-1,-1,-1
140,4,698.90,108.40,32.00,82.10,0.7373,-1,-1,-1
140,158,488.10,92.60,26.10,80.90,0.2705,-1,-1,-1
140,35,1825.70,171.20,94.30,236.90,0.7349,-1,-1,-1
140,81,1709.60,77.70,33.40,84.50,0.6548,-1,-1,-1
140,29,309.30,346.70,198.30,413.10,0.9219,-1,-1,-1
140,127,1540.80,233.10,122.40,112.90,0.1968,-1,-1,-1
140,80,643.70,103.90,23.50,76.70,0.7734,-1,-1,-1
140,31,576.80,95.30,29.60,80.10,0.6235,-1,-1,-1
140,46,752.60,108.70,33.30,81.10,0.6733,-1,-1,-1
140,59,383.80,313.80,251.30,443.80,0.7266,-1,-1,-1
140,63,1142.50,425.20,302.60,504.90,0.9316,-1,-1,-1
140,133,625.70,105.60,24.40,71.00,0.2173,-1,-1,-1
140,103,549.10,339.00,190.50,482.60,0.9106,-1,-1,-1
140,40,1096.30,107.10,30.10,85.50,0.7515,-1,-1,-1
141,30,1238.70,106.30,42.00,99.20,0.8140,-1,-1,-1
141,41,1116.10,108.90,56.90,155.90,0.8369,-1,-1,-1
141,44,273.50,130.00,62.10,150.10,0.8037,-1,-1,-1
141,64,1585.70,105.80,62.00,136.20,0.6655,-1,-1,-1
141,98,679.70,105.20,31.80,80.70,0.6250,-1,-1,-1
141,82,1522.50,110.40,46.80,126.30,0.7661,-1,-1,-1
141,42,928.10,98.80,28.10,74.50,0.7759,-1,-1,-1
141,2,565.30,93.60,29.10,82.30,0.4766,-1,-1,-1
141,6,307.50,113.50,39.20,116.30,0.8018,-1,-1,-1
141,119,1190.30,128.90,27.70,42.80,0.2200,-1,-1,-1
141,5,888.50,115.90,41.70,101.60,0.8472,-1,-1,-1
141,43,1682.70,69.90,24.40,65.50,0.3594,-1,-1,-1
141,114,735.60,112.40,24.70,76.60,0.3225,-1,-1,-1
141,39,1276.10,113.40,56.10,117.50,0.8145,-1,-1,-1
141,21,1489.80,229.20,73.90,97.10,0.4795,-1,-1,-1
141,4,704.50,108.10,32.10,83.00,0.7168,-1,-1,-1
141,158,487.70,91.90,26.80,82.90,0.2759,-1,-1,-1
141,35,1841.00,177.60,79.00,227.40,0.7441,-1,-1,-1
141,81,1705.30,79.50,33.40,83.90,0.7080,-1,-1,-1
141,127,1543.90,230.60,125.50,116.10,0.5601,-1,-1,-1
141,80,653.30,109.10,23.30,73.70,0.6323,-1,-1,-1
141,31,568.40,94.00,29.00,79.10,0.1442,-1,-1,-1
141,46,750.60,109.90,31.70,78.50,0.6245,-1,-1,-1
141,59,425.60,335.50,243.90,438.80,0.8652,-1,-1,-1
141,133,621.50,107.10,24.30,67.90,0.5088,-1,-1,-1
141,103,578.60,321.00,168.70,448.20,0.7153,-1,-1,-1
141,40,1096.30,106.60,30.20,86.00,0.7661,-1,-1,-1
141,77,1168.80,135.90,80.40,140.30,0.7202,-1,-1,-1
141,38,992.40,127.70,40.40,112.40,0.7993,-1,-1,-1
141,97,1366.20,413.20,316.80,576.00,0.5806,-1,-1,-1
141,7,681.80,345.20,216.80,503.50,0.9082,-1,-1,-1
141,115,582.50,95.50,30.10,79.60,0.5571,-1,-1,-1
142,30,1230.00,125.90,55.00,126.80,0.8438,-1,-1,-1
142,41,1116.10,108.80,57.20,156.50,0.8501,-1,-1,-1
142,44,274.30,129.80,62.20,150.90,0.7959,-1,-1,-1
142,64,1585.70,105.90,62.20,135.80,0.6670,-1,-1,-1
142,82,1521.90,110.20,46.70,126.30,0.6943,-1,-1,-1
142,42,929.10,98.10,25.50,68.70,0.5000,-1,-1,-1
142,2,577.90,94.10,27.30,77.10,0.6704,-1,-1,-1
142,6,307.20,113.30,39.60,117.20,0.7964,-1,-1,-1
142,119,1191.30,128.50,28.10,43.20,0.4775,-1,-1,-1
142,5,865.90,116.30,40.90,100.10,0.8672,-1,-1,-1
142,43,1682.90,70.10,24.30,66.00,0.3469,-1,-1,-1
142,39,1252.80,110.00,54.50,115.90,0.3477,-1,-1,-1
142,21,1489.70,228.00,74.90,98.00,0.4590,-1,-1,-1
142,4,711.40,109.80,30.30,79.30,0.4197,-1,-1,-1
142,158,487.60,92.20,26.90,83.30,0.3425,-1,-1,-1
142,81,1700.80,76.40,34.90,87.60,0.7251,-1,-1,-1
142,127,1545.70,229.70,124.90,116.40,0.5195,-1,-1,-1
142,80,654.80,108.00,24.30,75.20,0.6206,-1,-1,-1
142,46,747.30,111.10,30.70,76.40,0.6626,-1,-1,-1
142,133,614.30,106.10,23.60,67.20,0.3108,-1,-1,-1
142,103,617.90,342.90,170.60,450.60,0.8672,-1,-1,-1
142,40,1096.80,106.60,30.30,86.00,0.7744,-1,-1,-1
142,27,528.60,99.30,36.40,96.30,0.7676,-1,-1,-1
142,7,715.40,325.40,188.70,462.70,0.6123,-1,-1,-1
142,115,597.50,99.70,27.70,72.90,0.6665,-1,-1,-1
142,1,673.70,106.00,29.60,78.00,0.6909,-1,-1,-1
142,32,1500.80,360.70,396.90,632.70,0.8730,-1,-1,-1
142,9,783.70,104.40,27.90,79.10,0.8081,-1,-1,-1
142,33,865.80,340.00,196.50,525.20,0.9434,-1,-1,-1
142,58,694.50,109.10,29.80,80.80,0.6792,-1,-1,-1
143,41,1116.60,109.00,57.20,156.20,0.8550,-1,-1,-1
143,44,273.80,130.50,61.60,149.40,0.8027,-1,-1,-1
143,64,1585.70,106.00,62.30,134.70,0.6577,-1,-1,-1
143,82,1521.60,110.00,46.40,126.50,0.7432,-1,-1,-1
143,42,930.20,98.10,25.20,67.70,0.7725,-1,-1,-1
143,2,591.10,98.10,25.60,71.70,0.6416,-1,-1,-1
143,6,307.30,113.40,39.50,116.70,0.7900,-1,-1,-1
143,119,1191.70,128.70,28.20,43.10,0.5078,-1,-1,-1
143,5,847.30,115.80,39.90,97.40,0.8296,-1,-1,-1
143,43,1682.70,69.70,24.80,68.00,0.3850,-1,-1,-1
143,39,1237.30,113.60,50.70,109.20,0.7363,-1,-1,-1
143,21,1489.00,227.70,75.50,98.50,0.6133,-1,-1,-1
143,4,714.20,110.30,29.30,78.10,0.2128,-1,-1,-1
143,158,487.50,92.70,26.00,80.60,0.3433,-1,-1,-1
143,81,1694.30,79.60,33.80,83.60,0.7583,-1,-1,-1
143,127,1545.80,228.60,125.50,117.70,0.6807,-1,-1,-1
143,80,656.00,106.30,25.20,76.90,0.6665,-1,-1,-1
143,46,745.40,110.60,29.20,73.10,0.6646,-1,-1,-1
143,40,1096.60,107.10,30.10,85.10,0.7251,-1,-1,-1
143,27,519.60,101.80,36.00,94.90,0.7295,-1,-1,-1
143,7,760.80,348.00,189.30,471.10,0.8389,-1,-1,-1
143,115,611.50,104.40,26.60,69.00,0.6104,-1,-1,-1
143,132,171.70,193.40,124.70,253.70,0.7974,-1,-1,-1
143,84,1555.00,66.50,24.40,54.20,0.5371,-1,-1,-1
143,34,761.70,105.90,19.20,65.50,0.4980,-1,-1,-1
143,1,677.20,106.50,29.80,79.10,0.7334,-1,-1,-1
143,9,800.20,105.50,28.30,78.10,0.7671,-1,-1,-1
143,33,894.30,323.60,173.40,470.40,0.8291,-1,-1,-1
143,58,699.80,108.00,28.10,78.70,0.3513,-1,-1,-1
143,96,629.70,106.00,27.40,70.00,0.7139,-1,-1,-1
143,110,1768.90,335.70,126.40,704.60,0.7534,-1,-1,-1
143,77,1035.20,339.30,198.50,560.30,0.8696,-1,-1,-1
143,79,935.00,160.30,58.90,73.70,0.5938,-1,-1,-1
143,98,706.10,108.50,31.20,78.70,0.7114,-1,-1,-1
144,41,1117.20,108.10,57.30,156.60,0.8257,-1,-1,-1
144,44,275.90,129.70,58.80,141.50,0.2473,-1,-1,-1
144,64,1584.00,105.90,61.90,134.30,0.6406,-1,-1,-1
144,82,1522.80,110.40,46.10,126.10,0.7812,-1,-1,-1
144,42,931.20,98.30,24.80,66.50,0.7285,-1,-1,-1
144,2,603.80,103.60,24.30,67.50,0.6895,-1,-1,-1
144,6,307.50,112.30,39.40,116.70,0.7754,-1,-1,-1
144,119,1190.80,128.40,29.20,44.60,0.4941,-1,-1,-1
144,5,828.90,114.80,39.30,96.60,0.8062,-1,-1,-1
144,43,1680.70,75.30,28.80,79.10,0.5498,-1,-1,-1
144,39,1217.70,112.70,49.30,108.00,0.8291,-1,-1,-1
144,21,1488.50,228.10,75.20,97.90,0.4092,-1,-1,-1
144,4,719.10,106.50,30.40,82.50,0.3049,-1,-1,-1
144,81,1697.30,73.70,29.70,72.50,0.1255,-1,-1,-1
144,127,1546.50,228.50,124.20,117.60,0.6968,-1,-1,-1
144,80,655.20,107.80,24.70,74.30,0.5620,-1,-1,-1
144,46,740.70,105.00,30.70,78.10,0.4814,-1,-1,-1
144,40,1092.00,117.80,39.00,112.00,0.7759,-1,-1,-1
144,27,506.00,103.50,37.10,97.50,0.8042,-1,-1,-1
144,115,624.60,106.30,27.50,70.60,0.6104,-1,-1,-1
144,84,1555.30,66.70,24.20,53.90,0.5439,-1,-1,-1
144,34,760.90,105.00,20.10,68.70,0.4922,-1,-1,-1
144,1,676.90,105.70,30.00,79.80,0.7139,-1,-1,-1
144,9,812.30,105.10,28.70,78.90,0.6826,-1,-1,-1
144,33,952.90,345.40,176.10,476.20,0.8809,-1,-1,-1
144,58,703.80,107.40,28.00,79.70,0.4158,-1,-1,-1
144,19,1265.80,109.70,29.80,100.70,0.8115,-1,-1,-1
144,96,644.20,109.50,26.40,70.00,0.1624,-1,-1,-1
144,77,1073.70,326.40,172.70,494.20,0.7520,-1,-1,-1
144,79,932.90,164.90,56.50,69.20,0.7534,-1,-1,-1
144,98,713.80,107.90,32.60,83.00,0.2075,-1,-1,-1
144,63,1151.40,352.40,322.00,558.30,0.9287,-1,-1,-1
145,41,1117.90,107.60,57.50,156.50,0.8472,-1,-1,-1
145,44,270.30,129.60,59.80,146.60,0.7900,-1,-1,-1
145,64,1580.10,107.50,60.20,131.80,0.8369,-1,-1,-1
145,82,1522.60,111.30,45.40,125.10,0.8003,-1,-1,-1
145,42,930.80,98.20,25.40,67.60,0.6406,-1,-1,-1
145,2,615.50,106.60,23.80,66.40,0.6123,-1,-1,-1
145,6,307.70,113.20,38.70,114.10,0.7739,-1,-1,-1
145,119,1190.90,128.30,27.80,42.50,0.2502,-1,-1,-1
145,5,811.90,109.30,40.20,99.70,0.7231,-1,-1,-1
145,39,1206.30,113.40,48.20,105.70,0.7886,-1,-1,-1
145,21,1488.70,229.60,74.20,96.30,0.5991,-1,-1,-1
145,4,724.90,107.30,29.50,81.90,0.1357,-1,-1,-1
145,81,1701.70,70.80,27.90,68.30,0.4668,-1,-1,-1
145,127,1546.10,229.10,120.70,114.90,0.5352,-1,-1,-1
145,40,1094.50,112.60,34.00,96.90,0.7744,-1,-1,-1
145,27,491.40,102.80,38.60,101.20,0.7993,-1,-1,-1
145,115,633.80,107.10,27.00,70.10,0.5459,-1,-1,-1
145,84,1554.40,67.00,23.80,53.30,0.5322,-1,-1,-1
145,34,758.50,105.50,20.60,69.70,0.4854,-1,-1,-1
145,1,676.60,105.50,29.60,78.90,0.6289,-1,-1,-1
145,58,706.20,106.00,29.20,81.80,0.6494,-1,-1,-1
145,19,1267.50,110.60,30.40,101.90,0.8413,-1,-1,-1
145,96,652.20,107.60,27.20,72.60,0.6309,-1,-1,-1
145,98,728.70,109.80,31.10,80.60,0.4580,-1,-1,-1
145,63,1132.80,359.60,286.30,519.40,0.8965,-1,-1,-1
145,86,0.00,222.30,131.30,470.30,0.8481,-1,-1,-1
145,97,1352.80,358.70,307.30,589.40,0.8423,-1,-1,-1
145,32,1397.30,345.90,378.00,609.90,0.6084,-1,-1,-1
146,41,1115.90,108.60,57.00,155.90,0.8599,-1,-1,-1
146,44,272.50,129.90,60.90,149.10,0.7905,-1,-1,-1
146,64,1575.90,107.70,59.10,131.90,0.8027,-1,-1,-1
146,82,1522.20,110.40,45.70,127.00,0.7925,-1,-1,-1
146,42,930.90,99.00,25.00,66.90,0.4902,-1,-1,-1
146,2,622.60,107.60,24.00,66.40,0.6982,-1,-1,-1
146,6,308.10,112.00,39.30,115.80,0.7822,-1,-1,-1
146,119,1188.80,127.80,33.60,53.20,0.3496,-1,-1,-1
146,5,792.70,110.40,38.90,96.20,0.8032,-1,-1,-1
146,39,1198.80,112.20,46.10,102.60,0.8135,-1,-1,-1
146,21,1488.40,228.60,75.60,97.80,0.5566,-1,-1,-1
146,4,730.80,111.00,27.40,76.40,0.1361,-1,-1,-1
146,81,1704.40,69.50,27.00,66.50,0.5806,-1,-1,-1
146,127,1547.20,228.80,121.00,116.20,0.5176,-1,-1,-1
146,40,1095.80,108.70,31.40,90.10,0.7544,-1,-1,-1
146,27,475.70,105.10,39.10,102.50,0.8008,-1,-1,-1
146,115,644.60,108.50,27.10,70.30,0.5972,-1,-1,-1
146,84,1554.10,66.50,23.80,54.00,0.5098,-1,-1,-1
146,34,759.10,106.30,19.90,66.70,0.5078,-1,-1,-1
146,1,683.40,104.20,27.50,76.40,0.2415,-1,-1,-1
146,58,714.50,108.90,25.80,73.70,0.3459,-1,-1,-1
146,19,1270.60,110.80,31.20,103.80,0.8311,-1,-1,-1
146,96,666.10,107.70,27.40,74.10,0.4785,-1,-1,-1
146,86,0.00,225.40,118.50,516.70,0.7139,-1,-1,-1
146,97,1337.50,363.30,272.70,538.20,0.8882,-1,-1,-1
146,32,1488.30,350.40,353.20,605.50,0.9082,-1,-1,-1
146,88,697.90,105.30,28.50,79.30,0.6479,-1,-1,-1
146,114,738.10,113.20,25.10,77.00,0.7056,-1,-1,-1
146,77,1150.80,123.30,65.50,126.80,0.8032,-1,-1,-1
146,43,1680.10,71.80,25.50,70.00,0.5430,-1,-1,-1
146,9,836.80,106.40,29.30,79.70,0.7695,-1,-1,-1
147,41,1115.90,108.90,57.30,156.50,0.8481,-1,-1,-1
147,44,273.50,129.90,60.80,148.30,0.7842,-1,-1,-1
147,64,1573.50,107.80,58.40,131.40,0.8384,-1,-1,-1
147,82,1522.40,109.70,45.60,127.80,0.7900,-1,-1,-1
147,42,930.50,100.70,24.80,66.20,0.5137,-1,-1,-1
147,2,638.10,107.40,24.80,69.10,0.3857,-1,-1,-1
147,6,307.90,112.10,39.70,116.30,0.7505,-1,-1,-1
147,5,773.10,110.80,37.00,91.50,0.8696,-1,-1,-1
147,39,1177.20,115.80,51.90,116.30,0.8560,-1,-1,-1
147,21,1488.40,229.50,74.90,96.80,0.5234,-1,-1,-1
147,81,1704.20,69.00,27.00,66.30,0.5796,-1,-1,-1
147,127,1548.90,229.80,118.40,113.80,0.2698,-1,-1,-1
147,40,1096.30,107.80,30.40,87.30,0.7905,-1,-1,-1
147,27,463.10,107.20,38.60,101.80,0.7852,-1,-1,-1
147,115,655.70,108.30,26.60,70.50,0.1481,-1,-1,-1
147,84,1554.20,66.70,23.40,53.70,0.5430,-1,-1,-1
147,34,760.80,106.20,19.30,64.30,0.2128,-1,-1,-1
147,58,717.20,109.60,24.80,71.50,0.5107,-1,-1,-1
147,19,1273.60,113.40,31.90,105.10,0.8350,-1,-1,-1
147,96,681.00,106.10,27.60,75.60,0.5566,-1,-1,-1
147,86,0.00,245.80,123.30,391.00,0.5698,-1,-1,-1
147,32,1514.40,368.30,311.20,545.00,0.7637,-1,-1,-1
147,88,700.10,106.10,26.20,74.80,0.7529,-1,-1,-1
147,43,1681.90,70.50,24.90,68.60,0.5215,-1,-1,-1
147,9,847.20,107.00,30.90,82.30,0.7778,-1,-1,-1
147,3,167.40,284.10,130.60,460.00,0.8730,-1,-1,-1
147,158,486.50,93.20,26.20,81.20,0.3486,-1,-1,-1
147,110,1795.30,401.90,109.10,565.50,0.8135,-1,-1,-1
147,80,664.30,106.50,25.60,75.50,0.5918,-1,-1,-1
147,46,740.20,110.50,30.50,77.80,0.7705,-1,-1,-1
148,41,1115.80,108.50,57.60,156.80,0.8511,-1,-1,-1
148,44,273.90,130.20,61.10,148.90,0.7822,-1,-1,-1
148,64,1574.50,108.20,58.50,132.80,0.7520,-1,-1,-1
148,82,1522.70,110.50,44.70,127.80,0.7334,-1,-1,-1
148,42,930.60,99.30,25.20,67.10,0.6733,-1,-1,-1
148,2,645.30,107.30,25.20,69.80,0.7285,-1,-1,-1
148,6,308.00,111.70,40.00,116.90,0.7939,-1,-1,-1
148,5,757.20,108.70,38.50,93.60,0.7124,-1,-1,-1
148,21,1486.00,229.70,74.30,96.30,0.5527,-1,-1,-1
148,81,1705.60,70.00,26.00,64.30,0.4932,-1,-1,-1
148,127,1545.50,233.50,117.30,112.90,0.3372,-1,-1,-1
148,40,1096.20,108.90,29.50,84.40,0.7822,-1,-1,-1
148,27,452.10,107.20,41.00,108.10,0.7456,-1,-1,-1
148,115,669.60,107.60,26.50,71.60,0.1049,-1,-1,-1
148,84,1554.40,66.90,23.00,53.40,0.5566,-1,-1,-1
148,19,1275.00,112.00,33.20,108.30,0.8320,-1,-1,-1
148,96,688.00,107.40,27.20,74.40,0.5430,-1,-1,-1
148,86,1.60,196.20,114.20,351.50,0.1466,-1,-1,-1
148,88,701.80,104.00,26.50,77.70,0.5244,-1,-1,-1
148,43,1682.60,69.90,24.50,67.60,0.3811,-1,-1,-1
148,9,857.50,107.10,31.80,83.30,0.7798,-1,-1,-1
148,122,1200.50,116.90,45.20,115.10,0.7471,-1,-1,-1
148,128,619.30,107.40,25.60,67.40,0.7129,-1,-1,-1
148,158,487.10,92.00,25.80,80.30,0.4971,-1,-1,-1
148,110,1780.80,432.50,108.20,472.80,0.7168,-1,-1,-1
148,80,665.30,107.00,25.70,74.50,0.6772,-1,-1,-1
148,46,741.50,111.80,29.60,76.90,0.5698,-1,-1,-1
148,18,1820.60,180.10,66.30,168.50,0.7646,-1,-1,-1
149,41,1116.10,108.10,57.90,157.40,0.8491,-1,-1,-1
149,44,274.00,129.90,61.40,149.90,0.7710,-1,-1,-1
149,64,1577.10,108.40,58.10,132.60,0.7612,-1,-1,-1
149,82,1520.90,110.50,43.70,127.30,0.6772,-1,-1,-1
149,42,932.00,99.00,24.70,65.90,0.6714,-1,-1,-1
149,6,307.80,111.80,40.10,116.80,0.7793,-1,-1,-1
149,5,737.70,109.80,36.60,88.40,0.7461,-1,-1,-1
149,21,1488.30,230.00,74.80,96.70,0.1105,-1,-1,-1
149,81,1705.80,69.30,26.30,64.90,0.4990,-1,-1,-1
149,127,1539.40,232.30,118.50,113.40,0.3433,-1,-1,-1
149,40,1096.60,109.10,29.40,83.60,0.8232,-1,-1,-1
149,27,440.50,108.70,41.70,110.30,0.7900,-1,-1,-1
149,115,680.00,108.60,24.60,68.00,0.3252,-1,-1,-1
149,84,1555.70,66.90,22.50,52.60,0.5137,-1,-1,-1
149,19,1278.20,111.80,34.30,110.30,0.8306,-1,-1,-1
149,96,698.60,105.60,29.00,78.70,0.7612,-1,-1,-1
149,43,1681.90,70.00,24.20,66.90,0.3577,-1,-1,-1
149,9,869.40,106.90,33.30,85.70,0.7388,-1,-1,-1
149,122,1209.00,107.70,49.30,125.50,0.8286,-1,-1,-1
149,128,619.60,107.90,25.30,66.60,0.7417,-1,-1,-1
149,158,486.80,93.10,25.60,78.80,0.2751,-1,-1,-1
149,80,581.10,166.80,99.60,208.20,0.8857,-1,-1,-1
149,13,1771.80,170.20,74.10,172.40,0.8066,-1,-1,-1
149,29,372.80,295.50,225.00,481.00,0.8823,-1,-1,-1
149,132,170.90,174.90,89.70,184.80,0.8257,-1,-1,-1
149,34,761.60,106.20,18.80,62.30,0.4590,-1,-1,-1
149,3,205.50,318.90,162.60,546.60,0.8882,-1,-1,-1
150,41,1116.70,108.10,58.10,157.40,0.8589,-1,-1,-1
150,44,273.70,130.60,61.30,148.90,0.7910,-1,-1,-1
150,64,1573.20,118.10,63.90,144.70,0.5786,-1,-1,-1
150,82,1522.70,110.50,43.30,126.70,0.7642,-1,-1,-1
150,42,932.20,98.80,25.10,66.30,0.6968,-1,-1,-1
150,6,307.90,112.10,40.30,116.80,0.7910,-1,-1,-1
150,5,722.40,109.70,34.80,84.10,0.2466,-1,-1,-1
150,81,1704.50,68.30,27.10,66.20,0.4746,-1,-1,-1
150,127,1538.30,232.20,118.60,112.80,0.5264,-1,-1,-1
150,40,1097.00,110.80,28.90,81.90,0.8154,-1,-1,-1
150,27,430.80,111.40,42.60,111.40,0.8188,-1,-1,-1
150,115,693.50,104.30,23.30,65.40,0.5820,-1,-1,-1
150,84,1555.20,67.80,22.20,52.70,0.5146,-1,-1,-1
150,19,1275.00,110.60,36.10,113.60,0.8105,-1,-1,-1
150,96,710.20,106.70,27.50,76.10,0.1409,-1,-1,-1
150,43,1680.60,69.60,24.20,67.10,0.2494,-1,-1,-1
150,9,881.10,106.80,34.60,89.20,0.8066,-1,-1,-1
150,122,1218.10,108.10,47.90,122.10,0.7964,-1,-1,-1
150,128,617.60,110.10,24.60,64.60,0.6626,-1,-1,-1
150,158,486.80,94.20,25.40,78.20,0.2358,-1,-1,-1
150,80,619.40,162.60,94.10,208.00,0.8428,-1,-1,-1
150,29,365.70,321.80,249.20,537.10,0.9219,-1,-1,-1
150,132,185.80,169.20,83.00,174.40,0.8340,-1,-1,-1
150,34,761.80,105.40,19.50,63.80,0.3442,-1,-1,-1
150,59,492.80,303.30,267.70,497.00,0.8208,-1,-1,-1
150,32,1596.40,574.10,284.20,478.60,0.8423,-1,-1,-1
150,88,702.20,103.70,27.30,79.70,0.2949,-1,-1,-1
150,46,740.20,109.10,29.30,76.80,0.4688,-1,-1,-1
151,18,543.80,149.20,99.70,272.30,0.8447,-1,-1,-1
151,6,1193.20,125.20,42.00,130.20,0.8428,-1,-1,-1
151,28,615.80,196.90,120.00,211.10,0.8164,-1,-1,-1
151,19,1398.00,139.30,43.50,150.00,0.8086,-1,-1,-1
151,4,490.10,138.60,55.50,159.30,0.8027,-1,-1,-1
151,11,1765.50,111.40,51.00,121.30,0.7969,-1,-1,-1
151,13,389.20,138.50,69.00,167.10,0.7827,-1,-1,-1
151,50,831.00,149.20,69.00,253.60,0.7778,-1,-1,-1
151,22,1451.20,233.20,73.60,91.60,0.7661,-1,-1,-1
151,51,1023.80,89.10,27.00,75.10,0.7490,-1,-1,-1
151,21,1522.50,222.80,75.00,93.00,0.7393,-1,-1,-1
151,14,1741.50,111.90,42.00,116.70,0.7310,-1,-1,-1
151,52,1528.50,103.10,39.00,108.00,0.7285,-1,-1,-1
151,9,1827.00,107.20,42.00,120.40,0.6592,-1,-1,-1
151,26,1725.00,114.00,36.00,108.00,0.5669,-1,-1,-1
151,24,1809.00,117.80,36.00,96.70,0.5361,-1,-1,-1
151,53,205.90,310.50,101.60,141.00,0.4941,-1,-1,-1
151,25,1785.00,205.50,78.00,79.90,0.4834,-1,-1,-1
151,54,247.10,187.10,69.80,88.50,0.4814,-1,-1,-1
151,49,573.00,100.30,34.50,75.00,0.4082,-1,-1,-1
151,46,527.20,103.00,27.00,52.30,0.3408,-1,-1,-1
151,55,993.00,89.40,27.00,73.40,0.2815,-1,-1,-1
151,62,600.00,186.80,49.50,192.00,0.2776,-1,-1,-1
151,2,42.90,102.00,32.70,68.10,0.2737,-1,-1,-1
151,31,591.00,181.90,60.00,228.70,0.2612,-1,-1,-1
152,18,543.40,144.00,101.10,276.20,0.7280,-1,-1,-1
152,6,1192.50,125.20,42.20,130.80,0.8369,-1,-1,-1
152,28,609.30,192.00,125.80,221.50,0.8501,-1,-1,-1
152,19,1399.30,139.60,43.50,149.70,0.8188,-1,-1,-1
152,4,487.50,134.30,60.80,175.00,0.3943,-1,-1,-1
152,11,1768.30,112.70,50.60,120.20,0.8042,-1,-1,-1
152,13,386.40,136.70,69.50,168.60,0.7690,-1,-1,-1
152,50,829.80,149.60,68.80,252.50,0.7129,-1,-1,-1
152,22,1452.30,232.30,74.00,92.10,0.7773,-1,-1,-1
152,51,1024.70,91.20,26.40,73.70,0.7568,-1,-1,-1
152,21,1524.10,223.10,74.40,92.30,0.7202,-1,-1,-1
152,14,1743.10,112.30,41.40,115.00,0.7168,-1,-1,-1
152,52,1528.40,102.10,39.20,108.70,0.7407,-1,-1,-1
152,9,1826.90,106.30,42.20,121.00,0.7163,-1,-1,-1
152,26,1724.70,112.00,36.60,110.20,0.6724,-1,-1,-1
152,24,1806.50,118.10,35.70,95.90,0.6279,-1,-1,-1
152,53,195.80,309.50,103.90,143.60,0.5918,-1,-1,-1
152,25,1784.70,205.00,78.60,80.50,0.3811,-1,-1,-1
152,54,246.60,186.30,70.50,89.50,0.4619,-1,-1,-1
152,49,574.60,103.10,32.60,70.70,0.2854,-1,-1,-1
152,46,523.60,99.90,28.40,55.00,0.1515,-1,-1,-1
152,55,993.40,92.00,26.20,70.90,0.3354,-1,-1,-1
153,18,544.50,148.30,99.00,270.50,0.7773,-1,-1,-1
153,6,1193.00,125.50,42.20,130.60,0.8374,-1,-1,-1
153,19,1404.80,138.60,43.50,148.20,0.8384,-1,-1,-1
153,4,492.80,136.20,48.50,138.20,0.2338,-1,-1,-1
153,11,1767.60,107.60,52.90,125.40,0.7881,-1,-1,-1
153,13,387.00,137.90,72.10,174.90,0.4233,-1,-1,-1
153,50,838.10,148.80,68.10,249.10,0.8057,-1,-1,-1
153,22,1454.60,232.40,74.50,92.30,0.8081,-1,-1,-1
153,51,1024.90,89.30,27.40,76.60,0.7695,-1,-1,-1
153,21,1527.30,222.80,74.90,93.20,0.7017,-1,-1,-1
153,14,1741.90,111.90,41.90,116.50,0.7251,-1,-1,-1
153,52,1528.40,102.40,39.20,108.60,0.7505,-1,-1,-1
153,9,1826.30,104.20,43.40,124.50,0.7080,-1,-1,-1
153,26,1724.70,111.70,36.60,109.80,0.5371,-1,-1,-1
153,24,1808.30,118.10,36.00,96.90,0.5991,-1,-1,-1
153,53,192.70,309.40,105.20,144.60,0.6992,-1,-1,-1
153,25,1784.60,205.40,78.80,80.60,0.4688,-1,-1,-1
153,54,246.30,186.80,70.80,89.90,0.2539,-1,-1,-1
153,49,574.90,103.10,32.80,71.20,0.4006,-1,-1,-1
153,46,526.00,102.20,27.70,53.80,0.4534,-1,-1,-1
153,55,994.40,90.90,26.60,72.00,0.3867,-1,-1,-1
154,18,541.80,149.80,99.20,269.80,0.8682,-1,-1,-1
154,6,1193.40,126.60,41.70,129.30,0.8135,-1,-1,-1
154,19,1421.40,139.80,43.60,146.00,0.8193,-1,-1,-1
154,4,487.60,134.00,58.30,166.30,0.6489,-1,-1,-1
154,11,1765.50,102.80,55.10,130.40,0.7842,-1,-1,-1
154,13,383.60,139.40,85.20,206.90,0.2316,-1,-1,-1
154,50,850.80,147.40,68.50,248.60,0.8027,-1,-1,-1
154,22,1454.60,233.60,73.80,91.10,0.6733,-1,-1,-1
154,51,1024.60,88.70,31.70,88.20,0.5850,-1,-1,-1
154,21,1522.30,222.80,76.20,94.80,0.6758,-1,-1,-1
154,14,1742.80,111.80,41.80,116.10,0.7202,-1,-1,-1
154,52,1528.40,102.50,39.20,108.50,0.7178,-1,-1,-1
154,9,1825.80,103.00,44.40,127.40,0.6216,-1,-1,-1
154,26,1724.80,111.80,36.40,109.60,0.6250,-1,-1,-1
154,24,1809.30,121.90,35.20,94.50,0.5186,-1,-1,-1
154,53,191.80,309.50,106.70,145.60,0.7041,-1,-1,-1
154,25,1785.30,206.90,77.40,79.20,0.3774,-1,-1,-1
154,49,573.10,100.80,34.90,75.70,0.6396,-1,-1,-1
154,46,522.90,91.80,34.30,66.30,0.4016,-1,-1,-1
154,55,996.50,92.20,25.40,68.60,0.3408,-1,-1,-1
154,92,1051.40,91.00,36.80,80.80,0.6289,-1,-1,-1
155,18,539.30,147.50,101.00,272.30,0.8594,-1,-1,-1
155,6,1194.00,127.00,41.70,129.10,0.8081,-1,-1,-1
155,19,1446.20,140.10,44.40,145.50,0.8491,-1,-1,-1
155,4,486.40,131.30,59.50,169.40,0.6968,-1,-1,-1
155,11,1765.50,110.00,52.20,122.70,0.7686,-1,-1,-1
155,13,388.30,138.70,75.90,185.10,0.7891,-1,-1,-1
155,50,865.60,149.70,67.80,245.50,0.6646,-1,-1,-1
155,22,1452.90,232.60,74.60,91.90,0.7227,-1,-1,-1
155,51,1024.70,90.10,28.80,79.90,0.7578,-1,-1,-1
155,21,1521.00,223.00,75.70,94.20,0.6069,-1,-1,-1
155,14,1738.60,111.90,41.80,115.20,0.7339,-1,-1,-1
155,52,1528.40,102.00,39.20,108.40,0.6235,-1,-1,-1
155,9,1828.20,103.20,43.90,126.50,0.5566,-1,-1,-1
155,26,1727.10,111.70,36.30,109.10,0.3694,-1,-1,-1
155,24,1806.50,120.70,36.70,98.00,0.5698,-1,-1,-1
155,53,189.20,230.30,164.80,224.00,0.7705,-1,-1,-1
155,25,1784.20,208.80,75.20,77.10,0.2153,-1,-1,-1
155,49,574.20,96.80,36.50,79.20,0.3184,-1,-1,-1
155,46,522.70,93.40,32.90,63.80,0.1140,-1,-1,-1
155,92,1053.00,91.30,35.60,78.50,0.6636,-1,-1,-1
156,18,539.50,147.50,101.70,272.40,0.8662,-1,-1,-1
156,6,1194.00,126.30,42.00,130.00,0.8350,-1,-1,-1
156,4,485.60,130.30,59.60,169.90,0.7583,-1,-1,-1
156,11,1765.80,113.50,50.50,118.10,0.7153,-1,-1,-1
156,13,388.80,138.30,70.80,173.40,0.8276,-1,-1,-1
156,50,879.60,148.10,70.30,246.70,0.6724,-1,-1,-1
156,22,1452.60,230.40,76.40,93.70,0.7852,-1,-1,-1
156,51,1024.60,90.70,27.60,76.70,0.7476,-1,-1,-1
156,21,1521.70,223.10,75.50,94.00,0.7051,-1,-1,-1
156,14,1738.20,112.30,42.00,115.30,0.7407,-1,-1,-1
156,52,1528.30,102.60,39.40,109.50,0.5469,-1,-1,-1
156,9,1829.60,104.90,42.70,124.10,0.6714,-1,-1,-1
156,26,1727.90,111.50,36.10,109.30,0.5107,-1,-1,-1
156,24,1805.70,122.50,37.00,97.80,0.5449,-1,-1,-1
156,53,160.40,214.40,172.60,239.50,0.5601,-1,-1,-1
156,46,525.70,99.20,29.20,57.10,0.4580,-1,-1,-1
156,92,1053.00,89.70,36.10,80.00,0.7295,-1,-1,-1
156,63,1141.50,354.90,234.90,553.50,0.7695,-1,-1,-1
156,55,994.00,91.00,26.20,70.40,0.3950,-1,-1,-1
157,18,540.60,151.10,101.10,268.60,0.8672,-1,-1,-1
157,6,1194.10,126.10,42.00,130.40,0.8262,-1,-1,-1
157,4,486.10,133.20,58.60,166.70,0.7983,-1,-1,-1
157,11,1765.60,114.40,50.60,117.40,0.7695,-1,-1,-1
157,13,387.00,139.30,69.20,168.30,0.8320,-1,-1,-1
157,50,882.80,146.70,72.50,246.70,0.6299,-1,-1,-1
157,22,1451.00,230.90,75.80,93.40,0.7925,-1,-1,-1
157,51,1024.70,90.80,26.90,74.80,0.7388,-1,-1,-1
157,21,1522.90,222.60,75.70,94.40,0.7363,-1,-1,-1
157,14,1740.30,112.60,41.90,115.00,0.6943,-1,-1,-1
157,52,1532.40,101.70,31.80,85.50,0.3730,-1,-1,-1
157,9,1830.50,104.70,41.30,122.10,0.6270,-1,-1,-1
157,26,1726.90,111.10,36.50,111.00,0.3979,-1,-1,-1
157,24,1805.20,124.20,37.50,98.50,0.5156,-1,-1,-1
157,53,186.50,265.80,135.30,188.10,0.7295,-1,-1,-1
157,46,527.10,100.10,28.30,55.90,0.3730,-1,-1,-1
157,92,1053.60,90.90,35.00,78.50,0.7026,-1,-1,-1
157,7,17.50,223.80,103.60,243.70,0.7583,-1,-1,-1
157,104,865.90,147.50,67.60,246.30,0.4397,-1,-1,-1
157,55,994.00,91.20,26.40,71.20,0.5820,-1,-1,-1
157,54,246.50,187.90,69.80,88.50,0.6187,-1,-1,-1
158,18,539.00,150.90,102.20,269.00,0.8618,-1,-1,-1
158,6,1192.50,126.30,42.10,130.00,0.8081,-1,-1,-1
158,4,485.80,132.10,58.80,167.50,0.7402,-1,-1,-1
158,11,1764.30,115.40,51.10,117.30,0.7432,-1,-1,-1
158,13,384.70,140.00,68.80,165.90,0.8262,-1,-1,-1
158,50,883.80,145.50,74.70,245.40,0.6396,-1,-1,-1
158,22,1450.40,231.40,75.70,93.40,0.7388,-1,-1,-1
158,51,1024.60,91.10,26.90,74.60,0.7744,-1,-1,-1
158,21,1518.90,223.70,74.30,93.80,0.5137,-1,-1,-1
158,14,1739.60,111.90,42.80,116.40,0.7407,-1,-1,-1
158,52,1533.90,101.70,28.90,75.30,0.5039,-1,-1,-1
158,9,1828.40,103.70,41.40,124.50,0.5981,-1,-1,-1
158,26,1727.30,110.20,37.10,113.00,0.2783,-1,-1,-1
158,53,201.50,293.30,113.70,158.50,0.4990,-1,-1,-1
158,46,527.10,100.10,27.90,55.50,0.4331,-1,-1,-1
158,92,1053.90,91.30,34.40,78.00,0.6978,-1,-1,-1
158,104,868.60,147.40,67.20,244.10,0.3259,-1,-1,-1
158,55,993.50,91.80,26.40,70.90,0.5518,-1,-1,-1
158,125,1521.70,147.10,48.40,128.90,0.7534,-1,-1,-1
158,54,246.50,187.70,70.10,89.00,0.4971,-1,-1,-1
158,28,635.80,161.10,109.70,193.40,0.9014,-1,-1,-1
158,25,1784.60,206.00,77.90,79.90,0.4951,-1,-1,-1
158,49,566.50,88.30,32.50,71.10,0.6538,-1,-1,-1
159,18,554.10,152.50,88.80,221.80,0.5059,-1,-1,-1
159,6,1193.40,126.50,42.20,129.60,0.8418,-1,-1,-1
159,4,483.40,129.80,59.40,169.30,0.7920,-1,-1,-1
159,11,1763.60,114.90,51.70,117.90,0.7949,-1,-1,-1
159,13,380.60,140.50,69.60,166.00,0.8540,-1,-1,-1
159,50,881.20,140.20,78.50,249.10,0.5947,-1,-1,-1
159,51,1025.10,90.40,26.90,74.70,0.7378,-1,-1,-1
159,21,1522.90,222.10,73.20,94.80,0.1030,-1,-1,-1
159,14,1739.90,112.60,42.00,114.00,0.7080,-1,-1,-1
159,52,1531.60,101.90,33.00,85.30,0.5669,-1,-1,-1
159,9,1824.70,104.50,41.30,123.20,0.4407,-1,-1,-1
159,26,1725.50,110.10,37.10,113.10,0.4158,-1,-1,-1
159,53,195.90,303.10,109.30,150.30,0.6143,-1,-1,-1
159,46,528.10,102.20,26.70,53.50,0.4216,-1,-1,-1
159,92,1055.30,92.30,33.70,77.00,0.6548,-1,-1,-1
159,104,869.40,145.90,67.40,244.20,0.2480,-1,-1,-1
159,55,993.40,92.20,26.30,70.50,0.4397,-1,-1,-1
159,54,246.90,187.10,70.40,89.10,0.4775,-1,-1,-1
159,25,1785.20,206.60,77.40,79.30,0.3914,-1,-1,-1
159,49,567.40,93.00,28.90,63.50,0.2991,-1,-1,-1
159,31,605.30,157.30,55.20,199.10,0.7485,-1,-1,-1
159,19,1507.40,149.60,39.40,122.80,0.7891,-1,-1,-1
159,24,1802.70,121.00,37.50,98.90,0.3208,-1,-1,-1
160,18,548.20,159.20,98.80,246.90,0.8423,-1,-1,-1
160,6,1193.50,126.30,42.70,130.10,0.8276,-1,-1,-1
160,4,479.70,130.40,59.20,170.00,0.6548,-1,-1,-1
160,11,1764.40,114.60,51.90,117.90,0.7754,-1,-1,-1
160,13,380.10,140.50,69.90,167.20,0.8276,-1,-1,-1
160,50,878.50,144.50,79.80,243.50,0.6870,-1,-1,-1
160,51,1024.80,90.90,26.80,74.40,0.7441,-1,-1,-1
160,21,1523.20,222.50,73.10,94.20,0.6885,-1,-1,-1
160,14,1740.90,113.10,42.00,114.00,0.7065,-1,-1,-1
160,52,1528.80,102.20,38.50,99.90,0.5898,-1,-1,-1
160,9,1828.70,106.30,40.60,121.60,0.6372,-1,-1,-1
160,26,1726.00,110.20,36.80,112.50,0.2776,-1,-1,-1
160,53,202.50,306.50,104.90,144.90,0.6372,-1,-1,-1
160,46,529.70,101.10,26.80,54.70,0.5610,-1,-1,-1
160,92,1056.60,95.10,31.90,73.90,0.6504,-1,-1,-1
160,104,870.70,146.60,67.40,242.80,0.1937,-1,-1,-1
160,55,993.60,92.60,25.70,69.20,0.5649,-1,-1,-1
160,54,246.50,187.10,70.60,89.50,0.3416,-1,-1,-1
160,25,1784.70,205.30,78.60,80.30,0.5518,-1,-1,-1
160,49,567.20,93.90,28.90,65.00,0.3774,-1,-1,-1
160,19,1503.00,151.10,49.10,150.50,0.8569,-1,-1,-1
160,24,1804.90,123.20,36.30,95.60,0.5312,-1,-1,-1
160,63,1143.80,425.50,270.20,643.10,0.8965,-1,-1,-1
161,18,549.30,153.10,103.70,262.60,0.8140,-1,-1,-1
161,6,1193.70,127.20,42.50,128.80,0.8228,-1,-1,-1
161,4,479.50,132.50,57.90,167.10,0.7163,-1,-1,-1
161,11,1763.00,112.80,53.40,120.40,0.7515,-1,-1,-1
161,13,379.30,140.00,69.90,167.60,0.8242,-1,-1,-1
161,50,880.20,146.00,82.30,243.90,0.4932,-1,-1,-1
161,51,1024.60,91.10,26.90,74.50,0.7393,-1,-1,-1
161,21,1527.30,222.10,73.20,94.50,0.6841,-1,-1,-1
161,14,1740.10,112.50,42.40,115.40,0.7124,-1,-1,-1
161,52,1527.90,102.00,40.20,104.90,0.7056,-1,-1,-1
161,9,1829.90,106.40,41.00,122.60,0.6436,-1,-1,-1
161,26,1725.30,111.80,36.40,111.10,0.4814,-1,-1,-1
161,46,530.50,103.40,25.40,52.70,0.4177,-1,-1,-1
161,92,1055.50,94.00,32.20,75.40,0.7007,-1,-1,-1
161,104,868.80,146.90,67.60,243.20,0.3694,-1,-1,-1
161,55,993.30,91.40,26.40,71.00,0.4082,-1,-1,-1
161,54,246.70,187.70,70.00,88.70,0.1956,-1,-1,-1
161,25,1786.20,207.10,77.60,78.90,0.5137,-1,-1,-1
161,49,565.20,90.40,32.70,75.40,0.5498,-1,-1,-1
161,24,1805.90,120.10,37.50,98.50,0.4619,-1,-1,-1
161,22,1449.70,231.70,75.20,93.10,0.6870,-1,-1,-1
162,18,553.30,152.80,105.30,266.80,0.8564,-1,-1,-1
162,6,1193.60,127.30,42.90,129.30,0.8296,-1,-1,-1
162,4,477.40,132.60,58.50,168.20,0.7671,-1,-1,-1
162,11,1763.70,114.00,53.50,119.30,0.7104,-1,-1,-1
162,13,377.60,143.30,80.40,193.30,0.8481,-1,-1,-1
162,50,878.50,147.90,83.50,242.70,0.5488,-1,-1,-1
162,51,1025.00,91.10,27.10,75.10,0.6909,-1,-1,-1
162,21,1528.50,223.00,71.90,93.00,0.7515,-1,-1,-1
162,14,1738.60,112.40,42.80,116.00,0.6416,-1,-1,-1
162,52,1527.50,102.20,41.00,107.50,0.7417,-1,-1,-1
162,26,1725.70,111.50,36.90,112.10,0.2727,-1,-1,-1
162,46,529.90,102.50,25.10,53.10,0.5137,-1,-1,-1
162,92,1055.00,92.80,32.50,77.00,0.6548,-1,-1,-1
162,104,868.20,148.30,67.50,241.80,0.4824,-1,-1,-1
162,55,993.30,92.30,26.30,70.60,0.5010,-1,-1,-1
162,54,245.70,187.00,70.80,90.00,0.4775,-1,-1,-1
162,25,1755.00,158.20,150.80,159.70,0.8696,-1,-1,-1
162,49,565.40,92.40,32.70,77.40,0.5830,-1,-1,-1
162,24,1804.30,121.30,33.90,89.70,0.1016,-1,-1,-1
162,109,1445.60,153.70,75.80,136.60,0.7373,-1,-1,-1
162,22,1449.90,231.70,74.50,92.80,0.7827,-1,-1,-1
162,53,203.20,308.50,105.30,145.30,0.6279,-1,-1,-1
163,18,560.30,156.30,106.20,264.10,0.6899,-1,-1,-1
163,6,1193.60,127.30,42.90,129.00,0.8257,-1,-1,-1
163,4,478.90,132.80,58.70,168.40,0.7974,-1,-1,-1
163,11,1771.20,114.30,55.20,125.80,0.2031,-1,-1,-1
163,13,373.60,142.20,74.80,178.80,0.8408,-1,-1,-1
163,50,876.50,147.80,85.20,243.70,0.7959,-1,-1,-1
163,51,1024.70,90.80,27.00,75.00,0.7080,-1,-1,-1
163,21,1526.60,223.30,72.00,92.80,0.7456,-1,-1,-1
163,14,1733.50,111.00,42.20,111.30,0.2194,-1,-1,-1
163,52,1527.60,103.10,40.80,107.10,0.5601,-1,-1,-1
163,46,529.40,102.00,25.00,53.10,0.5342,-1,-1,-1
163,92,1055.10,92.60,32.00,76.80,0.6919,-1,-1,-1
163,104,867.80,148.50,67.80,242.70,0.1155,-1,-1,-1
163,55,993.30,92.70,26.40,70.50,0.5303,-1,-1,-1
163,54,246.00,186.80,70.90,90.10,0.4233,-1,-1,-1
163,25,1709.90,141.10,169.20,186.00,0.8696,-1,-1,-1
163,49,565.40,89.10,33.60,81.20,0.7305,-1,-1,-1
163,24,1805.90,120.10,32.10,86.90,0.1105,-1,-1,-1
163,109,1441.50,154.70,86.30,156.80,0.5479,-1,-1,-1
163,22,1450.20,230.40,74.90,93.60,0.7266,-1,-1,-1
163,53,206.60,309.70,102.70,142.20,0.4121,-1,-1,-1
163,9,1828.20,105.00,40.80,120.60,0.5688,-1,-1,-1
164,18,557.50,157.90,106.00,261.40,0.6533,-1,-1,-1
164,6,1194.00,127.00,43.10,129.20,0.8345,-1,-1,-1
164,4,479.70,135.60,57.90,165.60,0.8208,-1,-1,-1
164,11,1767.00,114.10,54.10,121.80,0.7993,-1,-1,-1
164,13,370.70,141.50,72.80,172.30,0.8652,-1,-1,-1
164,50,871.70,147.30,97.60,277.30,0.1598,-1,-1,-1
164,51,1024.70,91.40,26.70,74.40,0.7690,-1,-1,-1
164,21,1525.90,223.50,72.00,92.40,0.7349,-1,-1,-1
164,14,1735.20,113.30,42.80,111.90,0.6968,-1,-1,-1
164,52,1527.80,103.80,40.40,106.50,0.6929,-1,-1,-1
164,46,529.30,102.20,24.80,53.20,0.4158,-1,-1,-1
164,92,1055.50,93.70,31.10,75.50,0.7090,-1,-1,-1
164,55,993.10,93.40,25.80,69.00,0.6084,-1,-1,-1
164,54,231.50,160.10,120.80,158.40,0.8491,-1,-1,-1
164,49,565.30,87.40,33.60,83.30,0.7227,-1,-1,-1
164,24,1806.10,119.90,34.30,92.80,0.4226,-1,-1,-1
164,109,1443.70,155.40,80.50,147.40,0.7217,-1,-1,-1
164,22,1451.00,231.90,73.70,92.20,0.7490,-1,-1,-1
164,53,197.80,309.30,105.40,143.70,0.6289,-1,-1,-1
164,9,1827.70,105.90,40.90,120.70,0.5571,-1,-1,-1
164,26,1727.30,112.30,36.70,111.70,0.4707,-1,-1,-1
165,18,548.00,161.00,100.10,246.60,0.7417,-1,-1,-1
165,6,1193.60,127.00,43.20,128.80,0.8101,-1,-1,-1
165,4,479.60,134.90,58.50,166.80,0.8218,-1,-1,-1
165,11,1765.20,113.20,53.80,120.40,0.7515,-1,-1,-1
165,13,369.00,140.50,73.00,170.40,0.8589,-1,-1,-1
165,50,871.30,146.70,93.80,258.30,0.4990,-1,-1,-1
165,51,1024.60,90.90,26.80,74.60,0.7319,-1,-1,-1
165,21,1526.10,224.80,71.10,91.70,0.4177,-1,-1,-1
165,14,1737.00,113.80,42.70,111.70,0.6177,-1,-1,-1
165,52,1528.00,105.10,39.90,105.20,0.6699,-1,-1,-1
165,46,529.50,100.50,25.20,54.90,0.5669,-1,-1,-1
165,92,1055.40,92.30,31.30,76.90,0.6943,-1,-1,-1
165,55,993.20,92.50,26.20,69.80,0.5547,-1,-1,-1
165,54,205.30,149.90,137.50,184.70,0.5571,-1,-1,-1
165,49,565.60,87.30,33.00,83.40,0.7407,-1,-1,-1
165,24,1804.50,118.50,34.50,94.50,0.3550,-1,-1,-1
165,109,1433.60,155.10,85.30,156.80,0.7393,-1,-1,-1
165,22,1452.50,232.00,72.80,91.70,0.6235,-1,-1,-1
165,9,1823.20,106.20,41.70,121.40,0.6870,-1,-1,-1
165,135,689.90,106.00,49.70,112.70,0.7939,-1,-1,-1
165,136,1783.70,205.40,80.60,80.40,0.6353,-1,-1,-1
165,26,1727.70,112.50,36.50,111.40,0.4619,-1,-1,-1
165,31,624.70,163.50,35.90,106.90,0.4814,-1,-1,-1
165,104,862.10,145.50,69.30,245.30,0.3914,-1,-1,-1
166,18,546.80,162.30,102.10,252.80,0.7124,-1,-1,-1
166,6,1193.00,127.50,43.20,128.50,0.8364,-1,-1,-1
166,4,480.60,134.90,58.20,165.70,0.8159,-1,-1,-1
166,11,1764.60,114.10,53.50,118.80,0.7559,-1,-1,-1
166,13,368.50,140.60,73.50,169.40,0.8613,-1,-1,-1
166,50,871.50,147.40,92.80,248.90,0.6143,-1,-1,-1
166,51,1024.60,91.00,26.80,74.40,0.7422,-1,-1,-1
166,14,1738.70,113.30,42.60,113.10,0.4893,-1,-1,-1
166,46,529.80,100.30,24.90,54.90,0.5630,-1,-1,-1
166,92,1055.70,93.30,30.60,75.80,0.6802,-1,-1,-1
166,55,994.10,91.80,26.60,70.80,0.5815,-1,-1,-1
166,49,566.10,87.30,32.50,83.60,0.7432,-1,-1,-1
166,24,1806.20,118.30,33.90,94.00,0.4331,-1,-1,-1
166,109,1426.20,153.20,91.10,167.90,0.8008,-1,-1,-1
166,9,1823.40,105.80,42.20,122.20,0.6851,-1,-1,-1
166,135,669.50,105.80,49.50,112.30,0.8560,-1,-1,-1
166,136,1783.60,205.00,80.80,80.60,0.5757,-1,-1,-1
166,26,1727.50,110.70,37.10,113.50,0.4407,-1,-1,-1
166,104,862.90,147.70,69.70,243.80,0.3311,-1,-1,-1
166,125,1514.40,124.20,79.80,213.10,0.8169,-1,-1,-1
166,53,192.30,309.60,108.10,144.90,0.5591,-1,-1,-1
167,18,545.20,163.00,103.20,255.00,0.7339,-1,-1,-1
167,6,1192.50,128.00,42.80,127.80,0.8311,-1,-1,-1
167,4,479.60,133.40,58.90,167.50,0.8242,-1,-1,-1
167,11,1764.00,112.30,54.10,120.30,0.7104,-1,-1,-1
167,13,368.50,140.00,74.80,170.30,0.8540,-1,-1,-1
167,50,871.40,149.10,92.60,244.00,0.6206,-1,-1,-1
167,51,1024.80,91.60,26.40,73.30,0.7720,-1,-1,-1
167,14,1737.40,112.50,42.50,112.30,0.7500,-1,-1,-1
167,46,530.00,99.90,24.60,55.20,0.5137,-1,-1,-1
167,92,1054.60,91.50,30.80,77.20,0.7319,-1,-1,-1
167,55,994.50,91.20,26.60,70.80,0.6436,-1,-1,-1
167,49,566.50,89.50,31.00,80.90,0.6699,-1,-1,-1
167,24,1804.90,116.20,33.60,94.00,0.4961,-1,-1,-1
167,109,1420.00,140.70,103.30,193.10,0.8789,-1,-1,-1
167,9,1824.70,106.30,42.00,120.50,0.7646,-1,-1,-1
167,135,650.60,108.50,47.20,107.20,0.7930,-1,-1,-1
167,136,1783.40,204.50,81.20,80.90,0.5757,-1,-1,-1
167,26,1729.40,111.90,35.40,108.90,0.2925,-1,-1,-1
167,104,863.40,148.50,69.50,243.00,0.3950,-1,-1,-1
167,39,129.90,143.30,75.20,182.90,0.8955,-1,-1,-1
167,21,1525.40,224.40,72.30,92.70,0.6699,-1,-1,-1
167,52,1527.80,103.40,40.40,106.70,0.5630,-1,-1,-1
168,18,545.00,164.70,103.70,254.90,0.7163,-1,-1,-1
168,6,1192.10,127.50,43.00,128.50,0.8154,-1,-1,-1
168,4,476.60,132.10,59.90,169.90,0.8188,-1,-1,-1
168,11,1764.30,113.70,53.40,118.30,0.6333,-1,-1,-1
168,13,367.90,140.00,77.00,170.80,0.8408,-1,-1,-1
168,50,871.60,149.20,93.90,242.20,0.5757,-1,-1,-1
168,51,1024.60,90.90,26.80,74.20,0.7549,-1,-1,-1
168,14,1736.90,112.80,42.50,111.60,0.7358,-1,-1,-1
168,46,528.90,98.70,24.90,56.50,0.5591,-1,-1,-1
168,92,1055.00,90.00,31.30,78.80,0.7041,-1,-1,-1
168,55,994.70,91.50,26.60,70.50,0.5659,-1,-1,-1
168,49,566.60,89.70,30.50,81.00,0.7227,-1,-1,-1
168,24,1802.80,118.20,32.70,92.30,0.5449,-1,-1,-1
168,109,1414.00,146.50,96.30,182.00,0.8389,-1,-1,-1
168,9,1825.90,105.60,42.50,122.10,0.7686,-1,-1,-1
168,135,634.20,107.30,46.10,105.20,0.7515,-1,-1,-1
168,136,1783.50,204.70,81.00,80.80,0.5850,-1,-1,-1
168,26,1726.60,111.70,35.70,109.80,0.3364,-1,-1,-1
168,104,865.20,149.40,69.10,240.10,0.3594,-1,-1,-1
168,39,98.90,140.90,75.20,182.40,0.8467,-1,-1,-1
168,142,246.80,188.20,71.00,88.10,0.5156,-1,-1,-1
168,21,1524.00,225.10,73.00,92.90,0.6479,-1,-1,-1
168,52,1527.70,102.70,40.60,108.00,0.7695,-1,-1,-1
168,22,1451.90,233.40,73.70,91.80,0.2830,-1,-1,-1
168,53,190.40,305.10,112.80,150.10,0.5430,-1,-1,-1
169,18,549.30,163.10,104.10,255.80,0.6362,-1,-1,-1
169,6,1192.10,127.80,42.80,128.30,0.8184,-1,-1,-1
169,4,474.10,131.90,60.60,170.40,0.8003,-1,-1,-1
169,11,1766.20,112.40,53.50,119.90,0.6934,-1,-1,-1
169,13,364.70,140.60,77.60,169.10,0.8530,-1,-1,-1
169,50,873.20,147.50,95.20,243.10,0.4717,-1,-1,-1
169,51,1024.70,91.70,26.60,73.40,0.7139,-1,-1,-1
169,14,1736.30,112.10,43.30,112.50,0.7959,-1,-1,-1
169,46,528.70,99.10,24.60,56.10,0.4417,-1,-1,-1
169,92,1055.00,89.40,31.70,80.10,0.7231,-1,-1,-1
169,55,993.90,90.60,27.30,72.20,0.5117,-1,-1,-1
169,49,566.80,89.80,30.10,81.10,0.7212,-1,-1,-1
169,24,1804.10,116.00,34.30,96.50,0.5254,-1,-1,-1
169,109,1389.20,147.00,88.00,168.40,0.8599,-1,-1,-1
169,9,1826.10,104.20,43.20,124.60,0.7490,-1,-1,-1
169,135,618.20,105.80,41.30,94.30,0.6548,-1,-1,-1
169,136,1783.60,204.80,80.80,80.70,0.4941,-1,-1,-1
169,26,1727.30,109.90,36.30,112.00,0.2281,-1,-1,-1
169,104,867.10,147.60,69.70,242.40,0.5527,-1,-1,-1
169,39,61.60,139.60,73.50,177.50,0.8662,-1,-1,-1
169,142,246.90,187.80,71.50,88.70,0.4980,-1,-1,-1
169,21,1524.80,224.30,72.70,92.60,0.7148,-1,-1,-1
169,52,1527.70,102.20,40.60,108.70,0.7441,-1,-1,-1
169,22,1450.00,232.60,75.40,94.10,0.7871,-1,-1,-1
169,53,190.10,306.20,113.10,148.20,0.7690,-1,-1,-1
169,63,1199.00,426.10,230.20,514.30,0.9229,-1,-1,-1
170,18,551.10,162.70,103.00,256.40,0.7100,-1,-1,-1
170,6,1193.70,128.00,43.50,130.10,0.7129,-1,-1,-1
170,4,472.90,133.60,59.90,168.30,0.8052,-1,-1,-1
170,11,1765.50,115.50,52.40,117.30,0.7456,-1,-1,-1
170,13,361.90,140.70,78.30,168.80,0.8530,-1,-1,-1
170,50,875.50,146.40,96.10,243.90,0.7446,-1,-1,-1
170,51,1025.20,91.30,26.60,73.20,0.7441,-1,-1,-1
170,14,1738.10,112.50,43.60,113.70,0.7104,-1,-1,-1
170,46,527.70,100.70,24.20,54.80,0.4543,-1,-1,-1
170,92,1055.60,90.60,30.70,78.50,0.7080,-1,-1,-1
170,55,993.90,92.00,26.90,70.90,0.5796,-1,-1,-1
170,49,567.50,89.90,30.10,81.80,0.7192,-1,-1,-1
170,24,1806.70,117.50,34.40,96.30,0.4648,-1,-1,-1
170,109,1356.10,146.00,83.60,162.20,0.8374,-1,-1,-1
170,9,1826.00,104.30,43.80,125.90,0.7031,-1,-1,-1
170,135,601.50,108.00,32.70,74.00,0.6733,-1,-1,-1
170,136,1783.30,204.50,81.40,81.20,0.5991,-1,-1,-1
170,26,1725.50,110.20,36.70,111.40,0.5601,-1,-1,-1
170,39,28.60,137.50,71.50,172.30,0.8760,-1,-1,-1
170,142,245.50,186.70,72.20,89.70,0.4534,-1,-1,-1
170,21,1525.00,224.00,72.80,92.40,0.7295,-1,-1,-1
170,52,1527.70,102.40,40.50,108.60,0.7759,-1,-1,-1
170,22,1450.30,232.50,75.10,93.50,0.8086,-1,-1,-1
170,53,190.70,306.10,114.40,148.00,0.7661,-1,-1,-1
170,43,754.50,124.50,21.90,43.00,0.6416,-1,-1,-1
171,18,550.90,163.50,101.80,255.40,0.7378,-1,-1,-1
171,6,1192.70,127.70,43.10,129.20,0.8384,-1,-1,-1
171,4,469.50,130.30,60.70,170.20,0.7930,-1,-1,-1
171,11,1764.70,116.00,53.00,116.70,0.7769,-1,-1,-1
171,13,365.90,135.00,80.80,174.00,0.7568,-1,-1,-1
171,50,872.90,145.50,98.30,244.90,0.5342,-1,-1,-1
171,51,1024.70,90.00,26.90,74.30,0.7432,-1,-1,-1
171,14,1740.00,112.60,43.20,112.90,0.7827,-1,-1,-1
171,46,529.00,99.40,24.30,55.80,0.4216,-1,-1,-1
171,92,1056.10,92.00,29.80,77.00,0.7065,-1,-1,-1
171,55,993.70,92.80,26.20,68.70,0.5708,-1,-1,-1
171,49,570.20,96.10,31.80,85.30,0.5869,-1,-1,-1
171,24,1807.50,118.70,33.00,93.00,0.3738,-1,-1,-1
171,9,1826.30,104.70,43.30,123.00,0.6582,-1,-1,-1
171,135,577.70,102.40,36.00,81.40,0.1060,-1,-1,-1
171,136,1783.10,203.80,81.80,81.70,0.6440,-1,-1,-1
171,26,1727.00,112.80,32.50,98.80,0.6030,-1,-1,-1
171,39,5.80,137.40,68.50,164.00,0.8452,-1,-1,-1
171,142,246.50,187.40,71.20,88.40,0.3425,-1,-1,-1
171,21,1526.30,224.00,72.30,91.90,0.7192,-1,-1,-1
171,52,1527.90,102.60,40.20,108.10,0.7744,-1,-1,-1
171,22,1450.50,233.00,74.90,92.70,0.7969,-1,-1,-1
171,53,190.90,306.60,115.60,147.40,0.7065,-1,-1,-1
171,43,761.70,124.80,22.00,43.20,0.6768,-1,-1,-1
171,104,872.60,146.80,69.90,243.50,0.2524,-1,-1,-1
172,18,552.00,161.00,102.40,257.60,0.7080,-1,-1,-1
172,6,1192.30,128.20,42.80,128.50,0.8218,-1,-1,-1
172,4,470.50,130.50,60.90,170.40,0.8032,-1,-1,-1
172,11,1765.40,115.40,53.30,117.50,0.7744,-1,-1,-1
172,13,367.10,137.70,79.30,170.80,0.8560,-1,-1,-1
172,50,861.90,145.90,101.20,244.40,0.4475,-1,-1,-1
172,51,1024.40,89.30,27.40,75.80,0.7476,-1,-1,-1
172,14,1741.60,112.80,43.30,113.60,0.7720,-1,-1,-1
172,46,532.50,99.10,24.70,57.90,0.3904,-1,-1,-1
172,92,1056.30,92.60,29.40,76.40,0.7065,-1,-1,-1
172,55,994.40,92.10,26.40,69.50,0.6670,-1,-1,-1
172,24,1806.00,120.30,34.10,95.00,0.6196,-1,-1,-1
172,9,1828.10,105.00,43.80,124.80,0.7305,-1,-1,-1
172,135,562.30,89.80,35.70,81.70,0.6899,-1,-1,-1
172,136,1783.30,204.40,81.40,81.20,0.6592,-1,-1,-1
172,26,1727.10,111.90,33.90,103.40,0.6216,-1,-1,-1
172,39,0.00,135.90,57.10,160.20,0.8110,-1,-1,-1
172,142,245.20,186.90,72.00,89.60,0.4504,-1,-1,-1
172,21,1527.00,223.70,72.20,91.60,0.7202,-1,-1,-1
172,52,1528.00,102.80,40.00,107.80,0.7334,-1,-1,-1
172,22,1450.20,233.30,74.50,92.20,0.8057,-1,-1,-1
172,53,200.40,307.70,113.60,146.10,0.3530,-1,-1,-1
172,43,769.60,119.60,25.00,48.60,0.5322,-1,-1,-1
172,48,542.10,95.70,38.10,83.20,0.6162,-1,-1,-1
172,104,871.30,147.60,69.90,243.00,0.3066,-1,-1,-1
173,18,551.80,163.00,100.90,255.90,0.7939,-1,-1,-1
173,6,1196.90,128.80,34.30,98.10,0.1016,-1,-1,-1
173,4,474.10,127.10,62.10,175.60,0.8008,-1,-1,-1
173,11,1770.30,113.80,54.10,120.60,0.8008,-1,-1,-1
173,13,369.70,139.10,80.00,170.00,0.8438,-1,-1,-1
173,50,897.10,175.90,88.00,211.60,0.8481,-1,-1,-1
173,51,1024.40,90.20,27.20,75.20,0.7549,-1,-1,-1
173,14,1743.20,112.60,43.30,113.80,0.7676,-1,-1,-1
173,92,1056.60,93.30,28.80,75.10,0.6934,-1,-1,-1
173,55,995.90,93.00,26.00,68.00,0.5547,-1,-1,-1
173,24,1806.40,118.50,34.50,95.50,0.4321,-1,-1,-1
173,9,1828.60,103.80,44.20,126.80,0.7627,-1,-1,-1
173,136,1783.70,204.90,80.60,80.60,0.5840,-1,-1,-1
173,26,1724.70,112.60,35.30,107.10,0.7563,-1,-1,-1
173,39,0.00,130.10,48.10,160.00,0.7407,-1,-1,-1
173,142,246.20,187.50,71.00,88.40,0.3303,-1,-1,-1
173,21,1528.20,223.30,71.80,92.00,0.7168,-1,-1,-1
173,52,1528.00,102.20,40.00,108.40,0.7271,-1,-1,-1
173,22,1450.10,233.30,74.40,92.20,0.7949,-1,-1,-1
173,53,198.90,307.50,114.30,146.20,0.5176,-1,-1,-1
173,43,775.60,116.90,26.10,51.00,0.6836,-1,-1,-1
173,104,869.40,147.90,69.70,241.50,0.7515,-1,-1,-1
173,49,565.40,87.00,32.40,86.90,0.7964,-1,-1,-1
174,18,552.10,164.00,100.50,255.30,0.7822,-1,-1,-1
174,6,1192.90,128.30,41.50,119.20,0.8418,-1,-1,-1
174,4,474.10,131.30,61.40,171.00,0.7456,-1,-1,-1
174,11,1773.90,113.90,52.80,120.90,0.7192,-1,-1,-1
174,13,367.00,138.60,81.30,171.40,0.7710,-1,-1,-1
174,51,1024.50,90.30,27.00,74.80,0.7271,-1,-1,-1
174,14,1744.60,112.20,43.70,113.60,0.7637,-1,-1,-1
174,92,1055.40,92.30,29.20,76.20,0.6152,-1,-1,-1
174,55,994.30,94.00,25.10,66.00,0.5581,-1,-1,-1
174,24,1806.70,116.40,34.40,94.60,0.4102,-1,-1,-1
174,9,1828.90,103.30,44.30,127.80,0.7598,-1,-1,-1
174,136,1783.00,203.00,82.00,82.40,0.6406,-1,-1,-1
174,26,1720.30,111.30,36.90,110.60,0.7808,-1,-1,-1
174,39,0.00,123.20,40.90,161.40,0.6919,-1,-1,-1
174,142,246.00,187.40,71.20,88.70,0.4785,-1,-1,-1
174,21,1527.60,223.40,71.70,91.90,0.6860,-1,-1,-1
174,52,1528.00,102.40,40.00,108.10,0.7476,-1,-1,-1
174,22,1450.60,233.50,74.20,91.80,0.7827,-1,-1,-1
174,53,196.90,307.20,115.40,146.70,0.5049,-1,-1,-1
174,43,784.30,117.70,25.30,49.60,0.6934,-1,-1,-1
174,104,864.30,147.70,70.40,242.60,0.7002,-1,-1,-1
174,49,564.80,86.10,31.90,85.30,0.7148,-1,-1,-1
174,46,529.00,99.30,24.60,57.00,0.5830,-1,-1,-1
175,18,551.80,163.60,100.10,255.30,0.7280,-1,-1,-1
175,6,1192.30,128.10,43.40,124.90,0.8242,-1,-1,-1
175,4,473.90,132.00,61.50,169.60,0.7168,-1,-1,-1
175,11,1774.70,115.30,51.40,119.90,0.8140,-1,-1,-1
175,13,373.70,138.70,80.50,170.40,0.5537,-1,-1,-1
175,51,1024.30,89.80,27.40,74.90,0.7710,-1,-1,-1
175,14,1747.00,111.90,44.00,114.40,0.8091,-1,-1,-1
175,92,1055.10,91.20,29.10,76.50,0.6943,-1,-1,-1
175,55,993.70,94.20,25.80,67.30,0.6143,-1,-1,-1
175,24,1809.40,118.80,37.20,102.50,0.5659,-1,-1,-1
175,9,1832.50,103.20,43.20,127.00,0.6870,-1,-1,-1
175,136,1783.60,204.10,80.80,81.30,0.5527,-1,-1,-1
175,26,1715.90,108.00,39.00,116.10,0.5898,-1,-1,-1
175,39,0.00,107.50,37.80,172.30,0.6289,-1,-1,-1
175,142,245.80,186.90,71.30,89.10,0.5879,-1,-1,-1
175,21,1528.50,223.40,71.40,92.20,0.7065,-1,-1,-1
175,52,1528.00,101.90,40.00,108.60,0.6919,-1,-1,-1
175,22,1450.90,233.70,74.00,91.40,0.7925,-1,-1,-1
175,53,192.30,307.10,117.00,146.90,0.7808,-1,-1,-1
175,43,797.50,122.40,22.10,43.70,0.5918,-1,-1,-1
175,104,866.20,147.90,71.00,242.40,0.3989,-1,-1,-1
175,49,564.90,86.60,31.20,84.40,0.6001,-1,-1,-1
175,81,491.40,97.70,28.10,59.80,0.4727,-1,-1,-1
175,46,527.70,98.30,25.00,57.90,0.5459,-1,-1,-1
175,48,544.40,95.60,31.90,69.70,0.3567,-1,-1,-1
175,50,874.30,153.70,99.00,235.30,0.5391,-1,-1,-1
176,18,552.70,164.00,100.00,255.30,0.8062,-1,-1,-1
176,6,1191.70,128.00,43.90,127.30,0.8267,-1,-1,-1
176,4,474.30,131.00,62.60,171.10,0.8335,-1,-1,-1
176,11,1772.20,106.30,54.40,128.20,0.6567,-1,-1,-1
176,13,374.70,139.50,80.90,170.30,0.7065,-1,-1,-1
176,51,1023.90,89.40,28.20,77.20,0.7515,-1,-1,-1
176,14,1749.60,111.90,44.70,115.30,0.6748,-1,-1,-1
176,92,1055.20,91.50,29.60,77.70,0.5747,-1,-1,-1
176,55,993.20,93.70,26.60,69.40,0.6504,-1,-1,-1
176,9,1828.00,102.70,44.50,128.60,0.6523,-1,-1,-1
176,136,1784.50,206.10,79.00,79.60,0.5195,-1,-1,-1
176,26,1708.40,107.60,40.00,118.60,0.6982,-1,-1,-1
176,142,245.90,186.20,71.30,89.30,0.5312,-1,-1,-1
176,21,1527.50,223.00,72.00,92.90,0.6387,-1,-1,-1
176,52,1528.20,103.00,39.60,107.50,0.7139,-1,-1,-1
176,22,1451.90,233.90,74.10,91.00,0.7319,-1,-1,-1
176,53,202.60,308.30,113.80,145.00,0.2893,-1,-1,-1
176,43,810.80,123.70,21.30,42.20,0.5679,-1,-1,-1
176,49,567.30,93.30,28.20,77.30,0.3647,-1,-1,-1
176,81,493.90,101.90,26.00,55.20,0.4485,-1,-1,-1
176,46,528.30,99.60,24.40,56.20,0.6318,-1,-1,-1
176,5,312.30,136.00,145.30,174.10,0.4873,-1,-1,-1
176,50,863.40,147.70,103.80,240.30,0.7534,-1,-1,-1
177,18,553.50,163.10,99.90,255.80,0.8271,-1,-1,-1
177,6,1191.60,128.50,43.80,127.50,0.8350,-1,-1,-1
177,4,474.40,129.40,63.60,172.60,0.7983,-1,-1,-1
177,11,1769.80,108.90,52.70,125.20,0.7456,-1,-1,-1
177,13,373.70,129.00,84.70,181.20,0.6426,-1,-1,-1
177,51,1025.00,90.60,27.00,74.20,0.7358,-1,-1,-1
177,14,1749.40,112.40,43.30,113.50,0.7852,-1,-1,-1
177,92,1056.10,92.80,29.10,76.20,0.7031,-1,-1,-1
177,55,994.30,92.90,26.30,68.90,0.5107,-1,-1,-1
177,9,1828.90,105.20,43.80,125.50,0.6929,-1,-1,-1
177,136,1784.00,205.00,80.00,80.50,0.6094,-1,-1,-1
177,26,1700.00,108.20,39.60,118.20,0.6978,-1,-1,-1
177,142,246.20,186.50,71.00,88.80,0.3857,-1,-1,-1
177,21,1527.50,223.30,71.40,92.50,0.7388,-1,-1,-1
177,52,1528.20,102.40,39.60,108.10,0.7607,-1,-1,-1
177,22,1453.10,234.50,74.50,90.50,0.7637,-1,-1,-1
177,53,200.10,307.60,115.00,145.40,0.3850,-1,-1,-1
177,43,822.20,121.70,22.20,43.60,0.5479,-1,-1,-1
177,49,567.80,90.60,28.90,80.00,0.5137,-1,-1,-1
177,81,493.20,103.40,25.50,53.80,0.2751,-1,-1,-1
177,46,528.70,99.40,24.40,56.10,0.5815,-1,-1,-1
177,5,307.30,124.40,154.90,186.20,0.4321,-1,-1,-1
177,50,878.70,145.90,101.80,242.30,0.8428,-1,-1,-1
177,116,1726.70,103.70,45.20,121.30,0.6992,-1,-1,-1
177,150,1620.10,123.70,47.80,93.80,0.3108,-1,-1,-1
177,62,610.60,166.50,62.70,230.20,0.6074,-1,-1,-1
177,24,1811.20,120.60,34.90,97.40,0.4358,-1,-1,-1
178,18,552.60,163.00,98.90,255.20,0.7490,-1,-1,-1
178,6,1192.10,128.40,43.70,127.50,0.8262,-1,-1,-1
178,4,480.10,172.70,75.80,199.60,0.8188,-1,-1,-1
178,11,1768.60,110.50,52.40,123.90,0.7690,-1,-1,-1
178,13,373.70,135.10,80.50,174.40,0.1357,-1,-1,-1
178,51,1025.50,91.60,26.40,72.90,0.7285,-1,-1,-1
178,14,1747.00,111.80,43.20,114.50,0.7280,-1,-1,-1
178,92,1055.30,92.10,29.20,76.10,0.7266,-1,-1,-1
178,55,994.70,93.90,26.30,68.60,0.6689,-1,-1,-1
178,9,1829.20,105.20,43.50,122.90,0.6836,-1,-1,-1
178,136,1785.00,207.10,78.00,78.30,0.3398,-1,-1,-1
178,26,1691.90,110.70,39.50,116.30,0.6943,-1,-1,-1
178,142,246.50,186.90,70.80,88.60,0.4187,-1,-1,-1
178,21,1525.00,222.70,71.70,92.80,0.6875,-1,-1,-1
178,52,1528.10,101.80,39.80,108.50,0.7422,-1,-1,-1
178,22,1452.30,234.20,75.10,90.90,0.7974,-1,-1,-1
178,53,196.00,306.40,116.40,146.50,0.4514,-1,-1,-1
178,43,835.50,122.60,21.70,42.80,0.6353,-1,-1,-1
178,49,568.00,90.60,28.10,79.00,0.5488,-1,-1,-1
178,81,494.50,100.40,25.60,53.90,0.5361,-1,-1,-1
178,46,528.40,99.40,24.80,56.40,0.6196,-1,-1,-1
178,5,311.40,136.60,144.60,174.00,0.7842,-1,-1,-1
178,50,892.40,144.30,99.10,241.30,0.8496,-1,-1,-1
178,116,1722.60,100.80,46.00,123.20,0.7432,-1,-1,-1
178,150,1619.10,119.20,49.80,97.70,0.2089,-1,-1,-1
178,64,11.80,84.80,31.90,90.50,0.7788,-1,-1,-1
178,62,613.00,166.50,62.40,219.50,0.1302,-1,-1,-1
178,24,1810.80,121.60,33.80,95.50,0.3303,-1,-1,-1
179,18,552.40,163.20,98.70,255.30,0.7529,-1,-1,-1
179,6,1191.90,128.40,43.50,127.60,0.8335,-1,-1,-1
179,4,476.60,150.20,68.20,180.20,0.8320,-1,-1,-1
179,11,1771.50,111.60,51.50,122.70,0.7988,-1,-1,-1
179,13,366.10,137.50,83.50,177.20,0.6689,-1,-1,-1
179,51,1025.10,91.70,26.30,72.50,0.7417,-1,-1,-1
179,14,1749.10,111.50,43.20,114.90,0.8369,-1,-1,-1
179,92,1056.10,92.00,29.00,76.30,0.6416,-1,-1,-1
179,55,994.10,94.70,25.70,67.40,0.5962,-1,-1,-1
179,9,1826.40,102.80,45.30,126.40,0.7832,-1,-1,-1
179,136,1784.90,206.70,78.20,78.80,0.5312,-1,-1,-1
179,26,1682.50,112.10,40.40,116.50,0.7163,-1,-1,-1
179,142,246.70,186.80,71.50,89.50,0.4016,-1,-1,-1
179,21,1523.80,222.60,72.80,93.90,0.6860,-1,-1,-1
179,52,1528.30,102.80,39.40,107.50,0.7124,-1,-1,-1
179,22,1452.10,234.40,75.20,90.70,0.7822,-1,-1,-1
179,53,188.80,304.90,119.00,149.00,0.7231,-1,-1,-1
179,43,850.30,123.30,21.40,42.00,0.6934,-1,-1,-1
179,49,567.40,90.10,28.20,80.40,0.6958,-1,-1,-1
179,81,492.60,100.80,25.90,54.20,0.4341,-1,-1,-1
179,46,527.90,99.80,24.70,56.00,0.6094,-1,-1,-1
179,50,907.50,144.30,96.20,240.50,0.8330,-1,-1,-1
179,116,1723.00,102.40,45.10,121.20,0.6738,-1,-1,-1
179,150,1619.70,121.60,48.60,95.40,0.1677,-1,-1,-1
179,24,1812.80,123.40,31.10,89.10,0.1019,-1,-1,-1
179,47,243.70,90.70,33.10,71.60,0.3477,-1,-1,-1
179,2,27.00,77.30,47.10,96.90,0.7871,-1,-1,-1
179,104,867.60,148.90,54.60,172.20,0.8662,-1,-1,-1
180,18,553.80,160.30,99.60,257.80,0.7583,-1,-1,-1
180,6,1191.80,128.30,43.50,127.80,0.8345,-1,-1,-1
180,4,474.30,138.60,65.00,173.50,0.8433,-1,-1,-1
180,11,1772.50,114.10,51.30,120.50,0.7744,-1,-1,-1
180,13,361.70,137.70,84.50,173.40,0.8174,-1,-1,-1
180,51,1024.90,91.70,26.40,72.60,0.7251,-1,-1,-1
180,14,1752.50,111.10,43.80,116.40,0.7778,-1,-1,-1
180,92,1056.60,93.00,28.50,75.40,0.6670,-1,-1,-1
180,55,994.50,95.50,25.30,66.00,0.6470,-1,-1,-1
180,9,1823.10,102.50,44.50,123.00,0.8276,-1,-1,-1
180,136,1784.60,206.70,78.80,79.20,0.5620,-1,-1,-1
180,26,1677.10,111.60,42.70,118.80,0.5332,-1,-1,-1
180,21,1524.60,221.70,74.30,95.30,0.7705,-1,-1,-1
180,52,1528.40,102.90,39.20,107.10,0.7402,-1,-1,-1
180,22,1450.80,233.70,75.60,91.20,0.8262,-1,-1,-1
180,53,185.80,304.50,119.90,149.80,0.6504,-1,-1,-1
180,43,862.20,123.90,20.60,40.60,0.5127,-1,-1,-1
180,49,568.30,90.70,27.90,79.70,0.6406,-1,-1,-1
180,81,493.90,102.10,25.30,52.80,0.5688,-1,-1,-1
180,46,528.40,101.00,24.30,54.40,0.6187,-1,-1,-1
180,50,913.80,144.90,93.70,240.80,0.8242,-1,-1,-1
180,116,1724.00,104.90,43.20,117.00,0.6426,-1,-1,-1
180,150,1620.00,122.90,48.00,94.20,0.2075,-1,-1,-1
180,24,1807.20,118.60,32.40,95.50,0.1263,-1,-1,-1
180,47,244.60,88.90,33.90,73.20,0.2494,-1,-1,-1
180,2,34.60,76.70,47.70,97.40,0.7441,-1,-1,-1
180,54,242.50,194.60,166.20,226.00,0.8652,-1,-1,-1
181,18,556.20,154.80,101.60,263.30,0.8042,-1,-1,-1
181,6,1191.80,128.40,43.40,127.80,0.8340,-1,-1,-1
181,4,473.50,136.60,63.80,169.00,0.8267,-1,-1,-1
181,11,1769.40,107.00,54.20,127.60,0.7847,-1,-1,-1
181,13,359.10,138.10,86.10,171.90,0.8369,-1,-1,-1
181,51,1024.80,92.00,26.40,72.60,0.7490,-1,-1,-1
181,14,1756.00,111.30,43.60,116.80,0.5908,-1,-1,-1
181,92,1056.90,93.70,28.20,74.70,0.6514,-1,-1,-1
181,55,994.30,97.20,24.90,65.00,0.4639,-1,-1,-1
181,9,1819.50,101.10,45.00,124.40,0.8145,-1,-1,-1
181,136,1784.30,206.30,79.40,79.90,0.6436,-1,-1,-1
181,26,1684.10,111.60,43.20,117.80,0.7559,-1,-1,-1
181,21,1527.60,221.10,75.80,95.90,0.7163,-1,-1,-1
181,52,1528.40,102.70,39.20,107.20,0.7388,-1,-1,-1
181,22,1450.00,232.70,76.40,91.80,0.7910,-1,-1,-1
181,53,183.10,304.20,121.90,151.20,0.7905,-1,-1,-1
181,43,868.80,123.20,20.90,41.80,0.6670,-1,-1,-1
181,49,568.80,92.30,27.60,78.90,0.7583,-1,-1,-1
181,81,493.60,101.00,26.60,55.50,0.6494,-1,-1,-1
181,46,527.90,100.40,24.50,55.00,0.6084,-1,-1,-1
181,50,916.70,146.10,90.60,239.10,0.8188,-1,-1,-1
181,116,1724.10,105.80,43.20,117.20,0.5488,-1,-1,-1
181,150,1619.90,122.60,48.20,94.60,0.3513,-1,-1,-1
181,47,246.60,93.20,43.20,93.60,0.7441,-1,-1,-1
181,2,44.40,81.40,44.20,90.60,0.7769,-1,-1,-1
182,18,556.60,151.00,102.40,267.40,0.7578,-1,-1,-1
182,6,1191.90,128.50,43.20,127.90,0.8364,-1,-1,-1
182,4,473.60,134.80,63.70,168.20,0.8037,-1,-1,-1
182,11,1768.60,105.70,54.60,128.80,0.7832,-1,-1,-1
182,13,363.40,138.50,89.70,171.10,0.7266,-1,-1,-1
182,51,1024.80,91.60,26.40,72.60,0.7690,-1,-1,-1
182,92,1057.60,93.90,27.80,74.20,0.6377,-1,-1,-1
182,55,994.40,95.70,25.40,66.40,0.5488,-1,-1,-1
182,26,1691.90,109.70,43.50,119.30,0.7705,-1,-1,-1
182,21,1528.10,221.60,75.20,94.60,0.7847,-1,-1,-1
182,52,1528.40,102.50,39.20,107.50,0.7417,-1,-1,-1
182,22,1450.00,232.80,76.10,91.60,0.7900,-1,-1,-1
182,53,183.30,305.10,122.10,150.70,0.8018,-1,-1,-1
182,43,876.20,120.40,22.50,44.90,0.6958,-1,-1,-1
182,49,568.90,93.20,27.60,77.70,0.7646,-1,-1,-1
182,81,493.70,98.90,27.60,57.60,0.4951,-1,-1,-1
182,46,527.20,99.70,24.70,55.80,0.5737,-1,-1,-1
182,50,917.40,146.50,88.90,239.30,0.7852,-1,-1,-1
182,116,1723.00,102.80,43.40,118.60,0.3831,-1,-1,-1
182,150,1619.50,121.40,49.00,96.30,0.3235,-1,-1,-1
182,2,52.10,78.90,44.10,91.90,0.7231,-1,-1,-1
182,7,61.00,199.90,113.00,233.30,0.9209,-1,-1,-1
182,25,1765.40,110.30,154.60,191.70,0.8477,-1,-1,-1
182,48,541.90,92.70,28.60,62.50,0.4854,-1,-1,-1
182,142,246.70,187.40,70.80,88.60,0.5254,-1,-1,-1
183,18,555.40,149.30,101.90,269.50,0.8716,-1,-1,-1
183,6,1191.80,127.80,43.30,128.40,0.8066,-1,-1,-1
183,4,473.20,134.60,62.90,166.10,0.7671,-1,-1,-1
183,11,1773.10,105.50,53.00,126.90,0.3711,-1,-1,-1
183,13,360.40,137.00,90.80,172.40,0.8306,-1,-1,-1
183,51,1024.50,90.80,27.00,74.20,0.7515,-1,-1,-1
183,92,1058.20,93.00,28.00,75.40,0.6372,-1,-1,-1
183,55,995.50,95.30,25.30,66.20,0.5669,-1,-1,-1
183,26,1694.50,108.50,44.30,120.40,0.6626,-1,-1,-1
183,21,1527.50,223.30,75.00,93.80,0.8086,-1,-1,-1
183,52,1528.30,102.00,39.40,107.80,0.7373,-1,-1,-1
183,22,1450.00,233.30,75.90,91.60,0.7925,-1,-1,-1
183,53,184.60,305.90,121.20,148.80,0.7310,-1,-1,-1
183,43,881.20,121.60,22.00,43.30,0.6621,-1,-1,-1
183,49,571.80,91.40,28.90,81.30,0.7114,-1,-1,-1
183,81,492.90,97.80,28.70,59.90,0.5581,-1,-1,-1
183,46,526.70,98.60,25.20,57.10,0.5059,-1,-1,-1
183,50,917.40,146.10,87.50,239.70,0.7202,-1,-1,-1
183,116,1727.60,104.40,41.90,114.00,0.4387,-1,-1,-1
183,150,1619.50,121.00,49.00,96.50,0.3442,-1,-1,-1
183,2,51.70,80.90,41.50,87.40,0.7456,-1,-1,-1
183,48,544.20,95.90,27.40,59.20,0.1603,-1,-1,-1
183,142,246.40,187.30,70.70,88.80,0.6074,-1,-1,-1
183,64,29.40,77.20,32.80,91.70,0.6875,-1,-1,-1
183,62,650.60,157.80,52.40,177.20,0.7939,-1,-1,-1
183,14,1743.00,106.30,63.30,167.20,0.7705,-1,-1,-1
183,9,1815.90,102.70,44.50,120.90,0.5659,-1,-1,-1
184,18,557.40,147.90,101.70,272.00,0.6807,-1,-1,-1
184,6,1192.00,128.10,43.00,128.00,0.7886,-1,-1,-1
184,4,473.90,133.00,63.50,167.70,0.7964,-1,-1,-1
184,11,1770.30,105.80,53.50,127.80,0.8174,-1,-1,-1
184,13,358.00,136.60,91.50,172.50,0.8340,-1,-1,-1
184,51,1024.60,91.10,26.80,73.80,0.7456,-1,-1,-1
184,92,1057.40,92.70,28.20,75.70,0.7163,-1,-1,-1
184,55,995.30,94.30,25.60,67.00,0.6353,-1,-1,-1
184,26,1690.90,113.30,50.10,137.50,0.1361,-1,-1,-1
184,21,1527.40,224.40,74.70,92.90,0.7969,-1,-1,-1
184,52,1528.40,102.70,39.20,107.40,0.7476,-1,-1,-1
184,22,1450.20,233.50,75.60,91.00,0.7881,-1,-1,-1
184,53,185.20,306.40,120.70,147.70,0.7100,-1,-1,-1
184,43,884.90,124.10,21.10,41.00,0.6460,-1,-1,-1
184,49,581.60,91.30,27.50,76.60,0.5981,-1,-1,-1
184,81,494.20,98.50,26.90,55.80,0.3184,-1,-1,-1
184,46,527.30,99.60,24.80,56.00,0.5708,-1,-1,-1
184,50,917.80,145.80,85.90,239.90,0.7007,-1,-1,-1
184,116,1728.10,104.20,41.60,114.30,0.2207,-1,-1,-1
184,150,1620.40,125.40,47.20,92.30,0.2153,-1,-1,-1
184,48,546.10,95.20,27.80,59.00,0.1772,-1,-1,-1
184,142,245.90,186.70,71.10,89.60,0.6426,-1,-1,-1
184,155,244.60,91.20,31.30,71.00,0.4368,-1,-1,-1
184,64,38.70,80.20,31.00,85.70,0.7720,-1,-1,-1
184,9,1817.30,105.00,44.30,118.10,0.7251,-1,-1,-1
184,136,1786.20,207.60,78.20,78.30,0.5518,-1,-1,-1
185,18,558.00,146.40,101.40,271.70,0.7930,-1,-1,-1
185,6,1192.70,128.80,42.60,126.80,0.8291,-1,-1,-1
185,4,472.50,130.20,64.00,170.90,0.7534,-1,-1,-1
185,11,1769.30,107.30,53.50,127.10,0.7534,-1,-1,-1
185,13,364.30,137.00,89.90,173.30,0.8403,-1,-1,-1
185,51,1025.10,90.80,26.80,74.10,0.7080,-1,-1,-1
185,92,1057.30,93.40,27.80,74.70,0.6860,-1,-1,-1
185,55,992.90,92.80,26.30,68.80,0.4148,-1,-1,-1
185,26,1696.30,111.20,46.10,126.90,0.7256,-1,-1,-1
185,21,1528.00,224.20,75.30,93.00,0.7793,-1,-1,-1
185,52,1528.40,102.00,39.20,107.50,0.7500,-1,-1,-1
185,22,1449.70,233.30,75.60,91.10,0.7852,-1,-1,-1
185,53,185.20,306.90,120.90,147.20,0.7285,-1,-1,-1
185,43,890.30,123.60,21.00,40.90,0.5698,-1,-1,-1
185,81,493.60,98.40,27.30,56.10,0.2869,-1,-1,-1
185,46,527.20,98.60,25.40,56.90,0.4873,-1,-1,-1
185,50,918.80,146.20,84.50,239.50,0.7402,-1,-1,-1
185,116,1727.80,104.40,42.50,116.90,0.7080,-1,-1,-1
185,150,1603.10,134.50,73.50,144.40,0.8276,-1,-1,-1
185,142,246.10,186.70,70.80,89.40,0.5234,-1,-1,-1
185,155,244.00,86.00,33.40,75.90,0.4368,-1,-1,-1
185,64,36.30,79.50,31.90,87.90,0.7939,-1,-1,-1
185,9,1819.30,132.30,35.20,89.70,0.1422,-1,-1,-1
185,156,858.00,144.40,134.70,239.20,0.3496,-1,-1,-1
185,136,1784.40,204.90,80.10,80.60,0.6001,-1,-1,-1
186,18,568.10,150.40,100.70,265.70,0.8823,-1,-1,-1
186,6,1192.80,128.60,42.70,127.10,0.8208,-1,-1,-1
186,4,460.20,148.40,72.50,181.10,0.9180,-1,-1,-1
186,11,1765.40,134.00,50.70,117.30,0.7280,-1,-1,-1
186,13,366.30,137.60,87.90,173.10,0.8359,-1,-1,-1
186,51,1024.60,90.10,27.20,75.20,0.7002,-1,-1,-1
186,92,1057.60,93.60,27.90,74.90,0.6841,-1,-1,-1
186,55,993.30,92.80,26.00,68.50,0.4775,-1,-1,-1
186,26,1698.30,108.10,45.40,124.80,0.6626,-1,-1,-1
186,21,1529.80,223.70,76.30,93.20,0.7422,-1,-1,-1
186,52,1528.40,102.10,39.20,107.40,0.7568,-1,-1,-1
186,22,1449.30,234.00,75.00,90.40,0.7832,-1,-1,-1
186,53,185.40,306.90,121.00,146.90,0.6362,-1,-1,-1
186,43,899.40,123.30,21.20,41.30,0.5557,-1,-1,-1
186,81,492.90,97.90,28.50,58.50,0.3831,-1,-1,-1
186,46,527.10,98.70,25.70,57.20,0.5591,-1,-1,-1
186,50,918.80,145.90,83.50,240.00,0.7349,-1,-1,-1
186,116,1727.00,101.80,44.10,121.90,0.6362,-1,-1,-1
186,142,246.10,187.40,70.40,88.70,0.5747,-1,-1,-1
186,155,243.30,86.10,33.40,75.90,0.3831,-1,-1,-1
186,64,31.00,80.70,32.00,86.30,0.7007,-1,-1,-1
186,156,857.90,143.50,135.20,240.10,0.2949,-1,-1,-1
186,136,1777.10,188.50,94.10,97.20,0.4263,-1,-1,-1
186,30,0.00,83.50,23.50,85.50,0.4707,-1,-1,-1
186,36,1777.10,127.40,99.20,158.80,0.4854,-1,-1,-1
186,14,1753.10,111.10,48.40,122.60,0.5708,-1,-1,-1
187,18,587.90,162.60,94.40,250.30,0.8652,-1,-1,-1
187,6,1192.40,128.60,42.60,127.20,0.8311,-1,-1,-1
187,4,468.90,139.60,68.40,172.40,0.8018,-1,-1,-1
187,11,1767.60,130.70,58.60,136.20,0.5557,-1,-1,-1
187,13,366.40,140.10,99.20,195.00,0.8984,-1,-1,-1
187,51,1024.70,91.00,26.80,74.00,0.7280,-1,-1,-1
187,92,1057.30,93.50,27.90,74.70,0.7153,-1,-1,-1
187,55,993.50,94.40,25.90,67.80,0.7798,-1,-1,-1
187,26,1700.20,102.50,46.70,128.00,0.5698,-1,-1,-1
187,21,1531.00,225.80,75.60,91.10,0.6958,-1,-1,-1
187,52,1528.30,101.10,41.40,112.60,0.3381,-1,-1,-1
187,22,1449.50,233.80,75.10,90.60,0.8115,-1,-1,-1
187,53,184.50,306.70,121.70,147.10,0.7192,-1,-1,-1
187,43,906.80,121.40,22.50,43.30,0.4883,-1,-1,-1
187,81,493.50,97.90,28.20,57.90,0.4766,-1,-1,-1
187,46,526.60,98.90,25.70,57.10,0.6011,-1,-1,-1
187,50,918.60,145.80,82.40,239.90,0.7949,-1,-1,-1
187,116,1731.50,130.10,45.10,121.20,0.6782,-1,-1,-1
187,142,245.60,186.60,71.30,90.10,0.4814,-1,-1,-1
187,155,244.80,92.70,30.60,69.20,0.3311,-1,-1,-1
187,64,24.80,82.60,32.80,84.80,0.7280,-1,-1,-1
187,156,861.00,142.90,134.80,239.80,0.1021,-1,-1,-1
187,136,1767.30,169.50,109.90,118.80,0.1427,-1,-1,-1
187,36,1778.90,112.60,100.30,161.90,0.4045,-1,-1,-1
187,45,614.70,95.90,33.20,73.70,0.8081,-1,-1,-1
187,14,1755.50,112.00,46.60,117.50,0.1896,-1,-1,-1
187,125,1532.50,130.40,58.30,156.80,0.6470,-1,-1,-1
187,25,1791.20,127.90,128.80,180.30,0.8311,-1,-1,-1
187,2,68.80,78.90,50.40,106.60,0.8193,-1,-1,-1
188,18,604.30,178.40,88.20,233.10,0.8887,-1,-1,-1
188,6,1192.20,128.30,42.70,127.60,0.8311,-1,-1,-1
188,4,471.00,137.20,66.30,167.60,0.8130,-1,-1,-1
188,11,1766.60,113.80,57.10,133.40,0.7295,-1,-1,-1
188,13,368.20,139.60,90.40,180.80,0.8882,-1,-1,-1
188,51,1023.80,91.20,26.50,72.90,0.6885,-1,-1,-1
188,92,1057.80,94.20,27.60,74.00,0.7007,-1,-1,-1
188,55,993.90,90.50,27.10,71.30,0.7104,-1,-1,-1
188,26,1691.30,133.80,46.80,122.30,0.7739,-1,-1,-1
188,21,1527.80,225.60,76.60,91.00,0.7505,-1,-1,-1
188,52,1525.80,101.50,41.30,107.60,0.1213,-1,-1,-1
188,22,1450.50,233.90,75.30,90.50,0.7969,-1,-1,-1
188,53,184.60,307.80,121.20,145.90,0.7500,-1,-1,-1
188,43,909.40,120.30,23.00,43.90,0.4697,-1,-1,-1
188,81,493.00,97.60,28.50,58.10,0.4561,-1,-1,-1
188,46,526.90,98.70,25.80,57.20,0.5342,-1,-1,-1
188,50,918.70,145.20,81.60,240.70,0.7637,-1,-1,-1
188,116,1728.40,135.20,49.10,131.00,0.5908,-1,-1,-1
188,142,243.40,186.60,67.70,86.60,0.2344,-1,-1,-1
188,155,243.60,89.20,32.60,73.50,0.3738,-1,-1,-1
188,64,16.60,87.80,32.70,80.40,0.4727,-1,-1,-1
188,156,858.00,143.50,134.80,239.50,0.3345,-1,-1,-1
188,36,1778.40,116.00,107.70,176.00,0.7578,-1,-1,-1
188,45,625.60,91.80,35.30,78.60,0.7593,-1,-1,-1
188,14,1759.50,112.20,43.50,112.20,0.1755,-1,-1,-1
188,125,1522.70,137.30,54.20,139.00,0.7129,-1,-1,-1
188,2,57.60,79.90,50.20,106.10,0.7241,-1,-1,-1
188,5,268.20,164.00,149.90,185.90,0.8848,-1,-1,-1
189,18,615.20,186.00,85.00,224.70,0.8784,-1,-1,-1
189,6,1192.20,128.20,42.60,127.60,0.8311,-1,-1,-1
189,4,472.00,134.80,66.00,167.00,0.8208,-1,-1,-1
189,11,1766.70,116.50,51.40,121.70,0.1071,-1,-1,-1
189,13,368.00,138.00,86.90,175.00,0.8760,-1,-1,-1
189,51,1024.10,91.20,27.10,74.50,0.7271,-1,-1,-1
189,92,1056.90,91.60,28.70,76.80,0.6992,-1,-1,-1
189,55,994.10,90.00,27.40,72.10,0.7515,-1,-1,-1
189,26,1689.20,137.10,52.20,133.50,0.4263,-1,-1,-1
189,21,1527.20,225.30,78.30,91.80,0.7822,-1,-1,-1
189,52,1531.10,101.60,32.10,78.10,0.3674,-1,-1,-1
189,22,1451.70,234.50,75.70,90.10,0.7725,-1,-1,-1
189,43,914.90,119.00,23.30,44.50,0.4358,-1,-1,-1
189,81,495.00,98.20,25.70,51.70,0.2966,-1,-1,-1
189,46,527.10,99.10,25.60,56.20,0.4475,-1,-1,-1
189,50,918.40,145.40,80.70,240.10,0.7505,-1,-1,-1
189,142,213.10,169.90,117.30,154.70,0.8882,-1,-1,-1
189,155,245.70,94.40,29.90,67.30,0.3503,-1,-1,-1
189,64,21.30,87.60,31.60,79.20,0.2173,-1,-1,-1
189,36,1766.10,116.70,105.00,173.30,0.5757,-1,-1,-1
189,45,638.40,95.00,34.00,75.10,0.7886,-1,-1,-1
189,14,1759.30,112.30,45.50,116.90,0.6592,-1,-1,-1
189,125,1510.90,128.50,61.30,157.90,0.7358,-1,-1,-1
189,136,1770.50,169.10,112.50,127.00,0.5215,-1,-1,-1
190,18,628.50,192.40,82.10,217.50,0.8511,-1,-1,-1
190,6,1192.20,128.20,42.60,127.60,0.8130,-1,-1,-1
190,4,473.10,134.30,65.50,166.30,0.8335,-1,-1,-1
190,11,1758.30,113.70,56.00,131.20,0.1242,-1,-1,-1
190,13,365.90,137.50,85.80,173.20,0.8896,-1,-1,-1
190,51,1023.10,90.80,27.50,74.60,0.7422,-1,-1,-1
190,92,1055.50,90.50,29.20,77.80,0.7339,-1,-1,-1
190,55,993.20,89.90,27.50,72.10,0.7656,-1,-1,-1
190,26,1694.60,118.40,49.40,127.60,0.7471,-1,-1,-1
190,21,1523.30,223.20,79.80,93.50,0.7373,-1,-1,-1
190,52,1533.20,101.90,28.60,65.30,0.2134,-1,-1,-1
190,22,1451.30,234.10,76.60,90.70,0.7778,-1,-1,-1
190,43,920.80,109.40,28.10,52.80,0.1515,-1,-1,-1
190,81,496.30,99.00,23.60,46.60,0.2751,-1,-1,-1
190,46,526.80,99.50,25.30,55.80,0.5581,-1,-1,-1
190,50,918.20,144.20,80.50,241.30,0.6733,-1,-1,-1
190,155,244.10,92.20,31.50,70.00,0.1442,-1,-1,-1
190,64,14.60,88.40,37.20,89.50,0.7388,-1,-1,-1
190,36,1746.60,117.10,101.70,170.10,0.8003,-1,-1,-1
190,45,649.70,92.80,34.00,75.90,0.6670,-1,-1,-1
190,14,1752.20,114.00,44.20,112.30,0.4814,-1,-1,-1
190,125,1508.90,123.30,63.70,166.40,0.6772,-1,-1,-1
190,39,1725.10,108.00,40.60,113.20,0.5137,-1,-1,-1
190,136,1776.80,168.20,104.20,121.60,0.3850,-1,-1,-1
190,150,1596.10,152.40,64.90,126.90,0.7534,-1,-1,-1
190,9,1814.60,118.80,42.30,108.10,0.4263,-1,-1,-1
190,25,1826.60,122.70,93.40,140.30,0.8262,-1,-1,-1
190,53,183.70,307.60,122.20,146.70,0.7686,-1,-1,-1
190,156,854.90,137.50,139.80,248.20,0.3503,-1,-1,-1
191,18,631.70,191.20,81.30,217.20,0.8359,-1,-1,-1
191,6,1192.30,128.40,42.40,127.20,0.8145,-1,-1,-1
191,4,473.10,133.50,65.60,167.00,0.8403,-1,-1,-1
191,11,1758.70,109.70,64.50,152.00,0.1495,-1,-1,-1
191,13,367.30,137.50,84.90,172.80,0.8491,-1,-1,-1
191,51,1022.80,90.60,27.60,75.40,0.7153,-1,-1,-1
191,92,1054.60,90.80,29.20,78.50,0.7271,-1,-1,-1
191,55,993.70,89.00,27.90,73.30,0.7319,-1,-1,-1
191,26,1698.00,110.50,48.00,124.60,0.6343,-1,-1,-1
191,21,1522.10,224.80,77.90,91.00,0.3191,-1,-1,-1
191,22,1451.20,233.80,76.70,90.70,0.6602,-1,-1,-1
191,81,495.60,102.00,23.60,46.00,0.1343,-1,-1,-1
191,46,527.10,99.80,25.40,55.30,0.4216,-1,-1,-1
191,50,918.80,143.90,80.00,242.20,0.7075,-1,-1,-1
191,155,244.70,92.70,31.30,69.20,0.5669,-1,-1,-1
191,36,1732.70,123.10,98.00,166.70,0.8154,-1,-1,-1
191,45,662.40,95.50,33.00,73.60,0.7305,-1,-1,-1
191,125,1511.30,124.10,61.00,158.90,0.5708,-1,-1,-1
191,136,1769.10,131.60,125.10,154.20,0.5981,-1,-1,-1
191,54,245.30,187.10,73.40,89.30,0.5186,-1,-1,-1
191,150,1592.10,145.40,68.50,136.80,0.7744,-1,-1,-1
191,9,1821.50,117.80,43.80,110.40,0.3721,-1,-1,-1
191,53,184.10,309.00,121.60,145.50,0.7432,-1,-1,-1
191,156,856.50,140.10,137.50,244.00,0.3320,-1,-1,-1
191,7,60.90,165.10,95.60,199.10,0.8413,-1,-1,-1
191,30,1.40,86.70,28.00,91.40,0.7407,-1,-1,-1
192,18,642.50,189.40,79.50,213.90,0.8784,-1,-1,-1
192,6,1192.30,128.50,42.30,127.00,0.8262,-1,-1,-1
192,4,473.40,135.70,65.00,165.60,0.8276,-1,-1,-1
192,11,1768.40,114.00,63.50,148.70,0.6011,-1,-1,-1
192,13,367.40,137.80,83.90,172.80,0.8662,-1,-1,-1
192,51,1024.30,91.60,27.40,74.70,0.7241,-1,-1,-1
192,92,1054.70,90.20,29.30,78.80,0.7241,-1,-1,-1
192,55,993.80,90.50,27.20,71.50,0.7153,-1,-1,-1
192,26,1698.50,107.50,47.10,123.90,0.7002,-1,-1,-1
192,21,1517.50,223.00,79.40,93.80,0.5293,-1,-1,-1
192,22,1449.90,233.80,76.40,90.50,0.7319,-1,-1,-1
192,81,492.40,100.50,27.40,53.00,0.5020,-1,-1,-1
192,46,526.40,98.80,26.00,56.40,0.5088,-1,-1,-1
192,50,920.40,144.70,79.00,241.60,0.7549,-1,-1,-1
192,155,244.60,93.40,31.10,68.80,0.4358,-1,-1,-1
192,45,672.30,91.60,34.50,77.70,0.7983,-1,-1,-1
192,125,1512.50,144.10,57.30,147.10,0.2114,-1,-1,-1
192,136,1767.80,118.90,126.10,163.20,0.1105,-1,-1,-1
192,54,245.00,187.00,73.40,89.20,0.6123,-1,-1,-1
192,9,1821.00,109.80,47.00,118.40,0.4570,-1,-1,-1
192,53,184.70,307.40,122.50,146.60,0.7871,-1,-1,-1
192,156,862.80,141.80,135.50,241.80,0.1120,-1,-1,-1
192,109,1555.90,145.30,60.40,148.30,0.7871,-1,-1,-1
192,7,42.70,200.70,117.70,238.10,0.9204,-1,-1,-1
192,116,1731.00,139.50,55.90,150.20,0.7285,-1,-1,-1
192,52,1533.60,102.10,28.60,61.70,0.4912,-1,-1,-1
192,14,1756.80,112.90,52.00,135.80,0.6479,-1,-1,-1
193,18,658.10,185.10,77.90,208.80,0.8818,-1,-1,-1
193,6,1192.30,128.70,42.30,127.10,0.8169,-1,-1,-1
193,4,473.80,133.10,65.20,167.90,0.8350,-1,-1,-1
193,11,1768.10,110.90,56.50,133.50,0.5166,-1,-1,-1
193,13,367.60,137.60,82.90,172.80,0.8765,-1,-1,-1
193,51,1024.20,91.30,27.60,75.70,0.7461,-1,-1,-1
193,92,1055.50,91.20,28.80,77.30,0.7192,-1,-1,-1
193,55,994.20,90.00,27.20,71.50,0.7388,-1,-1,-1
193,26,1698.20,109.10,45.70,121.00,0.7417,-1,-1,-1
193,21,1519.50,223.00,79.00,93.60,0.7393,-1,-1,-1
193,22,1452.20,233.70,75.60,89.60,0.7031,-1,-1,-1
193,81,493.30,99.60,27.60,53.30,0.2815,-1,-1,-1
193,46,526.80,98.70,26.00,56.60,0.4629,-1,-1,-1
193,50,921.10,144.80,78.30,241.50,0.7417,-1,-1,-1
193,155,243.30,93.00,31.70,69.20,0.4158,-1,-1,-1
193,45,684.80,92.10,34.70,77.10,0.8252,-1,-1,-1
193,125,1517.30,139.50,52.10,129.50,0.5840,-1,-1,-1
193,136,1781.40,170.20,90.70,113.80,0.7051,-1,-1,-1
193,54,245.70,188.00,72.40,88.00,0.5117,-1,-1,-1
193,9,1823.20,108.60,47.20,118.50,0.7075,-1,-1,-1
193,53,185.60,308.30,122.10,146.00,0.8271,-1,-1,-1
193,156,861.80,141.70,135.20,241.60,0.1316,-1,-1,-1
193,7,62.50,203.80,122.40,249.30,0.9155,-1,-1,-1
193,116,1719.30,147.60,55.20,146.50,0.7090,-1,-1,-1
193,52,1536.00,101.20,30.30,61.90,0.4834,-1,-1,-1
193,14,1760.80,115.30,47.40,124.30,0.1733,-1,-1,-1
193,30,0.00,76.00,26.80,95.90,0.5947,-1,-1,-1
194,18,678.10,178.00,75.80,201.30,0.8975,-1,-1,-1
194,6,1192.30,128.50,42.30,127.20,0.8252,-1,-1,-1
194,4,474.50,132.80,63.70,166.90,0.8066,-1,-1,-1
194,11,1770.60,111.00,52.50,126.20,0.1147,-1,-1,-1
194,13,369.70,138.60,81.10,171.60,0.8716,-1,-1,-1
194,51,1024.10,90.50,27.80,76.20,0.7485,-1,-1,-1
194,92,1055.70,91.20,28.80,77.20,0.7007,-1,-1,-1
194,55,995.30,89.00,27.30,72.20,0.7520,-1,-1,-1
194,21,1520.30,223.30,78.90,93.70,0.6875,-1,-1,-1
194,22,1456.00,239.50,71.50,83.40,0.4141,-1,-1,-1
194,81,496.90,100.10,24.20,46.10,0.2101,-1,-1,-1
194,46,526.90,99.10,26.00,56.40,0.5127,-1,-1,-1
194,50,921.50,144.60,77.80,241.70,0.7310,-1,-1,-1
194,45,698.70,89.00,35.70,79.30,0.7881,-1,-1,-1
194,125,1520.80,141.70,49.10,119.00,0.7124,-1,-1,-1
194,136,1788.80,197.00,72.00,88.10,0.4961,-1,-1,-1
194,54,246.40,188.30,72.00,87.70,0.3914,-1,-1,-1
194,9,1821.70,111.80,46.40,115.50,0.6021,-1,-1,-1
194,53,184.70,308.20,122.90,146.80,0.7153,-1,-1,-1
194,156,862.50,141.20,135.00,242.10,0.1204,-1,-1,-1
194,7,80.00,198.00,121.90,250.40,0.8887,-1,-1,-1
194,116,1698.00,151.90,57.10,147.00,0.8433,-1,-1,-1
194,52,1534.50,101.00,33.50,65.50,0.5991,-1,-1,-1
194,14,1763.60,113.60,47.20,123.50,0.7944,-1,-1,-1
194,30,0.00,75.10,26.80,95.20,0.4609,-1,-1,-1
194,24,1809.50,117.90,28.90,84.40,0.3108,-1,-1,-1
195,18,695.90,171.90,72.70,194.50,0.8823,-1,-1,-1
195,6,1192.30,128.50,42.40,127.40,0.8276,-1,-1,-1
195,4,470.20,130.10,64.30,170.20,0.7974,-1,-1,-1
195,11,1771.80,110.50,50.50,123.40,0.1409,-1,-1,-1
195,13,370.70,138.70,80.20,171.20,0.8682,-1,-1,-1
195,51,1024.30,91.00,27.40,75.30,0.7559,-1,-1,-1
195,92,1056.60,92.90,28.20,75.90,0.6807,-1,-1,-1
195,55,994.70,89.70,27.40,72.10,0.7349,-1,-1,-1
195,21,1522.70,220.90,80.10,95.80,0.7319,-1,-1,-1
195,22,1453.50,236.00,75.70,87.30,0.7900,-1,-1,-1
195,81,496.40,100.50,26.70,51.30,0.3057,-1,-1,-1
195,46,527.70,100.30,25.60,55.50,0.5332,-1,-1,-1
195,50,921.80,145.00,77.20,241.30,0.8076,-1,-1,-1
195,45,714.30,111.00,25.40,55.70,0.6011,-1,-1,-1
195,125,1519.70,143.90,52.60,126.90,0.7349,-1,-1,-1
195,136,1790.00,203.60,68.30,82.10,0.6489,-1,-1,-1
195,54,246.10,188.20,71.90,87.60,0.5283,-1,-1,-1
195,9,1823.80,105.60,46.50,117.00,0.6724,-1,-1,-1
195,53,184.00,308.50,123.20,146.90,0.8340,-1,-1,-1
195,7,97.50,189.70,115.70,240.00,0.8975,-1,-1,-1
195,52,1533.70,101.40,35.10,65.60,0.4485,-1,-1,-1
195,14,1764.50,112.80,47.20,123.20,0.7886,-1,-1,-1
195,30,0.00,77.50,25.30,91.90,0.4321,-1,-1,-1
195,24,1811.10,119.70,32.30,94.50,0.5342,-1,-1,-1
195,39,1729.20,104.00,42.40,118.40,0.6538,-1,-1,-1
195,26,1701.40,107.00,45.50,121.50,0.5352,-1,-1,-1
196,18,714.40,167.20,70.20,189.30,0.8730,-1,-1,-1
196,6,1192.30,128.30,42.40,127.50,0.8345,-1,-1,-1
196,4,465.40,130.70,65.00,169.80,0.7725,-1,-1,-1
196,11,1781.20,109.00,47.90,120.70,0.2338,-1,-1,-1
196,13,371.30,139.10,79.40,170.40,0.8491,-1,-1,-1
196,51,1024.50,91.20,27.00,74.10,0.7612,-1,-1,-1
196,92,1056.20,92.50,28.40,76.40,0.7461,-1,-1,-1
196,55,994.40,89.60,27.60,72.60,0.6919,-1,-1,-1
196,21,1521.20,221.80,79.50,95.50,0.7686,-1,-1,-1
196,22,1452.30,234.40,77.90,89.20,0.7939,-1,-1,-1
196,81,496.80,101.20,26.40,51.50,0.1427,-1,-1,-1
196,46,527.60,99.80,25.60,55.80,0.4785,-1,-1,-1
196,50,922.10,145.30,76.50,241.00,0.7476,-1,-1,-1
196,45,719.30,92.60,33.30,74.60,0.7832,-1,-1,-1
196,125,1518.20,133.80,58.10,140.80,0.7153,-1,-1,-1
196,136,1790.50,206.70,67.00,79.00,0.6123,-1,-1,-1
196,54,246.30,188.40,71.90,87.70,0.5698,-1,-1,-1
196,9,1825.40,104.70,44.80,115.10,0.5840,-1,-1,-1
196,53,183.30,308.80,123.50,147.10,0.8027,-1,-1,-1
196,7,90.80,182.90,111.40,231.80,0.9131,-1,-1,-1
196,52,1533.70,101.50,37.10,67.10,0.3252,-1,-1,-1
196,14,1764.60,111.30,47.70,124.30,0.8218,-1,-1,-1
196,24,1808.80,118.60,36.80,106.30,0.4341,-1,-1,-1
196,39,1728.10,102.50,43.10,120.70,0.6152,-1,-1,-1
196,26,1700.90,105.80,45.80,122.80,0.7769,-1,-1,-1
196,150,1590.70,127.50,72.20,150.80,0.5293,-1,-1,-1
196,155,243.60,85.00,38.00,81.50,0.6104,-1,-1,-1
196,156,858.30,143.60,134.30,239.60,0.3015,-1,-1,-1
197,18,733.00,164.80,68.10,184.60,0.8789,-1,-1,-1
197,6,1192.30,128.50,42.40,127.60,0.8237,-1,-1,-1
197,4,460.20,130.20,66.00,171.10,0.8369,-1,-1,-1
197,11,1790.90,111.30,42.50,110.40,0.1268,-1,-1,-1
197,13,371.60,138.90,79.00,170.20,0.8467,-1,-1,-1
197,51,1024.60,90.40,26.90,73.80,0.7593,-1,-1,-1
197,92,1056.80,92.70,28.00,75.90,0.6929,-1,-1,-1
197,55,994.70,93.10,26.80,69.20,0.7051,-1,-1,-1
197,21,1523.40,223.00,79.60,95.20,0.6567,-1,-1,-1
197,22,1450.00,233.40,79.40,91.20,0.8159,-1,-1,-1
197,81,494.30,98.70,29.10,57.40,0.3225,-1,-1,-1
197,46,526.90,98.90,26.00,56.80,0.3748,-1,-1,-1
197,50,921.90,146.10,75.80,239.70,0.7607,-1,-1,-1
197,45,730.60,97.30,30.50,69.20,0.2473,-1,-1,-1
197,125,1519.20,140.80,55.10,133.20,0.7148,-1,-1,-1
197,136,1789.70,206.60,68.50,79.40,0.6611,-1,-1,-1
197,54,246.50,188.50,71.80,87.60,0.5688,-1,-1,-1
197,9,1827.00,102.20,44.20,116.30,0.5244,-1,-1,-1
197,53,183.50,308.50,123.30,146.50,0.7983,-1,-1,-1
197,7,75.00,180.70,106.90,223.90,0.8740,-1,-1,-1
197,52,1533.00,101.80,37.70,66.10,0.5669,-1,-1,-1
197,14,1767.80,107.60,49.30,127.00,0.8174,-1,-1,-1
197,24,1804.90,118.40,40.80,112.40,0.5244,-1,-1,-1
197,39,1729.30,103.70,42.20,118.80,0.6636,-1,-1,-1
197,26,1700.50,104.80,46.40,124.90,0.7676,-1,-1,-1
197,150,1595.70,144.00,70.60,151.50,0.6646,-1,-1,-1
197,155,241.40,79.90,39.10,84.40,0.1486,-1,-1,-1
197,156,856.40,144.50,133.90,238.20,0.3218,-1,-1,-1
198,18,748.40,159.80,66.50,181.00,0.8950,-1,-1,-1
198,6,1192.50,128.60,42.00,127.30,0.8350,-1,-1,-1
198,4,459.60,134.40,64.80,167.70,0.8101,-1,-1,-1
198,13,372.10,140.30,78.00,169.20,0.8418,-1,-1,-1
198,51,1024.30,90.00,27.40,74.70,0.7866,-1,-1,-1
198,92,1056.30,92.30,28.20,76.30,0.7148,-1,-1,-1
198,55,996.30,95.70,25.50,66.00,0.6929,-1,-1,-1
198,21,1527.80,223.60,80.50,93.80,0.3269,-1,-1,-1
198,22,1448.80,233.00,79.50,91.70,0.7637,-1,-1,-1
198,81,494.40,96.60,30.00,60.00,0.4111,-1,-1,-1
198,46,526.80,99.00,25.80,56.50,0.4941,-1,-1,-1
198,50,922.30,146.40,75.60,239.50,0.8018,-1,-1,-1
198,45,738.20,110.60,25.60,55.50,0.4746,-1,-1,-1
198,125,1517.20,133.90,60.20,144.30,0.6943,-1,-1,-1
198,136,1790.20,209.30,67.50,76.60,0.5371,-1,-1,-1
198,54,246.10,187.90,72.10,88.10,0.6216,-1,-1,-1
198,9,1824.00,102.90,45.30,118.10,0.4775,-1,-1,-1
198,53,183.90,308.60,123.50,146.40,0.8208,-1,-1,-1
198,7,47.80,177.90,104.40,216.60,0.9175,-1,-1,-1
198,52,1531.10,102.00,37.10,64.40,0.3850,-1,-1,-1
198,14,1773.20,110.50,49.30,124.00,0.7388,-1,-1,-1
198,24,1802.50,118.80,42.10,112.10,0.3252,-1,-1,-1
198,39,1729.60,104.40,42.20,118.60,0.6841,-1,-1,-1
198,26,1700.70,106.00,45.90,123.80,0.7393,-1,-1,-1
198,150,1584.50,154.60,66.80,148.70,0.5391,-1,-1,-1
198,155,240.20,76.60,39.70,86.30,0.2998,-1,-1,-1
198,156,858.90,145.30,133.50,237.40,0.1630,-1,-1,-1
198,30,0.00,79.40,22.70,89.60,0.3711,-1,-1,-1
199,18,754.90,154.10,64.80,176.60,0.8857,-1,-1,-1
199,6,1190.70,129.10,42.60,127.50,0.3496,-1,-1,-1
199,4,459.00,131.60,65.60,170.60,0.7490,-1,-1,-1
199,13,369.60,139.80,77.90,168.60,0.8169,-1,-1,-1
199,51,1024.40,90.30,27.20,74.40,0.7759,-1,-1,-1
199,92,1056.40,91.30,28.80,77.40,0.7100,-1,-1,-1
199,55,996.70,96.30,25.40,65.40,0.6636,-1,-1,-1
199,22,1414.40,136.80,153.40,187.20,0.6714,-1,-1,-1
199,81,493.70,96.40,30.40,61.40,0.4658,-1,-1,-1
199,46,527.60,99.20,25.50,55.90,0.4272,-1,-1,-1
199,50,922.60,146.80,75.10,239.10,0.8228,-1,-1,-1
199,125,1508.70,120.40,73.70,182.10,0.6514,-1,-1,-1
199,136,1788.10,204.90,71.60,80.50,0.3389,-1,-1,-1
199,54,246.40,187.90,72.30,88.40,0.5527,-1,-1,-1
199,9,1825.80,102.90,43.60,114.90,0.4863,-1,-1,-1
199,53,183.10,308.40,124.10,146.80,0.8218,-1,-1,-1
199,7,10.70,174.80,99.90,211.00,0.9014,-1,-1,-1
199,14,1771.00,112.00,49.90,122.40,0.7515,-1,-1,-1
199,24,1800.70,119.70,44.20,113.90,0.4658,-1,-1,-1
199,39,1730.50,103.30,42.50,119.60,0.6406,-1,-1,-1
199,26,1699.70,105.20,45.80,124.70,0.7578,-1,-1,-1
199,155,241.00,78.90,38.80,84.00,0.4111,-1,-1,-1
199,109,1548.30,140.70,71.50,173.20,0.5972,-1,-1,-1
200,18,761.80,151.70,62.40,171.30,0.8740,-1,-1,-1
200,6,1190.80,128.60,43.20,129.50,0.8271,-1,-1,-1
200,4,460.70,130.80,65.10,171.40,0.8457,-1,-1,-1
200,13,364.20,138.70,78.40,169.30,0.8350,-1,-1,-1
200,51,1024.30,90.30,27.40,75.30,0.7593,-1,-1,-1
200,92,1056.70,92.30,28.50,76.60,0.7056,-1,-1,-1
200,55,996.40,94.60,26.20,67.20,0.6738,-1,-1,-1
200,81,494.00,95.10,30.30,62.30,0.5186,-1,-1,-1
200,46,527.40,99.40,25.50,55.90,0.5352,-1,-1,-1
200,50,922.90,146.70,74.60,238.70,0.8057,-1,-1,-1
200,125,1508.70,131.60,71.10,179.00,0.6353,-1,-1,-1
200,136,1788.50,206.70,70.90,78.80,0.4407,-1,-1,-1
200,54,246.50,187.70,72.40,88.40,0.6133,-1,-1,-1
200,9,1826.10,104.00,43.80,115.90,0.4341,-1,-1,-1
200,53,182.80,308.30,125.00,147.40,0.8145,-1,-1,-1
200,7,0.00,164.50,83.40,214.70,0.7847,-1,-1,-1
200,14,1767.20,109.20,51.80,125.00,0.7964,-1,-1,-1
200,24,1800.70,118.50,45.70,114.90,0.4341,-1,-1,-1
200,39,1730.00,103.20,42.20,119.60,0.5981,-1,-1,-1
200,26,1700.10,103.90,46.20,126.00,0.7568,-1,-1,-1
200,155,242.90,88.30,34.30,73.80,0.3132,-1,-1,-1
200,109,1541.10,146.40,69.70,169.30,0.5728,-1,-1,-1
200,52,1530.80,101.10,37.60,64.30,0.3657,-1,-1,-1
201,34,840.00,192.00,270.00,431.20,0.9248,-1,-1,-1
201,56,1273.50,62.70,69.00,190.80,0.8599,-1,-1,-1
201,57,247.10,96.00,84.80,223.90,0.8574,-1,-1,-1
201,2,1602.00,82.70,90.00,178.70,0.8550,-1,-1,-1
201,35,1767.00,194.20,153.00,268.20,0.8486,-1,-1,-1
201,58,1013.20,96.00,73.60,231.00,0.8442,-1,-1,-1
201,59,144.40,129.80,445.80,672.70,0.8169,-1,-1,-1
201,32,544.50,63.30,49.50,191.30,0.8145,-1,-1,-1
201,60,1102.50,75.30,76.50,225.80,0.8003,-1,-1,-1
201,69,494.20,67.70,78.00,207.00,0.7988,-1,-1,-1
201,88,1744.50,132.40,87.00,193.50,0.7988,-1,-1,-1
201,61,1150.50,69.20,70.50,182.40,0.7974,-1,-1,-1
201,62,70.30,152.20,93.90,149.30,0.7925,-1,-1,-1
201,37,438.00,26.40,69.00,118.00,0.7808,-1,-1,-1
201,1,810.00,78.00,84.00,222.40,0.7642,-1,-1,-1
201,4,648.00,45.40,81.00,213.00,0.7461,-1,-1,-1
201,41,0.30,152.60,70.50,151.50,0.7324,-1,-1,-1
201,29,757.50,68.60,66.00,193.50,0.7124,-1,-1,-1
201,63,915.00,115.10,87.00,121.30,0.7007,-1,-1,-1
201,64,884.20,73.90,69.00,188.80,0.6318,-1,-1,-1
201,85,0.00,185.20,70.70,366.40,0.5957,-1,-1,-1
201,13,1060.50,58.90,48.00,198.90,0.5908,-1,-1,-1
201,31,967.50,61.50,60.00,189.40,0.5527,-1,-1,-1
201,86,1094.20,64.30,36.00,183.60,0.5244,-1,-1,-1
201,84,861.00,75.40,42.00,168.20,0.3057,-1,-1,-1
201,44,804.00,70.90,37.50,183.30,0.2942,-1,-1,-1
201,105,1034.20,74.30,33.00,53.90,0.2666,-1,-1,-1
202,34,941.40,199.50,258.60,416.30,0.6533,-1,-1,-1
202,56,1274.70,61.70,69.20,191.10,0.8809,-1,-1,-1
202,57,214.60,112.30,92.20,244.00,0.7051,-1,-1,-1
202,2,1640.20,100.50,91.70,182.40,0.9019,-1,-1,-1
202,35,1784.00,157.60,113.70,200.00,0.7866,-1,-1,-1
202,58,1014.90,94.40,72.80,228.70,0.8652,-1,-1,-1
202,59,157.30,120.20,450.20,679.70,0.8569,-1,-1,-1
202,60,1113.50,69.00,53.20,155.70,0.6011,-1,-1,-1
202,69,508.00,67.00,54.40,144.10,0.7310,-1,-1,-1
202,61,1170.90,70.20,70.10,181.40,0.8271,-1,-1,-1
202,62,70.00,150.40,94.30,149.80,0.7363,-1,-1,-1
202,1,810.80,73.00,87.60,232.10,0.8477,-1,-1,-1
202,4,641.20,32.50,87.50,230.60,0.7964,-1,-1,-1
202,41,2.00,153.60,68.80,147.60,0.6577,-1,-1,-1
202,29,756.40,72.40,64.30,188.60,0.5859,-1,-1,-1
202,63,880.80,117.60,150.20,211.40,0.8789,-1,-1,-1
202,64,885.60,70.90,70.20,191.80,0.7241,-1,-1,-1
202,13,1056.10,59.90,47.70,196.80,0.6670,-1,-1,-1
202,31,960.90,60.00,62.80,197.70,0.7744,-1,-1,-1
202,44,788.50,71.70,38.50,186.80,0.5020,-1,-1,-1
202,105,1033.30,71.80,36.20,59.20,0.1956,-1,-1,-1
203,56,1275.70,61.90,68.80,190.10,0.8467,-1,-1,-1
203,57,177.20,169.20,105.50,280.50,0.7505,-1,-1,-1
203,2,1681.10,117.00,97.50,194.60,0.8643,-1,-1,-1
203,35,1809.70,161.20,110.30,215.40,0.8516,-1,-1,-1
203,58,1014.20,90.40,74.60,233.80,0.8740,-1,-1,-1
203,59,163.60,109.60,460.30,700.90,0.8574,-1,-1,-1
203,60,1107.00,87.70,68.60,201.50,0.8076,-1,-1,-1
203,61,1186.20,71.40,69.80,180.70,0.8687,-1,-1,-1
203,62,69.70,151.70,94.40,150.00,0.8369,-1,-1,-1
203,1,808.20,69.60,89.10,236.20,0.8496,-1,-1,-1
203,4,648.70,33.50,86.50,228.30,0.8481,-1,-1,-1
203,41,1.40,155.90,68.50,146.90,0.7485,-1,-1,-1
203,29,763.00,71.30,64.60,189.60,0.5508,-1,-1,-1
203,63,871.50,109.40,166.00,236.70,0.8857,-1,-1,-1
203,64,887.20,69.10,70.00,191.40,0.6558,-1,-1,-1
203,13,1056.80,59.40,48.20,198.10,0.7534,-1,-1,-1
203,31,963.60,61.40,62.50,197.20,0.7656,-1,-1,-1
203,44,793.70,68.60,39.30,190.00,0.1987,-1,-1,-1
203,89,460.10,73.20,86.10,144.00,0.7852,-1,-1,-1
203,7,449.10,203.70,163.80,600.30,0.8257,-1,-1,-1
203,32,556.00,60.30,52.90,203.30,0.7671,-1,-1,-1
204,56,1275.20,62.10,69.10,190.90,0.8687,-1,-1,-1
204,57,137.20,162.00,101.10,270.00,0.7129,-1,-1,-1
204,58,1015.80,92.30,75.00,234.40,0.8472,-1,-1,-1
204,59,85.80,107.40,459.90,714.40,0.9126,-1,-1,-1
204,60,1104.70,93.20,71.70,210.50,0.7646,-1,-1,-1
204,61,1196.40,71.70,69.60,180.20,0.8633,-1,-1,-1
204,62,43.10,169.60,170.90,273.50,0.8823,-1,-1,-1
204,1,807.70,76.90,86.50,228.40,0.8486,-1,-1,-1
204,4,657.90,34.10,85.50,225.60,0.8682,-1,-1,-1
204,41,1.00,157.80,68.20,146.20,0.7202,-1,-1,-1
204,29,756.90,71.10,65.00,190.10,0.7739,-1,-1,-1
204,63,881.20,110.00,166.60,241.30,0.8774,-1,-1,-1
204,64,890.70,68.90,70.70,192.60,0.6875,-1,-1,-1
204,13,1053.90,56.60,50.20,202.80,0.7500,-1,-1,-1
204,31,969.10,60.40,62.50,198.20,0.5757,-1,-1,-1
204,44,796.70,68.00,39.60,191.00,0.3701,-1,-1,-1
204,7,439.50,199.90,169.60,618.00,0.9395,-1,-1,-1
204,32,546.50,76.70,52.90,202.30,0.8130,-1,-1,-1
204,88,1749.40,143.50,88.60,197.80,0.8164,-1,-1,-1
204,37,422.40,56.30,93.00,161.30,0.8076,-1,-1,-1
204,86,1093.10,69.30,34.00,172.70,0.3914,-1,-1,-1
204,84,869.30,68.90,45.50,182.70,0.5679,-1,-1,-1
204,69,504.50,32.70,87.00,230.60,0.6802,-1,-1,-1
205,56,1275.70,62.40,69.00,190.30,0.8696,-1,-1,-1
205,57,119.00,176.90,103.60,278.90,0.8447,-1,-1,-1
205,58,1014.90,92.50,74.60,232.70,0.8784,-1,-1,-1
205,59,67.80,102.80,457.80,726.40,0.8979,-1,-1,-1
205,60,1104.00,94.60,72.30,212.20,0.7549,-1,-1,-1
205,61,1199.40,72.20,69.00,178.80,0.8550,-1,-1,-1
205,62,28.00,180.40,174.50,285.30,0.7104,-1,-1,-1
205,1,806.50,77.40,86.70,228.80,0.7964,-1,-1,-1
205,4,664.00,34.90,84.20,222.10,0.8296,-1,-1,-1
205,41,3.00,157.90,63.30,135.20,0.3149,-1,-1,-1
205,29,751.80,72.10,64.40,187.90,0.7124,-1,-1,-1
205,63,886.80,109.90,163.30,241.00,0.8862,-1,-1,-1
205,64,889.60,67.80,72.00,195.60,0.7490,-1,-1,-1
205,13,1050.40,56.90,50.60,201.10,0.6113,-1,-1,-1
205,31,967.20,62.80,61.00,193.80,0.5381,-1,-1,-1
205,44,797.20,66.00,39.60,189.50,0.6030,-1,-1,-1
205,7,441.40,203.80,171.70,617.60,0.9180,-1,-1,-1
205,45,1664.90,87.40,88.40,170.60,0.8257,-1,-1,-1
205,98,1144.90,82.80,54.40,179.00,0.7212,-1,-1,-1
205,88,1761.90,185.40,102.50,229.90,0.6665,-1,-1,-1
205,37,398.90,59.10,109.20,193.60,0.7847,-1,-1,-1
205,86,1094.80,64.30,37.10,185.50,0.6279,-1,-1,-1
205,84,867.50,72.30,44.50,179.00,0.5728,-1,-1,-1
205,69,500.70,61.90,86.10,229.80,0.7212,-1,-1,-1
205,85,14.90,182.70,64.40,326.00,0.7471,-1,-1,-1
205,35,1828.30,139.00,91.70,217.10,0.5547,-1,-1,-1
205,89,454.80,34.00,120.20,202.90,0.7393,-1,-1,-1
206,56,1275.00,61.90,69.50,191.90,0.8706,-1,-1,-1
206,57,76.60,177.00,109.80,294.20,0.8833,-1,-1,-1
206,58,1014.00,91.50,75.50,234.90,0.8540,-1,-1,-1
206,59,72.20,98.40,452.10,735.60,0.8774,-1,-1,-1
206,60,1104.10,92.50,72.90,214.10,0.7534,-1,-1,-1
206,61,1202.00,70.30,68.90,180.30,0.7812,-1,-1,-1
206,1,806.90,77.80,86.30,227.90,0.7983,-1,-1,-1
206,4,676.60,40.30,80.60,213.10,0.7959,-1,-1,-1
206,41,7.30,158.20,52.10,109.10,0.3459,-1,-1,-1
206,29,748.50,71.90,63.90,186.00,0.6270,-1,-1,-1
206,63,886.90,111.70,158.10,238.20,0.8887,-1,-1,-1
206,64,885.00,70.00,71.10,193.10,0.7153,-1,-1,-1
206,13,1053.10,58.40,52.60,207.40,0.7671,-1,-1,-1
206,31,967.30,64.30,61.00,194.40,0.7192,-1,-1,-1
206,44,795.00,72.30,38.90,184.30,0.4282,-1,-1,-1
206,7,469.90,205.70,174.90,618.60,0.9106,-1,-1,-1
206,45,1683.30,91.00,95.70,184.80,0.9038,-1,-1,-1
206,98,1168.40,95.80,55.80,182.40,0.8447,-1,-1,-1
206,88,1755.70,217.70,149.50,335.80,0.8608,-1,-1,-1
206,37,376.90,59.90,113.20,204.50,0.8540,-1,-1,-1
206,86,1096.00,73.50,35.60,177.20,0.1371,-1,-1,-1
206,84,862.00,69.60,45.00,181.20,0.6362,-1,-1,-1
206,102,1133.50,62.50,50.80,183.40,0.4980,-1,-1,-1
206,77,78.80,150.50,78.20,86.40,0.4534,-1,-1,-1
206,85,20.90,188.90,59.00,285.00,0.8926,-1,-1,-1
206,89,433.50,34.50,135.20,231.30,0.8174,-1,-1,-1
207,56,1274.90,62.30,69.40,191.90,0.8662,-1,-1,-1
207,57,21.80,180.80,114.40,303.70,0.8965,-1,-1,-1
207,58,1012.90,93.20,75.30,234.30,0.8716,-1,-1,-1
207,59,72.30,93.10,445.20,741.80,0.8950,-1,-1,-1
207,60,1103.00,93.30,72.20,212.10,0.7178,-1,-1,-1
207,61,1199.20,70.00,66.10,172.20,0.4922,-1,-1,-1
207,1,807.10,78.00,86.10,227.70,0.7988,-1,-1,-1
207,4,689.30,43.90,77.00,204.80,0.8218,-1,-1,-1
207,41,8.70,156.70,37.80,76.60,0.1779,-1,-1,-1
207,29,746.40,74.30,65.10,186.20,0.7231,-1,-1,-1
207,63,892.50,112.20,153.70,236.80,0.9028,-1,-1,-1
207,64,886.90,71.50,70.00,191.30,0.6665,-1,-1,-1
207,13,1054.00,59.60,51.40,202.00,0.7847,-1,-1,-1
207,31,971.90,67.70,54.80,174.90,0.4397,-1,-1,-1
207,44,797.10,68.70,40.20,188.30,0.5630,-1,-1,-1
207,7,503.70,206.40,177.90,618.10,0.9346,-1,-1,-1
207,45,1716.70,93.40,115.50,224.30,0.5938,-1,-1,-1
207,98,1201.10,109.10,59.40,191.70,0.5630,-1,-1,-1
207,88,1785.60,224.30,134.40,359.20,0.7686,-1,-1,-1
207,37,354.20,56.80,113.30,211.30,0.8530,-1,-1,-1
207,84,865.40,65.50,47.10,188.80,0.6523,-1,-1,-1
207,102,1129.10,61.00,51.10,184.80,0.2815,-1,-1,-1
207,77,58.70,150.20,122.90,136.80,0.7974,-1,-1,-1
207,89,396.30,42.30,159.60,277.60,0.7285,-1,-1,-1
207,2,1747.80,130.80,101.30,205.60,0.6426,-1,-1,-1
208,56,1275.60,63.40,70.00,195.00,0.8262,-1,-1,-1
208,57,0.00,176.80,92.50,319.50,0.7031,-1,-1,-1
208,58,1013.50,93.30,75.30,234.30,0.8730,-1,-1,-1
208,59,56.10,90.00,439.10,742.40,0.8667,-1,-1,-1
208,60,1102.60,79.60,76.10,225.20,0.8232,-1,-1,-1
208,61,1196.30,70.20,68.10,177.20,0.8726,-1,-1,-1
208,1,805.60,71.40,88.30,234.10,0.7441,-1,-1,-1
208,4,700.40,46.70,75.00,201.00,0.7734,-1,-1,-1
208,29,744.00,72.60,65.90,187.60,0.6460,-1,-1,-1
208,63,901.00,112.50,149.10,235.20,0.9028,-1,-1,-1
208,64,886.40,70.40,69.80,191.20,0.6836,-1,-1,-1
208,13,1055.20,60.00,51.30,200.00,0.7725,-1,-1,-1
208,31,971.70,66.10,57.40,185.00,0.4465,-1,-1,-1
208,44,796.40,70.50,40.40,187.20,0.5400,-1,-1,-1
208,7,506.00,207.60,178.80,611.90,0.9263,-1,-1,-1
208,45,1706.10,117.80,110.20,214.20,0.9048,-1,-1,-1
208,98,1243.10,131.50,61.00,193.80,0.8608,-1,-1,-1
208,37,349.30,59.40,111.90,212.10,0.5195,-1,-1,-1
208,84,867.60,62.60,47.80,191.50,0.6807,-1,-1,-1
208,102,1135.60,63.00,51.80,187.20,0.5796,-1,-1,-1
208,77,24.70,126.70,204.80,231.40,0.8101,-1,-1,-1
208,89,391.80,102.60,142.70,253.60,0.7676,-1,-1,-1
208,111,944.50,71.30,49.00,77.30,0.4697,-1,-1,-1
208,2,1775.40,118.30,95.60,193.80,0.8037,-1,-1,-1
209,56,1274.40,62.80,70.00,196.40,0.8042,-1,-1,-1
209,58,1014.90,94.10,75.00,232.20,0.8809,-1,-1,-1
209,59,74.20,92.60,426.20,739.20,0.9146,-1,-1,-1
209,60,1104.10,85.50,73.30,218.10,0.7441,-1,-1,-1
209,61,1194.70,70.60,68.80,178.70,0.8911,-1,-1,-1
209,1,802.20,69.50,89.70,237.40,0.7905,-1,-1,-1
209,4,714.60,47.10,73.30,199.10,0.6343,-1,-1,-1
209,29,732.20,66.10,68.30,193.80,0.5820,-1,-1,-1
209,63,904.10,110.10,146.60,237.10,0.8809,-1,-1,-1
209,64,885.90,69.90,70.40,191.80,0.6279,-1,-1,-1
209,13,1058.30,60.80,50.10,194.10,0.6621,-1,-1,-1
209,31,967.70,65.40,58.90,189.40,0.4590,-1,-1,-1
209,44,792.20,68.70,41.10,186.90,0.7607,-1,-1,-1
209,7,487.80,205.90,181.30,612.20,0.9263,-1,-1,-1
209,98,1291.30,155.50,63.60,199.80,0.8145,-1,-1,-1
209,84,864.80,59.50,48.30,193.50,0.4456,-1,-1,-1
209,102,1133.60,61.70,53.60,192.40,0.7305,-1,-1,-1
209,111,947.00,72.20,46.20,73.10,0.1694,-1,-1,-1
209,2,1822.50,132.20,89.90,183.90,0.7534,-1,-1,-1
209,105,1024.50,69.70,45.20,74.50,0.4207,-1,-1,-1
209,85,35.90,176.50,67.70,300.40,0.8696,-1,-1,-1
210,56,1274.60,63.50,68.70,192.50,0.8467,-1,-1,-1
210,58,1017.30,93.60,75.20,234.00,0.8633,-1,-1,-1
210,59,91.50,92.70,415.20,740.70,0.8936,-1,-1,-1
210,60,1105.60,79.60,74.40,222.60,0.7217,-1,-1,-1
210,61,1193.70,69.50,69.50,180.90,0.8833,-1,-1,-1
210,1,798.90,67.10,91.30,239.10,0.7656,-1,-1,-1
210,4,725.70,56.80,69.20,191.20,0.3638,-1,-1,-1
210,29,732.40,68.00,67.80,191.80,0.6992,-1,-1,-1
210,63,904.60,110.20,141.90,235.90,0.8843,-1,-1,-1
210,64,886.40,72.00,69.20,189.80,0.7256,-1,-1,-1
210,13,1055.30,59.80,51.80,198.10,0.7773,-1,-1,-1
210,31,968.90,66.10,59.10,191.40,0.3191,-1,-1,-1
210,44,790.50,64.00,42.60,192.40,0.6177,-1,-1,-1
210,7,489.50,204.90,183.20,611.10,0.8872,-1,-1,-1
210,98,1343.40,181.10,68.40,210.00,0.8882,-1,-1,-1
210,84,864.60,62.10,47.70,190.80,0.4648,-1,-1,-1
210,102,1134.10,62.20,53.90,193.40,0.6514,-1,-1,-1
210,111,947.90,70.70,49.90,78.90,0.3604,-1,-1,-1
210,37,348.70,58.30,107.00,209.10,0.8306,-1,-1,-1
211,56,1275.10,63.40,68.40,190.90,0.8423,-1,-1,-1
211,58,1020.70,99.50,76.20,234.60,0.8232,-1,-1,-1
211,59,91.80,93.90,398.10,732.90,0.6577,-1,-1,-1
211,60,1104.60,66.90,77.80,235.50,0.7544,-1,-1,-1
211,61,1193.30,69.80,69.70,181.40,0.8730,-1,-1,-1
211,1,801.70,66.40,92.90,237.90,0.5796,-1,-1,-1
211,4,736.20,56.40,72.80,201.30,0.7808,-1,-1,-1
211,63,905.10,111.80,137.30,234.10,0.8975,-1,-1,-1
211,64,886.50,74.20,69.00,188.80,0.7266,-1,-1,-1
211,13,1054.30,60.50,52.20,194.00,0.7705,-1,-1,-1
211,31,970.50,65.60,53.80,172.60,0.6001,-1,-1,-1
211,44,792.00,65.80,43.00,190.60,0.5537,-1,-1,-1
211,7,393.20,178.90,244.60,779.90,0.7339,-1,-1,-1
211,84,861.20,58.40,48.00,192.00,0.6748,-1,-1,-1
211,102,1136.80,62.20,54.10,192.80,0.7559,-1,-1,-1
211,117,0.00,155.60,78.00,140.80,0.8145,-1,-1,-1
211,37,349.70,58.40,101.60,204.00,0.7212,-1,-1,-1
212,56,1275.60,62.70,68.70,191.80,0.8320,-1,-1,-1
212,58,1027.30,104.60,76.00,232.30,0.8633,-1,-1,-1
212,59,105.80,96.70,385.50,730.50,0.9146,-1,-1,-1
212,60,1103.50,69.90,76.70,234.20,0.8032,-1,-1,-1
212,61,1194.30,70.60,69.30,180.80,0.8765,-1,-1,-1
212,1,810.30,76.60,78.60,200.80,0.6494,-1,-1,-1
212,4,737.40,64.30,69.40,193.60,0.7500,-1,-1,-1
212,63,905.80,112.40,132.40,233.90,0.8740,-1,-1,-1
212,64,896.50,73.90,53.00,138.90,0.4514,-1,-1,-1
212,13,1052.20,61.20,53.80,193.50,0.6074,-1,-1,-1
212,31,965.50,68.60,57.70,181.90,0.6060,-1,-1,-1
212,44,790.40,62.70,43.50,191.70,0.6611,-1,-1,-1
212,7,455.90,195.50,214.10,682.70,0.8340,-1,-1,-1
212,102,1142.40,61.60,54.20,192.90,0.8540,-1,-1,-1
212,117,0.00,154.60,80.80,148.80,0.8315,-1,-1,-1
212,37,349.40,60.00,98.70,203.40,0.8330,-1,-1,-1
212,77,76.60,144.40,226.60,267.50,0.7959,-1,-1,-1
212,85,91.20,152.60,45.80,172.90,0.8765,-1,-1,-1
212,29,707.50,59.70,68.60,195.00,0.7974,-1,-1,-1
213,56,1283.70,62.80,55.00,148.70,0.8237,-1,-1,-1
213,58,1034.90,107.00,77.60,234.00,0.8608,-1,-1,-1
213,59,103.60,98.20,377.70,729.60,0.9209,-1,-1,-1
213,60,1103.70,80.50,73.00,224.40,0.8340,-1,-1,-1
213,61,1195.20,70.50,69.00,181.30,0.8706,-1,-1,-1
213,1,805.80,76.60,85.60,219.20,0.7671,-1,-1,-1
213,4,741.10,67.20,68.50,191.40,0.6621,-1,-1,-1
213,63,905.90,112.70,126.80,232.70,0.8315,-1,-1,-1
213,64,889.30,71.90,66.80,175.70,0.7153,-1,-1,-1
213,13,1056.90,60.50,39.40,126.00,0.5688,-1,-1,-1
213,31,965.90,66.50,60.90,189.20,0.6406,-1,-1,-1
213,44,789.40,60.40,44.50,194.50,0.6206,-1,-1,-1
213,7,491.70,204.30,200.60,633.20,0.8403,-1,-1,-1
213,102,1146.40,62.50,54.20,191.70,0.8643,-1,-1,-1
213,117,0.00,152.40,81.60,152.40,0.8081,-1,-1,-1
213,37,349.90,60.90,96.00,202.50,0.8223,-1,-1,-1
213,77,25.70,155.10,241.20,295.70,0.8003,-1,-1,-1
213,34,977.50,194.30,520.90,869.80,0.8921,-1,-1,-1
213,84,856.40,80.70,40.60,164.40,0.4436,-1,-1,-1
214,56,1276.50,63.20,65.90,178.30,0.8481,-1,-1,-1
214,58,1034.60,111.30,78.30,231.70,0.8672,-1,-1,-1
214,59,83.00,101.90,375.70,727.00,0.6646,-1,-1,-1
214,60,1106.10,89.70,69.90,215.70,0.8296,-1,-1,-1
214,61,1195.90,69.30,69.00,182.20,0.8672,-1,-1,-1
214,1,806.50,80.10,85.40,220.60,0.7773,-1,-1,-1
214,4,738.10,67.60,68.70,191.30,0.7075,-1,-1,-1
214,63,911.20,116.70,120.00,228.20,0.8823,-1,-1,-1
214,64,887.80,72.30,69.60,184.40,0.6782,-1,-1,-1
214,13,1056.80,61.80,35.20,100.60,0.6489,-1,-1,-1
214,31,964.10,63.20,63.10,196.20,0.6309,-1,-1,-1
214,44,792.80,65.20,43.30,188.20,0.6870,-1,-1,-1
214,7,497.40,210.60,198.40,613.30,0.8760,-1,-1,-1
214,102,1149.10,63.10,53.70,190.70,0.8228,-1,-1,-1
214,37,350.20,60.70,94.40,203.40,0.8145,-1,-1,-1
214,77,0.00,195.70,203.20,279.20,0.8481,-1,-1,-1
214,131,1494.80,69.50,101.00,201.20,0.8589,-1,-1,-1
214,84,854.10,84.50,39.20,159.50,0.4834,-1,-1,-1
214,105,1009.70,53.00,74.10,127.20,0.4006,-1,-1,-1
214,85,96.40,152.60,42.30,135.90,0.5928,-1,-1,-1
215,56,1277.60,62.50,69.50,186.10,0.8599,-1,-1,-1
215,58,1042.20,110.60,80.90,233.70,0.8501,-1,-1,-1
215,59,82.50,98.70,374.90,730.10,0.8569,-1,-1,-1
215,60,1108.00,91.80,68.70,212.60,0.8105,-1,-1,-1
215,61,1196.30,70.20,68.60,181.40,0.8652,-1,-1,-1
215,1,805.60,80.20,85.80,222.10,0.8633,-1,-1,-1
215,4,747.80,69.20,69.40,190.70,0.5698,-1,-1,-1
215,63,918.70,115.30,116.50,229.00,0.7939,-1,-1,-1
215,64,882.70,68.50,71.90,191.50,0.6104,-1,-1,-1
215,31,965.20,63.30,62.20,193.90,0.3433,-1,-1,-1
215,44,793.70,75.40,40.60,175.20,0.4873,-1,-1,-1
215,7,500.80,210.40,199.60,605.50,0.9009,-1,-1,-1
215,102,1149.80,65.10,52.90,188.80,0.7793,-1,-1,-1
215,37,351.10,60.40,92.10,202.20,0.8232,-1,-1,-1
215,131,1470.40,68.00,98.90,198.30,0.8511,-1,-1,-1
215,84,851.40,82.30,39.70,160.90,0.1113,-1,-1,-1
215,105,1007.20,59.50,92.80,167.30,0.5620,-1,-1,-1
215,85,94.10,150.10,50.40,145.30,0.8193,-1,-1,-1
215,35,562.10,57.80,64.40,218.10,0.8672,-1,-1,-1
215,111,965.00,64.60,57.60,90.80,0.4341,-1,-1,-1
215,29,692.20,66.70,63.80,182.70,0.3398,-1,-1,-1
215,117,0.00,150.50,82.60,156.90,0.8530,-1,-1,-1
216,56,1285.20,63.10,70.30,188.80,0.7065,-1,-1,-1
216,58,1052.60,104.60,82.50,240.50,0.7544,-1,-1,-1
216,59,117.00,95.10,367.10,734.10,0.8364,-1,-1,-1
216,60,1109.50,90.90,68.70,213.50,0.7930,-1,-1,-1
216,61,1196.20,70.50,68.80,181.70,0.8613,-1,-1,-1
216,1,807.00,84.30,84.50,219.40,0.8101,-1,-1,-1
216,4,746.20,70.00,69.40,189.80,0.6104,-1,-1,-1
216,63,922.90,115.00,114.30,230.40,0.8286,-1,-1,-1
216,64,885.60,72.10,70.90,190.60,0.6978,-1,-1,-1
216,31,964.50,64.30,61.20,188.10,0.1144,-1,-1,-1
216,44,790.90,70.50,41.80,180.30,0.5669,-1,-1,-1
216,7,503.60,214.80,201.10,599.60,0.8667,-1,-1,-1
216,102,1151.50,65.70,52.50,187.00,0.7925,-1,-1,-1
216,37,352.70,60.70,90.10,201.20,0.8291,-1,-1,-1
216,131,1451.60,66.40,95.70,194.10,0.8145,-1,-1,-1
216,105,1006.40,60.70,100.70,189.50,0.7148,-1,-1,-1
216,85,92.80,150.00,56.20,148.20,0.8560,-1,-1,-1
216,19,649.20,59.90,69.90,189.00,0.8789,-1,-1,-1
216,90,1089.30,70.10,39.30,77.50,0.4561,-1,-1,-1
216,68,872.20,61.20,45.40,187.00,0.4167,-1,-1,-1
216,35,586.20,58.20,62.80,204.60,0.8350,-1,-1,-1
216,111,966.70,64.30,59.40,93.60,0.3320,-1,-1,-1
216,29,701.50,52.20,66.80,196.50,0.7319,-1,-1,-1
216,117,0.00,149.90,82.20,156.50,0.8530,-1,-1,-1
217,56,1300.60,64.80,71.40,188.60,0.8623,-1,-1,-1
217,58,1055.00,104.00,82.00,238.10,0.8125,-1,-1,-1
217,59,132.40,92.30,356.70,737.00,0.7881,-1,-1,-1
217,60,1110.30,92.20,68.20,212.10,0.8335,-1,-1,-1
217,61,1196.80,71.10,68.60,181.70,0.8716,-1,-1,-1
217,1,805.90,78.20,86.30,226.00,0.8306,-1,-1,-1
217,4,750.40,69.60,70.50,190.40,0.6748,-1,-1,-1
217,63,930.60,115.40,110.90,228.30,0.8950,-1,-1,-1
217,64,885.70,70.40,70.60,192.80,0.7319,-1,-1,-1
217,44,791.80,68.30,41.40,179.60,0.4629,-1,-1,-1
217,7,502.60,219.40,202.80,594.90,0.8423,-1,-1,-1
217,102,1150.30,70.20,51.80,183.20,0.7788,-1,-1,-1
217,37,353.80,61.90,93.30,209.80,0.7705,-1,-1,-1
217,131,1421.50,66.90,94.80,192.70,0.8418,-1,-1,-1
217,105,1007.30,61.60,101.60,199.40,0.6909,-1,-1,-1
217,85,88.80,150.00,60.90,150.40,0.8320,-1,-1,-1
217,19,625.20,53.30,73.60,199.20,0.8389,-1,-1,-1
217,90,1082.20,65.40,38.70,76.60,0.2173,-1,-1,-1
217,68,862.90,60.10,46.40,190.50,0.6919,-1,-1,-1
217,111,966.70,63.10,59.10,92.80,0.6611,-1,-1,-1
217,29,681.60,49.30,69.10,200.50,0.8188,-1,-1,-1
217,117,0.00,151.40,80.50,154.20,0.8169,-1,-1,-1
217,69,506.20,59.30,99.10,175.30,0.8579,-1,-1,-1
218,56,1316.20,63.20,72.10,189.20,0.3923,-1,-1,-1
218,58,1052.20,105.30,80.90,236.60,0.7769,-1,-1,-1
218,59,138.40,97.30,337.40,718.60,0.8418,-1,-1,-1
218,60,1111.60,92.90,68.00,211.50,0.7959,-1,-1,-1
218,61,1196.50,71.30,68.50,180.70,0.8652,-1,-1,-1
218,1,802.00,67.60,90.00,237.70,0.8760,-1,-1,-1
218,4,744.60,69.50,71.10,190.50,0.6611,-1,-1,-1
218,63,931.60,115.80,108.50,227.40,0.8599,-1,-1,-1
218,64,887.30,70.80,70.30,191.70,0.7217,-1,-1,-1
218,44,786.40,69.40,42.80,185.20,0.3408,-1,-1,-1
218,7,503.60,236.20,199.90,577.50,0.8228,-1,-1,-1
218,102,1145.40,66.60,52.20,184.60,0.3503,-1,-1,-1
218,37,354.00,60.20,91.40,209.70,0.8052,-1,-1,-1
218,131,1407.40,66.60,91.90,190.60,0.7847,-1,-1,-1
218,105,1016.30,65.40,95.80,196.30,0.6074,-1,-1,-1
218,85,87.20,149.40,65.10,151.80,0.8696,-1,-1,-1
218,19,627.70,46.70,77.00,208.90,0.8135,-1,-1,-1
218,90,1069.10,54.40,45.90,91.00,0.1417,-1,-1,-1
218,68,867.10,71.90,43.70,179.70,0.5039,-1,-1,-1
218,111,966.80,63.90,58.50,91.70,0.6514,-1,-1,-1
218,117,0.00,152.20,79.30,153.90,0.8154,-1,-1,-1
218,41,464.50,81.00,74.10,215.70,0.8530,-1,-1,-1
218,89,385.60,130.90,139.80,259.20,0.8208,-1,-1,-1
218,35,588.50,49.00,65.00,205.70,0.7861,-1,-1,-1
219,56,1321.40,60.20,74.50,191.70,0.1049,-1,-1,-1
219,58,1047.70,109.10,81.10,233.30,0.7773,-1,-1,-1
219,59,135.80,99.30,328.50,713.50,0.8135,-1,-1,-1
219,60,1112.40,92.60,68.20,211.30,0.7363,-1,-1,-1
219,61,1198.20,71.30,68.70,180.20,0.8682,-1,-1,-1
219,1,801.80,69.30,88.90,234.50,0.7974,-1,-1,-1
219,4,743.30,71.90,70.20,188.30,0.6060,-1,-1,-1
219,63,928.50,112.90,107.50,229.00,0.8843,-1,-1,-1
219,64,883.90,72.00,70.40,191.00,0.6885,-1,-1,-1
219,44,788.60,69.00,42.80,186.10,0.5361,-1,-1,-1
219,7,493.10,218.40,209.00,596.10,0.9268,-1,-1,-1
219,37,361.10,75.90,103.00,237.50,0.5195,-1,-1,-1
219,131,1387.10,67.40,89.90,189.20,0.7827,-1,-1,-1
219,105,1021.50,65.20,94.30,199.10,0.4990,-1,-1,-1
219,85,83.60,148.70,69.00,153.30,0.8643,-1,-1,-1
219,90,1063.30,54.60,47.50,93.40,0.1650,-1,-1,-1
219,68,859.10,75.40,41.50,170.40,0.1505,-1,-1,-1
219,111,967.60,63.40,57.50,89.30,0.5166,-1,-1,-1
219,117,0.00,152.60,80.00,155.80,0.8345,-1,-1,-1
219,35,597.40,40.10,69.10,217.20,0.7739,-1,-1,-1
219,84,847.70,75.30,42.30,169.50,0.2903,-1,-1,-1
219,31,964.20,63.70,63.20,194.40,0.2998,-1,-1,-1
219,29,689.70,74.30,58.80,170.60,0.7178,-1,-1,-1
219,69,528.70,48.20,113.60,203.20,0.8042,-1,-1,-1
220,58,1043.00,110.70,82.90,233.00,0.8008,-1,-1,-1
220,59,147.80,102.00,319.80,709.10,0.8018,-1,-1,-1
220,60,1112.40,92.30,67.90,210.10,0.7842,-1,-1,-1
220,61,1203.80,71.60,68.70,179.90,0.8511,-1,-1,-1
220,1,800.20,69.60,89.50,235.10,0.8486,-1,-1,-1
220,4,753.10,71.90,68.10,186.90,0.5581,-1,-1,-1
220,63,935.80,113.60,105.80,229.50,0.8843,-1,-1,-1
220,64,881.90,71.40,70.80,190.80,0.7446,-1,-1,-1
220,44,790.70,69.20,42.30,183.90,0.5962,-1,-1,-1
220,7,488.40,214.00,213.50,601.70,0.9189,-1,-1,-1
220,37,359.20,65.70,92.30,217.10,0.7920,-1,-1,-1
220,131,1375.60,67.80,87.20,187.40,0.6968,-1,-1,-1
220,105,1020.80,67.70,90.60,195.90,0.5630,-1,-1,-1
220,85,81.90,147.80,72.00,154.40,0.8687,-1,-1,-1
220,90,1062.30,53.40,47.70,93.70,0.3721,-1,-1,-1
220,111,966.80,63.90,58.20,90.00,0.6992,-1,-1,-1
220,117,0.00,153.00,78.80,154.40,0.8184,-1,-1,-1
220,35,580.50,36.50,71.00,223.00,0.8301,-1,-1,-1
220,94,1133.40,64.20,54.00,75.90,0.4312,-1,-1,-1
220,29,676.70,78.10,58.00,165.80,0.6548,-1,-1,-1
220,69,511.30,47.90,117.20,211.50,0.6953,-1,-1,-1
220,19,633.40,77.90,63.70,172.30,0.7163,-1,-1,-1
221,58,1040.00,110.30,84.00,232.60,0.7773,-1,-1,-1
221,59,154.90,102.00,312.80,708.60,0.7505,-1,-1,-1
221,60,1112.30,92.40,67.90,209.60,0.7407,-1,-1,-1
221,61,1208.70,72.00,69.00,180.80,0.8398,-1,-1,-1
221,1,805.40,77.00,87.00,225.90,0.8252,-1,-1,-1
221,4,751.00,70.80,68.40,189.50,0.6523,-1,-1,-1
221,63,930.30,113.00,105.80,230.70,0.8223,-1,-1,-1
221,64,881.70,71.70,70.90,190.30,0.7490,-1,-1,-1
221,44,792.20,68.80,42.80,184.80,0.5796,-1,-1,-1
221,7,487.60,213.30,214.60,600.40,0.9150,-1,-1,-1
221,37,359.10,61.70,87.50,208.70,0.8018,-1,-1,-1
221,131,1362.60,70.40,82.10,181.60,0.5679,-1,-1,-1
221,105,1023.00,67.10,89.00,196.40,0.6377,-1,-1,-1
221,85,80.00,148.20,74.50,154.60,0.8423,-1,-1,-1
221,90,1060.40,52.30,47.30,93.70,0.3293,-1,-1,-1
221,111,967.70,63.50,57.90,89.20,0.4609,-1,-1,-1
221,117,0.00,154.30,77.30,151.90,0.7778,-1,-1,-1
221,35,587.50,65.10,59.70,186.00,0.5757,-1,-1,-1
221,94,1128.10,67.50,58.50,82.60,0.3557,-1,-1,-1
221,29,673.80,58.10,68.90,194.50,0.8257,-1,-1,-1
221,69,527.00,51.70,103.40,190.00,0.7871,-1,-1,-1
221,19,623.90,78.70,62.50,167.90,0.7490,-1,-1,-1
221,41,473.30,44.60,75.40,218.50,0.7983,-1,-1,-1
222,58,1039.00,106.00,86.00,237.20,0.7280,-1,-1,-1
222,59,157.80,104.50,304.10,705.40,0.8354,-1,-1,-1
222,60,1111.10,92.80,68.30,210.50,0.7363,-1,-1,-1
222,61,1213.30,71.10,69.40,182.70,0.8613,-1,-1,-1
222,1,805.50,79.00,86.90,224.80,0.8159,-1,-1,-1
222,4,746.00,70.40,68.80,189.50,0.7192,-1,-1,-1
222,63,926.30,113.40,105.60,230.40,0.8931,-1,-1,-1
222,64,884.10,72.20,70.90,189.00,0.7192,-1,-1,-1
222,44,791.50,69.00,43.40,186.10,0.5420,-1,-1,-1
222,7,487.90,212.10,216.60,602.30,0.8989,-1,-1,-1
222,37,358.80,60.20,84.90,205.40,0.7930,-1,-1,-1
222,131,1344.10,71.70,79.60,178.80,0.2473,-1,-1,-1
222,105,1021.30,67.70,85.80,194.00,0.6582,-1,-1,-1
222,85,84.20,150.90,75.10,154.50,0.3877,-1,-1,-1
222,90,1060.70,53.60,47.70,95.10,0.3943,-1,-1,-1
222,111,966.20,65.20,58.20,88.90,0.6548,-1,-1,-1
222,117,0.00,153.70,69.80,142.70,0.2480,-1,-1,-1
222,35,580.80,72.20,57.90,176.90,0.7827,-1,-1,-1
222,29,653.70,52.40,74.10,207.00,0.8643,-1,-1,-1
222,69,519.60,62.30,91.70,170.50,0.8008,-1,-1,-1
222,57,1423.80,64.30,55.80,189.00,0.8955,-1,-1,-1
222,88,166.20,181.10,84.70,263.20,0.8252,-1,-1,-1
222,41,456.10,42.20,80.80,233.60,0.8760,-1,-1,-1
222,77,0.00,182.70,223.50,318.20,0.8682,-1,-1,-1
222,102,1147.40,74.10,50.10,176.70,0.4045,-1,-1,-1
222,56,1327.30,64.30,75.20,187.40,0.3701,-1,-1,-1
223,58,1034.20,101.20,89.70,246.40,0.7769,-1,-1,-1
223,59,157.40,102.00,298.40,706.70,0.8604,-1,-1,-1
223,60,1110.80,92.70,68.00,210.30,0.7607,-1,-1,-1
223,61,1218.40,72.20,68.60,180.60,0.8740,-1,-1,-1
223,1,807.90,78.70,86.20,225.20,0.8271,-1,-1,-1
223,4,743.70,75.90,66.50,184.30,0.5815,-1,-1,-1
223,63,922.50,112.50,106.00,231.40,0.8784,-1,-1,-1
223,64,884.30,75.40,70.40,188.20,0.7285,-1,-1,-1
223,44,785.70,70.10,43.90,186.60,0.4697,-1,-1,-1
223,7,489.40,210.50,218.50,604.10,0.9058,-1,-1,-1
223,37,360.10,60.60,82.30,203.60,0.6387,-1,-1,-1
223,131,1311.00,71.00,78.70,180.40,0.8833,-1,-1,-1
223,105,1018.40,65.50,85.00,197.50,0.4475,-1,-1,-1
223,85,78.60,151.20,82.20,167.30,0.4197,-1,-1,-1
223,90,1064.80,50.70,35.10,67.40,0.5039,-1,-1,-1
223,111,966.40,64.40,59.70,91.30,0.6187,-1,-1,-1
223,117,0.00,155.00,74.40,150.80,0.7515,-1,-1,-1
223,29,631.00,50.20,77.20,213.30,0.8730,-1,-1,-1
223,69,537.00,72.90,83.60,158.70,0.5972,-1,-1,-1
223,57,1433.90,63.60,56.80,191.40,0.8887,-1,-1,-1
223,41,472.40,60.10,76.50,221.30,0.7471,-1,-1,-1
223,77,32.10,193.40,199.30,281.10,0.9033,-1,-1,-1
223,102,1147.80,74.20,50.40,177.50,0.2791,-1,-1,-1
223,89,395.30,64.10,122.60,240.80,0.8564,-1,-1,-1
223,84,853.20,76.90,41.70,170.60,0.3904,-1,-1,-1
223,94,1134.10,72.40,65.40,93.90,0.5439,-1,-1,-1
224,58,1035.60,101.60,89.40,244.70,0.7534,-1,-1,-1
224,59,160.10,98.50,295.10,711.70,0.8472,-1,-1,-1
224,60,1110.70,90.80,69.00,212.90,0.7686,-1,-1,-1
224,61,1223.80,71.30,69.20,182.30,0.8843,-1,-1,-1
224,1,805.10,76.10,87.30,228.30,0.7964,-1,-1,-1
224,4,731.40,69.00,66.20,184.80,0.7202,-1,-1,-1
224,63,920.00,111.20,106.40,233.30,0.8882,-1,-1,-1
224,64,886.90,74.90,71.00,188.50,0.7456,-1,-1,-1
224,44,788.40,71.70,44.20,186.60,0.3311,-1,-1,-1
224,7,486.50,214.00,218.20,600.20,0.9043,-1,-1,-1
224,37,360.90,60.80,81.60,204.60,0.5449,-1,-1,-1
224,131,1296.90,72.00,77.00,179.00,0.8716,-1,-1,-1
224,105,1022.10,60.50,86.60,203.50,0.6152,-1,-1,-1
224,85,77.90,151.40,81.20,161.80,0.8291,-1,-1,-1
224,111,963.50,62.00,67.10,104.70,0.2878,-1,-1,-1
224,117,0.00,154.90,92.90,221.10,0.1541,-1,-1,-1
224,69,527.80,72.60,81.20,156.30,0.7886,-1,-1,-1
224,57,1441.00,64.70,56.70,190.30,0.8413,-1,-1,-1
224,41,473.20,70.90,66.50,190.90,0.7305,-1,-1,-1
224,77,0.00,194.80,175.90,281.10,0.9033,-1,-1,-1
224,102,1150.90,74.90,50.50,176.70,0.2437,-1,-1,-1
224,6,874.50,81.90,36.60,171.20,0.4426,-1,-1,-1
224,89,417.60,89.80,117.10,237.30,0.6851,-1,-1,-1
224,94,1141.70,76.20,60.10,87.70,0.4187,-1,-1,-1
224,31,966.10,62.00,62.50,194.30,0.4580,-1,-1,-1
224,19,598.20,73.40,79.50,212.50,0.8604,-1,-1,-1
225,58,1041.10,100.50,88.30,241.50,0.7842,-1,-1,-1
225,59,164.60,94.70,293.20,721.60,0.7881,-1,-1,-1
225,60,1110.30,90.90,68.90,212.70,0.7646,-1,-1,-1
225,61,1229.40,73.40,68.00,178.50,0.8843,-1,-1,-1
225,1,805.00,80.60,85.80,223.70,0.8237,-1,-1,-1
225,4,740.60,68.70,68.20,190.40,0.7002,-1,-1,-1
225,63,923.80,112.70,104.90,230.30,0.8965,-1,-1,-1
225,64,885.50,70.90,72.10,191.70,0.6426,-1,-1,-1
225,44,789.70,71.00,43.80,185.00,0.5049,-1,-1,-1
225,7,483.90,212.00,220.90,606.00,0.9146,-1,-1,-1
225,131,1279.90,70.60,79.50,182.40,0.8555,-1,-1,-1
225,105,1024.30,60.00,84.90,203.60,0.5708,-1,-1,-1
225,85,77.30,151.80,80.10,155.40,0.8784,-1,-1,-1
225,111,965.60,61.90,62.60,97.50,0.6689,-1,-1,-1
225,117,0.00,153.90,82.00,183.00,0.8271,-1,-1,-1
225,69,518.10,74.70,80.20,158.20,0.7969,-1,-1,-1
225,57,1443.80,63.90,57.30,191.10,0.8550,-1,-1,-1
225,41,462.20,74.90,64.80,184.10,0.7563,-1,-1,-1
225,102,1155.40,81.60,47.90,166.90,0.2274,-1,-1,-1
225,6,875.10,79.70,37.20,174.00,0.4551,-1,-1,-1
225,89,381.20,94.40,128.60,265.00,0.6655,-1,-1,-1
225,94,1150.00,83.40,55.40,82.90,0.4475,-1,-1,-1
225,31,966.30,62.80,63.40,195.60,0.1987,-1,-1,-1
225,19,575.90,86.10,81.40,215.50,0.8950,-1,-1,-1
226,58,1046.50,101.70,87.10,241.20,0.8032,-1,-1,-1
226,59,166.90,97.20,285.20,716.50,0.8633,-1,-1,-1
226,60,1110.40,88.70,68.50,213.80,0.7056,-1,-1,-1
226,61,1229.10,72.80,67.10,177.90,0.8652,-1,-1,-1
226,1,805.40,77.60,86.30,226.70,0.8105,-1,-1,-1
226,4,745.10,69.90,68.00,190.90,0.7808,-1,-1,-1
226,63,921.60,111.30,105.60,232.10,0.8774,-1,-1,-1
226,64,885.00,71.70,71.50,190.90,0.7002,-1,-1,-1
226,44,788.80,68.70,44.40,186.90,0.6377,-1,-1,-1
226,7,479.10,209.60,222.50,609.80,0.9199,-1,-1,-1
226,131,1265.80,70.10,79.40,183.40,0.7832,-1,-1,-1
226,105,1026.60,57.70,84.10,203.80,0.7114,-1,-1,-1
226,85,76.70,152.20,80.40,153.00,0.8760,-1,-1,-1
226,111,965.50,61.90,62.40,97.60,0.5166,-1,-1,-1
226,117,0.00,154.00,74.40,155.90,0.7515,-1,-1,-1
226,69,528.70,107.30,68.90,131.30,0.7520,-1,-1,-1
226,57,1443.30,63.90,57.50,190.80,0.8550,-1,-1,-1
226,41,445.00,78.00,67.90,190.50,0.8643,-1,-1,-1
226,102,1149.60,76.10,49.50,174.00,0.4736,-1,-1,-1
226,6,876.20,76.60,37.90,176.40,0.2524,-1,-1,-1
226,89,354.70,118.40,127.50,272.90,0.7705,-1,-1,-1
226,31,965.80,62.50,61.90,192.00,0.3408,-1,-1,-1
226,84,850.60,74.60,42.40,174.10,0.4580,-1,-1,-1
227,58,1046.40,98.00,87.90,244.80,0.8169,-1,-1,-1
227,59,140.70,98.20,293.00,747.70,0.8447,-1,-1,-1
227,60,1109.50,84.50,69.20,217.90,0.7349,-1,-1,-1
227,61,1226.40,71.30,66.80,179.20,0.8652,-1,-1,-1
227,1,805.90,75.20,86.90,229.10,0.8193,-1,-1,-1
227,4,749.60,70.40,67.20,190.20,0.7041,-1,-1,-1
227,63,922.10,112.50,105.30,231.50,0.8975,-1,-1,-1
227,64,884.70,73.50,70.50,189.40,0.7373,-1,-1,-1
227,44,791.30,70.60,44.00,183.90,0.5908,-1,-1,-1
227,7,485.90,207.80,223.70,611.10,0.8706,-1,-1,-1
227,131,1260.10,69.50,77.80,183.70,0.8125,-1,-1,-1
227,105,1021.50,57.80,82.20,204.90,0.5620,-1,-1,-1
227,85,76.20,152.00,81.20,151.60,0.8706,-1,-1,-1
227,111,965.70,62.20,61.80,96.70,0.6152,-1,-1,-1
227,117,0.00,153.50,72.30,149.10,0.7324,-1,-1,-1
227,69,512.20,109.20,61.50,116.40,0.7686,-1,-1,-1
227,57,1441.50,63.70,58.20,191.30,0.8682,-1,-1,-1
227,41,432.30,87.50,70.50,197.20,0.7871,-1,-1,-1
227,102,1141.20,68.50,50.90,183.00,0.4358,-1,-1,-1
227,6,875.20,77.60,37.60,174.40,0.3550,-1,-1,-1
227,89,342.70,142.40,122.60,269.70,0.7388,-1,-1,-1
227,31,966.40,63.20,62.70,194.30,0.2854,-1,-1,-1
227,29,626.00,58.10,71.20,195.30,0.8447,-1,-1,-1
227,37,368.10,63.00,57.70,143.20,0.4639,-1,-1,-1
228,58,1048.20,101.80,85.40,240.70,0.7720,-1,-1,-1
228,59,77.20,90.30,307.60,771.00,0.9390,-1,-1,-1
228,60,1109.90,77.90,70.90,225.30,0.7583,-1,-1,-1
228,61,1224.30,71.30,66.70,179.20,0.8760,-1,-1,-1
228,1,805.40,78.20,84.50,226.00,0.7886,-1,-1,-1
228,4,744.70,68.40,67.10,190.50,0.7241,-1,-1,-1
228,63,924.50,114.40,104.70,229.80,0.8975,-1,-1,-1
228,64,883.60,74.80,70.10,188.70,0.8369,-1,-1,-1
228,44,789.90,69.30,44.50,186.00,0.7251,-1,-1,-1
228,7,481.10,207.70,221.10,610.00,0.8354,-1,-1,-1
228,131,1262.30,69.30,77.00,184.10,0.8301,-1,-1,-1
228,105,1024.20,55.40,83.70,210.30,0.5898,-1,-1,-1
228,111,967.20,63.90,59.60,93.20,0.7139,-1,-1,-1
228,117,0.00,154.70,67.50,133.90,0.6479,-1,-1,-1
228,57,1440.80,63.70,58.30,190.80,0.8706,-1,-1,-1
228,102,1142.10,65.10,51.10,186.50,0.5571,-1,-1,-1
228,89,301.30,159.60,124.00,280.60,0.8403,-1,-1,-1
228,31,968.00,61.80,62.20,192.20,0.1238,-1,-1,-1
228,2,676.20,67.30,77.10,191.00,0.8315,-1,-1,-1
228,86,476.10,127.10,70.20,202.10,0.6978,-1,-1,-1
228,37,361.50,60.60,74.60,188.80,0.6885,-1,-1,-1
228,35,587.00,53.10,65.80,199.80,0.8809,-1,-1,-1
228,84,854.90,71.40,42.40,174.00,0.4971,-1,-1,-1
229,58,1041.70,108.60,85.80,239.90,0.7832,-1,-1,-1
229,59,9.80,105.30,323.10,821.60,0.9141,-1,-1,-1
229,60,1111.20,86.50,68.20,216.20,0.7324,-1,-1,-1
229,61,1224.50,71.30,66.50,179.30,0.8613,-1,-1,-1
229,1,808.20,74.50,85.60,229.40,0.8066,-1,-1,-1
229,4,747.90,67.80,66.80,191.90,0.7212,-1,-1,-1
229,63,924.50,116.00,104.40,228.70,0.8789,-1,-1,-1
229,64,880.70,72.30,69.90,189.00,0.7759,-1,-1,-1
229,44,790.00,68.50,44.40,186.20,0.6704,-1,-1,-1
229,7,474.90,210.00,218.90,612.20,0.9194,-1,-1,-1
229,131,1261.70,70.20,75.80,184.30,0.8335,-1,-1,-1
229,105,1026.90,53.50,83.00,210.60,0.6533,-1,-1,-1
229,111,968.10,64.60,58.10,91.40,0.3408,-1,-1,-1
229,57,1441.10,63.10,59.00,191.30,0.8818,-1,-1,-1
229,102,1152.30,65.50,51.10,183.70,0.7725,-1,-1,-1
229,89,314.20,174.30,127.90,284.30,0.8633,-1,-1,-1
229,31,973.30,63.80,61.60,194.30,0.3408,-1,-1,-1
229,2,684.10,72.90,72.70,180.70,0.8066,-1,-1,-1
229,86,461.70,139.70,70.00,200.90,0.8135,-1,-1,-1
229,37,363.60,59.30,70.10,177.30,0.7847,-1,-1,-1
229,84,854.20,67.40,43.80,177.90,0.5679,-1,-1,-1
229,19,555.90,55.90,71.50,188.60,0.8799,-1,-1,-1
229,29,640.20,60.70,72.30,199.60,0.8984,-1,-1,-1
230,58,1044.20,111.90,83.90,236.10,0.8311,-1,-1,-1
230,59,0.00,81.80,311.50,917.10,0.8862,-1,-1,-1
230,60,1111.10,91.40,66.50,211.80,0.7563,-1,-1,-1
230,61,1224.80,71.80,65.80,179.20,0.8608,-1,-1,-1
230,1,807.50,71.10,85.50,231.70,0.8452,-1,-1,-1
230,4,743.70,67.80,66.70,192.00,0.7529,-1,-1,-1
230,63,923.20,113.70,104.80,230.30,0.8926,-1,-1,-1
230,64,880.50,72.90,69.10,188.50,0.8174,-1,-1,-1
230,44,789.00,67.80,44.60,187.80,0.7363,-1,-1,-1
230,7,474.60,210.90,220.90,614.40,0.9365,-1,-1,-1
230,131,1260.90,69.70,74.70,184.90,0.8306,-1,-1,-1
230,105,1028.70,54.90,81.20,208.10,0.6748,-1,-1,-1
230,111,966.40,64.10,56.50,89.30,0.5342,-1,-1,-1
230,57,1440.30,64.20,58.90,190.00,0.8730,-1,-1,-1
230,102,1154.10,62.70,53.50,188.00,0.7910,-1,-1,-1
230,89,336.40,156.90,106.90,239.90,0.8560,-1,-1,-1
230,31,968.90,62.70,61.20,193.50,0.2394,-1,-1,-1
230,86,438.60,153.50,73.20,209.00,0.8682,-1,-1,-1
230,37,368.70,61.50,54.90,136.30,0.4312,-1,-1,-1
230,84,841.70,62.10,47.10,182.80,0.2247,-1,-1,-1
230,68,245.60,173.00,91.90,301.60,0.7808,-1,-1,-1
230,19,524.80,47.00,80.90,214.70,0.8911,-1,-1,-1
230,29,627.30,62.00,74.40,204.00,0.8130,-1,-1,-1
230,88,187.90,168.40,75.80,234.30,0.5020,-1,-1,-1
230,85,93.80,149.60,56.70,99.60,0.6689,-1,-1,-1
231,58,1043.10,114.10,84.30,236.60,0.8491,-1,-1,-1
231,59,0.00,128.30,261.60,926.40,0.7583,-1,-1,-1
231,60,1107.10,73.90,70.60,228.10,0.7881,-1,-1,-1
231,61,1225.80,71.80,65.80,179.10,0.8833,-1,-1,-1
231,1,810.20,85.50,79.50,217.40,0.8765,-1,-1,-1
231,4,741.10,67.40,66.40,192.50,0.8374,-1,-1,-1
231,63,926.20,112.20,103.00,232.20,0.8687,-1,-1,-1
231,64,883.00,77.50,67.70,185.10,0.8027,-1,-1,-1
231,44,787.80,68.70,45.20,187.50,0.7402,-1,-1,-1
231,7,471.20,211.40,223.30,615.10,0.9312,-1,-1,-1
231,131,1263.70,69.60,74.00,184.50,0.8081,-1,-1,-1
231,105,1029.10,58.10,79.00,202.40,0.5430,-1,-1,-1
231,57,1440.20,64.20,59.30,190.00,0.8716,-1,-1,-1
231,102,1151.40,65.50,53.10,184.60,0.6978,-1,-1,-1
231,89,327.70,162.20,96.10,217.40,0.8750,-1,-1,-1
231,31,967.10,60.70,63.30,197.10,0.6094,-1,-1,-1
231,86,408.60,173.00,75.10,213.90,0.8130,-1,-1,-1
231,37,369.30,59.70,61.90,152.70,0.4766,-1,-1,-1
231,84,843.60,74.60,44.90,169.80,0.1379,-1,-1,-1
231,19,506.90,56.20,82.60,220.00,0.8765,-1,-1,-1
231,29,620.30,71.00,73.00,201.40,0.8350,-1,-1,-1
231,88,141.80,165.80,103.60,303.90,0.8843,-1,-1,-1
231,117,5.80,156.60,55.50,106.60,0.7686,-1,-1,-1
231,35,601.00,64.00,52.60,165.50,0.6104,-1,-1,-1
231,2,687.50,57.00,72.90,181.80,0.8193,-1,-1,-1
232,58,1045.40,113.40,82.90,233.10,0.8174,-1,-1,-1
232,60,1103.10,70.20,71.60,232.30,0.8594,-1,-1,-1
232,61,1225.80,71.20,66.40,180.00,0.8896,-1,-1,-1
232,1,812.10,77.90,81.50,223.40,0.8477,-1,-1,-1
232,4,742.30,68.90,65.60,190.80,0.8447,-1,-1,-1
232,63,920.80,110.70,100.50,232.40,0.7788,-1,-1,-1
232,64,884.50,75.30,68.00,187.50,0.7471,-1,-1,-1
232,44,784.80,64.40,46.60,191.60,0.6738,-1,-1,-1
232,7,451.00,213.40,231.00,629.80,0.9224,-1,-1,-1
232,131,1267.40,68.60,73.30,185.70,0.7866,-1,-1,-1
232,105,1029.30,58.60,79.00,203.30,0.5972,-1,-1,-1
232,57,1440.00,64.30,59.70,190.10,0.8750,-1,-1,-1
232,102,1152.70,64.70,54.20,186.40,0.8569,-1,-1,-1
232,89,297.40,176.40,95.50,218.60,0.8530,-1,-1,-1
232,31,965.70,59.80,64.50,199.20,0.8135,-1,-1,-1
232,86,368.00,187.90,82.20,235.30,0.8774,-1,-1,-1
232,37,368.20,59.20,67.10,166.00,0.6460,-1,-1,-1
232,19,483.20,71.20,82.70,219.80,0.8931,-1,-1,-1
232,29,605.40,83.40,77.40,210.80,0.8403,-1,-1,-1
232,117,10.90,154.80,48.80,88.00,0.2153,-1,-1,-1
232,2,664.90,55.50,74.00,185.90,0.8550,-1,-1,-1
232,77,0.00,157.30,169.70,354.50,0.6665,-1,-1,-1
232,85,78.50,151.10,83.40,145.30,0.7285,-1,-1,-1
233,58,1039.60,113.70,85.80,237.80,0.8008,-1,-1,-1
233,60,1106.00,83.40,67.80,219.50,0.7500,-1,-1,-1
233,61,1226.70,71.60,66.60,179.90,0.8862,-1,-1,-1
233,1,809.70,83.50,79.50,218.30,0.8726,-1,-1,-1
233,4,740.10,59.40,68.80,200.40,0.8057,-1,-1,-1
233,63,922.60,114.20,93.80,220.90,0.8774,-1,-1,-1
233,64,884.60,72.20,69.10,191.50,0.8008,-1,-1,-1
233,44,784.80,64.80,46.90,192.50,0.6772,-1,-1,-1
233,7,385.90,213.20,245.40,664.20,0.8936,-1,-1,-1
233,131,1269.50,68.60,72.30,185.40,0.7808,-1,-1,-1
233,105,1032.70,59.20,77.40,200.30,0.5879,-1,-1,-1
233,57,1439.70,64.20,60.20,190.20,0.8706,-1,-1,-1
233,102,1153.50,66.80,54.00,187.60,0.5322,-1,-1,-1
233,89,300.80,199.90,96.40,223.90,0.6104,-1,-1,-1
233,31,963.00,59.70,65.40,200.40,0.7861,-1,-1,-1
233,37,363.90,59.50,76.00,190.70,0.8198,-1,-1,-1
233,19,471.60,91.70,75.10,196.80,0.8706,-1,-1,-1
233,29,587.40,100.70,78.90,215.90,0.8809,-1,-1,-1
233,117,0.00,154.70,73.00,138.20,0.8013,-1,-1,-1
233,2,637.70,53.00,75.40,191.00,0.7842,-1,-1,-1
233,56,557.60,76.80,69.80,191.80,0.7754,-1,-1,-1
233,27,868.20,99.60,33.60,148.40,0.3477,-1,-1,-1
233,85,73.60,150.30,88.70,152.30,0.8359,-1,-1,-1
233,68,275.30,200.50,69.70,223.60,0.5981,-1,-1,-1
234,58,1037.70,114.70,86.20,235.80,0.7266,-1,-1,-1
234,60,1109.00,88.50,65.70,213.60,0.7002,-1,-1,-1
234,61,1225.80,72.00,66.20,179.80,0.8760,-1,-1,-1
234,1,804.40,79.60,81.50,221.40,0.8394,-1,-1,-1
234,4,741.70,63.10,68.10,197.30,0.8452,-1,-1,-1
234,63,929.20,112.60,95.70,228.00,0.8882,-1,-1,-1
234,64,887.30,72.00,69.10,191.30,0.7739,-1,-1,-1
234,44,785.00,65.40,46.60,190.50,0.7285,-1,-1,-1
234,7,313.90,223.80,263.10,719.10,0.8975,-1,-1,-1
234,131,1268.70,70.30,70.90,184.50,0.8232,-1,-1,-1
234,105,1027.70,58.10,79.40,206.50,0.4148,-1,-1,-1
234,57,1439.90,64.50,60.60,189.70,0.8774,-1,-1,-1
234,102,1164.20,70.40,56.70,195.20,0.7690,-1,-1,-1
234,31,964.40,59.80,64.80,198.30,0.4282,-1,-1,-1
234,37,362.60,58.20,75.50,189.60,0.8569,-1,-1,-1
234,19,445.10,107.00,83.30,218.30,0.8687,-1,-1,-1
234,29,565.70,120.80,81.90,221.30,0.8716,-1,-1,-1
234,117,0.00,153.70,76.40,148.80,0.7993,-1,-1,-1
234,56,536.00,92.70,74.00,203.80,0.7964,-1,-1,-1
234,27,868.20,84.30,35.90,158.90,0.2386,-1,-1,-1
234,85,71.70,149.10,91.90,156.10,0.8481,-1,-1,-1
234,45,1137.20,54.90,57.80,209.00,0.5571,-1,-1,-1
234,129,1038.90,59.80,70.20,96.90,0.3108,-1,-1,-1
234,68,267.40,203.30,80.10,252.80,0.7295,-1,-1,-1
234,6,873.70,79.20,37.80,172.30,0.6875,-1,-1,-1
234,111,963.20,61.60,67.00,106.90,0.5786,-1,-1,-1
234,35,597.80,51.80,61.20,191.70,0.8125,-1,-1,-1
235,58,1044.70,113.90,84.90,234.10,0.8193,-1,-1,-1
235,60,1110.00,91.00,65.10,213.10,0.8037,-1,-1,-1
235,61,1229.30,71.80,65.20,179.30,0.8423,-1,-1,-1
235,1,799.90,77.30,82.40,223.20,0.8662,-1,-1,-1
235,4,744.30,67.70,66.80,192.80,0.7861,-1,-1,-1
235,63,941.40,112.20,95.40,229.10,0.8750,-1,-1,-1
235,64,886.60,72.10,69.60,192.00,0.7544,-1,-1,-1
235,44,786.60,65.70,45.40,188.40,0.4990,-1,-1,-1
235,7,243.00,215.50,286.60,789.20,0.9121,-1,-1,-1
235,131,1268.80,70.00,69.10,184.00,0.7661,-1,-1,-1
235,105,1027.60,56.80,79.40,206.30,0.5776,-1,-1,-1
235,57,1438.90,64.30,60.90,189.70,0.8760,-1,-1,-1
235,102,1163.50,73.60,57.50,197.30,0.4619,-1,-1,-1
235,31,977.70,61.40,54.90,166.40,0.2466,-1,-1,-1
235,37,362.30,59.50,77.20,196.10,0.8237,-1,-1,-1
235,19,423.80,124.50,88.20,233.30,0.8740,-1,-1,-1
235,29,545.30,141.40,84.80,230.40,0.8901,-1,-1,-1
235,117,0.00,153.10,77.30,154.60,0.8350,-1,-1,-1
235,56,512.20,110.30,77.40,214.10,0.7695,-1,-1,-1
235,27,862.50,79.30,36.80,163.20,0.1371,-1,-1,-1
235,85,69.50,150.10,93.30,157.50,0.8540,-1,-1,-1
235,45,1150.50,68.10,53.60,194.20,0.1796,-1,-1,-1
235,129,1038.50,59.00,71.00,98.20,0.1531,-1,-1,-1
235,13,683.60,48.80,65.00,204.80,0.8472,-1,-1,-1
235,90,1087.40,69.70,32.60,61.90,0.3979,-1,-1,-1
235,6,876.20,82.90,36.80,165.70,0.5439,-1,-1,-1
235,111,970.60,61.60,62.30,99.20,0.4331,-1,-1,-1
235,35,584.70,48.60,62.00,190.80,0.8115,-1,-1,-1
235,84,847.80,78.00,42.70,163.40,0.6084,-1,-1,-1
235,88,163.40,202.70,95.00,272.70,0.8765,-1,-1,-1
236,58,1045.30,115.70,83.50,230.70,0.8135,-1,-1,-1
236,60,1110.50,92.00,64.70,211.80,0.7847,-1,-1,-1
236,61,1232.70,71.60,62.60,176.40,0.7686,-1,-1,-1
236,1,798.30,74.40,83.50,227.80,0.7686,-1,-1,-1
236,4,743.90,69.80,66.80,190.90,0.7852,-1,-1,-1
236,63,944.90,112.00,94.60,229.20,0.8750,-1,-1,-1
236,64,891.40,72.60,68.60,190.20,0.7959,-1,-1,-1
236,44,789.40,68.40,44.60,184.60,0.3098,-1,-1,-1
236,7,130.90,211.20,310.60,844.00,0.9316,-1,-1,-1
236,131,1268.90,71.60,67.90,182.70,0.8262,-1,-1,-1
236,105,1028.10,58.80,78.40,203.60,0.4475,-1,-1,-1
236,57,1438.20,63.80,61.60,190.20,0.8696,-1,-1,-1
236,102,1176.30,71.90,56.80,195.40,0.2310,-1,-1,-1
236,31,978.20,61.60,60.60,183.80,0.3523,-1,-1,-1
236,37,367.80,58.60,66.10,164.50,0.4016,-1,-1,-1
236,19,393.10,143.90,94.90,252.40,0.8765,-1,-1,-1
236,29,522.40,162.00,88.90,239.10,0.8521,-1,-1,-1
236,117,0.00,152.10,74.20,150.70,0.7002,-1,-1,-1
236,56,486.50,129.70,79.50,221.30,0.8032,-1,-1,-1
236,85,79.80,151.70,74.70,117.20,0.5815,-1,-1,-1
236,45,1151.70,68.80,51.10,185.10,0.6929,-1,-1,-1
236,129,1039.30,58.80,69.40,95.80,0.4006,-1,-1,-1
236,13,660.30,47.30,66.40,208.80,0.8848,-1,-1,-1
236,90,1085.50,69.60,34.50,65.60,0.3191,-1,-1,-1
236,6,875.60,77.00,39.30,175.10,0.7358,-1,-1,-1
236,111,975.40,61.30,63.60,102.10,0.4407,-1,-1,-1
236,35,568.30,47.00,64.00,193.10,0.8589,-1,-1,-1
236,32,1201.00,100.30,50.20,210.10,0.6387,-1,-1,-1
237,58,1046.00,112.60,85.00,236.40,0.8262,-1,-1,-1
237,60,1110.50,90.60,64.90,212.30,0.7720,-1,-1,-1
237,61,1229.00,66.50,63.50,181.80,0.3960,-1,-1,-1
237,1,798.00,74.90,83.30,227.60,0.8237,-1,-1,-1
237,4,744.70,71.60,66.10,189.00,0.3774,-1,-1,-1
237,63,944.30,111.40,94.10,230.00,0.8887,-1,-1,-1
237,64,893.80,72.20,67.90,188.70,0.7925,-1,-1,-1
237,44,789.10,69.00,44.00,184.80,0.3408,-1,-1,-1
237,7,36.60,226.40,312.20,850.20,0.9072,-1,-1,-1
237,131,1270.80,71.20,67.20,183.30,0.8062,-1,-1,-1
237,105,1031.00,58.40,77.60,201.70,0.6626,-1,-1,-1
237,57,1436.90,64.10,62.00,190.10,0.8774,-1,-1,-1
237,31,978.10,60.90,58.90,176.90,0.4485,-1,-1,-1
237,37,364.80,58.30,71.10,177.10,0.8398,-1,-1,-1
237,19,359.30,169.00,97.60,256.50,0.9019,-1,-1,-1
237,29,496.80,182.60,90.20,242.30,0.8618,-1,-1,-1
237,117,4.70,154.00,61.80,112.30,0.5571,-1,-1,-1
237,56,457.60,148.20,79.80,222.80,0.8418,-1,-1,-1
237,85,73.80,151.10,88.60,138.80,0.8354,-1,-1,-1
237,45,1151.30,67.30,51.40,185.60,0.7622,-1,-1,-1
237,129,1039.20,59.50,69.60,96.10,0.1105,-1,-1,-1
237,13,633.20,45.70,68.60,215.00,0.8569,-1,-1,-1
237,90,1089.50,78.00,31.60,60.20,0.1624,-1,-1,-1
237,6,878.40,76.40,40.10,176.00,0.7100,-1,-1,-1
237,111,974.20,60.40,66.00,107.20,0.4707,-1,-1,-1
237,35,545.40,42.80,67.90,202.30,0.8687,-1,-1,-1
237,32,1206.50,116.60,51.90,214.20,0.7163,-1,-1,-1
238,58,1045.10,112.20,83.90,232.60,0.8154,-1,-1,-1
238,60,1109.30,87.10,66.40,216.40,0.8076,-1,-1,-1
238,61,1216.00,58.00,67.40,189.50,0.4465,-1,-1,-1
238,1,796.40,74.60,83.40,227.50,0.8374,-1,-1,-1
238,4,745.00,72.10,65.80,186.70,0.6299,-1,-1,-1
238,63,944.50,111.80,93.90,230.30,0.8911,-1,-1,-1
238,64,889.70,70.70,69.70,192.50,0.7720,-1,-1,-1
238,44,790.00,68.40,42.80,182.80,0.3157,-1,-1,-1
238,7,0.00,267.10,270.20,812.90,0.7939,-1,-1,-1
238,131,1272.30,71.20,66.70,183.70,0.8423,-1,-1,-1
238,105,1029.90,55.90,78.60,206.00,0.4302,-1,-1,-1
238,57,1436.10,63.80,62.60,190.90,0.8833,-1,-1,-1
238,31,977.90,59.70,58.50,174.10,0.2705,-1,-1,-1
238,37,361.60,58.90,77.10,194.30,0.8218,-1,-1,-1
238,117,0.00,152.10,75.30,142.10,0.8315,-1,-1,-1
238,56,444.80,183.00,87.70,243.40,0.8750,-1,-1,-1
238,85,70.50,150.70,94.20,147.60,0.8789,-1,-1,-1
238,45,1151.60,67.90,52.50,188.50,0.8169,-1,-1,-1
238,129,1038.30,57.70,70.30,97.10,0.1334,-1,-1,-1
238,13,612.20,38.60,71.20,222.70,0.8848,-1,-1,-1
238,6,875.40,73.90,40.60,178.20,0.6094,-1,-1,-1
238,111,973.80,60.10,65.80,108.10,0.4834,-1,-1,-1
238,35,522.40,39.70,72.10,215.10,0.8823,-1,-1,-1
238,32,1217.00,132.70,53.80,218.30,0.7886,-1,-1,-1
238,68,292.10,187.20,84.90,263.80,0.9048,-1,-1,-1
239,58,1047.10,113.40,82.70,229.00,0.8174,-1,-1,-1
239,60,1110.00,89.20,65.60,213.80,0.7861,-1,-1,-1
239,61,1209.20,53.30,75.50,211.60,0.4873,-1,-1,-1
239,1,796.90,76.70,82.30,225.50,0.8521,-1,-1,-1
239,4,738.20,71.20,65.00,186.80,0.7026,-1,-1,-1
239,63,945.60,110.80,93.60,230.40,0.8896,-1,-1,-1
239,64,889.00,71.90,69.60,192.40,0.7939,-1,-1,-1
239,44,782.80,71.80,42.40,182.40,0.1550,-1,-1,-1
239,131,1273.30,70.30,66.10,184.10,0.8188,-1,-1,-1
239,105,1029.50,56.40,76.00,197.90,0.4514,-1,-1,-1
239,57,1432.70,63.40,63.10,191.80,0.8799,-1,-1,-1
239,31,977.70,59.60,58.50,169.70,0.2261,-1,-1,-1
239,37,366.00,59.70,72.00,180.80,0.7676,-1,-1,-1
239,117,0.00,152.30,78.10,153.00,0.8301,-1,-1,-1
239,56,399.40,197.70,92.00,255.70,0.7568,-1,-1,-1
239,85,69.60,151.40,97.30,152.40,0.8633,-1,-1,-1
239,45,1153.30,66.30,53.80,195.10,0.7007,-1,-1,-1
239,129,1041.20,58.90,67.30,93.20,0.1683,-1,-1,-1
239,6,874.30,76.60,39.70,173.70,0.6372,-1,-1,-1
239,111,972.50,59.50,59.10,96.90,0.5991,-1,-1,-1
239,35,495.30,36.70,75.90,224.30,0.9082,-1,-1,-1
239,32,1227.60,149.40,55.10,219.20,0.7969,-1,-1,-1
239,68,770.00,72.10,45.60,186.00,0.6426,-1,-1,-1
239,89,205.30,187.60,122.20,273.30,0.8311,-1,-1,-1
239,2,582.20,38.70,85.90,220.60,0.8623,-1,-1,-1
239,102,1176.10,85.90,55.70,188.00,0.4121,-1,-1,-1
239,19,343.50,203.30,91.70,248.90,0.5928,-1,-1,-1
239,90,1085.60,74.70,34.80,66.70,0.3354,-1,-1,-1
240,58,1045.30,112.90,85.40,237.10,0.7881,-1,-1,-1
240,60,1109.40,89.60,66.00,214.90,0.8354,-1,-1,-1
240,61,1207.40,51.80,76.90,212.60,0.7773,-1,-1,-1
240,1,796.30,78.10,81.50,224.50,0.8271,-1,-1,-1
240,4,740.80,80.70,61.90,179.60,0.2744,-1,-1,-1
240,63,947.50,112.00,92.50,229.90,0.8926,-1,-1,-1
240,64,885.20,70.50,69.80,193.00,0.8140,-1,-1,-1
240,131,1275.60,70.70,65.20,181.60,0.8066,-1,-1,-1
240,105,1031.00,56.30,77.70,201.20,0.4707,-1,-1,-1
240,57,1429.70,64.00,62.70,190.10,0.8730,-1,-1,-1
240,31,973.60,57.60,60.40,173.00,0.2766,-1,-1,-1
240,37,362.80,59.50,77.50,196.50,0.8643,-1,-1,-1
240,117,0.00,152.60,78.80,156.80,0.7695,-1,-1,-1
240,85,68.00,152.60,97.70,153.80,0.7827,-1,-1,-1
240,45,1153.30,66.80,52.30,188.50,0.7163,-1,-1,-1
240,129,1040.60,57.60,73.80,102.10,0.2751,-1,-1,-1
240,6,870.50,75.80,39.00,170.90,0.5312,-1,-1,-1
240,111,971.80,60.40,58.70,94.70,0.5859,-1,-1,-1
240,35,471.60,40.80,79.70,236.30,0.8882,-1,-1,-1
240,32,1235.70,166.80,58.80,227.70,0.7393,-1,-1,-1
240,100,931.70,78.30,44.00,160.80,0.7051,-1,-1,-1
240,68,300.50,197.80,89.00,266.80,0.7886,-1,-1,-1
240,2,576.60,47.60,85.00,220.70,0.8218,-1,-1,-1
240,19,319.10,204.00,95.40,263.70,0.1339,-1,-1,-1
240,88,112.70,186.10,110.70,286.60,0.8750,-1,-1,-1
241,58,1042.40,111.50,86.80,241.30,0.8003,-1,-1,-1
241,60,1111.50,88.90,66.50,215.00,0.7778,-1,-1,-1
241,61,1201.80,52.60,73.90,205.50,0.8145,-1,-1,-1
241,1,798.40,86.00,78.60,216.40,0.8447,-1,-1,-1
241,63,946.10,111.60,92.20,230.70,0.8774,-1,-1,-1
241,64,882.00,63.10,72.30,200.50,0.8423,-1,-1,-1
241,105,1027.00,56.90,77.50,203.20,0.5581,-1,-1,-1
241,57,1429.60,64.40,62.50,188.70,0.8335,-1,-1,-1
241,31,973.80,57.70,55.70,155.30,0.2847,-1,-1,-1
241,37,361.10,59.40,78.60,201.10,0.8540,-1,-1,-1
241,85,73.40,153.10,91.30,142.90,0.3477,-1,-1,-1
241,45,1159.70,68.50,50.10,180.80,0.6470,-1,-1,-1
241,129,1017.30,56.20,118.20,169.00,0.5078,-1,-1,-1
241,6,867.10,71.30,39.80,172.50,0.2659,-1,-1,-1
241,111,969.50,58.80,61.70,99.10,0.7256,-1,-1,-1
241,35,453.40,44.60,81.20,239.70,0.8940,-1,-1,-1
241,32,1259.40,184.50,61.10,232.40,0.8037,-1,-1,-1
241,100,929.50,78.90,44.20,161.80,0.6069,-1,-1,-1
241,68,760.90,71.00,50.20,189.20,0.7441,-1,-1,-1
241,2,563.50,58.60,86.90,228.00,0.7822,-1,-1,-1
241,77,0.00,179.50,175.30,305.00,0.9136,-1,-1,-1
241,84,851.80,73.50,41.70,164.10,0.4368,-1,-1,-1
241,89,186.10,197.40,125.40,279.00,0.4524,-1,-1,-1
242,58,1046.70,108.80,86.40,242.40,0.8286,-1,-1,-1
242,60,1111.50,90.80,66.40,212.40,0.8066,-1,-1,-1
242,61,1203.90,52.80,73.00,202.10,0.7744,-1,-1,-1
242,1,797.00,82.20,80.00,220.10,0.8501,-1,-1,-1
242,63,943.30,112.70,91.60,229.50,0.9019,-1,-1,-1
242,64,881.60,67.70,70.70,195.60,0.8374,-1,-1,-1
242,105,1032.10,56.20,77.00,201.20,0.6567,-1,-1,-1
242,57,1434.50,65.20,62.60,188.50,0.8184,-1,-1,-1
242,31,974.30,61.10,55.10,151.10,0.3611,-1,-1,-1
242,37,360.00,59.60,78.00,202.80,0.8608,-1,-1,-1
242,85,72.70,152.80,91.80,144.10,0.2612,-1,-1,-1
242,45,1156.70,67.10,50.40,182.90,0.6187,-1,-1,-1
242,6,868.80,64.50,41.10,179.70,0.3513,-1,-1,-1
242,111,970.70,60.00,61.60,99.30,0.5737,-1,-1,-1
242,35,430.90,58.00,81.30,238.90,0.8579,-1,-1,-1
242,32,1286.50,195.50,63.10,235.00,0.8164,-1,-1,-1
242,100,929.90,77.40,44.40,162.90,0.7471,-1,-1,-1
242,68,756.70,69.80,52.70,192.70,0.8174,-1,-1,-1
242,71,641.40,65.80,70.20,188.00,0.8447,-1,-1,-1
242,112,1248.00,79.20,47.70,172.30,0.6851,-1,-1,-1
242,94,1098.60,65.00,45.00,82.80,0.5254,-1,-1,-1
242,77,0.00,157.40,128.80,330.10,0.6978,-1,-1,-1
242,84,853.30,71.40,41.40,166.70,0.4534,-1,-1,-1
242,69,461.80,70.40,94.60,187.60,0.7676,-1,-1,-1
242,13,546.90,76.30,72.60,226.60,0.8608,-1,-1,-1
242,131,1285.50,68.60,54.30,150.40,0.4766,-1,-1,-1
242,117,4.10,154.40,78.30,152.90,0.4922,-1,-1,-1
242,88,100.50,195.90,114.20,292.50,0.6792,-1,-1,-1
243,58,1047.60,109.70,85.80,241.30,0.8228,-1,-1,-1
243,60,1108.80,84.90,68.60,218.00,0.7881,-1,-1,-1
243,61,1204.80,53.70,72.50,200.50,0.7153,-1,-1,-1
243,1,796.80,82.20,80.00,220.20,0.8540,-1,-1,-1
243,63,943.30,113.60,91.20,229.50,0.8955,-1,-1,-1
243,64,883.10,69.40,70.70,194.40,0.7808,-1,-1,-1
243,105,1031.20,55.80,77.60,202.30,0.5957,-1,-1,-1
243,57,1449.10,64.40,63.90,189.80,0.7686,-1,-1,-1
243,31,973.90,61.70,55.00,148.10,0.3584,-1,-1,-1
243,37,361.40,61.20,77.00,204.40,0.8066,-1,-1,-1
243,85,73.40,153.30,91.10,142.80,0.7773,-1,-1,-1
243,45,1152.90,67.10,50.80,183.00,0.7881,-1,-1,-1
243,6,868.00,66.20,40.70,179.80,0.5728,-1,-1,-1
243,111,970.00,60.90,61.90,99.50,0.6680,-1,-1,-1
243,35,413.10,73.70,83.00,244.40,0.8242,-1,-1,-1
243,32,1315.40,201.70,65.60,239.10,0.8862,-1,-1,-1
243,100,924.20,75.80,43.90,162.40,0.4961,-1,-1,-1
243,68,755.40,69.90,54.10,192.70,0.7778,-1,-1,-1
243,71,614.80,63.40,72.00,193.30,0.8418,-1,-1,-1
243,112,1248.10,85.30,45.40,164.10,0.5234,-1,-1,-1
243,94,1103.40,66.90,42.60,78.50,0.2000,-1,-1,-1
243,77,0.00,178.60,135.60,324.30,0.8169,-1,-1,-1
243,13,528.40,87.90,77.00,240.70,0.8970,-1,-1,-1
243,131,1283.40,69.90,61.60,172.50,0.7461,-1,-1,-1
243,27,841.50,60.10,42.20,184.50,0.6460,-1,-1,-1
244,58,1042.90,108.50,85.60,238.20,0.8110,-1,-1,-1
244,60,1109.50,87.60,68.10,215.40,0.7646,-1,-1,-1
244,61,1205.90,52.80,72.90,200.10,0.7759,-1,-1,-1
244,1,795.30,80.00,80.80,221.80,0.8091,-1,-1,-1
244,63,944.00,113.20,90.60,229.00,0.8823,-1,-1,-1
244,64,883.20,71.20,69.70,192.10,0.7671,-1,-1,-1
244,105,1033.30,57.50,76.90,200.90,0.5312,-1,-1,-1
244,57,1469.20,65.60,63.80,189.60,0.8057,-1,-1,-1
244,31,972.10,61.40,57.30,152.20,0.3242,-1,-1,-1
244,37,361.50,62.00,74.40,201.10,0.1101,-1,-1,-1
244,85,71.00,153.60,93.90,147.00,0.8511,-1,-1,-1
244,45,1155.90,66.30,52.10,185.70,0.8428,-1,-1,-1
244,111,968.80,61.70,61.90,98.60,0.6270,-1,-1,-1
244,35,387.00,93.00,85.70,244.50,0.6680,-1,-1,-1
244,32,1345.70,205.80,68.30,242.40,0.8296,-1,-1,-1
244,100,925.40,74.00,44.10,163.90,0.6152,-1,-1,-1
244,68,757.80,68.90,55.30,192.90,0.6953,-1,-1,-1
244,71,586.80,57.00,74.70,201.00,0.8560,-1,-1,-1
244,112,1243.90,83.20,46.00,166.40,0.5498,-1,-1,-1
244,94,1100.80,68.20,42.90,79.40,0.2372,-1,-1,-1
244,13,509.50,106.40,77.90,243.90,0.8784,-1,-1,-1
244,131,1278.20,70.30,64.00,180.20,0.8169,-1,-1,-1
244,27,841.20,63.30,42.20,181.20,0.5215,-1,-1,-1
244,41,332.80,94.50,70.30,204.30,0.6636,-1,-1,-1
244,117,0.00,153.70,75.40,151.40,0.8193,-1,-1,-1
245,58,1046.00,108.10,85.70,240.20,0.8271,-1,-1,-1
245,60,1109.20,88.70,68.00,214.60,0.7642,-1,-1,-1
245,61,1205.30,52.70,73.20,200.40,0.7871,-1,-1,-1
245,1,793.00,83.00,80.70,219.50,0.7705,-1,-1,-1
245,63,945.60,113.00,90.60,228.90,0.8833,-1,-1,-1
245,64,884.10,74.30,68.70,189.50,0.7710,-1,-1,-1
245,105,1034.90,58.50,75.90,199.00,0.4658,-1,-1,-1
245,57,1482.00,68.20,64.20,185.10,0.7402,-1,-1,-1
245,31,972.60,60.60,59.90,158.90,0.3408,-1,-1,-1
245,37,365.40,61.10,78.50,212.70,0.1536,-1,-1,-1
245,85,69.70,154.40,95.70,149.80,0.8442,-1,-1,-1
245,45,1155.20,65.40,53.30,187.50,0.8633,-1,-1,-1
245,111,970.90,61.20,60.70,97.50,0.5312,-1,-1,-1
245,35,361.90,108.90,89.10,252.80,0.8389,-1,-1,-1
245,32,1379.60,207.30,73.70,250.50,0.8931,-1,-1,-1
245,100,922.30,72.30,44.10,165.40,0.2338,-1,-1,-1
245,68,756.00,69.70,56.60,191.60,0.3831,-1,-1,-1
245,71,561.10,55.10,77.20,207.60,0.8633,-1,-1,-1
245,112,1243.40,86.70,44.70,162.30,0.5928,-1,-1,-1
245,94,1103.90,68.30,43.20,79.80,0.1002,-1,-1,-1
245,13,486.00,125.00,81.60,253.80,0.8984,-1,-1,-1
245,131,1277.00,71.00,65.30,183.10,0.8271,-1,-1,-1
245,119,1040.00,58.40,74.00,106.70,0.3345,-1,-1,-1
245,117,0.00,153.60,72.60,148.50,0.7949,-1,-1,-1
245,44,774.10,72.70,45.10,187.90,0.5303,-1,-1,-1
245,4,740.70,51.40,67.40,202.60,0.4746,-1,-1,-1
245,84,860.70,75.10,40.40,165.70,0.4436,-1,-1,-1
245,6,869.60,76.80,38.80,171.40,0.5303,-1,-1,-1
246,58,1048.80,104.50,85.50,241.20,0.8589,-1,-1,-1
246,60,1108.60,90.30,66.90,212.10,0.7622,-1,-1,-1
246,61,1205.30,54.00,72.90,199.40,0.7871,-1,-1,-1
246,1,800.10,80.60,81.70,221.00,0.8267,-1,-1,-1
246,63,949.60,112.20,90.70,230.50,0.8818,-1,-1,-1
246,64,884.40,72.50,69.30,192.50,0.7871,-1,-1,-1
246,105,1036.20,59.40,76.20,199.70,0.6460,-1,-1,-1
246,57,1492.20,68.50,64.30,183.90,0.7925,-1,-1,-1
246,31,969.70,61.70,60.10,155.50,0.1357,-1,-1,-1
246,37,364.90,60.00,76.30,207.70,0.8540,-1,-1,-1
246,85,69.60,154.10,96.40,150.90,0.8687,-1,-1,-1
246,45,1154.50,65.30,53.50,187.30,0.8687,-1,-1,-1
246,111,972.10,62.10,59.50,94.70,0.5322,-1,-1,-1
246,35,326.60,122.50,92.60,258.40,0.8872,-1,-1,-1
246,32,1424.50,210.20,79.10,260.70,0.8901,-1,-1,-1
246,68,756.10,67.40,58.70,193.40,0.7622,-1,-1,-1
246,71,550.00,65.50,78.80,212.20,0.8726,-1,-1,-1
246,112,1246.40,92.00,42.60,156.00,0.6538,-1,-1,-1
246,94,1105.40,68.00,40.00,73.80,0.2134,-1,-1,-1
246,13,455.90,149.20,83.00,257.10,0.8887,-1,-1,-1
246,131,1278.40,70.30,66.10,185.00,0.8110,-1,-1,-1
246,119,1039.10,59.10,75.80,109.10,0.1321,-1,-1,-1
246,117,0.00,152.90,71.60,147.80,0.8184,-1,-1,-1
246,4,715.00,47.00,69.10,207.10,0.8857,-1,-1,-1
246,84,861.00,71.10,41.90,172.20,0.6860,-1,-1,-1
246,129,999.10,63.60,129.70,195.50,0.4524,-1,-1,-1
246,89,166.90,147.60,103.40,229.70,0.8887,-1,-1,-1
247,58,1047.00,104.10,86.10,244.80,0.8237,-1,-1,-1
247,60,1108.20,90.60,66.90,211.70,0.8203,-1,-1,-1
247,61,1209.20,55.00,72.90,198.70,0.7798,-1,-1,-1
247,1,803.50,71.80,84.60,230.90,0.8354,-1,-1,-1
247,63,955.80,112.50,90.30,230.20,0.8965,-1,-1,-1
247,64,882.50,68.40,70.70,196.80,0.8164,-1,-1,-1
247,105,1037.50,59.70,75.60,197.50,0.6387,-1,-1,-1
247,57,1498.20,70.60,63.50,181.70,0.8384,-1,-1,-1
247,31,964.50,60.00,69.30,178.10,0.1163,-1,-1,-1
247,37,367.20,59.60,68.00,185.10,0.5918,-1,-1,-1
247,85,51.80,156.50,127.30,205.40,0.5293,-1,-1,-1
247,45,1154.90,65.50,54.20,187.90,0.8560,-1,-1,-1
247,111,970.60,60.80,59.80,94.50,0.5215,-1,-1,-1
247,35,282.60,134.30,96.10,268.50,0.8276,-1,-1,-1
247,32,1474.30,211.20,87.60,275.30,0.8413,-1,-1,-1
247,68,757.70,68.80,59.60,193.30,0.7363,-1,-1,-1
247,71,543.00,78.60,80.10,216.90,0.8623,-1,-1,-1
247,112,1239.60,68.70,49.00,179.30,0.3970,-1,-1,-1
247,94,1108.30,65.80,38.50,70.20,0.2983,-1,-1,-1
247,13,412.80,167.60,86.50,261.20,0.8799,-1,-1,-1
247,131,1275.40,70.40,66.70,185.80,0.8203,-1,-1,-1
247,119,1039.70,59.40,74.60,107.50,0.1987,-1,-1,-1
247,117,0.00,152.90,73.00,151.70,0.7754,-1,-1,-1
247,4,721.00,54.50,63.90,196.50,0.7310,-1,-1,-1
247,84,869.70,69.20,42.80,179.00,0.2372,-1,-1,-1
247,86,800.10,78.00,42.60,173.00,0.4321,-1,-1,-1
248,58,1047.60,102.50,85.70,244.40,0.8579,-1,-1,-1
248,60,1108.10,90.80,66.80,211.40,0.8301,-1,-1,-1
248,61,1212.90,56.40,72.50,197.10,0.8262,-1,-1,-1
248,1,805.90,74.70,83.40,227.90,0.8271,-1,-1,-1
248,63,959.70,114.70,88.80,228.80,0.8970,-1,-1,-1
248,64,883.40,67.70,70.90,198.00,0.7388,-1,-1,-1
248,105,1037.60,58.40,76.10,199.10,0.5938,-1,-1,-1
248,57,1513.80,73.00,64.00,179.50,0.7871,-1,-1,-1
248,31,965.20,59.90,72.20,186.00,0.1285,-1,-1,-1
248,37,365.00,58.70,72.00,197.50,0.8428,-1,-1,-1
248,85,62.10,155.20,110.30,176.90,0.8525,-1,-1,-1
248,45,1154.80,65.20,54.90,187.60,0.8613,-1,-1,-1
248,111,970.40,60.70,61.20,96.60,0.6387,-1,-1,-1
248,35,235.10,150.00,96.80,266.10,0.7549,-1,-1,-1
248,32,1534.60,209.90,93.90,290.60,0.8833,-1,-1,-1
248,68,328.10,175.00,91.10,273.80,0.8530,-1,-1,-1
248,71,535.10,94.00,82.00,223.20,0.8374,-1,-1,-1
248,94,1107.70,64.00,39.80,71.30,0.2000,-1,-1,-1
248,131,1277.40,71.30,66.70,185.10,0.8447,-1,-1,-1
248,119,1040.90,59.50,72.20,103.70,0.2407,-1,-1,-1
248,117,0.00,153.70,73.80,156.10,0.8159,-1,-1,-1
248,4,706.20,55.10,62.60,194.40,0.6899,-1,-1,-1
248,84,869.30,67.00,43.80,183.40,0.5000,-1,-1,-1
248,86,799.70,80.90,42.00,171.40,0.4141,-1,-1,-1
248,29,652.60,45.80,80.50,211.10,0.8774,-1,-1,-1
249,58,1047.80,104.50,85.60,243.70,0.8496,-1,-1,-1
249,60,1108.00,91.40,66.90,210.30,0.8413,-1,-1,-1
249,61,1215.70,56.70,72.50,196.30,0.8589,-1,-1,-1
249,1,806.30,75.60,82.90,226.30,0.8066,-1,-1,-1
249,63,959.90,116.20,88.70,227.40,0.8633,-1,-1,-1
249,64,885.90,72.80,68.70,191.40,0.6372,-1,-1,-1
249,105,1035.60,57.00,77.40,203.30,0.5591,-1,-1,-1
249,57,1533.70,75.80,64.20,176.10,0.8223,-1,-1,-1
249,37,364.10,59.30,73.10,200.70,0.7974,-1,-1,-1
249,85,64.90,155.00,101.30,162.80,0.7886,-1,-1,-1
249,45,1155.10,65.10,55.40,187.60,0.8750,-1,-1,-1
249,111,969.50,60.60,61.50,97.90,0.7031,-1,-1,-1
249,35,241.10,165.70,105.00,282.40,0.8682,-1,-1,-1
249,32,1602.90,208.40,99.40,305.80,0.8882,-1,-1,-1
249,68,758.20,70.10,60.00,191.70,0.7393,-1,-1,-1
249,71,527.80,110.60,83.10,226.80,0.8931,-1,-1,-1
249,94,1117.40,63.10,34.00,59.40,0.1238,-1,-1,-1
249,131,1278.70,71.00,66.70,184.50,0.8501,-1,-1,-1
249,119,1040.00,58.10,71.80,103.00,0.3887,-1,-1,-1
249,117,0.00,152.90,74.70,156.30,0.7983,-1,-1,-1
249,4,689.80,52.90,61.70,195.60,0.5767,-1,-1,-1
249,84,866.20,65.10,45.00,185.20,0.4883,-1,-1,-1
249,86,799.70,79.40,42.80,175.00,0.1907,-1,-1,-1
249,29,638.50,41.10,85.10,223.20,0.8428,-1,-1,-1
249,89,140.00,165.50,121.70,268.40,0.8521,-1,-1,-1
250,58,1046.50,104.70,83.30,240.20,0.8447,-1,-1,-1
250,60,1109.90,92.30,67.10,210.20,0.8062,-1,-1,-1
250,61,1217.40,56.90,72.20,195.90,0.8501,-1,-1,-1
250,1,803.40,76.30,82.80,226.60,0.8262,-1,-1,-1
250,63,957.60,116.60,89.40,227.20,0.8823,-1,-1,-1
250,64,884.80,75.20,68.00,191.00,0.7861,-1,-1,-1
250,105,1021.60,61.10,73.80,198.60,0.7529,-1,-1,-1
250,57,1554.00,82.80,61.50,169.10,0.7778,-1,-1,-1
250,37,364.70,59.60,73.20,202.10,0.8057,-1,-1,-1
250,45,1154.50,66.10,56.00,187.20,0.8706,-1,-1,-1
250,111,971.90,61.50,59.00,94.00,0.7974,-1,-1,-1
250,68,758.80,70.30,59.90,191.00,0.7549,-1,-1,-1
250,71,516.00,132.40,83.40,228.70,0.8643,-1,-1,-1
250,94,1117.00,64.50,36.30,62.60,0.1002,-1,-1,-1
250,131,1279.70,71.70,66.70,183.40,0.8330,-1,-1,-1
250,119,1047.40,58.50,64.80,93.80,0.1577,-1,-1,-1
250,117,0.00,154.50,72.40,152.80,0.7583,-1,-1,-1
250,4,696.60,54.40,63.90,198.90,0.8057,-1,-1,-1
250,84,871.90,79.30,41.40,172.10,0.5400,-1,-1,-1
250,86,799.60,78.30,42.10,172.70,0.1566,-1,-1,-1
250,29,635.20,50.80,86.70,228.00,0.8169,-1,-1,-1
250,89,147.10,170.80,132.60,288.10,0.9019,-1,-1,-1
250,88,61.50,172.40,115.90,291.90,0.8682,-1,-1,-1
250,27,844.30,60.90,43.10,181.70,0.6309,-1,-1,-1
251,65,1185.00,154.50,97.50,236.30,0.9028,-1,-1,-1
251,66,1426.50,110.30,73.50,190.50,0.8940,-1,-1,-1
251,35,1746.00,83.20,111.00,240.00,0.8882,-1,-1,-1
251,8,139.10,115.50,62.70,132.70,0.8706,-1,-1,-1
251,7,337.50,125.60,72.00,172.20,0.8633,-1,-1,-1
251,67,1354.50,169.50,93.00,252.00,0.8633,-1,-1,-1
251,83,920.20,128.50,79.60,132.10,0.8413,-1,-1,-1
251,56,1668.00,11.20,72.00,197.70,0.8389,-1,-1,-1
251,12,802.50,129.60,60.00,120.00,0.8359,-1,-1,-1
251,29,1312.50,159.40,69.00,235.10,0.8228,-1,-1,-1
251,68,1463.20,25.10,70.60,173.10,0.8140,-1,-1,-1
251,45,277.50,130.70,51.70,111.70,0.8057,-1,-1,-1
251,58,1255.50,64.50,57.00,176.30,0.8008,-1,-1,-1
251,17,461.20,112.10,60.00,144.40,0.7905,-1,-1,-1
251,4,631.10,138.80,67.50,165.70,0.7812,-1,-1,-1
251,3,708.80,116.80,57.70,137.60,0.7793,-1,-1,-1
251,85,1101.80,57.60,48.00,140.60,0.7720,-1,-1,-1
251,34,403.90,125.60,73.50,134.60,0.7598,-1,-1,-1
251,69,545.20,149.40,88.60,160.20,0.7598,-1,-1,-1
251,88,1006.50,81.00,51.00,137.80,0.7568,-1,-1,-1
251,60,1335.00,34.30,63.00,174.90,0.7549,-1,-1,-1
251,2,1786.50,18.40,105.00,217.10,0.7490,-1,-1,-1
251,84,1149.00,31.50,43.50,142.90,0.6851,-1,-1,-1
251,23,517.50,126.80,45.70,121.80,0.6738,-1,-1,-1
251,79,71.80,103.70,44.40,87.00,0.6567,-1,-1,-1
251,32,1614.00,12.40,63.00,186.00,0.6362,-1,-1,-1
251,90,3.80,113.40,45.10,105.00,0.6187,-1,-1,-1
251,70,179.40,109.10,49.90,95.30,0.5889,-1,-1,-1
251,86,1585.50,22.90,51.00,164.20,0.5537,-1,-1,-1
251,27,1179.00,36.60,45.00,155.00,0.5410,-1,-1,-1
251,64,1309.50,48.80,36.00,142.10,0.5205,-1,-1,-1
251,71,615.00,121.50,42.00,126.70,0.4756,-1,-1,-1
251,72,507.40,123.70,29.20,120.80,0.4648,-1,-1,-1
251,44,1288.50,46.30,36.00,138.40,0.4629,-1,-1,-1
251,13,44.10,151.50,60.30,107.60,0.4475,-1,-1,-1
251,1,1573.50,31.20,39.00,151.80,0.3989,-1,-1,-1
251,57,1575.00,27.60,54.00,157.50,0.3960,-1,-1,-1
251,73,675.80,121.60,40.40,121.40,0.3486,-1,-1,-1
251,19,391.10,124.20,42.80,129.70,0.3452,-1,-1,-1
251,41,0.00,181.90,117.90,339.30,0.3433,-1,-1,-1
251,108,55.40,105.60,28.50,67.10,0.3242,-1,-1,-1
251,113,116.10,107.20,34.10,66.10,0.3235,-1,-1,-1
251,63,1200.00,74.60,48.00,123.40,0.3225,-1,-1,-1
251,87,558.00,121.10,45.00,65.80,0.3074,-1,-1,-1
251,94,15.90,188.20,68.00,72.00,0.3066,-1,-1,-1
251,31,991.50,109.30,33.00,75.60,0.2942,-1,-1,-1
251,62,441.00,122.00,43.50,135.60,0.2847,-1,-1,-1
251,74,1362.80,28.10,43.40,159.80,0.2744,-1,-1,-1
252,65,1183.40,158.10,102.00,247.30,0.9053,-1,-1,-1
252,66,1419.00,123.40,79.40,206.60,0.8789,-1,-1,-1
252,35,1730.30,109.50,113.80,246.00,0.8999,-1,-1,-1
252,8,122.40,114.20,61.80,131.10,0.7925,-1,-1,-1
252,7,341.30,127.40,71.20,170.80,0.8589,-1,-1,-1
252,67,1361.70,176.70,95.50,259.40,0.8726,-1,-1,-1
252,56,1668.10,11.20,71.80,197.30,0.8359,-1,-1,-1
252,12,780.20,126.60,60.30,121.20,0.7891,-1,-1,-1
252,29,1304.70,159.50,72.90,247.00,0.8423,-1,-1,-1
252,68,1465.60,25.00,71.00,175.00,0.8027,-1,-1,-1
252,58,1255.40,65.20,58.50,180.80,0.8232,-1,-1,-1
252,17,479.30,119.90,53.80,129.80,0.6406,-1,-1,-1
252,4,640.70,138.10,70.50,173.20,0.8267,-1,-1,-1
252,3,711.10,119.90,51.10,122.30,0.7334,-1,-1,-1
252,85,1108.30,34.00,49.30,144.50,0.8154,-1,-1,-1
252,69,541.40,151.50,92.30,167.70,0.7280,-1,-1,-1
252,60,1335.10,36.60,62.80,174.60,0.7520,-1,-1,-1
252,2,1784.40,45.50,104.00,214.90,0.7866,-1,-1,-1
252,23,519.40,129.10,40.60,108.50,0.1277,-1,-1,-1
252,79,64.10,103.00,46.20,90.90,0.6655,-1,-1,-1
252,32,1621.90,20.50,60.30,178.00,0.5620,-1,-1,-1
252,70,159.10,107.30,49.90,95.60,0.7017,-1,-1,-1
252,86,1588.90,27.10,49.40,158.70,0.1520,-1,-1,-1
252,27,1187.50,28.40,43.60,149.60,0.1566,-1,-1,-1
252,64,1306.60,46.10,36.60,144.30,0.5449,-1,-1,-1
252,71,602.90,120.00,43.50,131.30,0.7788,-1,-1,-1
252,72,506.40,122.40,29.20,120.10,0.1417,-1,-1,-1
252,44,1291.10,43.20,36.00,138.60,0.4590,-1,-1,-1
252,13,41.90,146.20,62.70,111.90,0.5518,-1,-1,-1
252,1,1555.60,31.90,38.40,149.00,0.6206,-1,-1,-1
252,57,1570.20,26.10,55.80,162.40,0.7485,-1,-1,-1
252,73,685.10,115.70,45.20,135.80,0.7168,-1,-1,-1
252,19,390.10,121.40,44.80,135.60,0.7686,-1,-1,-1
252,41,0.00,176.70,131.70,428.20,0.6104,-1,-1,-1
252,63,1199.30,83.10,46.80,119.80,0.7065,-1,-1,-1
252,87,557.30,131.40,41.20,60.40,0.1071,-1,-1,-1
252,94,15.10,189.70,62.50,66.20,0.2227,-1,-1,-1
252,31,972.90,96.80,57.20,131.00,0.7822,-1,-1,-1
252,62,436.90,119.60,42.60,132.20,0.7993,-1,-1,-1
252,74,1369.00,32.00,41.40,152.00,0.3577,-1,-1,-1
253,65,1174.10,163.60,107.10,259.80,0.9004,-1,-1,-1
253,66,1426.00,142.20,52.50,133.70,0.5283,-1,-1,-1
253,35,1719.30,140.70,116.90,252.10,0.8105,-1,-1,-1
253,8,94.80,112.90,61.90,131.20,0.8374,-1,-1,-1
253,7,340.50,123.80,72.50,173.80,0.5757,-1,-1,-1
253,67,1374.30,181.10,99.80,271.10,0.8765,-1,-1,-1
253,56,1668.20,11.10,71.60,196.40,0.8164,-1,-1,-1
253,12,758.20,125.50,60.70,122.50,0.7231,-1,-1,-1
253,29,1305.40,166.60,76.30,256.00,0.8604,-1,-1,-1
253,68,1466.40,24.80,70.30,174.20,0.8491,-1,-1,-1
253,58,1257.90,66.10,57.20,176.70,0.8110,-1,-1,-1
253,17,471.90,121.60,51.70,125.40,0.6396,-1,-1,-1
253,4,651.80,141.00,72.20,178.00,0.7515,-1,-1,-1
253,3,708.10,118.60,50.70,122.00,0.6152,-1,-1,-1
253,69,550.60,158.30,91.60,167.80,0.7861,-1,-1,-1
253,60,1334.80,34.10,64.60,180.10,0.7861,-1,-1,-1
253,2,1759.60,68.60,105.70,218.50,0.5889,-1,-1,-1
253,23,519.20,122.50,47.60,127.00,0.4590,-1,-1,-1
253,32,1630.90,25.40,58.70,174.20,0.5430,-1,-1,-1
253,70,148.10,109.80,48.60,92.70,0.4902,-1,-1,-1
253,27,1188.50,46.50,37.20,126.90,0.1710,-1,-1,-1
253,64,1306.40,49.60,36.10,141.30,0.7163,-1,-1,-1
253,71,593.80,122.70,40.40,121.70,0.1019,-1,-1,-1
253,72,505.60,125.20,31.10,127.00,0.5361,-1,-1,-1
253,44,1288.40,41.10,36.40,140.40,0.4561,-1,-1,-1
253,13,30.70,117.80,77.60,139.00,0.1329,-1,-1,-1
253,1,1544.60,32.50,40.00,154.20,0.5859,-1,-1,-1
253,57,1560.60,26.10,57.40,166.40,0.6738,-1,-1,-1
253,73,697.90,116.60,42.60,128.00,0.1251,-1,-1,-1
253,19,383.30,124.30,43.00,130.30,0.6060,-1,-1,-1
253,41,0.00,176.50,123.80,424.00,0.4321,-1,-1,-1
253,63,1198.60,86.70,47.80,122.50,0.7256,-1,-1,-1
253,31,961.20,100.40,56.50,130.20,0.5767,-1,-1,-1
253,62,441.80,113.30,39.50,123.70,0.1060,-1,-1,-1
253,74,1363.20,30.90,44.10,160.80,0.3711,-1,-1,-1
253,100,1078.00,49.80,49.30,138.90,0.7842,-1,-1,-1
253,37,1429.50,44.00,50.40,126.80,0.7852,-1,-1,-1
253,101,462.80,114.90,28.10,122.00,0.4707,-1,-1,-1
253,89,1836.00,12.40,81.00,215.80,0.8823,-1,-1,-1
253,118,31.90,112.30,33.10,81.50,0.6216,-1,-1,-1
253,83,925.80,113.90,73.90,124.20,0.5747,-1,-1,-1
253,45,285.30,123.20,58.30,127.00,0.7798,-1,-1,-1
253,34,407.00,120.30,68.70,126.60,0.7944,-1,-1,-1
253,84,1156.40,50.90,38.40,126.10,0.6992,-1,-1,-1
253,108,52.30,104.00,35.40,83.10,0.5127,-1,-1,-1
254,65,1169.10,166.20,114.70,277.60,0.8984,-1,-1,-1
254,35,1725.90,168.10,120.60,261.30,0.8555,-1,-1,-1
254,8,70.00,112.40,61.30,130.90,0.7432,-1,-1,-1
254,7,330.60,119.50,73.40,177.00,0.7988,-1,-1,-1
254,67,1403.80,183.50,104.70,283.80,0.9004,-1,-1,-1
254,56,1665.90,10.90,71.60,196.80,0.8438,-1,-1,-1
254,12,760.10,129.10,63.10,127.60,0.8481,-1,-1,-1
254,29,1300.60,171.20,82.20,271.40,0.9004,-1,-1,-1
254,68,1466.20,24.30,69.80,173.60,0.8579,-1,-1,-1
254,58,1257.10,64.70,57.70,177.70,0.7725,-1,-1,-1
254,17,463.10,116.30,57.20,138.70,0.7231,-1,-1,-1
254,4,663.30,146.60,74.00,182.70,0.8413,-1,-1,-1
254,69,560.30,161.30,95.20,175.90,0.8066,-1,-1,-1
254,60,1333.00,32.40,68.50,191.80,0.7778,-1,-1,-1
254,2,1732.40,96.00,104.40,215.80,0.6426,-1,-1,-1
254,32,1627.50,19.20,60.90,181.00,0.5156,-1,-1,-1
254,70,130.40,111.50,47.30,90.30,0.4263,-1,-1,-1
254,64,1304.80,51.10,35.70,139.10,0.6582,-1,-1,-1
254,72,509.20,125.20,29.10,116.70,0.7944,-1,-1,-1
254,44,1284.80,42.00,36.40,139.40,0.3667,-1,-1,-1
254,13,35.00,114.90,79.10,143.40,0.4016,-1,-1,-1
254,1,1523.60,26.60,40.10,154.60,0.5928,-1,-1,-1
254,57,1552.30,23.30,59.50,171.30,0.8369,-1,-1,-1
254,73,705.10,122.70,40.30,121.90,0.1217,-1,-1,-1
254,19,375.00,122.00,44.60,134.30,0.5322,-1,-1,-1
254,41,0.00,180.00,108.50,364.70,0.6416,-1,-1,-1
254,63,1197.60,80.50,51.90,133.20,0.6802,-1,-1,-1
254,62,441.50,115.70,39.90,125.80,0.5591,-1,-1,-1
254,74,1362.90,28.60,44.10,160.90,0.2012,-1,-1,-1
254,100,1057.00,51.40,49.90,140.50,0.8188,-1,-1,-1
254,37,1418.30,45.60,55.10,138.70,0.8174,-1,-1,-1
254,101,454.50,115.70,30.40,130.60,0.2031,-1,-1,-1
254,89,1852.30,12.40,65.70,174.80,0.6372,-1,-1,-1
254,118,34.80,111.50,34.60,85.00,0.3721,-1,-1,-1
254,93,1860.30,114.00,55.80,266.40,0.8330,-1,-1,-1
254,6,1235.70,49.40,41.40,129.30,0.4426,-1,-1,-1
254,14,639.90,114.10,43.50,133.00,0.8354,-1,-1,-1
254,83,920.30,110.70,71.50,121.90,0.6094,-1,-1,-1
254,45,284.40,117.40,61.90,136.00,0.8398,-1,-1,-1
254,84,1158.80,39.60,42.00,136.10,0.7793,-1,-1,-1
254,88,1007.60,95.00,48.80,130.40,0.5488,-1,-1,-1
254,90,11.80,118.10,39.30,91.70,0.4922,-1,-1,-1
254,85,1121.40,61.50,43.10,126.10,0.7231,-1,-1,-1
254,86,1594.90,26.80,49.20,156.50,0.5195,-1,-1,-1
254,87,528.60,120.70,80.50,120.50,0.7446,-1,-1,-1
255,65,1163.40,169.60,122.40,296.40,0.9204,-1,-1,-1
255,35,1749.50,185.50,122.90,266.10,0.8564,-1,-1,-1
255,8,49.70,112.30,65.20,140.00,0.7852,-1,-1,-1
255,7,325.00,120.40,72.90,176.30,0.7964,-1,-1,-1
255,67,1422.20,183.90,111.50,302.50,0.8760,-1,-1,-1
255,56,1664.00,11.00,71.80,196.30,0.8340,-1,-1,-1
255,12,733.30,127.50,63.10,129.30,0.6919,-1,-1,-1
255,29,1306.80,178.20,88.70,288.00,0.8911,-1,-1,-1
255,68,1466.30,24.60,68.10,170.20,0.7798,-1,-1,-1
255,58,1255.60,61.60,59.10,181.40,0.8105,-1,-1,-1
255,17,477.00,118.50,51.40,125.40,0.8013,-1,-1,-1
255,4,672.50,149.40,77.30,191.50,0.8784,-1,-1,-1
255,69,575.60,163.30,98.50,184.50,0.8789,-1,-1,-1
255,60,1335.80,37.80,64.10,180.30,0.7583,-1,-1,-1
255,2,1705.70,133.50,109.90,226.20,0.8809,-1,-1,-1
255,32,1626.20,18.30,59.50,177.30,0.5029,-1,-1,-1
255,64,1306.20,49.80,36.30,140.90,0.4824,-1,-1,-1
255,44,1286.50,42.00,37.20,143.10,0.3701,-1,-1,-1
255,1,1521.80,32.70,38.90,148.90,0.7778,-1,-1,-1
255,57,1551.60,23.00,60.90,174.40,0.8608,-1,-1,-1
255,73,711.50,122.20,41.80,127.50,0.1919,-1,-1,-1
255,19,359.30,122.40,44.90,136.00,0.4746,-1,-1,-1
255,41,0.00,171.50,117.80,411.10,0.2101,-1,-1,-1
255,63,1195.50,78.50,54.70,141.00,0.6626,-1,-1,-1
255,62,443.00,115.60,41.30,131.00,0.4272,-1,-1,-1
255,74,1364.50,29.70,43.10,157.00,0.2031,-1,-1,-1
255,37,1411.80,47.70,57.40,144.60,0.8579,-1,-1,-1
255,89,1853.90,29.40,56.80,150.00,0.5215,-1,-1,-1
255,93,1858.30,106.30,53.40,252.50,0.6909,-1,-1,-1
255,6,1235.90,48.00,41.90,130.50,0.6279,-1,-1,-1
255,14,650.50,119.40,40.00,122.70,0.6626,-1,-1,-1
255,45,278.10,115.70,61.50,135.90,0.8154,-1,-1,-1
255,99,1389.30,164.20,78.60,223.30,0.7734,-1,-1,-1
255,98,1329.40,39.30,31.30,152.80,0.3389,-1,-1,-1
255,48,0.60,124.40,34.80,95.80,0.6724,-1,-1,-1
255,88,1010.90,70.60,51.40,137.30,0.7363,-1,-1,-1
255,90,17.20,117.30,38.30,89.40,0.6011,-1,-1,-1
255,85,1132.20,36.00,48.20,141.80,0.8062,-1,-1,-1
255,87,532.20,120.80,82.50,126.40,0.7886,-1,-1,-1
255,23,526.40,120.20,46.70,124.60,0.8286,-1,-1,-1
255,31,962.80,107.50,58.40,135.70,0.6626,-1,-1,-1
255,34,406.00,120.50,71.50,132.00,0.6416,-1,-1,-1
256,65,1167.10,176.80,129.00,313.00,0.8901,-1,-1,-1
256,35,1790.60,196.40,121.20,263.60,0.8267,-1,-1,-1
256,8,37.90,111.70,68.40,148.20,0.7490,-1,-1,-1
256,7,320.00,116.20,74.70,182.00,0.8843,-1,-1,-1
256,67,1453.30,185.20,118.70,320.60,0.9160,-1,-1,-1
256,56,1662.30,11.70,71.80,195.60,0.8491,-1,-1,-1
256,12,720.50,125.80,63.80,132.70,0.6626,-1,-1,-1
256,29,1320.10,185.10,94.40,301.90,0.8789,-1,-1,-1
256,68,1466.80,24.30,67.70,170.90,0.8306,-1,-1,-1
256,58,1256.80,63.20,57.20,174.80,0.7866,-1,-1,-1
256,17,470.70,118.20,48.40,118.40,0.7871,-1,-1,-1
256,4,682.00,151.90,81.30,201.40,0.8599,-1,-1,-1
256,69,586.60,165.20,105.70,199.40,0.8623,-1,-1,-1
256,60,1337.40,42.00,59.10,166.30,0.7871,-1,-1,-1
256,2,1689.20,172.90,115.50,238.00,0.8940,-1,-1,-1
256,32,1625.00,14.80,60.30,181.20,0.2893,-1,-1,-1
256,64,1306.70,46.20,37.50,145.00,0.3730,-1,-1,-1
256,44,1289.90,43.70,36.30,139.30,0.4951,-1,-1,-1
256,1,1517.10,33.20,39.50,149.50,0.7827,-1,-1,-1
256,57,1554.10,24.10,60.60,172.60,0.8286,-1,-1,-1
256,19,368.90,124.10,43.60,130.80,0.6982,-1,-1,-1
256,41,0.00,157.50,122.40,452.80,0.1635,-1,-1,-1
256,63,1192.30,79.20,63.70,165.90,0.7065,-1,-1,-1
256,62,435.20,114.40,40.30,126.40,0.6538,-1,-1,-1
256,74,1365.40,32.40,43.20,155.50,0.2605,-1,-1,-1
256,37,1403.70,58.30,57.50,144.40,0.7563,-1,-1,-1
256,89,1862.10,32.90,48.50,126.40,0.5518,-1,-1,-1
256,93,1850.80,87.60,42.30,191.70,0.7266,-1,-1,-1
256,6,1236.00,50.60,42.00,131.20,0.7100,-1,-1,-1
256,14,653.50,123.10,39.20,120.20,0.6538,-1,-1,-1
256,45,282.40,113.30,58.40,130.70,0.8130,-1,-1,-1
256,99,1398.90,163.30,83.50,237.20,0.8901,-1,-1,-1
256,98,1329.30,39.70,31.00,150.90,0.3242,-1,-1,-1
256,48,3.30,122.60,32.30,88.70,0.6826,-1,-1,-1
256,88,994.30,73.00,51.00,136.30,0.7026,-1,-1,-1
256,85,1136.80,50.40,40.20,118.50,0.2330,-1,-1,-1
256,23,543.40,121.70,43.60,117.10,0.8110,-1,-1,-1
256,34,398.50,124.70,63.90,120.10,0.6733,-1,-1,-1
256,94,1.50,190.10,92.50,99.40,0.5659,-1,-1,-1
256,72,516.20,120.30,31.40,122.20,0.8062,-1,-1,-1
256,83,913.10,122.30,76.20,131.40,0.8228,-1,-1,-1
257,65,1169.80,181.70,139.10,337.10,0.9014,-1,-1,-1
257,35,1826.30,218.80,93.70,260.50,0.6030,-1,-1,-1
257,7,317.70,116.30,74.10,182.40,0.7773,-1,-1,-1
257,67,1477.90,191.10,125.80,335.70,0.8950,-1,-1,-1
257,56,1662.70,11.90,72.10,195.90,0.8418,-1,-1,-1
257,29,1336.60,191.60,103.50,325.10,0.8682,-1,-1,-1
257,68,1466.90,23.40,68.60,174.00,0.8076,-1,-1,-1
257,58,1258.30,63.70,54.40,163.50,0.7612,-1,-1,-1
257,17,480.70,118.00,48.60,119.10,0.7808,-1,-1,-1
257,4,698.60,155.40,85.00,211.60,0.8887,-1,-1,-1
257,69,601.60,170.10,107.70,206.80,0.8540,-1,-1,-1
257,60,1334.20,38.40,62.70,177.30,0.8052,-1,-1,-1
257,2,1681.60,194.30,118.20,242.70,0.8789,-1,-1,-1
257,32,1623.30,13.20,61.00,183.20,0.3923,-1,-1,-1
257,64,1303.50,43.70,38.50,146.90,0.4543,-1,-1,-1
257,44,1293.10,43.40,36.30,138.60,0.4207,-1,-1,-1
257,1,1510.50,31.10,40.50,152.10,0.2379,-1,-1,-1
257,57,1549.10,26.50,60.10,170.00,0.8232,-1,-1,-1
257,19,371.50,116.70,42.00,126.60,0.7417,-1,-1,-1
257,63,1193.70,79.00,64.70,170.90,0.8066,-1,-1,-1
257,74,1365.70,25.70,45.40,164.40,0.4387,-1,-1,-1
257,37,1392.30,70.20,55.90,140.50,0.6733,-1,-1,-1
257,6,1239.90,52.70,41.10,128.60,0.4358,-1,-1,-1
257,14,655.50,122.10,36.30,109.00,0.3821,-1,-1,-1
257,45,284.20,124.50,61.50,139.70,0.8271,-1,-1,-1
257,99,1414.90,169.80,88.00,249.60,0.7866,-1,-1,-1
257,98,1323.40,39.00,31.00,149.00,0.3167,-1,-1,-1
257,48,0.00,116.40,30.70,92.30,0.4912,-1,-1,-1
257,23,540.80,123.40,41.80,112.30,0.8066,-1,-1,-1
257,34,398.60,116.70,63.50,121.30,0.7598,-1,-1,-1
257,114,242.30,110.60,54.70,129.70,0.8125,-1,-1,-1
257,140,1075.00,63.70,40.60,134.50,0.5620,-1,-1,-1
257,106,1112.70,57.20,44.10,116.40,0.7407,-1,-1,-1
257,107,1429.40,16.60,47.60,164.20,0.7295,-1,-1,-1
257,94,0.00,198.80,101.00,127.00,0.5342,-1,-1,-1
257,3,700.20,123.60,46.00,112.00,0.4805,-1,-1,-1
257,71,587.40,113.00,44.60,134.00,0.8330,-1,-1,-1
257,70,92.50,116.00,56.30,108.80,0.8115,-1,-1,-1
257,13,32.20,108.50,81.20,150.10,0.7456,-1,-1,-1
257,100,1032.80,97.50,44.60,124.50,0.5698,-1,-1,-1
257,101,459.50,119.40,27.70,115.80,0.7710,-1,-1,-1
257,73,735.90,127.20,26.60,76.90,0.4834,-1,-1,-1
257,31,959.00,89.80,58.60,137.00,0.7217,-1,-1,-1
258,65,1179.30,185.10,149.40,360.80,0.9111,-1,-1,-1
258,7,323.00,125.10,69.40,172.40,0.7969,-1,-1,-1
258,67,1513.00,199.00,135.10,355.50,0.9326,-1,-1,-1
258,56,1662.50,10.70,73.00,197.30,0.8394,-1,-1,-1
258,29,1368.60,195.80,113.60,350.00,0.8623,-1,-1,-1
258,68,1464.30,24.10,69.20,174.40,0.8569,-1,-1,-1
258,58,1256.80,62.70,57.50,172.30,0.8223,-1,-1,-1
258,17,472.60,117.00,48.30,119.30,0.8174,-1,-1,-1
258,4,719.30,160.90,88.60,220.30,0.8862,-1,-1,-1
258,69,617.70,171.70,115.70,222.40,0.8955,-1,-1,-1
258,60,1334.80,35.40,64.70,184.00,0.7471,-1,-1,-1
258,2,1692.50,206.10,125.60,255.60,0.9224,-1,-1,-1
258,64,1304.50,44.60,38.60,146.70,0.5547,-1,-1,-1
258,44,1290.30,43.10,36.80,141.90,0.4805,-1,-1,-1
258,57,1547.30,24.80,62.30,173.90,0.7925,-1,-1,-1
258,19,363.80,116.70,39.60,119.00,0.4524,-1,-1,-1
258,63,1191.70,73.30,67.40,179.10,0.7476,-1,-1,-1
258,37,1376.90,85.00,61.80,154.70,0.4814,-1,-1,-1
258,6,1243.90,53.70,38.50,121.00,0.3381,-1,-1,-1
258,14,662.30,123.80,30.50,89.10,0.3425,-1,-1,-1
258,45,272.80,127.60,65.60,148.40,0.8354,-1,-1,-1
258,99,1434.60,172.90,94.00,268.20,0.7505,-1,-1,-1
258,98,1325.50,39.30,31.10,149.10,0.2268,-1,-1,-1
258,48,0.00,116.20,28.00,89.90,0.4331,-1,-1,-1
258,34,386.70,110.60,63.20,123.70,0.7964,-1,-1,-1
258,106,1112.90,59.60,42.50,112.50,0.6870,-1,-1,-1
258,107,1410.40,18.40,49.00,168.50,0.7251,-1,-1,-1
258,94,0.00,194.20,99.10,115.60,0.6665,-1,-1,-1
258,112,1766.70,77.60,64.20,175.70,0.8115,-1,-1,-1
258,117,137.80,112.70,54.90,125.20,0.8579,-1,-1,-1
258,103,0.10,214.60,52.00,138.00,0.4026,-1,-1,-1
258,3,692.00,121.20,48.60,119.50,0.7446,-1,-1,-1
258,71,594.00,122.70,42.20,126.90,0.7051,-1,-1,-1
258,70,71.90,112.20,58.00,113.40,0.6362,-1,-1,-1
258,13,30.90,109.50,80.60,150.90,0.6621,-1,-1,-1
258,100,1011.50,108.60,45.10,123.10,0.6602,-1,-1,-1
258,87,546.10,116.70,83.90,133.60,0.6802,-1,-1,-1
258,12,712.30,127.40,54.80,116.60,0.4580,-1,-1,-1
258,62,442.10,118.00,36.60,113.90,0.7441,-1,-1,-1
258,72,523.40,121.80,29.40,112.10,0.8267,-1,-1,-1
258,83,917.40,97.50,78.00,136.40,0.8203,-1,-1,-1
259,65,1186.80,187.00,163.10,392.00,0.8799,-1,-1,-1
259,7,327.10,130.00,67.30,167.30,0.7676,-1,-1,-1
259,67,1558.00,210.60,144.10,377.80,0.9150,-1,-1,-1
259,56,1661.40,10.90,73.40,197.30,0.8252,-1,-1,-1
259,29,1399.60,200.30,126.30,378.10,0.8408,-1,-1,-1
259,68,1465.40,24.80,68.30,172.00,0.8369,-1,-1,-1
259,58,1256.20,64.90,58.70,175.40,0.8257,-1,-1,-1
259,4,740.70,165.40,93.40,232.40,0.9067,-1,-1,-1
259,69,632.40,178.70,118.50,231.40,0.9067,-1,-1,-1
259,60,1332.40,33.80,65.60,187.60,0.3730,-1,-1,-1
259,64,1303.90,46.20,38.60,145.10,0.6299,-1,-1,-1
259,44,1291.10,42.70,38.50,145.90,0.4272,-1,-1,-1
259,57,1547.70,24.10,63.20,176.90,0.6870,-1,-1,-1
259,63,1195.20,76.50,65.50,175.00,0.7886,-1,-1,-1
259,6,1239.10,51.60,42.10,133.10,0.5176,-1,-1,-1
259,14,658.20,122.30,35.20,102.80,0.6582,-1,-1,-1
259,99,1481.90,177.00,68.00,189.70,0.7168,-1,-1,-1
259,98,1325.10,39.50,31.20,149.10,0.1260,-1,-1,-1
259,48,0.00,112.60,27.50,91.00,0.6177,-1,-1,-1
259,34,379.10,116.60,58.80,116.40,0.4312,-1,-1,-1
259,106,1111.10,53.80,44.50,118.50,0.7148,-1,-1,-1
259,107,1402.60,20.40,46.60,160.60,0.7031,-1,-1,-1
259,94,3.20,191.50,95.00,110.20,0.6841,-1,-1,-1
259,112,1738.50,63.20,82.50,224.90,0.8931,-1,-1,-1
259,103,4.00,216.70,51.70,136.80,0.3748,-1,-1,-1
259,3,689.70,120.70,43.00,104.60,0.4543,-1,-1,-1
259,13,33.50,111.00,74.40,140.90,0.1571,-1,-1,-1
259,100,988.50,114.20,47.20,126.40,0.6084,-1,-1,-1
259,116,637.90,119.40,35.50,110.20,0.6665,-1,-1,-1
259,87,541.20,112.70,84.10,137.40,0.7710,-1,-1,-1
259,12,706.10,126.80,56.50,121.60,0.4805,-1,-1,-1
259,62,429.10,119.40,35.40,109.30,0.7695,-1,-1,-1
259,72,512.60,121.60,30.00,110.80,0.8237,-1,-1,-1
259,83,898.30,97.70,76.20,136.60,0.8408,-1,-1,-1
259,113,103.60,112.30,61.30,120.60,0.8540,-1,-1,-1
259,79,59.90,104.80,42.80,84.90,0.3452,-1,-1,-1
259,27,1189.80,64.20,44.30,152.30,0.3821,-1,-1,-1
259,108,44.30,111.90,43.70,99.90,0.4844,-1,-1,-1
259,86,1583.00,24.40,51.90,164.80,0.5264,-1,-1,-1
259,32,1620.30,12.50,61.00,183.60,0.4111,-1,-1,-1
259,114,245.70,132.30,63.80,151.40,0.8276,-1,-1,-1
259,101,457.30,111.90,30.40,121.80,0.8115,-1,-1,-1
260,65,1195.20,194.00,178.40,423.30,0.8823,-1,-1,-1
260,7,331.00,131.10,66.70,166.70,0.7920,-1,-1,-1
260,67,1594.70,222.20,157.90,406.30,0.9048,-1,-1,-1
260,56,1661.00,11.60,73.60,197.10,0.8057,-1,-1,-1
260,29,1431.60,205.30,138.80,408.70,0.8618,-1,-1,-1
260,68,1466.90,25.30,67.80,172.00,0.8276,-1,-1,-1
260,58,1253.10,63.40,60.80,180.00,0.8550,-1,-1,-1
260,4,759.20,169.00,99.20,248.40,0.9004,-1,-1,-1
260,69,653.60,186.30,123.60,242.20,0.8672,-1,-1,-1
260,60,1327.80,37.50,70.40,202.10,0.5107,-1,-1,-1
260,64,1306.10,46.60,39.80,149.80,0.5469,-1,-1,-1
260,44,1293.00,43.30,35.80,135.80,0.4863,-1,-1,-1
260,57,1548.90,23.70,59.60,167.80,0.6299,-1,-1,-1
260,63,1193.80,74.90,65.60,176.30,0.7769,-1,-1,-1
260,6,1233.00,51.10,41.40,132.40,0.4253,-1,-1,-1
260,14,658.70,125.60,40.30,117.10,0.5649,-1,-1,-1
260,48,0.00,113.30,27.40,89.20,0.6807,-1,-1,-1
260,106,1110.20,52.50,44.70,119.60,0.7627,-1,-1,-1
260,107,1409.40,18.70,48.20,164.30,0.7788,-1,-1,-1
260,112,1720.80,53.10,85.50,232.20,0.7891,-1,-1,-1
260,13,29.40,111.10,72.70,140.20,0.4980,-1,-1,-1
260,100,966.30,126.80,46.40,123.20,0.7227,-1,-1,-1
260,116,639.90,122.80,36.20,111.90,0.5908,-1,-1,-1
260,12,697.60,123.80,46.30,99.30,0.6333,-1,-1,-1
260,62,432.00,116.10,38.10,115.10,0.7471,-1,-1,-1
260,72,521.50,124.20,33.80,118.20,0.6235,-1,-1,-1
260,83,874.90,103.40,73.70,134.50,0.8062,-1,-1,-1
260,77,1510.00,29.80,59.30,144.70,0.7441,-1,-1,-1
260,126,15.10,190.10,66.70,147.20,0.3748,-1,-1,-1
260,113,90.50,113.30,59.40,119.50,0.7559,-1,-1,-1
260,27,1191.90,66.30,48.30,165.80,0.1128,-1,-1,-1
260,108,39.60,112.20,46.60,105.60,0.1379,-1,-1,-1
260,86,1579.20,23.70,53.50,169.80,0.3804,-1,-1,-1
260,114,230.60,136.50,68.70,162.60,0.8335,-1,-1,-1
260,90,25.80,109.00,37.00,88.80,0.3408,-1,-1,-1
260,23,547.40,111.70,48.40,130.30,0.6602,-1,-1,-1
260,17,481.40,118.70,45.00,112.40,0.8042,-1,-1,-1
260,19,364.90,111.00,39.60,117.20,0.5669,-1,-1,-1
260,117,142.00,108.30,54.20,123.90,0.8066,-1,-1,-1
261,65,1210.60,203.80,194.00,453.70,0.9165,-1,-1,-1
261,7,338.80,133.40,65.50,164.30,0.8442,-1,-1,-1
261,67,1668.60,230.10,171.80,441.20,0.9136,-1,-1,-1
261,56,1663.20,11.80,73.10,195.80,0.8340,-1,-1,-1
261,29,1462.00,212.20,149.30,436.50,0.8037,-1,-1,-1
261,68,1463.90,24.40,68.80,174.80,0.8174,-1,-1,-1
261,58,1255.90,69.90,60.80,179.70,0.8364,-1,-1,-1
261,4,784.70,175.10,104.40,263.50,0.9204,-1,-1,-1
261,69,668.60,195.10,128.30,255.40,0.8750,-1,-1,-1
261,60,1331.80,38.60,64.60,184.90,0.7900,-1,-1,-1
261,64,1307.10,53.40,36.90,135.50,0.6353,-1,-1,-1
261,44,1297.20,42.30,36.10,134.10,0.1124,-1,-1,-1
261,63,1197.10,78.50,63.70,172.90,0.7461,-1,-1,-1
261,6,1235.80,48.20,41.90,135.20,0.4082,-1,-1,-1
261,14,666.70,128.20,41.20,119.50,0.7622,-1,-1,-1
261,106,1109.20,50.50,45.20,121.90,0.7656,-1,-1,-1
261,107,1420.10,19.20,49.30,167.00,0.8276,-1,-1,-1
261,112,1709.10,44.90,85.30,232.30,0.8467,-1,-1,-1
261,13,26.00,109.40,71.60,139.80,0.2394,-1,-1,-1
261,100,938.40,137.10,45.60,119.40,0.7231,-1,-1,-1
261,116,627.30,124.60,40.70,124.60,0.7705,-1,-1,-1
261,12,693.70,121.00,48.80,106.50,0.6909,-1,-1,-1
261,62,425.80,114.60,39.30,117.10,0.7939,-1,-1,-1
261,72,530.90,117.50,36.50,122.10,0.8354,-1,-1,-1
261,77,1510.50,24.00,61.80,151.40,0.6250,-1,-1,-1
261,113,99.70,109.80,59.50,121.90,0.7363,-1,-1,-1
261,27,1193.90,66.90,46.60,158.60,0.2524,-1,-1,-1
261,108,33.70,112.10,49.50,112.10,0.3015,-1,-1,-1
261,86,1571.30,20.90,55.40,174.90,0.8105,-1,-1,-1
261,114,205.40,133.80,73.30,174.10,0.8760,-1,-1,-1
261,102,1456.70,27.60,38.60,148.10,0.4893,-1,-1,-1
261,124,735.40,129.70,37.50,86.50,0.5737,-1,-1,-1
261,125,325.60,116.00,51.70,139.80,0.4514,-1,-1,-1
261,17,482.10,121.50,48.40,120.00,0.7646,-1,-1,-1
261,117,142.20,110.70,55.00,126.50,0.7490,-1,-1,-1
261,118,38.80,114.50,34.50,82.60,0.3960,-1,-1,-1
261,74,1367.50,28.80,43.00,153.50,0.3933,-1,-1,-1
261,31,952.60,99.60,53.90,130.00,0.4456,-1,-1,-1
261,45,292.50,121.20,50.60,116.20,0.7017,-1,-1,-1
261,34,385.70,114.20,55.20,112.60,0.7188,-1,-1,-1
261,79,60.30,112.60,50.60,102.60,0.5020,-1,-1,-1
262,65,1238.50,218.70,213.90,494.40,0.9243,-1,-1,-1
262,7,345.20,130.70,66.30,167.00,0.8003,-1,-1,-1
262,67,1724.90,241.20,182.70,472.10,0.9214,-1,-1,-1
262,56,1662.60,12.20,71.80,193.70,0.7324,-1,-1,-1
262,29,1518.00,225.40,162.70,471.60,0.8145,-1,-1,-1
262,68,1466.50,25.50,67.70,173.60,0.8086,-1,-1,-1
262,58,1255.30,72.20,53.00,151.30,0.6094,-1,-1,-1
262,4,813.40,178.60,112.20,284.70,0.9141,-1,-1,-1
262,69,689.10,202.30,138.20,276.00,0.9019,-1,-1,-1
262,60,1334.60,37.10,63.10,181.70,0.8066,-1,-1,-1
262,64,1304.30,41.70,41.10,148.10,0.5352,-1,-1,-1
262,44,1296.80,39.50,37.80,138.60,0.1404,-1,-1,-1
262,63,1197.40,77.20,62.90,173.50,0.7891,-1,-1,-1
262,6,1238.10,49.10,41.60,135.70,0.4292,-1,-1,-1
262,14,661.30,127.90,41.60,120.80,0.4475,-1,-1,-1
262,106,1109.50,50.00,45.20,122.40,0.7886,-1,-1,-1
262,107,1413.30,30.00,45.80,154.90,0.6909,-1,-1,-1
262,112,1703.00,32.40,73.70,199.00,0.6816,-1,-1,-1
262,13,36.50,112.70,69.30,137.70,0.2018,-1,-1,-1
262,100,927.80,121.10,46.20,122.20,0.7227,-1,-1,-1
262,116,636.80,128.40,41.20,124.20,0.5869,-1,-1,-1
262,12,687.10,120.20,53.20,118.10,0.6895,-1,-1,-1
262,62,416.60,115.00,39.50,115.20,0.8081,-1,-1,-1
262,72,519.10,111.70,39.40,127.00,0.8560,-1,-1,-1
262,77,1508.00,17.10,63.60,156.90,0.6084,-1,-1,-1
262,113,106.10,109.80,60.60,125.60,0.8418,-1,-1,-1
262,27,1195.00,64.00,48.20,162.70,0.1710,-1,-1,-1
262,108,42.50,115.00,45.20,102.80,0.4902,-1,-1,-1
262,86,1573.70,19.30,57.20,177.50,0.8228,-1,-1,-1
262,114,184.00,136.40,76.60,180.70,0.8799,-1,-1,-1
262,102,1451.90,21.20,41.20,157.10,0.7827,-1,-1,-1
262,124,724.60,126.10,44.50,102.50,0.4990,-1,-1,-1
262,125,320.00,117.80,60.00,163.10,0.5264,-1,-1,-1
262,123,1260.60,159.90,96.60,156.30,0.7944,-1,-1,-1
262,129,993.00,112.30,63.90,78.40,0.3667,-1,-1,-1
262,74,1372.70,37.60,39.20,140.90,0.1234,-1,-1,-1
262,45,289.20,117.10,48.20,111.90,0.7812,-1,-1,-1
262,34,381.20,113.60,52.50,110.00,0.5215,-1,-1,-1
262,71,583.30,121.60,43.60,131.30,0.7930,-1,-1,-1
262,101,455.70,119.50,33.30,124.00,0.8257,-1,-1,-1
262,83,882.50,131.90,55.90,102.70,0.5649,-1,-1,-1
262,126,8.90,192.60,68.60,151.00,0.4045,-1,-1,-1
262,90,24.70,116.40,35.30,84.70,0.5557,-1,-1,-1
263,65,1267.70,234.80,240.40,549.90,0.9302,-1,-1,-1
263,7,346.80,130.70,66.40,166.80,0.7227,-1,-1,-1
263,56,1663.70,11.40,72.70,197.90,0.5469,-1,-1,-1
263,29,1581.20,243.70,179.10,516.80,0.8843,-1,-1,-1
263,68,1466.50,21.90,69.20,177.90,0.7861,-1,-1,-1
263,58,1255.30,75.10,49.50,138.40,0.4600,-1,-1,-1
263,4,844.70,182.90,119.80,306.40,0.9175,-1,-1,-1
263,69,699.20,209.10,147.10,297.60,0.9160,-1,-1,-1
263,60,1333.80,34.70,63.10,182.60,0.7964,-1,-1,-1
263,64,1303.10,44.00,41.10,146.50,0.5737,-1,-1,-1
263,44,1295.20,42.10,37.40,136.00,0.3904,-1,-1,-1
263,63,1198.60,77.80,62.30,172.80,0.7646,-1,-1,-1
263,6,1239.60,46.30,42.20,136.60,0.6323,-1,-1,-1
263,14,654.00,123.90,43.00,122.90,0.7578,-1,-1,-1
263,106,1110.20,49.80,45.10,122.90,0.7622,-1,-1,-1
263,107,1423.70,26.90,45.50,152.40,0.7139,-1,-1,-1
263,112,1685.70,24.00,79.90,214.50,0.6260,-1,-1,-1
263,13,48.20,109.90,66.40,136.90,0.1824,-1,-1,-1
263,116,638.40,133.80,37.10,110.90,0.1124,-1,-1,-1
263,12,682.00,125.90,54.10,119.60,0.7432,-1,-1,-1
263,62,419.60,120.00,41.00,118.70,0.7559,-1,-1,-1
263,77,1515.20,16.30,63.20,157.00,0.7578,-1,-1,-1
263,113,96.90,111.60,58.70,123.00,0.7446,-1,-1,-1
263,27,1194.90,63.70,49.70,166.40,0.1545,-1,-1,-1
263,86,1575.80,19.80,57.60,177.30,0.8052,-1,-1,-1
263,114,160.70,136.90,79.20,187.60,0.8799,-1,-1,-1
263,102,1450.90,31.80,39.70,151.50,0.1074,-1,-1,-1
263,124,721.00,127.20,48.80,112.80,0.7568,-1,-1,-1
263,125,317.40,118.50,62.60,171.30,0.5957,-1,-1,-1
263,123,1239.10,161.70,115.70,188.30,0.7939,-1,-1,-1
263,129,992.60,110.40,66.40,81.40,0.5518,-1,-1,-1
263,74,1367.40,32.60,43.50,155.20,0.4216,-1,-1,-1
263,45,284.10,114.30,47.70,112.30,0.7295,-1,-1,-1
263,34,377.40,115.20,47.60,101.50,0.4158,-1,-1,-1
263,131,54.30,156.60,54.40,101.70,0.4187,-1,-1,-1
263,71,592.90,130.70,41.50,121.90,0.7212,-1,-1,-1
263,101,449.20,119.00,29.70,110.30,0.7065,-1,-1,-1
263,83,885.60,118.90,57.80,108.90,0.5669,-1,-1,-1
263,126,7.80,199.10,67.00,146.70,0.3989,-1,-1,-1
263,90,27.10,119.40,35.80,83.10,0.3989,-1,-1,-1
263,73,777.90,110.80,42.90,123.40,0.7720,-1,-1,-1
263,87,534.50,127.00,74.80,126.30,0.7695,-1,-1,-1
263,32,1618.90,10.80,59.40,177.30,0.4272,-1,-1,-1
263,48,0.00,126.20,26.30,79.90,0.6167,-1,-1,-1
263,17,491.30,114.60,49.50,121.40,0.8237,-1,-1,-1
263,79,64.10,109.40,54.50,112.30,0.4561,-1,-1,-1
264,65,1310.50,257.70,269.80,614.70,0.8452,-1,-1,-1
264,7,349.00,132.50,66.20,165.20,0.7168,-1,-1,-1
264,68,1466.20,22.40,68.40,177.00,0.8340,-1,-1,-1
264,58,1251.70,81.90,40.60,108.50,0.1949,-1,-1,-1
264,4,875.80,190.40,129.00,331.90,0.9346,-1,-1,-1
264,69,720.60,220.80,159.40,322.40,0.8970,-1,-1,-1
264,60,1334.50,37.90,61.20,178.00,0.7549,-1,-1,-1
264,64,1304.80,46.00,40.80,144.90,0.5581,-1,-1,-1
264,44,1289.30,42.10,38.60,138.40,0.6968,-1,-1,-1
264,63,1199.30,79.30,60.70,169.50,0.7930,-1,-1,-1
264,6,1238.60,47.40,41.60,135.60,0.5283,-1,-1,-1
264,14,649.20,123.30,45.10,125.20,0.8174,-1,-1,-1
264,106,1110.90,49.80,45.30,123.90,0.8242,-1,-1,-1
264,107,1411.40,29.60,44.70,148.70,0.7549,-1,-1,-1
264,112,1672.80,13.80,80.40,216.30,0.8374,-1,-1,-1
264,13,55.10,107.90,65.70,136.20,0.3857,-1,-1,-1
264,12,685.50,124.20,53.50,120.70,0.7544,-1,-1,-1
264,62,427.80,119.50,36.40,106.10,0.5938,-1,-1,-1
264,86,1571.60,21.40,58.10,176.40,0.7871,-1,-1,-1
264,114,138.00,139.70,82.80,194.40,0.8931,-1,-1,-1
264,124,720.10,124.20,51.10,119.20,0.7490,-1,-1,-1
264,125,316.20,119.50,62.70,172.40,0.5938,-1,-1,-1
264,123,1225.90,165.20,127.60,209.40,0.8633,-1,-1,-1
264,129,990.90,110.50,65.70,80.40,0.4639,-1,-1,-1
264,74,1365.20,33.00,43.80,155.60,0.2991,-1,-1,-1
264,45,273.20,113.70,47.00,109.80,0.7949,-1,-1,-1
264,34,380.20,117.20,40.90,89.20,0.1312,-1,-1,-1
264,131,43.20,118.10,74.60,140.40,0.5869,-1,-1,-1
264,71,595.00,120.70,39.80,115.90,0.8174,-1,-1,-1
264,101,443.40,116.90,29.30,106.50,0.2114,-1,-1,-1
264,83,859.10,116.60,64.30,123.40,0.8599,-1,-1,-1
264,126,5.70,208.20,65.70,142.50,0.3523,-1,-1,-1
264,90,31.80,120.70,32.10,74.00,0.1545,-1,-1,-1
264,61,1663.10,19.40,41.00,179.50,0.4036,-1,-1,-1
264,73,798.90,126.30,39.30,108.50,0.7202,-1,-1,-1
264,87,538.40,135.90,66.60,116.50,0.7891,-1,-1,-1
264,32,1621.70,13.40,59.70,180.40,0.5430,-1,-1,-1
264,48,0.00,122.60,24.50,80.70,0.2234,-1,-1,-1
264,17,476.70,110.20,49.80,123.30,0.8359,-1,-1,-1
264,79,72.10,114.50,53.40,112.00,0.4854,-1,-1,-1
264,84,1192.80,42.10,44.10,137.10,0.6216,-1,-1,-1
264,70,2.80,120.70,51.80,101.00,0.3989,-1,-1,-1
264,57,1544.50,17.30,54.80,157.30,0.6670,-1,-1,-1
264,67,1709.60,265.30,210.40,580.80,0.8789,-1,-1,-1
264,72,511.90,118.90,40.70,128.10,0.7505,-1,-1,-1
265,65,1405.20,288.10,318.00,699.60,0.8032,-1,-1,-1
265,7,354.20,154.90,58.50,142.90,0.7114,-1,-1,-1
265,68,1465.70,24.20,66.90,174.90,0.8345,-1,-1,-1
265,4,910.20,201.30,139.20,359.60,0.9282,-1,-1,-1
265,69,740.50,232.40,170.00,348.90,0.9116,-1,-1,-1
265,60,1334.00,38.80,59.90,174.80,0.7593,-1,-1,-1
265,64,1304.30,45.90,40.90,144.70,0.5688,-1,-1,-1
265,44,1283.50,43.30,39.40,138.50,0.5459,-1,-1,-1
265,63,1203.20,80.10,60.60,169.00,0.8101,-1,-1,-1
265,6,1239.00,45.00,41.70,135.80,0.6250,-1,-1,-1
265,14,650.90,122.00,45.10,123.70,0.7886,-1,-1,-1
265,106,1110.40,51.10,44.80,123.90,0.7754,-1,-1,-1
265,112,1674.40,11.70,77.20,208.20,0.8320,-1,-1,-1
265,12,687.80,123.60,52.70,121.30,0.7690,-1,-1,-1
265,62,420.30,118.60,35.50,102.40,0.6943,-1,-1,-1
265,86,1569.10,18.00,60.10,180.60,0.8511,-1,-1,-1
265,114,112.80,140.80,86.30,203.50,0.8682,-1,-1,-1
265,124,719.60,119.60,53.70,126.50,0.7563,-1,-1,-1
265,125,318.00,124.70,60.70,167.80,0.4121,-1,-1,-1
265,123,1220.30,165.30,137.50,228.40,0.8901,-1,-1,-1
265,129,992.60,111.50,65.40,80.00,0.5840,-1,-1,-1
265,74,1365.50,28.70,44.60,157.50,0.6167,-1,-1,-1
265,45,264.30,111.00,47.50,110.80,0.8589,-1,-1,-1
265,34,379.20,114.40,40.80,90.10,0.1505,-1,-1,-1
265,131,39.40,115.10,75.80,143.80,0.3960,-1,-1,-1
265,71,607.20,125.20,41.00,117.30,0.8159,-1,-1,-1
265,83,835.40,116.90,64.10,125.50,0.8135,-1,-1,-1
265,126,3.10,211.20,64.00,138.10,0.4658,-1,-1,-1
265,90,28.90,120.50,32.30,76.80,0.2407,-1,-1,-1
265,61,1660.60,23.00,40.40,175.90,0.6040,-1,-1,-1
265,32,1620.10,15.00,58.80,175.80,0.4543,-1,-1,-1
265,17,475.80,119.10,52.70,126.10,0.3821,-1,-1,-1
265,139,762.30,132.10,37.20,115.50,0.8135,-1,-1,-1
265,2,14.40,188.10,72.70,104.30,0.5000,-1,-1,-1
265,84,1201.00,52.40,40.40,122.30,0.1217,-1,-1,-1
265,70,0.00,126.10,43.50,96.50,0.6909,-1,-1,-1
265,57,1541.20,23.50,52.00,152.50,0.7534,-1,-1,-1
265,67,1726.10,286.80,193.90,650.00,0.7793,-1,-1,-1
265,72,515.70,126.10,37.80,118.50,0.4941,-1,-1,-1
265,103,21.40,188.50,59.00,155.60,0.4417,-1,-1,-1
265,23,571.20,111.70,43.20,117.60,0.7612,-1,-1,-1
265,77,1502.40,11.50,69.70,176.00,0.7773,-1,-1,-1
266,65,1482.90,328.00,339.90,724.70,0.6323,-1,-1,-1
266,7,349.60,134.90,67.10,162.90,0.7407,-1,-1,-1
266,68,1467.00,24.60,66.30,173.80,0.8623,-1,-1,-1
266,4,945.50,211.60,151.70,394.20,0.9287,-1,-1,-1
266,69,768.70,248.00,188.90,388.70,0.9224,-1,-1,-1
266,60,1333.00,34.30,63.10,185.40,0.8169,-1,-1,-1
266,64,1303.40,47.10,41.40,145.30,0.5352,-1,-1,-1
266,44,1272.40,64.60,40.50,133.90,0.6782,-1,-1,-1
266,63,1204.10,80.00,60.80,169.80,0.8193,-1,-1,-1
266,6,1242.50,47.60,40.00,130.20,0.3025,-1,-1,-1
266,14,649.80,121.30,45.70,122.90,0.7754,-1,-1,-1
266,106,1111.40,52.20,44.30,122.90,0.4243,-1,-1,-1
266,112,1683.50,8.80,79.10,210.50,0.8530,-1,-1,-1
266,12,684.20,121.00,53.10,125.70,0.5630,-1,-1,-1
266,86,1568.40,19.00,60.40,179.60,0.8521,-1,-1,-1
266,114,79.00,141.60,90.90,212.20,0.8799,-1,-1,-1
266,124,713.20,123.60,53.40,125.70,0.6426,-1,-1,-1
266,125,318.10,121.20,60.50,169.20,0.5591,-1,-1,-1
266,123,1220.60,174.60,140.90,237.40,0.8389,-1,-1,-1
266,129,993.50,111.90,65.80,80.50,0.4495,-1,-1,-1
266,74,1362.20,30.90,44.70,159.10,0.3748,-1,-1,-1
266,45,256.70,110.30,46.70,109.50,0.7842,-1,-1,-1
266,126,4.40,212.80,64.90,138.50,0.5234,-1,-1,-1
266,61,1662.90,22.40,41.10,178.20,0.5806,-1,-1,-1
266,32,1620.40,20.60,58.70,173.30,0.3115,-1,-1,-1
266,17,470.90,127.20,48.70,117.40,0.5928,-1,-1,-1
266,2,9.00,190.70,78.20,112.60,0.3276,-1,-1,-1
266,84,1209.70,55.50,32.30,93.40,0.1456,-1,-1,-1
266,70,0.00,127.40,38.10,101.00,0.8218,-1,-1,-1
266,57,1540.50,28.30,48.30,145.20,0.1422,-1,-1,-1
266,67,1722.10,330.10,197.90,700.60,0.1409,-1,-1,-1
266,138,295.50,110.20,36.40,109.20,0.6968,-1,-1,-1
266,39,396.10,115.90,40.50,100.10,0.5508,-1,-1,-1
266,23,575.70,121.70,43.50,117.90,0.8481,-1,-1,-1
266,77,1507.30,10.80,69.90,178.90,0.7476,-1,-1,-1
266,85,1183.50,43.30,45.00,133.20,0.5957,-1,-1,-1
266,140,1097.50,55.20,45.70,148.90,0.7129,-1,-1,-1
266,118,32.10,109.50,43.70,103.80,0.5601,-1,-1,-1
266,101,444.60,115.60,38.40,127.80,0.6782,-1,-1,-1
266,73,801.40,117.70,45.70,122.60,0.8301,-1,-1,-1
266,87,536.40,119.90,60.80,110.60,0.7686,-1,-1,-1
267,65,1579.10,445.40,304.40,634.60,0.5010,-1,-1,-1
267,7,349.40,131.40,68.50,166.10,0.5508,-1,-1,-1
267,68,1467.70,23.20,66.70,175.90,0.8027,-1,-1,-1
267,4,990.20,224.30,167.10,435.60,0.9224,-1,-1,-1
267,69,798.30,267.10,205.50,432.50,0.9155,-1,-1,-1
267,60,1334.00,34.70,62.50,183.80,0.8257,-1,-1,-1
267,64,1301.90,43.20,42.90,147.80,0.3040,-1,-1,-1
267,44,1263.30,70.80,51.80,164.70,0.8394,-1,-1,-1
267,63,1201.10,77.20,61.40,171.80,0.6245,-1,-1,-1
267,6,1243.90,49.20,37.30,119.40,0.2637,-1,-1,-1
267,14,646.60,119.80,44.40,119.90,0.6196,-1,-1,-1
267,106,1110.00,51.80,43.70,122.80,0.7520,-1,-1,-1
267,112,1692.40,6.80,79.30,211.30,0.8423,-1,-1,-1
267,12,687.90,122.80,50.70,122.40,0.7847,-1,-1,-1
267,86,1569.10,21.70,58.80,175.40,0.5947,-1,-1,-1
267,114,40.30,144.40,95.50,223.40,0.8784,-1,-1,-1
267,124,719.40,123.60,51.50,122.10,0.7900,-1,-1,-1
267,125,323.60,122.40,47.50,132.80,0.4678,-1,-1,-1
267,123,1222.60,181.90,146.80,249.40,0.8857,-1,-1,-1
267,129,993.70,112.30,65.00,79.90,0.4197,-1,-1,-1
267,74,1362.00,33.20,43.70,156.10,0.2487,-1,-1,-1
267,45,245.70,110.70,45.60,107.20,0.8130,-1,-1,-1
267,126,0.00,174.70,68.50,179.70,0.2227,-1,-1,-1
267,61,1665.80,21.80,41.50,177.90,0.6523,-1,-1,-1
267,32,1621.90,16.90,59.90,176.90,0.5815,-1,-1,-1
267,138,304.40,117.80,37.50,112.30,0.7212,-1,-1,-1
267,39,395.40,121.50,47.50,117.60,0.1772,-1,-1,-1
267,77,1504.90,8.90,70.60,182.90,0.8154,-1,-1,-1
267,141,1243.70,51.00,39.20,58.50,0.3943,-1,-1,-1
267,101,444.70,131.80,34.50,111.50,0.5918,-1,-1,-1
267,87,531.80,121.30,63.60,119.60,0.8003,-1,-1,-1
267,41,0.00,167.40,119.40,448.20,0.4814,-1,-1,-1
267,3,670.70,132.10,48.40,115.10,0.7471,-1,-1,-1
267,27,1193.00,59.30,52.80,173.30,0.5049,-1,-1,-1
267,102,1445.10,26.70,40.70,153.30,0.6582,-1,-1,-1
267,62,408.10,113.60,45.00,127.00,0.5127,-1,-1,-1
267,139,779.40,116.50,39.50,122.20,0.8608,-1,-1,-1
267,72,520.50,113.50,36.20,114.70,0.6724,-1,-1,-1
268,7,353.60,150.10,61.20,148.50,0.7007,-1,-1,-1
268,68,1466.60,25.80,65.60,173.30,0.8042,-1,-1,-1
268,4,1039.50,238.60,185.60,485.90,0.9209,-1,-1,-1
268,69,833.10,290.00,231.20,488.10,0.9224,-1,-1,-1
268,60,1337.50,45.50,57.20,166.30,0.7627,-1,-1,-1
268,64,1304.70,49.60,40.70,140.60,0.4446,-1,-1,-1
268,44,1255.40,74.90,55.90,174.10,0.8242,-1,-1,-1
268,63,1204.30,82.50,58.90,165.60,0.6807,-1,-1,-1
268,6,1239.60,49.30,42.70,135.30,0.2351,-1,-1,-1
268,14,649.50,118.20,46.80,126.00,0.8003,-1,-1,-1
268,106,1111.90,51.20,43.60,123.70,0.6030,-1,-1,-1
268,112,1692.10,6.50,79.20,209.80,0.8340,-1,-1,-1
268,12,691.70,123.20,50.10,121.80,0.7441,-1,-1,-1
268,86,1567.30,30.30,58.30,169.10,0.7168,-1,-1,-1
268,114,11.70,149.30,97.70,225.70,0.6387,-1,-1,-1
268,124,720.90,123.00,50.20,121.10,0.7695,-1,-1,-1
268,125,325.90,118.70,48.90,138.70,0.4932,-1,-1,-1
268,123,1249.90,194.10,151.20,259.70,0.8926,-1,-1,-1
268,129,977.40,104.20,97.40,122.80,0.6104,-1,-1,-1
268,74,1362.90,45.80,40.50,145.70,0.2903,-1,-1,-1
268,45,237.40,112.20,43.70,104.40,0.7373,-1,-1,-1
268,61,1667.90,22.80,41.50,176.50,0.6143,-1,-1,-1
268,32,1622.90,18.10,59.40,175.20,0.4756,-1,-1,-1
268,138,292.80,113.40,39.90,119.40,0.7612,-1,-1,-1
268,77,1505.40,8.40,69.90,184.00,0.7710,-1,-1,-1
268,141,1245.00,40.70,40.80,60.60,0.2444,-1,-1,-1
268,41,0.00,153.90,113.90,386.10,0.1093,-1,-1,-1
268,27,1196.30,59.90,50.80,163.40,0.6816,-1,-1,-1
268,62,401.70,108.80,47.50,134.70,0.6807,-1,-1,-1
268,139,766.30,113.40,39.60,121.30,0.8687,-1,-1,-1
268,72,513.80,116.90,38.80,119.70,0.8018,-1,-1,-1
268,108,45.70,151.40,51.00,114.40,0.6123,-1,-1,-1
268,116,632.80,138.40,37.20,108.20,0.6094,-1,-1,-1
268,107,1410.50,40.50,42.90,138.70,0.7202,-1,-1,-1
268,140,1098.70,59.80,42.20,134.00,0.7793,-1,-1,-1
269,7,346.10,134.00,67.70,163.50,0.7100,-1,-1,-1
269,68,1467.40,26.00,64.80,172.50,0.8159,-1,-1,-1
269,4,1113.60,258.80,208.50,548.80,0.9185,-1,-1,-1
269,69,869.60,318.30,259.50,558.80,0.8843,-1,-1,-1
269,60,1337.40,43.40,60.00,174.30,0.7007,-1,-1,-1
269,64,1305.70,49.00,41.00,141.70,0.4055,-1,-1,-1
269,44,1249.30,77.70,57.60,176.90,0.7490,-1,-1,-1
269,63,1209.10,84.60,57.70,163.70,0.6533,-1,-1,-1
269,14,648.60,120.00,46.70,123.40,0.7725,-1,-1,-1
269,106,1112.30,50.80,43.20,123.10,0.7842,-1,-1,-1
269,112,1698.20,6.50,79.20,208.50,0.8394,-1,-1,-1
269,12,694.50,124.10,49.40,120.60,0.6919,-1,-1,-1
269,86,1571.50,68.20,48.50,132.30,0.6885,-1,-1,-1
269,114,0.00,162.90,107.40,304.50,0.2444,-1,-1,-1
269,124,733.70,115.30,49.80,121.20,0.7871,-1,-1,-1
269,125,328.50,120.40,44.60,127.40,0.5137,-1,-1,-1
269,123,1297.40,206.10,157.60,275.60,0.8535,-1,-1,-1
269,45,224.20,111.10,43.90,103.80,0.7529,-1,-1,-1
269,61,1672.60,22.90,41.90,175.10,0.6748,-1,-1,-1
269,32,1617.80,13.60,62.30,182.20,0.7051,-1,-1,-1
269,138,279.60,112.90,39.70,118.10,0.7378,-1,-1,-1
269,77,1504.70,7.30,69.50,186.40,0.7607,-1,-1,-1
269,141,1241.60,47.90,37.60,55.70,0.5840,-1,-1,-1
269,41,0.00,155.00,119.10,440.90,0.5010,-1,-1,-1
269,27,1194.30,52.90,52.40,167.30,0.6426,-1,-1,-1
269,62,390.10,111.30,44.80,126.70,0.6318,-1,-1,-1
269,144,256.10,107.60,32.60,109.00,0.7026,-1,-1,-1
269,89,1287.80,43.20,43.40,132.70,0.6323,-1,-1,-1
269,88,313.20,111.80,29.90,101.50,0.4417,-1,-1,-1
269,108,48.30,153.60,50.30,109.20,0.6885,-1,-1,-1
269,107,1411.80,47.70,40.40,127.70,0.5518,-1,-1,-1
269,31,925.80,126.80,54.20,134.70,0.7393,-1,-1,-1
269,71,610.80,111.70,38.40,109.80,0.6646,-1,-1,-1
269,17,480.30,123.90,48.70,118.30,0.7534,-1,-1,-1
269,57,1548.70,32.00,47.90,144.00,0.5146,-1,-1,-1
269,23,594.90,129.60,42.30,113.80,0.8018,-1,-1,-1
270,7,342.70,119.00,73.70,179.40,0.7734,-1,-1,-1
270,68,1467.70,25.50,64.40,172.90,0.8350,-1,-1,-1
270,4,1200.60,289.00,239.10,630.80,0.9321,-1,-1,-1
270,69,922.50,354.10,303.90,654.60,0.8477,-1,-1,-1
270,60,1336.30,44.30,59.20,171.90,0.7441,-1,-1,-1
270,64,1306.00,51.50,40.30,139.70,0.4717,-1,-1,-1
270,44,1248.60,79.10,58.90,178.90,0.8188,-1,-1,-1
270,63,1210.00,83.40,58.00,165.50,0.7744,-1,-1,-1
270,14,646.90,120.90,46.30,121.30,0.8237,-1,-1,-1
270,106,1112.50,52.10,42.90,122.40,0.7583,-1,-1,-1
270,112,1707.40,8.90,77.80,203.90,0.8457,-1,-1,-1
270,12,694.40,123.00,49.80,121.10,0.6289,-1,-1,-1
270,86,1578.20,85.00,43.70,114.10,0.6001,-1,-1,-1
270,124,733.90,112.50,49.60,122.60,0.6958,-1,-1,-1
270,125,331.80,119.90,42.60,123.80,0.1172,-1,-1,-1
270,123,1349.20,217.80,165.30,296.50,0.7900,-1,-1,-1
270,45,209.00,112.20,42.90,101.60,0.8105,-1,-1,-1
270,32,1621.70,16.80,61.50,180.00,0.6226,-1,-1,-1
270,138,272.30,112.80,38.90,115.80,0.1442,-1,-1,-1
270,77,1505.70,8.40,68.80,186.00,0.8408,-1,-1,-1
270,141,1240.60,50.90,37.20,55.40,0.6084,-1,-1,-1
270,41,0.00,160.20,114.20,446.00,0.1196,-1,-1,-1
270,27,1199.70,58.20,50.60,161.00,0.3364,-1,-1,-1
270,144,259.70,109.10,34.90,115.90,0.6816,-1,-1,-1
270,89,1286.00,43.50,43.40,133.10,0.6699,-1,-1,-1
270,88,305.80,113.10,36.80,124.10,0.7178,-1,-1,-1
270,108,49.00,146.40,53.30,115.80,0.1744,-1,-1,-1
270,1,1779.90,4.40,67.80,209.20,0.8672,-1,-1,-1
270,17,467.30,117.80,49.50,120.30,0.7441,-1,-1,-1
270,56,1665.60,21.80,64.80,178.30,0.6738,-1,-1,-1
270,101,445.20,109.40,35.50,115.40,0.5449,-1,-1,-1
270,129,977.40,101.30,98.60,127.70,0.7280,-1,-1,-1
270,74,1362.30,57.10,39.80,144.70,0.3398,-1,-1,-1
271,7,341.10,120.50,72.80,177.70,0.7310,-1,-1,-1
271,68,1467.00,24.00,64.90,174.90,0.8740,-1,-1,-1
271,69,1024.50,401.60,310.70,664.50,0.8491,-1,-1,-1
271,60,1336.00,48.10,58.60,168.60,0.7456,-1,-1,-1
271,64,1305.50,47.50,41.20,143.80,0.5469,-1,-1,-1
271,44,1246.00,77.00,60.40,181.70,0.8013,-1,-1,-1
271,63,1207.80,81.20,58.10,167.70,0.7568,-1,-1,-1
271,14,640.80,121.10,46.60,120.50,0.7104,-1,-1,-1
271,106,1112.50,55.70,41.00,118.10,0.7505,-1,-1,-1
271,112,1705.60,9.00,75.90,201.20,0.8301,-1,-1,-1
271,12,694.30,124.30,49.20,120.20,0.6245,-1,-1,-1
271,86,1577.70,92.00,43.00,107.30,0.7188,-1,-1,-1
271,124,736.10,112.30,47.60,120.60,0.6504,-1,-1,-1
271,125,330.70,120.20,44.80,132.50,0.4475,-1,-1,-1
271,123,1407.00,232.90,155.00,277.60,0.8018,-1,-1,-1
271,45,197.60,111.60,42.60,100.90,0.6699,-1,-1,-1
271,32,1633.40,17.60,58.80,177.10,0.4795,-1,-1,-1
271,138,274.30,113.70,41.80,123.90,0.6123,-1,-1,-1
271,77,1507.80,9.40,67.50,184.50,0.8350,-1,-1,-1
271,141,1240.70,52.50,35.30,52.40,0.4397,-1,-1,-1
271,27,1197.40,64.80,48.50,153.20,0.5156,-1,-1,-1
271,144,250.80,112.80,33.60,111.30,0.6958,-1,-1,-1
271,89,1286.90,43.20,42.80,131.70,0.6919,-1,-1,-1
271,88,306.80,117.70,37.10,124.00,0.2108,-1,-1,-1
271,108,47.80,151.70,52.40,109.90,0.1299,-1,-1,-1
271,1,1787.80,5.50,67.60,208.20,0.8682,-1,-1,-1
271,35,1592.30,21.10,48.20,172.60,0.4873,-1,-1,-1
271,19,732.50,116.70,38.30,124.00,0.5630,-1,-1,-1
271,56,1661.30,20.20,64.60,179.50,0.7192,-1,-1,-1
271,101,446.90,112.60,37.70,118.10,0.8076,-1,-1,-1
271,74,1362.10,61.70,37.90,138.40,0.3584,-1,-1,-1
271,48,0.00,128.00,26.50,88.70,0.5078,-1,-1,-1
271,83,795.40,126.70,66.10,133.10,0.8076,-1,-1,-1
271,2,0.00,191.10,92.20,150.00,0.3398,-1,-1,-1
271,87,551.00,130.10,56.10,109.50,0.7358,-1,-1,-1
272,7,345.80,125.20,70.90,173.20,0.6714,-1,-1,-1
272,68,1466.20,22.60,65.20,176.40,0.8438,-1,-1,-1
272,60,1335.90,45.70,60.30,173.90,0.7324,-1,-1,-1
272,64,1308.30,62.00,37.50,129.00,0.6792,-1,-1,-1
272,44,1246.80,74.90,61.20,183.80,0.8394,-1,-1,-1
272,63,1206.60,79.90,57.90,168.40,0.7959,-1,-1,-1
272,112,1696.90,14.00,73.40,195.30,0.8164,-1,-1,-1
272,12,685.10,125.10,48.60,118.50,0.7324,-1,-1,-1
272,86,1576.00,97.70,41.60,100.80,0.5767,-1,-1,-1
272,124,745.20,118.70,51.70,132.30,0.7812,-1,-1,-1
272,125,326.50,119.60,51.90,155.60,0.4658,-1,-1,-1
272,123,1460.60,242.30,185.10,335.60,0.8672,-1,-1,-1
272,45,181.90,108.90,43.60,103.10,0.7671,-1,-1,-1
272,138,266.70,113.00,42.90,125.10,0.5410,-1,-1,-1
272,77,1506.80,10.40,66.20,183.80,0.7871,-1,-1,-1
272,141,1243.10,51.10,35.60,53.10,0.4397,-1,-1,-1
272,27,1193.20,48.00,52.30,166.10,0.4272,-1,-1,-1
272,144,237.40,113.40,34.00,111.50,0.5659,-1,-1,-1
272,89,1284.60,43.90,42.30,130.80,0.5869,-1,-1,-1
272,88,315.30,112.20,32.80,109.20,0.6074,-1,-1,-1
272,108,42.90,130.60,62.00,130.20,0.6030,-1,-1,-1
272,1,1787.40,3.70,69.00,212.70,0.8579,-1,-1,-1
272,35,1590.20,20.90,48.70,173.50,0.4485,-1,-1,-1
272,19,724.10,124.10,35.90,116.40,0.6909,-1,-1,-1
272,56,1654.40,20.50,63.70,178.60,0.5186,-1,-1,-1
272,101,437.80,114.10,38.60,116.80,0.8066,-1,-1,-1
272,74,1363.00,58.30,38.30,140.30,0.3293,-1,-1,-1
272,48,0.00,128.30,26.60,88.30,0.5747,-1,-1,-1
272,2,0.00,204.20,84.50,146.10,0.4922,-1,-1,-1
272,87,550.60,127.60,53.90,109.20,0.8311,-1,-1,-1
272,72,527.40,108.90,35.80,109.40,0.8062,-1,-1,-1
272,116,625.20,122.10,41.80,119.80,0.8345,-1,-1,-1
272,140,1107.60,45.90,50.30,151.40,0.8037,-1,-1,-1
272,62,390.40,105.30,40.10,114.30,0.7349,-1,-1,-1
272,31,908.60,124.40,54.70,130.60,0.7476,-1,-1,-1
272,4,1334.90,460.60,262.20,590.70,0.8320,-1,-1,-1
273,7,349.90,142.50,63.60,155.50,0.7676,-1,-1,-1
273,68,1467.30,23.00,65.50,176.10,0.8228,-1,-1,-1
273,60,1335.40,48.20,59.90,173.10,0.7212,-1,-1,-1
273,64,1306.50,62.30,37.70,128.20,0.6807,-1,-1,-1
273,44,1245.40,74.30,62.30,185.20,0.8359,-1,-1,-1
273,63,1206.30,79.70,57.50,168.00,0.8076,-1,-1,-1
273,112,1694.40,13.10,73.10,196.20,0.8169,-1,-1,-1
273,12,672.30,122.30,48.70,120.90,0.7607,-1,-1,-1
273,86,1574.90,98.70,42.20,99.40,0.2444,-1,-1,-1
273,124,741.60,115.00,47.00,122.00,0.7568,-1,-1,-1
273,125,330.60,121.10,51.30,156.30,0.1086,-1,-1,-1
273,123,1526.10,254.50,205.60,379.00,0.8428,-1,-1,-1
273,138,273.60,113.40,37.10,108.40,0.7607,-1,-1,-1
273,77,1507.40,8.50,65.80,184.80,0.7417,-1,-1,-1
273,141,1243.50,49.80,37.60,56.50,0.4893,-1,-1,-1
273,144,242.80,119.70,34.70,112.20,0.7432,-1,-1,-1
273,89,1283.30,43.90,43.30,135.10,0.6582,-1,-1,-1
273,88,310.70,103.70,35.50,117.80,0.8130,-1,-1,-1
273,108,46.40,142.80,56.90,117.20,0.6162,-1,-1,-1
273,1,1791.00,4.90,68.30,209.80,0.8242,-1,-1,-1
273,35,1584.30,21.20,49.90,175.60,0.4006,-1,-1,-1
273,19,707.60,122.20,41.40,132.90,0.8003,-1,-1,-1
273,56,1654.60,21.90,62.00,176.50,0.5400,-1,-1,-1
273,74,1363.50,57.00,38.20,140.90,0.4561,-1,-1,-1
273,48,0.00,130.30,26.10,86.20,0.6011,-1,-1,-1
273,2,0.00,212.60,76.90,140.20,0.4495,-1,-1,-1
273,87,547.60,128.60,50.30,105.10,0.7476,-1,-1,-1
273,94,16.00,191.20,67.70,100.30,0.6899,-1,-1,-1
273,105,1614.00,12.70,63.60,187.30,0.3970,-1,-1,-1
273,4,1503.90,599.70,243.90,478.00,0.7739,-1,-1,-1
273,117,160.80,108.40,45.20,104.30,0.7993,-1,-1,-1
273,73,858.50,131.80,49.50,122.40,0.8359,-1,-1,-1
273,39,409.30,116.90,45.10,111.80,0.8081,-1,-1,-1
273,102,1435.50,35.10,39.10,140.20,0.8091,-1,-1,-1
273,23,600.20,122.50,45.10,117.30,0.7695,-1,-1,-1
273,129,992.90,109.20,70.40,91.00,0.6206,-1,-1,-1
273,106,1113.30,53.20,40.90,119.50,0.6738,-1,-1,-1
274,7,346.10,137.50,65.40,160.80,0.7686,-1,-1,-1
274,68,1468.80,23.70,64.40,174.90,0.8066,-1,-1,-1
274,60,1333.60,37.40,64.00,186.30,0.7773,-1,-1,-1
274,64,1307.70,65.50,37.20,124.70,0.5947,-1,-1,-1
274,44,1245.60,76.70,62.40,183.20,0.7939,-1,-1,-1
274,63,1204.10,78.70,57.40,169.50,0.7866,-1,-1,-1
274,112,1685.00,15.90,70.10,191.50,0.5957,-1,-1,-1
274,124,738.70,112.60,45.50,118.90,0.8076,-1,-1,-1
274,125,332.10,121.70,42.40,128.30,0.4932,-1,-1,-1
274,123,1600.70,271.20,229.10,424.00,0.8813,-1,-1,-1
274,138,264.30,107.90,36.00,105.00,0.5215,-1,-1,-1
274,77,1506.30,9.10,64.30,184.10,0.7607,-1,-1,-1
274,141,1244.70,51.00,36.10,53.80,0.2583,-1,-1,-1
274,144,245.10,112.80,31.80,103.10,0.4912,-1,-1,-1
274,89,1285.30,43.00,42.90,134.30,0.5098,-1,-1,-1
274,88,299.40,104.70,35.10,114.60,0.8037,-1,-1,-1
274,108,46.90,148.20,55.10,111.60,0.4824,-1,-1,-1
274,1,1790.00,2.60,70.10,213.70,0.8369,-1,-1,-1
274,35,1575.50,22.40,50.90,175.50,0.4446,-1,-1,-1
274,19,704.30,122.90,38.90,123.60,0.7759,-1,-1,-1
274,56,1653.50,20.70,63.80,181.50,0.5000,-1,-1,-1
274,48,0.00,117.80,25.40,89.50,0.1968,-1,-1,-1
274,2,0.00,215.40,79.80,137.30,0.3523,-1,-1,-1
274,87,549.40,131.10,47.80,103.00,0.5244,-1,-1,-1
274,94,16.10,191.20,67.70,100.50,0.6250,-1,-1,-1
274,105,1614.50,9.30,64.40,189.50,0.3767,-1,-1,-1
274,58,1171.10,55.80,43.70,125.30,0.5669,-1,-1,-1
274,147,222.10,116.90,30.00,116.00,0.7319,-1,-1,-1
274,131,48.00,186.90,54.60,72.00,0.4272,-1,-1,-1
274,117,164.60,115.40,40.10,94.00,0.1312,-1,-1,-1
274,102,1437.50,37.60,40.60,141.10,0.6670,-1,-1,-1
274,23,584.70,121.20,46.20,119.00,0.7881,-1,-1,-1
274,129,993.60,110.20,62.40,80.90,0.1842,-1,-1,-1
274,106,1112.80,52.80,34.10,100.80,0.1067,-1,-1,-1
274,13,68.50,102.20,48.00,99.50,0.7432,-1,-1,-1
274,126,0.00,215.10,55.50,137.70,0.4844,-1,-1,-1
274,3,648.90,126.20,52.50,129.50,0.7842,-1,-1,-1
274,6,1239.10,47.20,42.10,136.20,0.4580,-1,-1,-1
274,107,1394.00,41.00,44.20,135.40,0.6816,-1,-1,-1
274,17,473.70,107.40,43.10,106.60,0.7773,-1,-1,-1
274,83,792.20,134.60,62.20,121.50,0.8652,-1,-1,-1
274,45,163.80,114.40,46.80,112.10,0.6069,-1,-1,-1
274,27,1192.00,62.20,47.10,150.40,0.3132,-1,-1,-1
274,140,1116.70,55.20,47.90,143.80,0.7432,-1,-1,-1
274,62,394.90,115.40,38.40,107.70,0.7959,-1,-1,-1
275,7,343.00,132.40,67.60,165.10,0.7881,-1,-1,-1
275,68,1469.80,24.00,64.20,175.00,0.8384,-1,-1,-1
275,60,1334.90,37.00,63.50,186.70,0.7798,-1,-1,-1
275,64,1305.60,56.40,40.00,134.50,0.6514,-1,-1,-1
275,44,1246.10,72.10,63.70,186.10,0.8276,-1,-1,-1
275,63,1202.70,78.90,56.60,168.90,0.7559,-1,-1,-1
275,112,1690.40,15.30,67.60,188.20,0.6943,-1,-1,-1
275,124,745.60,121.20,49.80,126.10,0.8501,-1,-1,-1
275,125,332.00,118.90,43.20,131.80,0.4055,-1,-1,-1
275,123,1672.00,305.40,245.10,464.50,0.7334,-1,-1,-1
275,138,256.00,105.50,34.90,103.50,0.4065,-1,-1,-1
275,77,1506.60,8.30,64.20,186.10,0.7871,-1,-1,-1
275,144,244.80,108.50,31.50,101.40,0.5117,-1,-1,-1
275,89,1285.80,42.30,42.40,134.30,0.5718,-1,-1,-1
275,88,301.20,110.40,32.10,104.60,0.5547,-1,-1,-1
275,108,47.50,152.10,54.10,107.30,0.7124,-1,-1,-1
275,1,1789.80,1.40,70.20,213.00,0.8481,-1,-1,-1
275,35,1583.50,21.40,51.40,174.80,0.6426,-1,-1,-1
275,19,701.60,121.00,38.30,120.60,0.5610,-1,-1,-1
275,56,1653.00,18.00,66.70,188.40,0.7578,-1,-1,-1
275,48,0.00,122.60,25.30,93.60,0.5737,-1,-1,-1
275,2,0.00,215.70,79.90,137.60,0.3979,-1,-1,-1
275,87,548.70,122.30,52.70,115.20,0.8228,-1,-1,-1
275,94,0.00,193.50,104.60,152.50,0.4590,-1,-1,-1
275,105,1618.40,13.00,61.90,183.00,0.2637,-1,-1,-1
275,23,593.70,124.20,48.70,125.60,0.7773,-1,-1,-1
275,129,983.40,84.50,101.90,138.50,0.6162,-1,-1,-1
275,106,1111.80,52.10,37.50,112.50,0.1093,-1,-1,-1
275,49,195.80,108.20,38.70,115.10,0.7905,-1,-1,-1
275,13,77.30,104.20,46.90,97.60,0.7065,-1,-1,-1
275,126,0.00,216.60,55.10,135.40,0.5718,-1,-1,-1
275,3,646.40,125.80,49.10,120.40,0.8257,-1,-1,-1
275,6,1237.70,46.20,41.60,137.20,0.4775,-1,-1,-1
275,107,1386.40,39.30,47.80,141.50,0.6958,-1,-1,-1
275,17,459.80,105.20,42.30,104.70,0.7832,-1,-1,-1
275,45,141.40,111.20,50.80,120.10,0.8354,-1,-1,-1
275,27,1193.00,67.00,46.30,149.30,0.3794,-1,-1,-1
275,140,1118.80,55.80,42.50,128.40,0.6670,-1,-1,-1
275,62,381.50,112.50,38.90,108.10,0.5610,-1,-1,-1
275,86,1573.60,98.50,44.20,101.60,0.6851,-1,-1,-1
276,7,334.30,118.90,72.90,179.70,0.7476,-1,-1,-1
276,68,1471.90,23.80,64.60,175.20,0.7852,-1,-1,-1
276,60,1336.90,38.80,61.30,181.00,0.7559,-1,-1,-1
276,64,1306.20,47.30,43.20,144.80,0.4600,-1,-1,-1
276,44,1246.20,71.80,64.40,187.40,0.8306,-1,-1,-1
276,63,1204.10,80.10,56.40,168.10,0.7642,-1,-1,-1
276,112,1688.20,16.50,67.20,187.70,0.7812,-1,-1,-1
276,124,740.50,116.10,46.30,118.60,0.8135,-1,-1,-1
276,138,262.90,105.60,37.20,107.40,0.8232,-1,-1,-1
276,77,1508.90,6.10,64.40,188.10,0.8188,-1,-1,-1
276,144,242.30,106.50,30.40,97.90,0.6001,-1,-1,-1
276,89,1286.00,43.00,41.20,131.70,0.6426,-1,-1,-1
276,88,302.50,139.00,23.10,73.30,0.4358,-1,-1,-1
276,108,48.40,154.30,54.00,104.90,0.6982,-1,-1,-1
276,1,1791.60,2.60,70.40,212.00,0.8374,-1,-1,-1
276,35,1584.60,22.20,51.00,172.50,0.3674,-1,-1,-1
276,19,696.30,121.20,42.20,128.40,0.8330,-1,-1,-1
276,56,1636.70,17.10,68.80,188.10,0.1316,-1,-1,-1
276,48,0.00,122.80,28.50,93.30,0.6899,-1,-1,-1
276,2,0.00,212.30,80.50,140.00,0.3408,-1,-1,-1
276,87,542.90,122.10,56.40,124.40,0.6826,-1,-1,-1
276,94,16.40,190.60,67.40,100.50,0.4121,-1,-1,-1
276,105,1614.10,10.10,63.00,187.70,0.4226,-1,-1,-1
276,129,1000.90,86.70,102.40,146.30,0.7612,-1,-1,-1
276,106,1108.40,51.80,38.80,118.40,0.1981,-1,-1,-1
276,49,187.40,109.70,35.60,105.40,0.7075,-1,-1,-1
276,13,79.40,103.00,46.70,99.70,0.6353,-1,-1,-1
276,45,120.80,114.00,51.20,118.50,0.7339,-1,-1,-1
276,27,1192.80,67.40,46.00,148.90,0.6133,-1,-1,-1
276,140,1118.20,53.40,45.10,131.70,0.7241,-1,-1,-1
276,84,3.10,329.10,52.50,170.40,0.3611,-1,-1,-1
276,98,1330.30,39.40,30.40,150.70,0.3933,-1,-1,-1
276,86,1573.10,98.90,45.30,101.20,0.7441,-1,-1,-1
276,85,1230.60,49.00,45.50,138.30,0.5381,-1,-1,-1
276,14,629.70,124.00,45.60,117.20,0.8252,-1,-1,-1
276,32,1644.20,18.90,61.50,186.40,0.6577,-1,-1,-1
276,101,435.30,106.80,34.10,101.90,0.7798,-1,-1,-1
276,12,672.90,125.80,45.10,113.70,0.6143,-1,-1,-1
276,147,231.20,112.10,25.90,97.60,0.6772,-1,-1,-1
276,117,163.00,120.90,44.80,103.80,0.7485,-1,-1,-1
276,102,1442.50,42.60,39.50,131.90,0.4775,-1,-1,-1
277,7,329.90,116.60,72.90,181.10,0.8301,-1,-1,-1
277,68,1470.60,24.30,63.90,174.00,0.8354,-1,-1,-1
277,60,1337.50,36.70,60.80,180.80,0.7529,-1,-1,-1
277,64,1306.30,48.40,42.80,143.50,0.6470,-1,-1,-1
277,44,1247.30,72.00,63.80,185.80,0.8335,-1,-1,-1
277,63,1203.80,79.00,56.00,168.30,0.7930,-1,-1,-1
277,112,1685.50,16.10,67.00,187.50,0.8408,-1,-1,-1
277,124,738.10,113.00,45.30,117.30,0.8184,-1,-1,-1
277,138,254.90,103.40,37.90,108.20,0.8311,-1,-1,-1
277,77,1508.50,6.80,62.50,183.70,0.8081,-1,-1,-1
277,89,1285.70,43.10,41.50,133.70,0.4648,-1,-1,-1
277,108,47.20,154.00,55.80,106.60,0.6582,-1,-1,-1
277,1,1789.80,1.20,71.20,212.90,0.8540,-1,-1,-1
277,35,1585.40,23.30,50.10,168.20,0.3933,-1,-1,-1
277,19,698.40,124.10,38.90,117.00,0.6030,-1,-1,-1
277,56,1629.20,16.80,70.00,188.80,0.7129,-1,-1,-1
277,48,1.00,122.10,29.00,93.20,0.7075,-1,-1,-1
277,2,0.00,204.40,83.40,145.80,0.4233,-1,-1,-1
277,87,544.70,126.90,50.60,115.00,0.7241,-1,-1,-1
277,94,18.40,192.10,64.50,96.20,0.2458,-1,-1,-1
277,105,1613.70,11.70,61.30,184.80,0.1842,-1,-1,-1
277,129,984.50,101.70,98.00,144.20,0.7007,-1,-1,-1
277,106,1099.20,54.00,45.40,135.90,0.6133,-1,-1,-1
277,49,176.00,108.60,34.70,102.80,0.3804,-1,-1,-1
277,13,80.40,103.20,47.70,104.30,0.2759,-1,-1,-1
277,45,125.90,114.80,49.40,114.10,0.6978,-1,-1,-1
277,27,1192.70,67.40,45.10,147.10,0.6235,-1,-1,-1
277,140,1115.90,53.20,42.20,124.80,0.3757,-1,-1,-1
277,98,1332.70,40.00,30.20,149.10,0.3389,-1,-1,-1
277,86,1573.00,95.50,47.50,104.40,0.7866,-1,-1,-1
277,100,959.00,110.00,55.40,147.60,0.6851,-1,-1,-1
277,32,1648.50,21.70,56.80,174.90,0.2394,-1,-1,-1
277,12,671.20,125.10,44.30,113.70,0.4177,-1,-1,-1
277,147,234.80,106.20,25.10,94.90,0.4368,-1,-1,-1
277,117,161.00,113.60,46.20,105.90,0.6978,-1,-1,-1
277,79,85.30,114.40,54.90,115.70,0.7168,-1,-1,-1
277,57,1545.30,34.60,47.40,145.40,0.6992,-1,-1,-1
277,72,538.50,118.10,29.10,89.60,0.4407,-1,-1,-1
277,116,623.50,125.10,39.70,114.70,0.7881,-1,-1,-1
277,39,412.60,106.60,41.40,101.60,0.8193,-1,-1,-1
277,23,593.00,128.50,38.40,101.00,0.6875,-1,-1,-1
277,3,647.40,129.50,49.90,117.20,0.7983,-1,-1,-1
277,6,1239.40,46.40,40.40,133.80,0.6992,-1,-1,-1
277,107,1391.90,43.50,47.90,133.10,0.7661,-1,-1,-1
278,7,337.70,131.00,66.70,165.80,0.8716,-1,-1,-1
278,68,1469.90,24.70,63.10,173.10,0.8403,-1,-1,-1
278,60,1337.20,40.30,59.70,177.00,0.7285,-1,-1,-1
278,64,1305.30,47.90,42.70,143.60,0.5508,-1,-1,-1
278,44,1245.10,72.70,63.80,184.80,0.8076,-1,-1,-1
278,63,1203.90,81.00,55.30,166.60,0.7754,-1,-1,-1
278,112,1686.50,15.60,67.20,188.20,0.8442,-1,-1,-1
278,124,737.20,111.90,45.00,116.80,0.8145,-1,-1,-1
278,138,245.20,101.30,38.80,109.70,0.7529,-1,-1,-1
278,77,1505.90,6.80,63.20,187.00,0.7881,-1,-1,-1
278,89,1285.90,43.90,41.00,132.50,0.5566,-1,-1,-1
278,108,46.30,151.60,56.50,106.80,0.5889,-1,-1,-1
278,1,1788.70,1.00,72.20,213.90,0.8408,-1,-1,-1
278,35,1584.90,22.60,51.60,173.00,0.4358,-1,-1,-1
278,19,689.00,124.70,36.90,112.20,0.5991,-1,-1,-1
278,56,1627.80,16.40,71.80,190.20,0.7725,-1,-1,-1
278,48,1.80,121.70,29.70,94.30,0.8315,-1,-1,-1
278,2,0.00,212.50,81.30,135.30,0.3201,-1,-1,-1
278,87,541.00,118.50,52.60,122.10,0.7842,-1,-1,-1
278,94,14.40,192.10,65.90,97.90,0.4678,-1,-1,-1
278,105,1611.70,9.20,62.40,189.40,0.3433,-1,-1,-1
278,49,165.80,106.90,34.10,100.20,0.7676,-1,-1,-1
278,13,77.60,105.70,48.40,110.40,0.4253,-1,-1,-1
278,45,127.10,110.90,46.10,106.20,0.6582,-1,-1,-1
278,27,1195.70,59.70,48.70,157.50,0.6953,-1,-1,-1
278,140,1113.80,53.50,40.20,119.50,0.7227,-1,-1,-1
278,98,1328.70,39.70,30.40,150.00,0.3477,-1,-1,-1
278,86,1573.50,97.40,47.30,102.40,0.6050,-1,-1,-1
278,100,944.30,111.50,57.30,151.80,0.5767,-1,-1,-1
278,32,1648.90,20.10,57.30,175.70,0.2000,-1,-1,-1
278,12,667.30,123.90,44.60,114.20,0.6069,-1,-1,-1
278,113,215.10,104.70,39.90,98.60,0.5571,-1,-1,-1
278,114,276.50,111.40,33.20,94.40,0.6670,-1,-1,-1
278,29,1075.40,88.60,39.20,118.10,0.8057,-1,-1,-1
278,79,81.90,113.90,50.80,114.00,0.1646,-1,-1,-1
278,57,1542.80,30.00,48.00,149.50,0.4902,-1,-1,-1
278,72,539.60,115.20,36.10,113.20,0.1268,-1,-1,-1
278,116,622.90,125.20,39.10,114.60,0.8008,-1,-1,-1
278,23,597.20,129.40,44.20,112.40,0.7920,-1,-1,-1
278,3,653.90,125.50,46.30,113.90,0.1056,-1,-1,-1
278,141,1247.40,48.30,36.70,54.10,0.3943,-1,-1,-1
278,131,45.20,176.80,61.50,81.40,0.2622,-1,-1,-1
278,125,309.80,117.20,55.90,169.70,0.7505,-1,-1,-1
278,126,0.00,217.40,60.50,145.70,0.3208,-1,-1,-1
278,17,457.00,121.00,48.50,121.80,0.7852,-1,-1,-1
278,62,386.60,104.80,37.30,102.40,0.7983,-1,-1,-1
278,84,1.90,323.50,53.20,172.30,0.2991,-1,-1,-1
278,85,1240.50,48.10,44.90,140.20,0.3132,-1,-1,-1
279,7,339.30,134.90,65.60,163.80,0.8369,-1,-1,-1
279,68,1469.70,26.60,63.50,172.40,0.7861,-1,-1,-1
279,60,1336.50,32.20,63.50,189.50,0.8008,-1,-1,-1
279,64,1306.50,45.30,43.50,145.60,0.3433,-1,-1,-1
279,44,1242.60,76.30,63.40,183.00,0.8105,-1,-1,-1
279,63,1205.10,83.00,54.80,165.60,0.6992,-1,-1,-1
279,112,1687.10,15.20,67.10,188.50,0.8403,-1,-1,-1
279,124,736.90,111.50,44.80,116.80,0.8066,-1,-1,-1
279,77,1507.40,6.80,62.50,187.70,0.7842,-1,-1,-1
279,89,1285.20,43.50,42.40,136.50,0.6489,-1,-1,-1
279,108,39.90,127.10,68.30,130.70,0.5146,-1,-1,-1
279,1,1789.20,1.60,72.70,214.10,0.8413,-1,-1,-1
279,35,1579.20,43.60,46.90,154.80,0.4524,-1,-1,-1
279,56,1624.80,14.90,73.70,192.30,0.6646,-1,-1,-1
279,48,1.90,121.50,29.50,92.50,0.8467,-1,-1,-1
279,2,3.60,224.70,76.70,124.20,0.3584,-1,-1,-1
279,87,542.20,121.90,54.20,122.10,0.7612,-1,-1,-1
279,94,19.30,191.30,63.80,94.90,0.4351,-1,-1,-1
279,105,1608.70,7.80,63.30,194.00,0.2227,-1,-1,-1
279,49,155.50,105.20,34.40,99.70,0.7446,-1,-1,-1
279,13,80.10,109.40,46.20,108.30,0.1656,-1,-1,-1
279,45,119.60,108.50,45.50,104.10,0.6523,-1,-1,-1
279,27,1197.10,51.50,48.40,154.60,0.3804,-1,-1,-1
279,140,1113.40,52.80,39.60,118.40,0.7285,-1,-1,-1
279,98,1324.80,38.50,31.20,151.50,0.4619,-1,-1,-1
279,86,1573.20,96.60,48.20,102.70,0.6968,-1,-1,-1
279,100,937.30,111.00,51.80,135.80,0.7773,-1,-1,-1
279,32,1646.20,18.00,59.20,181.50,0.2783,-1,-1,-1
279,12,661.10,121.40,46.50,117.00,0.5767,-1,-1,-1
279,113,211.50,103.10,38.10,94.80,0.4570,-1,-1,-1
279,79,81.80,112.20,49.90,110.90,0.3999,-1,-1,-1
279,72,539.70,113.80,39.60,123.70,0.1140,-1,-1,-1
279,23,605.40,126.50,44.20,112.70,0.7886,-1,-1,-1
279,3,650.40,124.80,45.10,112.80,0.3372,-1,-1,-1
279,131,38.30,161.10,72.40,97.00,0.1432,-1,-1,-1
279,125,285.00,119.70,61.60,172.40,0.8931,-1,-1,-1
279,126,0.00,215.90,54.30,139.10,0.1348,-1,-1,-1
279,62,371.70,103.70,37.90,101.60,0.6323,-1,-1,-1
279,84,0.00,262.70,65.30,215.70,0.1842,-1,-1,-1
279,85,1238.00,50.10,43.00,139.80,0.1144,-1,-1,-1
279,90,36.80,112.20,35.70,86.70,0.4272,-1,-1,-1
279,31,873.30,121.50,58.70,142.90,0.7324,-1,-1,-1
279,144,233.10,105.90,33.20,103.70,0.7500,-1,-1,-1
279,129,1019.30,98.60,85.30,130.30,0.7026,-1,-1,-1
279,39,417.70,122.40,50.20,118.80,0.8320,-1,-1,-1
280,7,333.80,134.80,66.10,164.50,0.8706,-1,-1,-1
280,68,1471.60,27.00,62.80,171.40,0.7852,-1,-1,-1
280,60,1336.50,30.20,64.30,193.30,0.7983,-1,-1,-1
280,64,1307.30,44.70,44.00,146.70,0.4736,-1,-1,-1
280,44,1243.40,74.80,63.80,184.10,0.8706,-1,-1,-1
280,63,1204.70,82.10,54.30,164.40,0.6646,-1,-1,-1
280,112,1687.20,14.70,67.30,189.40,0.8198,-1,-1,-1
280,124,736.80,111.40,44.60,116.90,0.8003,-1,-1,-1
280,77,1509.50,8.30,62.10,186.80,0.7622,-1,-1,-1
280,89,1284.50,43.50,41.80,135.40,0.6187,-1,-1,-1
280,108,44.50,123.60,68.40,134.40,0.6426,-1,-1,-1
280,1,1790.30,1.00,73.00,213.70,0.8623,-1,-1,-1
280,35,1573.50,27.10,52.20,169.00,0.3757,-1,-1,-1
280,56,1621.10,13.70,75.80,193.70,0.7676,-1,-1,-1
280,48,3.00,119.30,30.40,92.80,0.6689,-1,-1,-1
280,2,1.40,215.50,81.60,132.30,0.2153,-1,-1,-1
280,105,1609.40,8.90,62.10,192.00,0.2050,-1,-1,-1
280,49,147.00,106.00,32.90,95.00,0.5610,-1,-1,-1
280,13,78.00,111.20,45.60,108.80,0.1052,-1,-1,-1
280,45,115.90,107.00,44.50,101.70,0.4805,-1,-1,-1
280,27,1196.80,54.10,49.00,156.20,0.4824,-1,-1,-1
280,140,1112.30,51.10,40.30,121.30,0.7075,-1,-1,-1
280,98,1322.10,38.10,32.20,153.60,0.4026,-1,-1,-1
280,86,1571.40,85.00,53.90,114.20,0.7114,-1,-1,-1
280,32,1649.90,15.30,58.20,179.80,0.1694,-1,-1,-1
280,79,92.90,109.90,47.20,106.90,0.4197,-1,-1,-1
280,72,544.10,116.40,40.10,122.70,0.7720,-1,-1,-1
280,23,603.90,125.30,44.90,113.90,0.7920,-1,-1,-1
280,3,649.80,121.90,45.40,114.90,0.6504,-1,-1,-1
280,62,375.60,115.30,44.80,117.90,0.7930,-1,-1,-1
280,84,0.00,210.90,80.80,266.10,0.1353,-1,-1,-1
280,71,988.90,110.60,38.80,73.60,0.4485,-1,-1,-1
280,34,256.30,115.40,28.50,89.20,0.5459,-1,-1,-1
280,31,874.00,121.10,57.90,137.30,0.4883,-1,-1,-1
280,129,1011.80,108.60,77.00,121.30,0.7266,-1,-1,-1
280,19,307.70,104.90,32.80,95.00,0.7441,-1,-1,-1
280,41,0.00,187.10,106.90,425.20,0.3032,-1,-1,-1
280,58,1169.30,49.60,46.40,133.70,0.5225,-1,-1,-1
280,14,639.50,122.90,43.50,113.60,0.4795,-1,-1,-1
280,102,1437.30,36.00,47.40,155.10,0.7925,-1,-1,-1
280,117,175.50,110.30,41.70,96.20,0.7251,-1,-1,-1
280,138,216.90,99.60,62.50,174.80,0.8198,-1,-1,-1
280,114,276.40,110.40,36.40,102.70,0.7773,-1,-1,-1
281,7,329.50,136.70,65.70,163.10,0.7637,-1,-1,-1
281,68,1472.10,26.40,63.00,171.60,0.7900,-1,-1,-1
281,60,1335.60,30.10,64.40,194.70,0.7842,-1,-1,-1
281,64,1303.50,45.80,43.50,145.30,0.5205,-1,-1,-1
281,44,1244.30,78.30,62.80,180.80,0.8467,-1,-1,-1
281,63,1206.40,80.60,54.40,165.90,0.7983,-1,-1,-1
281,112,1689.50,15.20,67.00,189.00,0.8428,-1,-1,-1
281,124,735.40,112.40,43.40,115.30,0.7598,-1,-1,-1
281,77,1509.20,10.90,60.70,182.60,0.8032,-1,-1,-1
281,89,1284.10,43.90,41.90,135.60,0.4922,-1,-1,-1
281,108,39.20,113.90,72.70,145.00,0.1097,-1,-1,-1
281,1,1788.60,0.90,73.20,212.90,0.8311,-1,-1,-1
281,35,1571.10,29.60,52.90,168.80,0.7920,-1,-1,-1
281,56,1624.30,15.30,75.40,192.10,0.7671,-1,-1,-1
281,48,1.60,119.30,30.90,93.90,0.2974,-1,-1,-1
281,105,1612.10,12.10,58.90,184.90,0.1943,-1,-1,-1
281,27,1195.10,50.40,48.30,151.90,0.6494,-1,-1,-1
281,140,1116.00,53.70,41.30,123.10,0.7075,-1,-1,-1
281,98,1323.40,39.90,32.40,151.10,0.1052,-1,-1,-1
281,79,95.70,110.00,44.70,102.30,0.8286,-1,-1,-1
281,72,536.90,115.40,41.20,123.90,0.7339,-1,-1,-1
281,23,596.20,123.90,44.90,114.50,0.8188,-1,-1,-1
281,84,0.00,172.20,85.20,311.10,0.1842,-1,-1,-1
281,71,976.50,111.80,63.20,119.80,0.7515,-1,-1,-1
281,34,253.70,111.70,32.30,100.50,0.8301,-1,-1,-1
281,154,811.40,123.40,62.00,133.70,0.6177,-1,-1,-1
281,145,841.70,122.90,52.40,134.70,0.7417,-1,-1,-1
281,19,300.30,101.50,35.20,99.40,0.6602,-1,-1,-1
281,41,0.00,174.10,104.00,438.50,0.1038,-1,-1,-1
281,58,1155.20,54.70,47.40,136.60,0.7725,-1,-1,-1
281,14,639.80,121.50,44.80,114.70,0.7515,-1,-1,-1
281,102,1425.90,37.70,48.70,155.40,0.8057,-1,-1,-1
281,83,750.90,121.10,68.30,140.40,0.7754,-1,-1,-1
281,141,1242.70,48.30,36.60,53.60,0.4036,-1,-1,-1
281,17,449.60,129.40,47.50,114.40,0.8560,-1,-1,-1
281,94,9.40,189.30,90.80,137.70,0.3657,-1,-1,-1
281,113,198.20,101.40,38.10,96.00,0.4678,-1,-1,-1
281,144,219.20,103.30,34.90,106.50,0.7163,-1,-1,-1
282,7,319.60,136.10,65.50,162.40,0.8237,-1,-1,-1
282,68,1472.80,27.00,63.00,170.70,0.8232,-1,-1,-1
282,60,1337.20,34.00,61.60,185.10,0.7788,-1,-1,-1
282,64,1305.20,48.00,43.00,143.20,0.6567,-1,-1,-1
282,44,1244.70,78.20,62.40,179.20,0.8862,-1,-1,-1
282,63,1206.40,80.80,53.80,163.60,0.6001,-1,-1,-1
282,112,1689.60,15.10,66.70,188.30,0.8354,-1,-1,-1
282,124,738.30,112.40,43.00,115.30,0.7593,-1,-1,-1
282,77,1512.80,12.80,60.70,180.90,0.6929,-1,-1,-1
282,89,1284.20,44.20,41.40,134.90,0.6309,-1,-1,-1
282,108,34.60,125.90,67.20,135.60,0.1019,-1,-1,-1
282,1,1789.50,0.90,74.20,214.60,0.8530,-1,-1,-1
282,35,1568.10,23.40,55.70,175.30,0.8569,-1,-1,-1
282,56,1625.20,16.00,76.10,191.20,0.7627,-1,-1,-1
282,48,0.00,117.50,31.50,108.30,0.1074,-1,-1,-1
282,105,1613.20,11.50,59.70,187.50,0.4016,-1,-1,-1
282,27,1196.90,53.10,50.10,158.70,0.5078,-1,-1,-1
282,140,1118.60,60.80,44.20,129.70,0.5332,-1,-1,-1
282,72,537.10,124.50,36.50,112.00,0.4485,-1,-1,-1
282,23,589.10,124.60,44.20,113.50,0.8057,-1,-1,-1
282,71,967.10,116.10,73.00,137.30,0.1163,-1,-1,-1
282,34,244.30,111.40,32.00,99.50,0.7402,-1,-1,-1
282,154,803.90,120.40,60.50,131.30,0.6670,-1,-1,-1
282,19,299.10,113.90,30.30,83.30,0.3721,-1,-1,-1
282,58,1155.40,52.80,45.70,131.80,0.7969,-1,-1,-1
282,14,633.00,121.00,45.50,114.60,0.7500,-1,-1,-1
282,102,1419.00,34.50,51.20,161.40,0.8101,-1,-1,-1
282,83,764.60,121.60,64.60,136.20,0.7642,-1,-1,-1
282,141,1242.20,50.00,34.00,50.20,0.1471,-1,-1,-1
282,94,4.20,190.60,95.70,146.80,0.1277,-1,-1,-1
282,113,189.90,102.30,41.00,103.00,0.7905,-1,-1,-1
282,144,221.60,108.00,33.60,101.60,0.4736,-1,-1,-1
282,103,81.00,119.50,79.90,179.40,0.8169,-1,-1,-1
282,73,949.90,125.40,54.60,130.20,0.5649,-1,-1,-1
282,106,1094.80,62.50,45.00,135.30,0.6533,-1,-1,-1
282,107,1375.20,30.40,54.20,156.10,0.7285,-1,-1,-1
282,39,408.70,133.20,47.10,109.90,0.8398,-1,-1,-1
283,68,1472.50,26.00,64.10,172.20,0.8286,-1,-1,-1
283,60,1336.70,37.10,60.70,181.30,0.7891,-1,-1,-1
283,64,1304.30,47.40,42.90,143.50,0.7432,-1,-1,-1
283,44,1244.40,75.50,63.20,181.70,0.8540,-1,-1,-1
283,63,1196.80,75.00,57.70,170.20,0.7593,-1,-1,-1
283,112,1689.70,15.40,66.50,188.00,0.8428,-1,-1,-1
283,124,738.40,117.10,47.80,127.50,0.7217,-1,-1,-1
283,77,1517.40,14.00,60.20,179.40,0.8018,-1,-1,-1
283,89,1284.20,43.80,40.30,132.20,0.6489,-1,-1,-1
283,108,40.40,113.60,71.10,146.90,0.6084,-1,-1,-1
283,1,1789.90,0.70,74.40,213.70,0.9004,-1,-1,-1
283,35,1571.00,21.10,56.60,177.00,0.7871,-1,-1,-1
283,48,0.00,117.50,37.40,121.90,0.3621,-1,-1,-1
283,105,1611.10,9.80,61.00,191.00,0.5938,-1,-1,-1
283,27,1195.90,54.60,51.20,160.40,0.1630,-1,-1,-1
283,140,1128.20,64.80,42.60,124.30,0.7285,-1,-1,-1
283,23,578.80,125.00,43.60,111.30,0.8145,-1,-1,-1
283,102,1413.80,35.40,54.40,170.30,0.8105,-1,-1,-1
283,83,762.60,121.10,61.30,133.30,0.6816,-1,-1,-1
283,141,1241.60,49.90,34.00,49.50,0.3074,-1,-1,-1
283,113,195.80,105.60,41.60,104.00,0.7129,-1,-1,-1
283,144,225.40,110.80,30.00,89.80,0.6870,-1,-1,-1
283,70,153.20,109.90,32.50,89.00,0.7734,-1,-1,-1
283,11,508.00,112.20,45.50,122.70,0.7256,-1,-1,-1
283,73,946.60,132.70,50.30,118.50,0.6870,-1,-1,-1
283,106,1093.00,76.80,46.10,136.00,0.6768,-1,-1,-1
283,107,1374.20,29.60,53.10,158.20,0.7114,-1,-1,-1
283,118,20.50,120.50,50.70,125.60,0.4272,-1,-1,-1
283,29,1062.10,80.80,42.30,127.30,0.5972,-1,-1,-1
283,116,621.90,121.50,39.60,114.00,0.7695,-1,-1,-1
283,100,900.90,141.60,46.90,120.40,0.7949,-1,-1,-1
283,12,655.80,121.00,52.80,133.60,0.8081,-1,-1,-1
283,125,291.40,137.00,58.90,159.70,0.8003,-1,-1,-1
283,2,21.20,241.30,63.40,103.00,0.4551,-1,-1,-1
283,32,1646.20,16.50,61.10,187.90,0.7324,-1,-1,-1
283,62,360.50,119.70,47.30,119.40,0.8857,-1,-1,-1
283,117,174.10,103.80,41.90,99.20,0.7944,-1,-1,-1
283,114,259.90,115.40,43.50,123.40,0.5972,-1,-1,-1
283,79,105.30,103.80,43.30,100.90,0.7178,-1,-1,-1
284,68,1469.90,25.80,63.50,172.30,0.8218,-1,-1,-1
284,60,1335.20,32.50,63.00,189.40,0.7852,-1,-1,-1
284,64,1304.90,50.40,42.00,141.00,0.7476,-1,-1,-1
284,44,1245.50,75.30,63.20,182.30,0.8208,-1,-1,-1
284,63,1201.70,68.20,58.90,175.50,0.7378,-1,-1,-1
284,112,1690.70,15.50,66.60,188.40,0.8433,-1,-1,-1
284,124,735.40,118.90,49.90,130.60,0.6851,-1,-1,-1
284,77,1511.10,31.30,53.10,162.40,0.6353,-1,-1,-1
284,89,1282.70,42.80,40.00,131.50,0.6162,-1,-1,-1
284,108,48.80,114.80,67.20,142.40,0.1624,-1,-1,-1
284,1,1790.00,2.50,74.50,211.30,0.8135,-1,-1,-1
284,35,1576.50,19.90,58.20,179.10,0.6724,-1,-1,-1
284,48,0.00,132.60,30.60,102.00,0.4756,-1,-1,-1
284,105,1614.00,10.30,60.00,190.50,0.2031,-1,-1,-1
284,27,1191.70,60.20,49.30,153.10,0.3999,-1,-1,-1
284,102,1404.80,37.20,56.40,175.20,0.7861,-1,-1,-1
284,141,1239.40,49.10,37.00,54.80,0.2590,-1,-1,-1
284,113,193.50,107.50,38.60,96.70,0.3496,-1,-1,-1
284,144,217.50,111.10,28.70,86.20,0.5537,-1,-1,-1
284,70,155.80,105.20,36.90,101.30,0.4524,-1,-1,-1
284,11,494.40,114.30,44.30,118.90,0.6548,-1,-1,-1
284,106,1098.60,70.10,46.00,137.50,0.6714,-1,-1,-1
284,107,1368.00,35.80,49.90,153.50,0.1063,-1,-1,-1
284,111,976.50,109.20,42.30,74.70,0.5581,-1,-1,-1
284,29,1056.30,89.40,46.00,135.00,0.7637,-1,-1,-1
284,116,615.00,121.40,46.30,126.10,0.7808,-1,-1,-1
284,100,893.10,143.80,46.10,115.30,0.6084,-1,-1,-1
284,125,267.20,145.70,60.00,153.30,0.8662,-1,-1,-1
284,32,1642.70,16.30,61.00,188.10,0.6426,-1,-1,-1
284,117,173.10,105.50,44.20,102.50,0.6279,-1,-1,-1
284,114,263.00,107.80,40.80,115.20,0.1144,-1,-1,-1
284,79,104.00,104.80,40.80,96.70,0.1217,-1,-1,-1
284,57,1532.80,12.60,60.40,184.60,0.7686,-1,-1,-1
284,87,554.50,123.30,49.50,112.50,0.8389,-1,-1,-1
284,131,36.00,138.40,86.00,119.80,0.6582,-1,-1,-1
284,90,34.90,113.20,37.70,95.80,0.6436,-1,-1,-1
284,86,1559.50,28.70,76.20,168.40,0.4534,-1,-1,-1
284,31,856.50,134.70,54.90,127.30,0.6704,-1,-1,-1
284,41,0.00,143.30,104.70,474.90,0.2830,-1,-1,-1
284,7,314.30,127.10,51.10,125.40,0.8252,-1,-1,-1
284,34,233.70,113.20,39.50,121.50,0.7642,-1,-1,-1
284,94,6.60,197.90,91.60,143.90,0.3604,-1,-1,-1
285,68,1466.90,27.60,63.30,170.20,0.7725,-1,-1,-1
285,60,1332.70,34.20,57.00,171.90,0.4158,-1,-1,-1
285,64,1305.10,43.30,43.70,146.80,0.2095,-1,-1,-1
285,44,1245.20,76.20,62.70,181.70,0.8052,-1,-1,-1
285,63,1207.30,77.00,55.90,168.60,0.7505,-1,-1,-1
285,112,1691.40,17.50,66.00,186.40,0.8472,-1,-1,-1
285,124,737.40,114.80,46.20,121.10,0.8105,-1,-1,-1
285,89,1286.50,40.20,41.10,136.30,0.5688,-1,-1,-1
285,1,1787.80,2.60,75.00,211.90,0.8276,-1,-1,-1
285,35,1580.80,15.70,60.40,184.50,0.5767,-1,-1,-1
285,27,1194.70,59.60,49.40,154.30,0.5498,-1,-1,-1
285,102,1390.70,47.90,56.30,172.00,0.7065,-1,-1,-1
285,141,1241.40,48.10,37.20,55.20,0.3821,-1,-1,-1
285,144,208.90,103.90,29.40,85.30,0.5264,-1,-1,-1
285,70,150.90,102.00,38.90,106.10,0.7969,-1,-1,-1
285,11,481.10,115.50,44.20,118.00,0.7690,-1,-1,-1
285,106,1108.20,61.30,40.80,123.60,0.7339,-1,-1,-1
285,111,977.30,109.90,42.80,75.80,0.3276,-1,-1,-1
285,29,1069.20,86.90,44.30,130.10,0.7739,-1,-1,-1
285,116,607.60,122.50,43.40,116.60,0.7773,-1,-1,-1
285,32,1652.10,17.00,55.40,175.50,0.6245,-1,-1,-1
285,117,174.60,104.00,42.00,98.20,0.6885,-1,-1,-1
285,114,270.60,109.70,44.20,122.50,0.8193,-1,-1,-1
285,88,696.80,118.30,43.10,132.10,0.6870,-1,-1,-1
285,75,120.70,110.00,48.30,87.00,0.4805,-1,-1,-1
285,57,1534.20,28.50,53.30,167.60,0.1221,-1,-1,-1
285,131,34.30,156.50,73.80,101.50,0.1116,-1,-1,-1
285,86,1549.00,16.00,81.00,183.40,0.6592,-1,-1,-1
285,31,856.10,142.30,50.50,116.50,0.7490,-1,-1,-1
285,98,1301.80,38.90,33.40,143.30,0.3389,-1,-1,-1
285,74,1358.80,69.60,39.50,141.20,0.2524,-1,-1,-1
285,147,257.90,101.20,24.20,90.70,0.6670,-1,-1,-1
285,13,88.00,106.30,49.70,117.00,0.5659,-1,-1,-1
285,45,68.70,104.90,48.80,114.50,0.4368,-1,-1,-1
285,129,1024.00,113.40,76.90,126.80,0.6567,-1,-1,-1
285,138,214.60,144.40,55.80,153.30,0.7847,-1,-1,-1
285,56,1620.50,23.30,71.70,182.90,0.7100,-1,-1,-1
285,72,546.40,124.30,35.30,108.80,0.7104,-1,-1,-1
285,154,808.30,139.00,55.70,120.90,0.7090,-1,-1,-1
285,23,567.40,121.40,49.30,127.10,0.7866,-1,-1,-1
285,118,17.50,121.10,42.40,104.10,0.5498,-1,-1,-1
285,12,663.10,122.30,50.50,129.90,0.7017,-1,-1,-1
286,68,1471.00,29.10,62.70,169.40,0.7646,-1,-1,-1
286,60,1332.00,34.30,60.10,184.30,0.6406,-1,-1,-1
286,64,1305.10,45.10,42.50,144.70,0.4045,-1,-1,-1
286,44,1244.90,78.30,61.90,179.10,0.8271,-1,-1,-1
286,63,1208.00,79.00,54.80,166.70,0.8057,-1,-1,-1
286,112,1691.80,18.40,65.60,185.10,0.8262,-1,-1,-1
286,124,736.70,112.90,45.20,118.50,0.8032,-1,-1,-1
286,89,1285.80,41.60,41.80,137.90,0.6123,-1,-1,-1
286,1,1784.20,3.40,74.70,211.70,0.8232,-1,-1,-1
286,35,1575.30,7.80,63.80,192.70,0.7549,-1,-1,-1
286,27,1195.60,59.30,49.80,153.80,0.5630,-1,-1,-1
286,141,1238.20,38.80,46.50,70.00,0.6162,-1,-1,-1
286,70,142.60,101.30,38.80,106.00,0.5889,-1,-1,-1
286,11,466.90,113.50,44.30,117.70,0.7983,-1,-1,-1
286,106,1112.10,56.50,39.60,119.60,0.7358,-1,-1,-1
286,32,1656.40,19.20,51.80,167.70,0.5303,-1,-1,-1
286,117,179.20,105.90,35.80,81.80,0.1299,-1,-1,-1
286,75,114.10,106.80,58.40,105.60,0.3811,-1,-1,-1
286,19,1009.20,114.70,49.80,130.60,0.5908,-1,-1,-1
286,45,66.10,105.70,41.60,98.50,0.5322,-1,-1,-1
286,129,1031.90,105.40,73.00,125.00,0.7905,-1,-1,-1
286,138,192.30,150.40,56.40,148.20,0.7363,-1,-1,-1
286,98,1318.00,41.10,34.10,149.60,0.1409,-1,-1,-1
286,56,1620.70,26.10,69.60,180.60,0.6899,-1,-1,-1
286,72,535.30,122.30,41.80,122.40,0.6592,-1,-1,-1
286,154,813.90,143.60,52.20,114.10,0.7520,-1,-1,-1
286,23,574.90,120.70,46.60,118.10,0.7695,-1,-1,-1
286,12,659.70,124.10,48.40,124.80,0.5815,-1,-1,-1
286,3,636.10,120.00,51.10,127.20,0.5068,-1,-1,-1
286,14,629.00,119.00,48.40,124.70,0.3354,-1,-1,-1
286,83,770.40,134.80,54.90,122.30,0.8115,-1,-1,-1
286,73,966.20,112.20,58.50,142.00,0.6704,-1,-1,-1
286,2,34.30,246.60,59.70,96.80,0.6567,-1,-1,-1
286,77,1506.90,40.20,46.50,141.00,0.5283,-1,-1,-1
286,48,2.50,125.60,33.40,103.90,0.8511,-1,-1,-1
286,107,1367.40,60.90,54.30,164.80,0.7271,-1,-1,-1
286,79,104.80,109.40,44.90,107.00,0.5029,-1,-1,-1
286,90,34.20,115.60,34.70,87.60,0.5244,-1,-1,-1
286,34,234.10,108.10,41.80,126.90,0.8340,-1,-1,-1
287,68,1472.00,28.50,63.60,170.30,0.8276,-1,-1,-1
287,60,1327.90,30.70,68.90,211.90,0.7993,-1,-1,-1
287,64,1306.80,46.20,40.60,140.90,0.3452,-1,-1,-1
287,44,1246.40,80.30,61.40,177.70,0.8125,-1,-1,-1
287,63,1206.20,80.30,55.40,168.90,0.8042,-1,-1,-1
287,112,1691.70,18.00,66.00,186.50,0.8579,-1,-1,-1
287,124,736.20,113.80,51.30,135.30,0.7661,-1,-1,-1
287,89,1286.50,42.10,42.20,138.10,0.7271,-1,-1,-1
287,1,1783.70,2.20,74.80,211.20,0.8403,-1,-1,-1
287,35,1576.40,12.80,62.50,187.50,0.2451,-1,-1,-1
287,27,1194.30,53.10,47.30,142.10,0.2134,-1,-1,-1
287,141,1237.00,45.40,47.10,72.30,0.4167,-1,-1,-1
287,11,471.60,115.00,47.60,126.50,0.7529,-1,-1,-1
287,106,1113.40,54.20,39.30,118.70,0.7520,-1,-1,-1
287,32,1655.00,20.00,52.30,171.10,0.5449,-1,-1,-1
287,19,1017.40,115.00,46.00,120.40,0.7363,-1,-1,-1
287,45,58.80,103.80,38.70,92.20,0.5938,-1,-1,-1
287,138,196.50,130.60,48.00,123.00,0.8354,-1,-1,-1
287,56,1613.30,16.80,71.90,188.90,0.2194,-1,-1,-1
287,72,527.30,121.70,39.90,113.40,0.7217,-1,-1,-1
287,54,391.40,145.80,27.20,33.30,0.3711,-1,-1,-1
287,61,0.00,199.00,65.60,289.50,0.5010,-1,-1,-1
287,14,621.90,118.00,48.70,126.40,0.7041,-1,-1,-1
287,83,775.30,141.40,50.20,114.50,0.6450,-1,-1,-1
287,73,979.10,121.40,59.40,139.90,0.6895,-1,-1,-1
287,2,38.60,249.00,58.40,93.20,0.2783,-1,-1,-1
287,48,0.50,128.90,32.70,102.20,0.1993,-1,-1,-1
287,107,1361.70,44.60,53.20,165.90,0.3767,-1,-1,-1
287,79,102.80,106.10,43.20,106.50,0.4495,-1,-1,-1
287,34,231.20,104.80,34.10,102.20,0.8110,-1,-1,-1
287,49,85.50,109.30,31.80,93.00,0.3979,-1,-1,-1
287,17,435.70,115.60,48.00,117.10,0.7832,-1,-1,-1
287,103,122.20,129.90,78.80,166.80,0.8560,-1,-1,-1
287,87,553.70,126.00,46.00,105.20,0.5068,-1,-1,-1
287,102,1410.80,49.00,52.30,155.70,0.7930,-1,-1,-1
287,116,595.20,119.00,49.10,127.20,0.6919,-1,-1,-1
287,131,33.70,149.30,76.30,107.30,0.3513,-1,-1,-1
287,86,1555.30,19.70,77.30,179.90,0.4065,-1,-1,-1
287,13,86.80,107.30,43.00,104.90,0.5840,-1,-1,-1
287,118,19.60,117.70,36.80,89.80,0.6772,-1,-1,-1
288,68,1472.90,27.80,63.80,170.70,0.8267,-1,-1,-1
288,60,1323.10,30.80,70.30,215.00,0.5820,-1,-1,-1
288,64,1303.90,44.10,41.00,143.40,0.1937,-1,-1,-1
288,44,1245.40,77.70,62.30,179.20,0.7822,-1,-1,-1
288,63,1205.70,80.20,55.30,169.60,0.7690,-1,-1,-1
288,112,1689.70,12.90,68.10,192.40,0.8125,-1,-1,-1
288,124,737.20,113.10,52.50,140.70,0.7324,-1,-1,-1
288,1,1783.10,0.70,75.70,213.30,0.8267,-1,-1,-1
288,35,1585.90,17.60,59.70,181.10,0.2153,-1,-1,-1
288,27,1189.20,40.40,54.50,166.30,0.4387,-1,-1,-1
288,141,1237.80,49.10,42.80,65.80,0.2108,-1,-1,-1
288,106,1113.50,52.90,39.90,120.30,0.7432,-1,-1,-1
288,32,1655.50,19.50,52.40,173.00,0.5205,-1,-1,-1
288,45,55.30,107.00,34.50,82.10,0.3191,-1,-1,-1
288,138,195.40,115.80,44.50,115.60,0.5459,-1,-1,-1
288,56,1610.30,16.20,73.40,189.40,0.2394,-1,-1,-1
288,72,531.10,120.50,40.40,116.20,0.6636,-1,-1,-1
288,54,386.20,130.60,41.00,50.50,0.1034,-1,-1,-1
288,61,1.00,214.20,63.20,275.00,0.5830,-1,-1,-1
288,73,981.90,118.20,56.80,135.00,0.4302,-1,-1,-1
288,2,36.60,246.30,59.00,93.80,0.3496,-1,-1,-1
288,48,1.80,128.10,30.90,94.90,0.6377,-1,-1,-1
288,107,1370.70,44.50,45.30,144.20,0.4844,-1,-1,-1
288,79,110.10,110.10,44.30,110.60,0.1481,-1,-1,-1
288,34,219.70,101.80,30.90,92.10,0.6489,-1,-1,-1
288,130,940.70,134.40,54.20,132.60,0.7671,-1,-1,-1
288,17,432.40,121.70,50.30,119.10,0.7798,-1,-1,-1
288,87,550.50,120.20,52.60,121.30,0.7407,-1,-1,-1
288,102,1411.50,47.20,53.40,156.80,0.8042,-1,-1,-1
288,116,590.20,116.50,49.40,128.30,0.7881,-1,-1,-1
288,131,35.20,148.00,77.70,110.50,0.1071,-1,-1,-1
288,86,1554.70,21.80,73.10,175.90,0.7964,-1,-1,-1
288,113,166.80,117.30,44.60,110.90,0.7520,-1,-1,-1
288,6,1237.90,49.20,39.80,132.40,0.4980,-1,-1,-1
288,58,1161.60,44.10,46.00,135.90,0.7002,-1,-1,-1
288,105,1602.10,8.60,62.40,194.40,0.3887,-1,-1,-1
288,144,192.40,105.70,38.50,110.40,0.5215,-1,-1,-1
288,88,706.70,128.50,42.10,127.70,0.7769,-1,-1,-1
288,74,1354.60,36.30,45.00,166.00,0.3638,-1,-1,-1
288,70,141.00,102.90,34.70,94.70,0.5840,-1,-1,-1
289,68,1471.80,27.10,63.90,171.30,0.8223,-1,-1,-1
289,60,1329.50,35.90,63.80,194.70,0.7378,-1,-1,-1
289,44,1250.20,79.30,61.30,177.70,0.7432,-1,-1,-1
289,63,1207.90,81.10,54.40,168.00,0.7769,-1,-1,-1
289,112,1693.10,15.70,66.50,188.80,0.7788,-1,-1,-1
289,124,738.00,112.50,47.00,126.10,0.7910,-1,-1,-1
289,1,1783.40,1.20,75.10,211.40,0.8110,-1,-1,-1
289,27,1191.50,51.10,51.70,159.40,0.6504,-1,-1,-1
289,141,1237.00,51.10,43.40,67.00,0.2120,-1,-1,-1
289,106,1112.00,52.10,40.10,121.60,0.7031,-1,-1,-1
289,32,1659.50,20.60,50.70,167.30,0.5420,-1,-1,-1
289,56,1607.30,12.60,73.90,191.40,0.4072,-1,-1,-1
289,72,526.40,117.10,42.40,121.40,0.6582,-1,-1,-1
289,54,372.80,121.00,75.70,94.20,0.5957,-1,-1,-1
289,61,0.00,210.80,63.30,279.20,0.4495,-1,-1,-1
289,73,987.00,113.60,63.80,144.10,0.1071,-1,-1,-1
289,2,35.40,246.80,58.50,92.50,0.4707,-1,-1,-1
289,107,1376.30,41.20,43.70,138.80,0.7900,-1,-1,-1
289,79,110.30,109.00,39.70,102.20,0.1071,-1,-1,-1
289,130,940.90,138.40,52.10,126.60,0.7544,-1,-1,-1
289,87,555.90,118.90,54.20,123.80,0.7500,-1,-1,-1
289,102,1413.60,51.30,54.00,156.30,0.8076,-1,-1,-1
289,131,27.10,138.10,87.30,126.90,0.3960,-1,-1,-1
289,86,1546.80,22.20,71.20,174.60,0.7622,-1,-1,-1
289,101,902.50,138.20,40.60,126.30,0.7578,-1,-1,-1
289,4,493.20,119.10,39.60,110.30,0.7441,-1,-1,-1
289,6,1237.60,50.40,40.30,134.20,0.5273,-1,-1,-1
289,58,1163.30,38.10,47.10,142.40,0.6875,-1,-1,-1
289,105,1596.70,9.70,60.50,189.70,0.2344,-1,-1,-1
289,144,195.70,103.20,34.30,98.40,0.7725,-1,-1,-1
289,88,711.40,140.90,38.10,113.90,0.6782,-1,-1,-1
289,74,1353.60,30.80,44.70,169.10,0.2444,-1,-1,-1
289,84,1290.80,43.40,28.50,68.90,0.5840,-1,-1,-1
289,145,862.40,130.40,50.90,129.50,0.7676,-1,-1,-1
289,140,1137.90,39.60,46.40,138.20,0.6470,-1,-1,-1
289,75,123.00,109.00,65.40,119.80,0.7822,-1,-1,-1
289,12,668.80,132.00,48.00,120.90,0.7310,-1,-1,-1
289,11,455.90,107.60,36.90,97.30,0.6323,-1,-1,-1
289,13,78.20,102.90,50.10,122.40,0.5796,-1,-1,-1
290,68,1471.80,26.70,64.00,171.80,0.8374,-1,-1,-1
290,60,1335.00,39.50,60.40,185.00,0.7075,-1,-1,-1
290,44,1251.30,79.40,54.40,157.10,0.5352,-1,-1,-1
290,63,1209.80,81.10,53.90,168.30,0.7822,-1,-1,-1
290,112,1701.30,17.10,68.10,188.70,0.8530,-1,-1,-1
290,124,737.70,112.80,44.40,119.20,0.7905,-1,-1,-1
290,1,1781.00,2.70,75.90,209.50,0.8203,-1,-1,-1
290,27,1191.60,54.30,51.20,158.40,0.7910,-1,-1,-1
290,141,1239.40,49.70,43.10,66.50,0.5928,-1,-1,-1
290,106,1113.50,46.00,45.90,137.90,0.6450,-1,-1,-1
290,32,1661.10,21.20,49.80,165.90,0.4629,-1,-1,-1
290,56,1610.20,18.40,72.10,185.50,0.2651,-1,-1,-1
290,72,533.80,117.70,43.70,122.80,0.7622,-1,-1,-1
290,54,356.90,113.80,90.00,114.20,0.7725,-1,-1,-1
290,61,0.00,168.90,69.90,321.90,0.4282,-1,-1,-1
290,79,108.70,108.00,44.90,114.40,0.7759,-1,-1,-1
290,102,1412.50,62.10,55.00,156.80,0.8481,-1,-1,-1
290,131,15.30,136.50,84.90,126.40,0.1442,-1,-1,-1
290,86,1539.50,22.50,69.50,175.20,0.6782,-1,-1,-1
290,101,894.10,142.60,39.40,121.50,0.7744,-1,-1,-1
290,4,491.50,114.90,45.30,125.80,0.7695,-1,-1,-1
290,105,1595.20,10.20,61.10,189.70,0.4514,-1,-1,-1
290,74,1351.50,28.10,45.10,170.00,0.1016,-1,-1,-1
290,85,994.20,112.10,66.00,79.60,0.3674,-1,-1,-1
290,145,856.20,137.00,49.70,126.70,0.7739,-1,-1,-1
290,140,1145.20,44.10,47.90,142.40,0.7847,-1,-1,-1
290,12,676.70,138.60,45.20,113.90,0.7690,-1,-1,-1
290,11,447.30,109.50,32.60,86.60,0.5186,-1,-1,-1
290,13,77.80,98.60,44.30,109.90,0.6479,-1,-1,-1
290,62,337.10,117.00,50.00,125.20,0.7378,-1,-1,-1
290,108,52.60,134.90,55.90,119.70,0.6104,-1,-1,-1
290,111,972.50,109.90,41.50,72.40,0.4131,-1,-1,-1
290,114,269.60,110.50,45.10,121.10,0.7334,-1,-1,-1
290,57,1525.50,26.70,49.40,154.10,0.4814,-1,-1,-1
290,117,186.10,105.30,36.70,84.00,0.7725,-1,-1,-1
290,98,1319.40,38.10,37.00,153.60,0.3784,-1,-1,-1
290,154,816.30,135.50,55.90,123.40,0.7031,-1,-1,-1
290,3,639.20,132.80,49.60,120.40,0.8301,-1,-1,-1
290,89,1289.90,42.00,38.70,122.80,0.5898,-1,-1,-1
290,70,133.40,106.10,31.00,84.50,0.6289,-1,-1,-1
291,68,1471.30,26.20,64.00,172.20,0.7529,-1,-1,-1
291,60,1337.10,43.50,58.00,177.60,0.7402,-1,-1,-1
291,44,1252.30,81.40,53.80,154.30,0.4148,-1,-1,-1
291,63,1206.70,81.80,56.50,178.70,0.6929,-1,-1,-1
291,112,1711.40,23.20,62.60,176.10,0.1234,-1,-1,-1
291,124,737.40,113.30,43.80,117.00,0.8105,-1,-1,-1
291,1,1781.50,4.50,77.30,209.80,0.7866,-1,-1,-1
291,27,1188.30,53.30,50.90,158.30,0.6143,-1,-1,-1
291,141,1239.00,50.10,45.60,72.70,0.4746,-1,-1,-1
291,106,1118.10,49.10,48.50,141.10,0.6934,-1,-1,-1
291,32,1651.80,21.20,53.10,173.00,0.4941,-1,-1,-1
291,56,1610.10,16.60,72.10,186.50,0.1500,-1,-1,-1
291,61,1736.00,26.20,49.80,175.90,0.7720,-1,-1,-1
291,79,114.20,107.30,37.10,94.20,0.6133,-1,-1,-1
291,102,1408.40,73.00,60.80,170.60,0.8198,-1,-1,-1
291,131,11.00,168.20,77.00,114.90,0.5459,-1,-1,-1
291,86,1543.30,22.80,69.50,174.10,0.8003,-1,-1,-1
291,4,505.10,114.70,46.00,126.40,0.8032,-1,-1,-1
291,105,1598.70,5.70,63.30,194.70,0.4102,-1,-1,-1
291,74,1350.70,27.80,46.30,173.90,0.1302,-1,-1,-1
291,85,993.00,111.20,66.50,80.50,0.3767,-1,-1,-1
291,11,438.30,108.50,31.70,85.70,0.4131,-1,-1,-1
291,13,82.80,110.30,44.30,108.80,0.7031,-1,-1,-1
291,62,343.40,113.90,47.40,118.80,0.7788,-1,-1,-1
291,111,973.60,109.00,42.90,73.80,0.4590,-1,-1,-1
291,98,1323.40,38.50,37.20,153.70,0.3496,-1,-1,-1
291,154,808.80,136.40,55.60,125.60,0.7515,-1,-1,-1
291,3,645.60,141.50,47.50,110.50,0.8267,-1,-1,-1
291,89,1285.50,43.30,39.40,127.00,0.4243,-1,-1,-1
291,7,296.10,116.00,51.00,122.50,0.8032,-1,-1,-1
291,31,837.90,138.30,51.40,122.60,0.7842,-1,-1,-1
291,77,1498.30,24.80,51.40,158.90,0.6836,-1,-1,-1
291,90,30.40,118.20,37.80,86.60,0.4263,-1,-1,-1
291,14,606.70,134.60,48.00,116.90,0.7646,-1,-1,-1
291,83,780.10,133.40,53.60,124.00,0.7559,-1,-1,-1
291,49,56.60,97.90,36.30,105.40,0.4707,-1,-1,-1
291,64,1302.70,47.50,40.80,142.20,0.5234,-1,-1,-1
291,113,160.60,101.90,38.80,95.70,0.7646,-1,-1,-1
292,68,1470.90,26.60,64.50,172.00,0.7993,-1,-1,-1
292,60,1338.60,44.30,57.60,175.50,0.7310,-1,-1,-1
292,44,1247.70,79.20,59.30,170.50,0.8511,-1,-1,-1
292,63,1205.30,121.50,57.90,179.30,0.7637,-1,-1,-1
292,112,1720.00,22.60,59.00,170.90,0.4292,-1,-1,-1
292,124,734.70,116.40,41.70,113.00,0.6123,-1,-1,-1
292,1,1782.10,2.70,79.10,213.70,0.8164,-1,-1,-1
292,27,1189.50,57.00,49.80,156.20,0.6216,-1,-1,-1
292,106,1107.80,54.40,49.60,145.10,0.7163,-1,-1,-1
292,32,1651.70,20.70,55.50,178.30,0.7231,-1,-1,-1
292,56,1604.50,9.10,75.40,194.80,0.5620,-1,-1,-1
292,61,1738.90,32.30,50.20,168.30,0.7808,-1,-1,-1
292,79,120.60,104.10,34.10,86.10,0.2200,-1,-1,-1
292,102,1411.70,88.80,61.00,170.60,0.8081,-1,-1,-1
292,131,3.00,164.10,83.20,125.80,0.4971,-1,-1,-1
292,86,1553.80,23.20,67.30,174.30,0.7744,-1,-1,-1
292,105,1598.40,9.20,61.50,191.60,0.1289,-1,-1,-1
292,74,1350.70,27.40,46.10,171.40,0.1038,-1,-1,-1
292,85,994.80,112.90,64.70,78.10,0.4312,-1,-1,-1
292,13,93.80,106.00,39.10,94.30,0.5508,-1,-1,-1
292,62,351.10,117.10,47.70,114.70,0.5098,-1,-1,-1
292,111,974.10,111.00,42.90,72.20,0.3923,-1,-1,-1
292,98,1324.30,39.50,37.20,152.80,0.4341,-1,-1,-1
292,154,800.10,139.80,52.50,119.90,0.7900,-1,-1,-1
292,89,1285.10,45.70,38.80,127.70,0.3914,-1,-1,-1
292,125,325.20,118.30,35.30,109.70,0.5518,-1,-1,-1
292,84,470.80,117.00,48.10,119.60,0.7637,-1,-1,-1
292,90,37.40,122.10,36.00,82.10,0.1466,-1,-1,-1
292,14,613.60,139.60,45.80,110.30,0.7710,-1,-1,-1
292,83,767.90,134.40,51.90,124.30,0.6680,-1,-1,-1
292,49,56.50,97.60,37.30,106.40,0.1442,-1,-1,-1
292,64,1301.60,49.70,39.60,138.80,0.4814,-1,-1,-1
292,113,146.10,101.40,37.70,90.30,0.6724,-1,-1,-1
292,39,412.70,119.00,44.80,107.40,0.4854,-1,-1,-1
292,29,1070.90,61.20,47.60,141.90,0.6772,-1,-1,-1
292,23,569.40,134.30,47.60,117.10,0.7949,-1,-1,-1
292,45,27.90,116.00,30.60,72.70,0.3914,-1,-1,-1
292,48,3.80,119.00,26.90,79.30,0.5010,-1,-1,-1
292,17,429.10,114.40,53.60,125.90,0.6982,-1,-1,-1
292,140,1141.20,53.40,44.70,125.60,0.7959,-1,-1,-1
292,108,61.40,119.20,51.10,108.40,0.6958,-1,-1,-1
292,114,259.00,112.80,47.60,124.70,0.8105,-1,-1,-1
292,57,1524.40,31.60,47.60,148.40,0.4766,-1,-1,-1
293,68,1473.00,28.20,64.10,169.80,0.8223,-1,-1,-1
293,60,1337.90,35.50,60.10,183.60,0.7622,-1,-1,-1
293,44,1246.00,79.40,61.40,175.50,0.7974,-1,-1,-1
293,63,1187.50,137.40,61.50,184.20,0.8188,-1,-1,-1
293,112,1725.40,21.90,61.10,175.90,0.8218,-1,-1,-1
293,124,735.80,116.00,42.90,119.20,0.1093,-1,-1,-1
293,1,1785.50,4.90,79.30,212.80,0.8467,-1,-1,-1
293,27,1196.40,56.90,38.50,116.90,0.6069,-1,-1,-1
293,106,1108.80,53.60,44.90,130.60,0.6699,-1,-1,-1
293,32,1649.00,20.50,57.80,180.80,0.7822,-1,-1,-1
293,56,1598.70,4.70,76.20,198.10,0.4551,-1,-1,-1
293,61,5.30,204.30,66.60,283.90,0.4177,-1,-1,-1
293,79,121.70,103.30,35.30,84.90,0.6860,-1,-1,-1
293,102,1415.90,105.10,62.30,173.00,0.8315,-1,-1,-1
293,131,5.60,181.40,73.70,110.40,0.3811,-1,-1,-1
293,86,1560.30,21.20,67.40,176.80,0.7080,-1,-1,-1
293,74,1352.80,29.40,45.80,171.20,0.1052,-1,-1,-1
293,85,994.80,112.70,65.20,79.00,0.5947,-1,-1,-1
293,13,89.20,104.40,36.00,86.20,0.7661,-1,-1,-1
293,111,972.70,110.60,44.10,73.30,0.6226,-1,-1,-1
293,98,1326.10,38.40,38.10,154.60,0.4321,-1,-1,-1
293,89,1284.10,43.70,39.30,130.20,0.4148,-1,-1,-1
293,90,35.60,115.00,43.70,97.50,0.1204,-1,-1,-1
293,83,753.20,133.50,51.80,123.80,0.7163,-1,-1,-1
293,49,49.50,104.50,39.70,110.30,0.6807,-1,-1,-1
293,64,1299.10,45.40,41.50,144.40,0.4282,-1,-1,-1
293,71,1201.80,82.30,65.70,142.50,0.6245,-1,-1,-1
293,39,409.60,115.10,47.90,116.50,0.1790,-1,-1,-1
293,29,1071.40,66.80,49.20,144.40,0.6167,-1,-1,-1
293,45,26.60,118.30,26.50,61.90,0.1089,-1,-1,-1
293,17,431.80,117.10,50.50,119.50,0.7676,-1,-1,-1
293,57,1526.50,28.60,46.40,147.00,0.5156,-1,-1,-1
293,116,580.90,141.50,42.70,104.60,0.7852,-1,-1,-1
293,88,717.80,137.30,42.20,122.50,0.6279,-1,-1,-1
293,72,541.30,131.70,42.60,117.10,0.8003,-1,-1,-1
293,54,368.50,111.60,97.40,126.50,0.6226,-1,-1,-1
293,141,1238.70,48.40,42.50,67.20,0.3108,-1,-1,-1
293,7,294.10,113.50,48.20,113.40,0.8428,-1,-1,-1
294,68,1471.60,29.30,64.40,170.00,0.7515,-1,-1,-1
294,60,1336.00,37.10,60.20,183.40,0.7622,-1,-1,-1
294,44,1245.40,79.00,62.20,176.90,0.8398,-1,-1,-1
294,63,1165.40,147.00,65.40,185.90,0.4619,-1,-1,-1
294,112,1727.00,21.60,62.40,177.10,0.8320,-1,-1,-1
294,124,739.90,114.60,41.70,116.30,0.7808,-1,-1,-1
294,1,1794.10,2.90,82.70,217.50,0.8843,-1,-1,-1
294,27,1190.00,48.00,49.10,150.70,0.7769,-1,-1,-1
294,106,1110.60,53.20,42.10,123.20,0.7559,-1,-1,-1
294,32,1659.80,21.00,54.70,172.80,0.6479,-1,-1,-1
294,56,1594.00,8.60,73.80,193.90,0.1688,-1,-1,-1
294,61,4.90,198.80,68.50,289.70,0.6875,-1,-1,-1
294,79,119.90,106.60,32.00,78.40,0.1848,-1,-1,-1
294,102,1418.50,121.30,63.80,176.60,0.8384,-1,-1,-1
294,131,0.00,199.00,82.50,126.30,0.1357,-1,-1,-1
294,86,1566.30,20.40,66.30,177.80,0.4397,-1,-1,-1
294,74,1351.50,29.50,46.00,170.40,0.1334,-1,-1,-1
294,13,94.20,106.50,33.30,80.80,0.5879,-1,-1,-1
294,111,974.30,111.90,44.50,72.60,0.2583,-1,-1,-1
294,98,1290.80,42.20,35.10,136.90,0.3140,-1,-1,-1
294,89,1284.00,43.60,36.90,124.50,0.1733,-1,-1,-1
294,90,34.60,111.60,45.80,101.50,0.5059,-1,-1,-1
294,64,1297.80,44.40,41.90,144.90,0.4397,-1,-1,-1
294,71,1201.10,84.80,70.90,154.90,0.8223,-1,-1,-1
294,39,401.80,114.00,45.20,112.70,0.6299,-1,-1,-1
294,17,437.40,120.50,51.20,113.40,0.4253,-1,-1,-1
294,57,1526.20,30.10,46.20,146.80,0.4485,-1,-1,-1
294,119,33.50,187.00,50.80,70.10,0.3821,-1,-1,-1
294,88,718.50,137.20,41.60,119.80,0.8257,-1,-1,-1
294,72,545.60,136.70,40.20,109.80,0.8066,-1,-1,-1
294,54,354.00,114.30,91.40,122.90,0.6362,-1,-1,-1
294,141,1239.80,49.50,42.40,68.20,0.4697,-1,-1,-1
294,7,281.30,111.90,49.50,111.80,0.7607,-1,-1,-1
294,19,1037.60,86.80,54.70,142.00,0.5747,-1,-1,-1
294,103,178.30,114.60,57.90,121.30,0.8267,-1,-1,-1
294,107,1373.80,28.20,50.40,152.60,0.7886,-1,-1,-1
294,12,672.60,132.80,49.90,122.70,0.7192,-1,-1,-1
294,4,507.40,129.90,42.90,116.30,0.8237,-1,-1,-1
294,62,353.50,114.90,44.60,110.20,0.3115,-1,-1,-1
294,48,7.20,118.80,28.60,84.20,0.4446,-1,-1,-1
294,108,70.70,106.20,42.10,92.70,0.5029,-1,-1,-1
295,68,1472.40,30.30,63.80,169.10,0.6772,-1,-1,-1
295,60,1338.00,41.50,58.70,179.20,0.7285,-1,-1,-1
295,44,1246.10,80.50,62.50,177.10,0.8208,-1,-1,-1
295,112,1729.10,20.90,63.70,178.20,0.8369,-1,-1,-1
295,124,739.10,113.30,42.10,116.90,0.8140,-1,-1,-1
295,1,1817.40,7.20,81.00,214.00,0.8013,-1,-1,-1
295,27,1190.00,54.30,49.40,153.00,0.7334,-1,-1,-1
295,106,1110.80,52.60,40.90,120.00,0.7656,-1,-1,-1
295,32,1664.00,20.70,53.40,170.50,0.6069,-1,-1,-1
295,56,1604.30,16.20,72.70,188.90,0.4111,-1,-1,-1
295,61,4.80,210.40,66.60,278.40,0.4854,-1,-1,-1
295,79,118.30,108.10,27.70,66.40,0.2213,-1,-1,-1
295,102,1421.00,139.90,67.10,184.90,0.8257,-1,-1,-1
295,131,0.00,204.90,83.30,135.60,0.2925,-1,-1,-1
295,86,1568.60,21.40,65.70,178.00,0.3276,-1,-1,-1
295,74,1357.20,32.60,43.50,162.80,0.1614,-1,-1,-1
295,111,981.00,112.20,43.40,73.10,0.2302,-1,-1,-1
295,98,1325.90,37.70,40.50,155.90,0.4426,-1,-1,-1
295,89,1283.00,44.10,36.00,122.30,0.3032,-1,-1,-1
295,90,37.00,108.60,44.20,97.40,0.1520,-1,-1,-1
295,64,1298.40,45.10,41.90,144.70,0.4534,-1,-1,-1
295,71,1199.10,83.50,74.50,164.40,0.8174,-1,-1,-1
295,39,406.60,112.90,39.10,98.30,0.7417,-1,-1,-1
295,57,1519.40,30.10,47.50,146.90,0.6406,-1,-1,-1
295,119,30.70,186.40,52.30,72.10,0.1561,-1,-1,-1
295,54,344.20,115.80,86.30,119.60,0.1188,-1,-1,-1
295,141,1242.00,51.00,39.70,63.40,0.3293,-1,-1,-1
295,103,361.70,117.30,46.70,113.80,0.3867,-1,-1,-1
295,12,672.60,136.00,48.40,120.20,0.8081,-1,-1,-1
295,4,514.20,138.90,39.40,106.00,0.6470,-1,-1,-1
295,62,341.90,115.40,46.10,115.40,0.6680,-1,-1,-1
295,48,2.10,120.10,28.40,84.40,0.4912,-1,-1,-1
295,108,65.80,103.70,41.90,91.90,0.6792,-1,-1,-1
295,118,14.40,116.20,41.20,93.90,0.5205,-1,-1,-1
295,6,1242.90,51.10,39.40,131.60,0.3252,-1,-1,-1
295,75,143.90,114.50,62.80,116.60,0.8579,-1,-1,-1
295,3,638.80,133.20,52.10,123.20,0.7568,-1,-1,-1
295,84,472.20,122.00,49.80,123.80,0.7148,-1,-1,-1
295,140,1151.80,47.00,46.30,129.60,0.7378,-1,-1,-1
295,114,260.00,115.80,42.00,107.40,0.6826,-1,-1,-1
295,85,982.60,99.30,108.90,136.00,0.7295,-1,-1,-1
295,49,38.50,107.10,33.00,89.10,0.3452,-1,-1,-1
296,68,1472.30,28.80,64.30,169.90,0.7881,-1,-1,-1
296,60,1337.80,45.70,58.10,177.40,0.7358,-1,-1,-1
296,44,1247.00,77.50,63.40,179.30,0.8301,-1,-1,-1
296,112,1729.70,21.30,64.30,177.70,0.8130,-1,-1,-1
296,124,738.40,113.30,42.10,115.90,0.7964,-1,-1,-1
296,1,1832.90,13.70,79.20,207.30,0.8872,-1,-1,-1
296,27,1190.00,57.20,49.60,153.90,0.7578,-1,-1,-1
296,106,1111.40,53.60,40.50,120.30,0.7178,-1,-1,-1
296,32,1673.60,29.80,48.80,158.80,0.4302,-1,-1,-1
296,56,1612.10,21.90,70.60,184.00,0.4805,-1,-1,-1
296,61,0.00,186.00,70.40,304.00,0.5850,-1,-1,-1
296,79,117.10,110.20,24.90,60.10,0.1316,-1,-1,-1
296,102,1425.30,158.30,69.40,191.30,0.8521,-1,-1,-1
296,131,0.00,211.00,83.20,133.60,0.2379,-1,-1,-1
296,86,1568.90,18.40,66.60,181.70,0.4990,-1,-1,-1
296,74,1355.60,29.50,42.20,160.50,0.1486,-1,-1,-1
296,98,1286.90,33.50,38.90,145.30,0.2974,-1,-1,-1
296,64,1294.00,35.70,45.30,152.70,0.6084,-1,-1,-1
296,71,1199.30,81.90,75.90,169.80,0.7944,-1,-1,-1
296,39,399.70,109.60,39.30,99.10,0.7788,-1,-1,-1
296,119,32.90,190.00,49.20,68.30,0.1456,-1,-1,-1
296,141,1241.50,51.60,40.30,64.50,0.3711,-1,-1,-1
296,103,366.90,114.00,42.20,103.30,0.7065,-1,-1,-1
296,4,520.70,122.30,42.40,113.70,0.1913,-1,-1,-1
296,62,344.60,114.20,48.10,118.10,0.7456,-1,-1,-1
296,48,3.20,127.20,25.80,73.10,0.3354,-1,-1,-1
296,108,57.60,102.60,43.40,95.70,0.6899,-1,-1,-1
296,100,1418.40,32.90,54.60,142.20,0.7217,-1,-1,-1
296,118,17.60,116.20,39.10,91.40,0.6836,-1,-1,-1
296,6,1242.40,50.80,39.10,130.30,0.2186,-1,-1,-1
296,3,634.70,136.00,49.50,118.20,0.8364,-1,-1,-1
296,84,474.50,133.80,44.70,111.40,0.7017,-1,-1,-1
296,140,1138.90,55.80,46.70,130.40,0.7388,-1,-1,-1
296,85,965.40,103.20,114.30,147.70,0.7305,-1,-1,-1
296,19,243.80,111.20,41.20,108.60,0.7739,-1,-1,-1
296,73,1049.90,151.90,82.10,183.90,0.8608,-1,-1,-1
296,77,1503.30,25.70,45.70,146.90,0.3452,-1,-1,-1
296,125,317.40,113.20,37.70,115.70,0.6646,-1,-1,-1
296,14,600.70,129.70,52.10,124.50,0.7471,-1,-1,-1
296,113,125.70,114.40,46.00,108.40,0.7090,-1,-1,-1
296,17,442.20,130.40,52.20,114.30,0.6226,-1,-1,-1
296,72,535.00,119.80,45.40,117.00,0.7832,-1,-1,-1
296,107,1373.10,34.20,48.70,145.60,0.5400,-1,-1,-1
297,68,1472.80,26.90,64.40,170.10,0.8052,-1,-1,-1
297,60,1337.00,38.20,59.40,181.70,0.7500,-1,-1,-1
297,44,1246.50,79.00,63.50,179.00,0.8003,-1,-1,-1
297,112,1731.80,24.30,64.60,176.10,0.7920,-1,-1,-1
297,124,738.30,112.60,42.70,116.60,0.8154,-1,-1,-1
297,1,1856.20,13.50,63.80,207.80,0.6318,-1,-1,-1
297,27,1191.20,58.90,49.20,153.20,0.7559,-1,-1,-1
297,106,1114.40,55.80,45.80,134.40,0.7544,-1,-1,-1
297,32,1672.30,20.60,52.70,171.70,0.3486,-1,-1,-1
297,56,1612.00,13.60,74.00,192.30,0.5137,-1,-1,-1
297,61,0.00,210.90,65.80,278.70,0.6851,-1,-1,-1
297,102,1435.00,172.70,72.60,199.80,0.8472,-1,-1,-1
297,131,0.50,211.50,80.80,126.50,0.1067,-1,-1,-1
297,86,1571.80,19.30,65.20,181.10,0.7744,-1,-1,-1
297,74,1353.60,28.50,44.60,170.10,0.2644,-1,-1,-1
297,98,1324.10,38.20,41.10,155.50,0.4167,-1,-1,-1
297,64,1296.80,43.00,43.50,146.70,0.6406,-1,-1,-1
297,71,1200.80,82.10,75.60,170.90,0.7139,-1,-1,-1
297,39,391.50,111.20,37.50,95.90,0.5659,-1,-1,-1
297,119,32.70,190.50,50.20,69.80,0.3857,-1,-1,-1
297,141,1242.80,51.20,40.60,64.90,0.5156,-1,-1,-1
297,62,342.10,112.40,43.80,108.30,0.6318,-1,-1,-1
297,48,0.00,134.30,26.40,87.90,0.6260,-1,-1,-1
297,100,1413.70,33.40,55.30,144.60,0.4707,-1,-1,-1
297,118,13.30,117.00,38.30,91.00,0.7319,-1,-1,-1
297,6,1242.50,51.90,40.50,133.90,0.1272,-1,-1,-1
297,85,965.90,135.80,132.10,175.10,0.8066,-1,-1,-1
297,9,1553.80,39.40,42.40,158.80,0.5137,-1,-1,-1
297,19,238.40,113.10,42.60,107.00,0.8550,-1,-1,-1
297,125,321.60,115.10,38.00,114.60,0.7231,-1,-1,-1
297,14,594.80,132.90,50.20,120.80,0.8418,-1,-1,-1
297,17,440.60,135.80,48.00,106.60,0.6953,-1,-1,-1
297,107,1380.10,36.50,45.50,139.80,0.1962,-1,-1,-1
297,94,0.00,239.60,120.40,232.30,0.5098,-1,-1,-1
297,130,939.20,113.80,59.50,146.10,0.6323,-1,-1,-1
297,23,560.90,131.00,50.20,121.70,0.7500,-1,-1,-1
297,13,96.00,112.40,44.50,107.60,0.7759,-1,-1,-1
297,7,281.40,111.80,51.80,117.70,0.7056,-1,-1,-1
297,89,1283.00,43.80,37.10,128.20,0.4148,-1,-1,-1
297,57,1522.70,31.30,47.80,145.40,0.6152,-1,-1,-1
298,68,1473.00,25.80,63.50,168.00,0.8267,-1,-1,-1
298,60,1337.80,38.60,59.50,182.60,0.6943,-1,-1,-1
298,44,1246.10,77.80,63.90,179.20,0.7949,-1,-1,-1
298,112,1731.80,21.40,66.10,178.60,0.8237,-1,-1,-1
298,124,738.20,112.70,42.60,116.20,0.8008,-1,-1,-1
298,27,1193.30,58.90,49.80,153.60,0.7373,-1,-1,-1
298,106,1114.50,53.80,42.00,124.80,0.5640,-1,-1,-1
298,32,1663.80,12.30,56.50,182.60,0.5137,-1,-1,-1
298,56,1612.10,11.60,75.00,194.10,0.6626,-1,-1,-1
298,61,0.20,219.50,64.10,270.50,0.6816,-1,-1,-1
298,102,1450.30,180.00,76.50,209.20,0.8926,-1,-1,-1
298,86,1572.10,21.40,64.20,179.60,0.7734,-1,-1,-1
298,74,1361.40,28.80,45.80,168.20,0.4446,-1,-1,-1
298,98,1326.20,38.60,40.20,153.60,0.5322,-1,-1,-1
298,64,1296.90,42.60,44.00,148.20,0.6689,-1,-1,-1
298,71,1205.00,81.20,74.20,170.90,0.7139,-1,-1,-1
298,119,30.10,188.40,51.10,71.00,0.3933,-1,-1,-1
298,141,1243.40,50.50,38.40,61.20,0.5508,-1,-1,-1
298,100,1425.00,26.90,57.40,150.80,0.8203,-1,-1,-1
298,118,5.90,116.10,38.70,93.40,0.6968,-1,-1,-1
298,85,929.60,144.10,143.20,195.00,0.8940,-1,-1,-1
298,9,1549.50,35.20,41.80,155.10,0.6235,-1,-1,-1
298,19,240.30,113.40,42.20,110.90,0.3840,-1,-1,-1
298,125,322.80,113.50,36.50,107.70,0.6196,-1,-1,-1
298,14,601.80,119.50,50.00,123.40,0.8018,-1,-1,-1
298,107,1377.50,37.70,46.30,140.60,0.2458,-1,-1,-1
298,94,0.00,238.90,119.00,240.00,0.4475,-1,-1,-1
298,130,930.60,111.70,55.20,137.50,0.4331,-1,-1,-1
298,23,557.30,133.00,49.20,118.70,0.8101,-1,-1,-1
298,13,83.90,115.00,46.00,108.20,0.7656,-1,-1,-1
298,7,287.20,114.70,50.00,113.50,0.7280,-1,-1,-1
298,89,1284.40,44.30,34.70,121.30,0.1447,-1,-1,-1
298,101,866.70,138.90,33.50,100.70,0.6460,-1,-1,-1
298,29,1093.40,73.90,47.20,138.20,0.8018,-1,-1,-1
298,103,215.70,114.10,48.10,105.40,0.7695,-1,-1,-1
298,54,350.50,127.30,84.10,119.10,0.7827,-1,-1,-1
298,114,255.80,115.30,46.80,114.20,0.7192,-1,-1,-1
298,77,1510.10,29.60,45.20,145.60,0.6943,-1,-1,-1
298,72,527.70,125.20,48.80,122.70,0.7754,-1,-1,-1
299,68,1470.80,25.60,64.60,170.20,0.8062,-1,-1,-1
299,60,1337.20,34.60,60.40,186.20,0.7549,-1,-1,-1
299,44,1246.70,76.40,64.60,180.10,0.8003,-1,-1,-1
299,112,1731.80,21.20,66.50,178.50,0.8228,-1,-1,-1
299,124,737.80,112.60,42.80,116.10,0.8027,-1,-1,-1
299,27,1194.90,60.90,49.40,151.90,0.7285,-1,-1,-1
299,106,1112.90,53.20,40.50,120.90,0.7231,-1,-1,-1
299,32,1670.60,13.20,55.00,179.70,0.3540,-1,-1,-1
299,56,1615.80,8.70,75.90,197.40,0.6826,-1,-1,-1
299,61,0.50,223.30,63.30,266.10,0.6152,-1,-1,-1
299,102,1476.00,185.40,80.50,220.70,0.9282,-1,-1,-1
299,86,1573.10,21.80,63.90,179.90,0.7490,-1,-1,-1
299,74,1357.50,29.20,45.50,168.60,0.2075,-1,-1,-1
299,98,1327.00,38.20,39.80,153.40,0.4844,-1,-1,-1
299,64,1298.00,45.30,43.00,145.10,0.5757,-1,-1,-1
299,71,1203.10,84.10,71.60,166.60,0.7739,-1,-1,-1
299,119,32.50,189.00,49.80,69.40,0.5972,-1,-1,-1
299,141,1244.30,51.00,37.30,58.50,0.5537,-1,-1,-1
299,100,1409.60,26.10,56.90,150.50,0.7256,-1,-1,-1
299,118,0.00,118.40,36.20,91.90,0.6206,-1,-1,-1
299,9,1549.90,30.80,45.00,166.10,0.5029,-1,-1,-1
299,107,1377.70,40.60,42.30,131.70,0.1836,-1,-1,-1
299,7,287.80,113.80,45.30,104.50,0.5537,-1,-1,-1
299,89,1284.40,44.20,34.80,125.20,0.1019,-1,-1,-1
299,101,863.60,125.20,40.20,122.00,0.6802,-1,-1,-1
299,103,218.50,111.10,51.10,112.30,0.7754,-1,-1,-1
299,54,350.80,131.40,77.30,113.60,0.5498,-1,-1,-1
299,114,258.50,112.50,47.60,115.80,0.6909,-1,-1,-1
299,77,1510.50,30.60,49.10,152.90,0.7544,-1,-1,-1
299,72,524.80,130.60,46.10,116.70,0.8037,-1,-1,-1
299,129,1061.50,99.40,67.20,121.60,0.8350,-1,-1,-1
299,2,35.70,246.60,58.10,92.60,0.5000,-1,-1,-1
299,58,1175.60,40.10,48.00,149.10,0.6416,-1,-1,-1
299,117,197.30,112.00,42.50,102.80,0.5400,-1,-1,-1
299,31,805.00,131.70,45.30,113.00,0.6699,-1,-1,-1
299,90,48.00,114.80,45.00,100.10,0.4514,-1,-1,-1
299,79,113.80,96.90,29.40,72.10,0.3840,-1,-1,-1
299,3,642.80,119.00,50.90,120.80,0.8130,-1,-1,-1
299,84,486.90,129.40,49.20,119.90,0.8091,-1,-1,-1
299,62,336.40,126.30,46.80,115.00,0.7202,-1,-1,-1
300,68,1470.70,26.30,64.70,171.70,0.7686,-1,-1,-1
300,60,1336.50,34.50,60.70,188.40,0.7974,-1,-1,-1
300,44,1246.60,73.60,66.40,182.80,0.8237,-1,-1,-1
300,112,1731.20,19.20,67.70,180.50,0.8374,-1,-1,-1
300,124,734.70,112.90,41.70,116.40,0.3730,-1,-1,-1
300,27,1195.10,59.80,49.10,152.00,0.6523,-1,-1,-1
300,106,1112.10,52.00,40.40,120.70,0.7842,-1,-1,-1
300,32,1677.60,20.40,51.70,171.20,0.5098,-1,-1,-1
300,56,1616.50,6.40,77.60,200.30,0.6782,-1,-1,-1
300,61,0.00,198.50,66.10,290.90,0.4111,-1,-1,-1
300,102,1505.60,188.40,84.80,232.10,0.8989,-1,-1,-1
300,86,1573.40,21.20,64.00,181.40,0.7217,-1,-1,-1
300,74,1354.60,28.90,45.20,168.30,0.1646,-1,-1,-1
300,98,1326.40,39.00,39.40,153.80,0.5332,-1,-1,-1
300,64,1299.10,44.70,43.30,146.50,0.5786,-1,-1,-1
300,71,1201.20,80.50,71.80,169.00,0.7178,-1,-1,-1
300,119,27.50,174.70,58.40,82.70,0.3540,-1,-1,-1
300,141,1246.20,51.20,36.70,57.90,0.4292,-1,-1,-1
300,100,1422.10,28.40,57.10,150.70,0.7515,-1,-1,-1
300,9,1555.50,28.20,46.00,169.20,0.6807,-1,-1,-1
300,107,1378.10,32.50,47.30,142.80,0.7373,-1,-1,-1
300,7,277.50,112.40,43.40,101.30,0.7637,-1,-1,-1
300,89,1284.60,43.50,33.50,119.00,0.1919,-1,-1,-1
300,77,1507.70,34.00,46.40,147.50,0.5312,-1,-1,-1
300,2,32.60,246.50,59.30,94.70,0.1302,-1,-1,-1
300,117,193.80,111.00,47.00,112.40,0.7920,-1,-1,-1
300,79,115.90,103.60,27.90,67.40,0.2302,-1,-1,-1
300,103,367.00,113.40,43.90,108.20,0.7969,-1,-1,-1
300,84,491.50,133.10,46.70,113.40,0.6841,-1,-1,-1
300,62,333.20,136.00,43.40,105.20,0.3577,-1,-1,-1
300,145,836.40,152.90,80.00,206.70,0.8550,-1,-1,-1
300,83,740.30,115.50,52.80,130.10,0.7363,-1,-1,-1
300,19,1049.50,108.10,47.80,122.50,0.8223,-1,-1,-1
300,111,978.80,112.40,44.50,72.40,0.4377,-1,-1,-1
300,12,684.60,118.30,48.90,119.70,0.8105,-1,-1,-1
300,140,1154.10,46.40,51.80,146.50,0.7188,-1,-1,-1
300,17,446.30,131.60,52.00,114.50,0.7832,-1,-1,-1
300,125,311.20,121.00,41.90,120.60,0.6396,-1,-1,-1
301,6,755.20,0.00,46.60,133.40,0.8716,-1,-1,-1
301,12,1746.00,35.40,72.00,187.20,0.8438,-1,-1,-1
301,35,281.60,36.40,104.30,217.80,0.8428,-1,-1,-1
301,19,880.50,21.40,54.00,160.80,0.8418,-1,-1,-1
301,2,1797.00,81.20,108.00,254.20,0.8403,-1,-1,-1
301,31,640.90,0.00,57.70,119.20,0.8110,-1,-1,-1
301,21,793.50,129.00,93.00,103.50,0.7827,-1,-1,-1
301,22,707.20,136.60,64.60,98.90,0.7563,-1,-1,-1
301,7,1308.80,59.90,85.40,249.90,0.7544,-1,-1,-1
301,29,1522.50,0.00,51.00,134.70,0.7417,-1,-1,-1
301,34,184.90,804.00,346.50,276.00,0.7363,-1,-1,-1
301,44,1489.50,8.20,54.00,128.00,0.6958,-1,-1,-1
301,11,1441.50,1.00,63.00,136.80,0.6768,-1,-1,-1
301,75,1424.20,0.70,49.60,127.40,0.6377,-1,-1,-1
301,76,1566.00,3.40,36.00,96.40,0.6260,-1,-1,-1
301,45,1875.00,19.30,45.00,112.30,0.6152,-1,-1,-1
301,1,1872.00,72.40,48.00,356.60,0.3540,-1,-1,-1
301,77,1502.20,116.40,138.80,84.80,0.3442,-1,-1,-1
301,64,1479.00,2.20,36.00,124.80,0.2759,-1,-1,-1
301,78,1584.00,5.60,60.00,90.80,0.2673,-1,-1,-1
302,6,755.40,0.00,46.20,132.50,0.8784,-1,-1,-1
302,12,1758.80,27.00,72.40,187.60,0.8164,-1,-1,-1
302,35,241.70,47.80,100.10,208.60,0.9131,-1,-1,-1
302,19,881.90,21.90,53.80,160.20,0.8081,-1,-1,-1
302,2,1788.20,69.10,104.80,247.00,0.8481,-1,-1,-1
302,31,635.10,0.00,56.30,116.20,0.8223,-1,-1,-1
302,21,793.10,128.20,93.80,104.50,0.7969,-1,-1,-1
302,22,706.60,137.00,64.50,98.70,0.8066,-1,-1,-1
302,7,1279.60,55.80,89.10,257.20,0.6841,-1,-1,-1
302,29,1520.70,0.20,52.00,137.20,0.7305,-1,-1,-1
302,44,1488.50,7.20,54.70,129.50,0.6792,-1,-1,-1
302,11,1444.30,1.60,62.60,135.70,0.7319,-1,-1,-1
302,75,1424.00,0.10,50.00,128.60,0.6309,-1,-1,-1
302,76,1566.00,2.30,36.00,96.00,0.5830,-1,-1,-1
302,45,1691.80,20.00,55.20,138.30,0.7441,-1,-1,-1
302,1,1867.30,57.00,36.60,265.90,0.6143,-1,-1,-1
302,77,1505.80,117.70,137.50,84.00,0.4148,-1,-1,-1
302,64,1478.70,3.40,36.60,126.40,0.1550,-1,-1,-1
302,78,1578.90,7.10,59.80,90.40,0.3630,-1,-1,-1
303,6,755.40,0.00,46.20,132.50,0.8896,-1,-1,-1
303,12,1767.90,22.80,70.30,182.10,0.7705,-1,-1,-1
303,35,182.40,44.00,102.60,213.60,0.8706,-1,-1,-1
303,19,885.40,22.40,53.10,158.30,0.8369,-1,-1,-1
303,2,1790.60,64.30,96.50,226.60,0.8608,-1,-1,-1
303,31,631.40,0.00,52.60,108.20,0.8491,-1,-1,-1
303,21,793.50,128.30,94.20,104.80,0.7500,-1,-1,-1
303,22,710.20,137.20,65.30,99.20,0.7490,-1,-1,-1
303,7,1287.80,53.20,91.10,260.20,0.6768,-1,-1,-1
303,29,1521.00,0.00,52.70,138.90,0.7373,-1,-1,-1
303,44,1491.50,9.20,54.30,128.80,0.5264,-1,-1,-1
303,11,1444.50,3.30,61.90,134.20,0.7163,-1,-1,-1
303,75,1424.00,0.00,50.00,129.00,0.7100,-1,-1,-1
303,76,1566.00,4.00,36.00,96.30,0.5029,-1,-1,-1
303,45,1873.90,15.60,46.10,116.10,0.1289,-1,-1,-1
303,1,1868.90,64.00,29.90,207.70,0.4941,-1,-1,-1
303,77,1506.30,113.40,146.40,89.20,0.5010,-1,-1,-1
303,64,1483.10,1.80,37.10,127.70,0.2422,-1,-1,-1
303,78,1582.20,5.40,60.80,92.20,0.3425,-1,-1,-1
303,25,1192.50,121.40,75.00,90.80,0.6250,-1,-1,-1
303,3,1249.90,90.30,67.00,222.60,0.4158,-1,-1,-1
304,6,755.70,0.00,45.90,131.90,0.8784,-1,-1,-1
304,12,1775.20,8.50,62.60,162.50,0.6636,-1,-1,-1
304,35,140.90,37.90,100.60,210.50,0.8271,-1,-1,-1
304,19,907.80,23.30,54.10,160.80,0.6714,-1,-1,-1
304,2,1794.70,81.50,92.40,216.10,0.8589,-1,-1,-1
304,31,620.90,0.00,49.10,100.60,0.7393,-1,-1,-1
304,22,708.40,137.60,65.70,99.30,0.3748,-1,-1,-1
304,7,1301.00,56.80,89.80,255.70,0.8345,-1,-1,-1
304,29,1520.40,0.00,52.70,138.50,0.7339,-1,-1,-1
304,44,1490.80,6.80,55.20,131.20,0.6919,-1,-1,-1
304,11,1443.10,2.00,62.30,135.00,0.7114,-1,-1,-1
304,75,1424.30,0.00,50.60,130.30,0.7026,-1,-1,-1
304,76,1563.40,1.10,36.60,97.60,0.6548,-1,-1,-1
304,45,1867.80,14.80,52.20,143.60,0.4736,-1,-1,-1
304,77,1507.30,113.30,145.70,88.50,0.4941,-1,-1,-1
304,64,1485.00,0.90,36.30,124.40,0.3098,-1,-1,-1
304,78,1580.70,2.50,61.80,94.20,0.2338,-1,-1,-1
304,25,1188.30,121.90,74.20,89.80,0.6416,-1,-1,-1
304,3,1245.50,86.40,68.60,227.10,0.7598,-1,-1,-1
304,88,1873.20,86.00,45.60,273.70,0.6724,-1,-1,-1
305,6,756.10,0.00,46.00,131.50,0.8706,-1,-1,-1
305,35,93.10,26.30,101.30,211.30,0.8218,-1,-1,-1
305,19,928.60,28.30,54.20,159.20,0.8188,-1,-1,-1
305,2,1807.90,33.10,76.70,179.00,0.7407,-1,-1,-1
305,22,720.50,136.00,61.30,92.00,0.1180,-1,-1,-1
305,7,1302.30,50.70,91.00,259.70,0.7798,-1,-1,-1
305,29,1522.30,0.00,52.80,138.30,0.7598,-1,-1,-1
305,44,1491.00,13.80,52.30,124.00,0.7622,-1,-1,-1
305,11,1444.40,0.80,63.20,136.60,0.5918,-1,-1,-1
305,75,1425.20,0.00,51.30,132.00,0.6670,-1,-1,-1
305,76,1565.90,0.50,36.80,98.00,0.5166,-1,-1,-1
305,77,1507.30,113.10,145.70,88.30,0.4756,-1,-1,-1
305,64,1483.90,1.30,37.00,125.50,0.2180,-1,-1,-1
305,78,1585.80,4.20,59.50,91.70,0.3098,-1,-1,-1
305,25,1186.10,121.80,73.20,88.70,0.4736,-1,-1,-1
305,3,1241.90,85.60,69.90,228.80,0.7231,-1,-1,-1
305,88,1866.80,54.80,44.30,263.60,0.6782,-1,-1,-1
305,21,792.90,129.80,91.80,101.80,0.7002,-1,-1,-1
306,6,756.20,0.00,46.20,131.80,0.8662,-1,-1,-1
306,35,50.00,22.20,99.60,203.90,0.8506,-1,-1,-1
306,19,946.90,27.60,57.70,168.00,0.8018,-1,-1,-1
306,2,1824.70,17.20,72.90,168.50,0.7217,-1,-1,-1
306,22,715.40,136.30,65.80,97.30,0.6968,-1,-1,-1
306,7,1298.40,49.80,91.10,259.70,0.8550,-1,-1,-1
306,29,1523.00,0.10,52.80,138.00,0.7334,-1,-1,-1
306,44,1492.30,13.60,52.20,124.30,0.7202,-1,-1,-1
306,11,1444.90,0.20,63.50,137.20,0.6851,-1,-1,-1
306,75,1424.00,0.00,51.40,132.50,0.6699,-1,-1,-1
306,76,1565.60,2.40,37.00,97.90,0.3540,-1,-1,-1
306,77,1502.00,116.40,140.70,85.50,0.3857,-1,-1,-1
306,64,1484.10,5.40,35.90,121.30,0.1200,-1,-1,-1
306,78,1588.60,1.00,61.00,94.60,0.1716,-1,-1,-1
306,25,1181.80,122.00,72.40,88.20,0.5859,-1,-1,-1
306,3,1233.40,86.90,69.50,225.30,0.8799,-1,-1,-1
306,88,1867.50,55.90,43.20,253.40,0.6885,-1,-1,-1
306,21,790.00,129.70,92.50,102.20,0.7100,-1,-1,-1
307,6,755.40,0.00,46.70,132.30,0.8750,-1,-1,-1
307,35,2.70,18.10,98.00,201.00,0.8604,-1,-1,-1
307,19,962.90,33.60,58.20,167.40,0.7168,-1,-1,-1
307,22,711.40,135.90,67.80,99.70,0.7090,-1,-1,-1
307,7,1300.80,48.50,91.70,260.00,0.8901,-1,-1,-1
307,29,1523.60,0.00,52.10,137.50,0.7324,-1,-1,-1
307,44,1491.90,17.20,50.50,120.80,0.7139,-1,-1,-1
307,11,1443.90,0.00,63.80,137.00,0.7490,-1,-1,-1
307,75,1424.50,0.00,51.60,133.60,0.7153,-1,-1,-1
307,76,1566.90,0.90,32.20,84.40,0.4055,-1,-1,-1
307,77,1421.40,84.90,281.90,177.60,0.9165,-1,-1,-1
307,64,1480.10,4.60,37.10,125.60,0.1842,-1,-1,-1
307,78,1590.30,4.40,57.80,91.10,0.1163,-1,-1,-1
307,25,1179.40,121.90,71.10,87.60,0.1152,-1,-1,-1
307,3,1222.70,89.50,69.10,221.90,0.8477,-1,-1,-1
307,88,1866.30,20.60,46.20,268.70,0.7446,-1,-1,-1
307,21,794.40,129.00,93.70,103.80,0.7612,-1,-1,-1
308,6,755.00,0.00,47.20,132.80,0.8740,-1,-1,-1
308,19,971.10,36.80,60.50,169.30,0.8447,-1,-1,-1
308,22,708.20,136.40,67.80,99.80,0.7251,-1,-1,-1
308,7,1301.90,47.70,91.30,259.90,0.7026,-1,-1,-1
308,29,1525.10,0.00,51.20,136.10,0.5708,-1,-1,-1
308,44,1500.40,14.40,49.50,120.90,0.1896,-1,-1,-1
308,11,1442.80,1.20,62.30,134.30,0.1339,-1,-1,-1
308,75,1423.50,0.00,51.90,135.30,0.6919,-1,-1,-1
308,76,1564.50,0.10,36.10,95.10,0.6655,-1,-1,-1
308,77,1358.40,72.70,308.80,202.70,0.9277,-1,-1,-1
308,78,1587.20,7.10,55.50,88.30,0.1956,-1,-1,-1
308,25,1180.50,122.30,70.40,87.40,0.2330,-1,-1,-1
308,3,1220.50,87.80,69.80,223.10,0.7202,-1,-1,-1
308,88,1866.90,37.10,40.90,229.30,0.8589,-1,-1,-1
308,21,795.70,128.90,93.70,104.10,0.7549,-1,-1,-1
309,6,754.70,0.00,47.40,132.40,0.8848,-1,-1,-1
309,19,958.50,40.40,61.10,168.70,0.8521,-1,-1,-1
309,22,706.90,136.20,67.90,100.10,0.7349,-1,-1,-1
309,7,1316.30,43.90,95.60,264.40,0.7563,-1,-1,-1
309,29,1524.80,0.10,50.60,134.50,0.6870,-1,-1,-1
309,44,1497.70,14.10,50.10,122.60,0.6538,-1,-1,-1
309,11,1444.20,2.10,62.20,134.60,0.7534,-1,-1,-1
309,75,1424.90,0.40,50.50,132.40,0.7231,-1,-1,-1
309,76,1568.90,1.20,37.00,97.70,0.6343,-1,-1,-1
309,78,1589.10,6.90,54.80,88.70,0.4922,-1,-1,-1
309,25,1182.50,122.20,70.40,87.90,0.1848,-1,-1,-1
309,3,1220.00,84.10,72.00,227.20,0.7754,-1,-1,-1
309,88,1870.00,39.90,38.10,206.90,0.8237,-1,-1,-1
309,21,795.80,129.00,93.40,103.90,0.7759,-1,-1,-1
309,119,1879.10,19.30,39.20,68.50,0.4387,-1,-1,-1
310,6,755.20,0.00,47.50,132.40,0.8818,-1,-1,-1
310,22,706.40,136.40,68.00,100.20,0.7192,-1,-1,-1
310,7,1305.00,44.80,96.00,264.40,0.6860,-1,-1,-1
310,29,1523.70,0.00,52.10,137.00,0.7798,-1,-1,-1
310,44,1494.00,15.80,49.50,121.50,0.7178,-1,-1,-1
310,11,1443.50,4.20,61.50,133.20,0.7568,-1,-1,-1
310,75,1424.90,0.80,50.10,131.60,0.7217,-1,-1,-1
310,76,1568.60,1.60,37.50,98.10,0.6909,-1,-1,-1
310,78,1589.80,6.00,54.50,89.80,0.3877,-1,-1,-1
310,3,1219.80,66.70,79.30,247.50,0.7358,-1,-1,-1
310,21,795.80,128.80,93.30,104.10,0.7656,-1,-1,-1
310,119,1882.10,19.90,33.60,58.50,0.4016,-1,-1,-1
310,45,1850.30,31.60,69.70,197.40,0.8184,-1,-1,-1
311,6,755.50,0.00,47.40,131.60,0.8823,-1,-1,-1
311,22,706.90,136.80,67.70,99.90,0.7212,-1,-1,-1
311,7,1301.00,45.30,95.30,264.30,0.8428,-1,-1,-1
311,29,1523.10,0.10,53.10,138.10,0.7485,-1,-1,-1
311,44,1493.40,17.00,48.80,120.30,0.6992,-1,-1,-1
311,11,1443.60,4.60,61.60,133.10,0.7417,-1,-1,-1
311,75,1424.40,0.70,49.90,131.50,0.6909,-1,-1,-1
311,76,1569.00,1.00,38.60,100.40,0.6602,-1,-1,-1
311,78,1589.50,3.20,55.50,93.10,0.3667,-1,-1,-1
311,3,1221.80,77.50,77.00,237.30,0.8008,-1,-1,-1
311,21,790.60,128.50,91.50,103.90,0.7725,-1,-1,-1
311,119,1879.50,20.20,39.00,68.00,0.1184,-1,-1,-1
311,64,1481.20,3.10,37.30,126.00,0.3074,-1,-1,-1
311,88,1871.90,16.90,38.10,199.90,0.8037,-1,-1,-1
312,6,754.90,0.00,47.70,131.30,0.8833,-1,-1,-1
312,22,706.60,136.70,67.60,99.90,0.8013,-1,-1,-1
312,7,1298.10,40.20,96.60,269.40,0.7798,-1,-1,-1
312,29,1523.10,0.50,53.10,137.40,0.7520,-1,-1,-1
312,44,1492.60,17.70,48.60,119.80,0.7148,-1,-1,-1
312,11,1444.90,4.90,62.10,133.10,0.7339,-1,-1,-1
312,75,1424.30,0.40,49.70,130.80,0.6978,-1,-1,-1
312,76,1568.60,1.60,38.10,98.70,0.7168,-1,-1,-1
312,78,1589.00,3.10,54.50,93.20,0.3286,-1,-1,-1
312,3,1221.40,84.30,76.00,230.20,0.7905,-1,-1,-1
312,21,790.40,128.40,89.40,103.20,0.7852,-1,-1,-1
312,119,1864.90,19.00,55.10,116.90,0.5571,-1,-1,-1
312,57,840.70,45.00,85.60,176.90,0.9180,-1,-1,-1
312,64,1482.20,10.40,34.50,115.90,0.1907,-1,-1,-1
312,88,1879.30,13.90,36.70,190.60,0.5264,-1,-1,-1
312,34,60.30,602.50,566.50,477.50,0.8916,-1,-1,-1
312,25,1184.50,122.10,70.90,89.00,0.4426,-1,-1,-1
313,6,755.10,0.00,48.00,132.00,0.8789,-1,-1,-1
313,22,707.00,136.30,68.00,100.60,0.7827,-1,-1,-1
313,7,1299.60,43.60,94.90,267.30,0.8276,-1,-1,-1
313,29,1523.80,0.60,53.60,137.50,0.7778,-1,-1,-1
313,44,1492.50,19.40,47.20,118.00,0.7202,-1,-1,-1
313,11,1444.50,3.70,63.00,134.10,0.7373,-1,-1,-1
313,75,1424.50,0.90,49.00,129.40,0.6919,-1,-1,-1
313,76,1568.40,1.90,37.90,98.20,0.6899,-1,-1,-1
313,78,1588.20,2.90,53.40,93.20,0.3831,-1,-1,-1
313,3,1220.90,87.80,76.40,227.40,0.7363,-1,-1,-1
313,21,790.00,129.80,87.30,102.60,0.7832,-1,-1,-1
313,119,1857.80,18.80,62.20,126.80,0.7002,-1,-1,-1
313,57,840.30,45.90,85.20,176.90,0.8799,-1,-1,-1
313,64,1479.80,5.00,35.90,121.70,0.2659,-1,-1,-1
313,88,1885.50,20.40,31.10,158.30,0.1160,-1,-1,-1
313,123,1501.70,114.30,146.00,87.50,0.3960,-1,-1,-1
313,34,0.00,557.20,514.00,522.80,0.8667,-1,-1,-1
313,25,1186.00,122.00,71.00,89.40,0.3594,-1,-1,-1
313,19,970.60,43.90,80.30,215.60,0.8530,-1,-1,-1
314,6,755.10,0.00,48.30,132.30,0.8750,-1,-1,-1
314,22,707.00,136.50,67.90,100.50,0.7637,-1,-1,-1
314,7,1302.10,50.50,92.30,261.50,0.7090,-1,-1,-1
314,29,1522.20,0.20,54.00,137.60,0.7139,-1,-1,-1
314,44,1492.40,17.10,47.80,120.10,0.6758,-1,-1,-1
314,11,1441.90,2.90,63.40,134.80,0.7256,-1,-1,-1
314,75,1426.50,0.30,49.00,129.70,0.5059,-1,-1,-1
314,76,1571.70,1.00,39.10,99.00,0.6084,-1,-1,-1
314,78,1589.30,2.10,54.10,94.30,0.2878,-1,-1,-1
314,3,1222.80,87.20,78.60,227.90,0.7725,-1,-1,-1
314,21,790.00,130.30,86.30,102.90,0.7188,-1,-1,-1
314,119,1854.30,17.90,65.70,131.60,0.7505,-1,-1,-1
314,57,828.10,46.20,84.80,178.10,0.8174,-1,-1,-1
314,64,1479.80,4.30,35.80,121.40,0.2330,-1,-1,-1
314,123,1502.30,113.80,145.80,87.40,0.4543,-1,-1,-1
314,25,1187.30,122.50,70.60,88.90,0.3550,-1,-1,-1
315,6,755.30,0.00,47.90,130.80,0.8931,-1,-1,-1
315,22,707.80,136.40,67.80,100.30,0.7388,-1,-1,-1
315,7,1308.50,41.80,100.40,270.00,0.7490,-1,-1,-1
315,29,1519.20,0.60,54.50,137.50,0.5566,-1,-1,-1
315,44,1490.10,15.50,47.60,120.70,0.5186,-1,-1,-1
315,11,1440.80,3.00,62.70,134.60,0.7104,-1,-1,-1
315,75,1428.10,0.10,49.30,131.60,0.6807,-1,-1,-1
315,76,1572.50,0.40,40.30,100.10,0.7163,-1,-1,-1
315,78,1588.00,3.10,53.80,94.60,0.4207,-1,-1,-1
315,3,1221.40,89.20,79.80,226.20,0.7100,-1,-1,-1
315,21,760.30,71.60,144.30,181.90,0.7148,-1,-1,-1
315,119,1852.60,18.70,67.40,131.60,0.7139,-1,-1,-1
315,57,821.90,47.90,83.80,178.80,0.6758,-1,-1,-1
315,64,1484.40,3.60,37.60,124.20,0.3757,-1,-1,-1
315,123,1497.80,111.60,150.00,90.10,0.4187,-1,-1,-1
315,25,1186.60,123.10,69.70,88.20,0.3115,-1,-1,-1
316,6,754.00,0.00,48.50,132.10,0.8110,-1,-1,-1
316,22,685.10,65.40,117.30,181.60,0.8320,-1,-1,-1
316,7,1308.80,42.90,104.50,268.40,0.8267,-1,-1,-1
316,29,1520.30,1.60,54.20,136.90,0.7734,-1,-1,-1
316,44,1485.00,8.50,51.00,129.20,0.7041,-1,-1,-1
316,11,1440.90,2.00,63.30,135.90,0.6958,-1,-1,-1
316,75,1427.90,0.10,49.00,132.10,0.6826,-1,-1,-1
316,76,1570.90,1.00,40.60,100.40,0.7534,-1,-1,-1
316,78,1589.80,3.60,53.00,94.30,0.5649,-1,-1,-1
316,3,1221.40,89.10,81.20,226.30,0.7583,-1,-1,-1
316,21,778.60,99.60,115.20,144.00,0.6885,-1,-1,-1
316,119,1853.40,19.10,66.60,130.30,0.7720,-1,-1,-1
316,57,820.80,45.60,81.10,175.90,0.5439,-1,-1,-1
316,64,1477.90,1.40,39.80,131.40,0.2108,-1,-1,-1
316,123,1500.20,114.50,144.10,86.70,0.3657,-1,-1,-1
316,25,1186.50,123.00,69.10,87.90,0.4426,-1,-1,-1
317,6,754.20,0.00,48.70,132.30,0.8623,-1,-1,-1
317,7,1294.80,44.80,105.30,269.00,0.8599,-1,-1,-1
317,29,1520.50,1.00,55.00,137.80,0.8027,-1,-1,-1
317,44,1482.10,9.70,50.40,128.40,0.7168,-1,-1,-1
317,11,1441.20,1.90,63.20,136.10,0.6748,-1,-1,-1
317,75,1426.90,0.70,48.70,130.40,0.6875,-1,-1,-1
317,76,1572.50,2.00,40.20,99.00,0.5688,-1,-1,-1
317,78,1589.90,4.90,51.90,93.20,0.4082,-1,-1,-1
317,3,1221.90,88.70,83.00,226.80,0.7676,-1,-1,-1
317,21,787.30,118.20,94.60,119.60,0.7319,-1,-1,-1
317,119,1853.80,18.30,66.20,130.00,0.7324,-1,-1,-1
317,57,821.30,45.30,78.90,174.90,0.7900,-1,-1,-1
317,64,1475.60,1.00,39.40,131.40,0.1184,-1,-1,-1
317,123,1501.10,116.20,141.00,85.00,0.3372,-1,-1,-1
317,25,1186.60,123.00,68.70,87.80,0.3594,-1,-1,-1
318,6,753.60,0.00,48.80,132.30,0.8726,-1,-1,-1
318,7,1296.40,46.50,103.60,267.40,0.8872,-1,-1,-1
318,29,1521.30,1.30,55.30,138.10,0.8613,-1,-1,-1
318,44,1480.30,12.10,49.60,126.80,0.7153,-1,-1,-1
318,11,1441.80,3.30,62.10,134.70,0.6021,-1,-1,-1
318,75,1426.00,0.80,48.60,130.30,0.7051,-1,-1,-1
318,76,1573.00,2.20,40.20,98.60,0.6143,-1,-1,-1
318,78,1590.70,4.70,51.90,94.10,0.4717,-1,-1,-1
318,3,1222.70,89.20,84.40,225.90,0.7949,-1,-1,-1
318,21,790.70,125.70,85.70,109.40,0.6875,-1,-1,-1
318,119,1853.20,17.90,66.80,130.20,0.7852,-1,-1,-1
318,57,823.30,40.90,80.20,179.90,0.9072,-1,-1,-1
318,123,1503.50,115.50,142.80,85.60,0.3811,-1,-1,-1
318,25,1186.00,122.80,68.80,88.40,0.4648,-1,-1,-1
318,22,706.40,112.20,84.30,126.50,0.6226,-1,-1,-1
319,6,753.80,0.00,49.00,132.40,0.8569,-1,-1,-1
319,7,1299.50,48.50,102.00,265.20,0.8833,-1,-1,-1
319,29,1520.90,1.00,55.40,137.40,0.7710,-1,-1,-1
319,44,1481.70,11.50,50.20,127.60,0.6978,-1,-1,-1
319,11,1440.90,3.10,62.00,134.70,0.6772,-1,-1,-1
319,75,1426.10,1.00,47.70,127.50,0.6704,-1,-1,-1
319,76,1571.90,0.80,40.70,99.60,0.5898,-1,-1,-1
319,78,1590.70,3.20,52.60,95.10,0.4551,-1,-1,-1
319,3,1220.90,90.50,85.20,223.80,0.8110,-1,-1,-1
319,21,793.80,128.80,81.70,104.80,0.7334,-1,-1,-1
319,119,1852.40,18.00,67.60,129.70,0.7505,-1,-1,-1
319,57,810.20,35.70,82.10,185.60,0.8511,-1,-1,-1
319,123,1502.00,114.70,143.90,86.40,0.3091,-1,-1,-1
319,25,1185.80,122.90,68.80,88.90,0.2147,-1,-1,-1
319,22,714.20,130.70,71.60,104.70,0.7778,-1,-1,-1
320,6,754.00,0.00,48.60,131.30,0.8672,-1,-1,-1
320,7,1299.20,51.10,100.20,262.10,0.8789,-1,-1,-1
320,29,1520.20,0.50,56.10,138.20,0.7192,-1,-1,-1
320,44,1488.10,11.90,49.60,125.70,0.5918,-1,-1,-1
320,11,1441.30,2.60,62.50,135.40,0.6704,-1,-1,-1
320,75,1425.80,0.40,48.00,129.00,0.7251,-1,-1,-1
320,76,1572.00,2.30,39.90,97.60,0.6245,-1,-1,-1
320,78,1592.00,5.50,50.20,92.10,0.4243,-1,-1,-1
320,3,1218.70,91.90,86.50,222.80,0.7949,-1,-1,-1
320,21,798.10,128.20,82.10,104.60,0.7251,-1,-1,-1
320,119,1854.30,17.80,65.70,129.00,0.7891,-1,-1,-1
320,57,788.20,32.20,69.30,156.00,0.8174,-1,-1,-1
320,123,1501.20,115.10,142.80,86.10,0.3523,-1,-1,-1
320,25,1185.80,123.40,67.70,87.90,0.3594,-1,-1,-1
320,22,714.40,135.40,69.90,99.90,0.7793,-1,-1,-1
321,6,744.00,3.00,60.90,166.60,0.5840,-1,-1,-1
321,7,1299.10,51.60,99.50,261.80,0.8125,-1,-1,-1
321,29,1516.10,0.20,58.00,139.20,0.7002,-1,-1,-1
321,44,1491.50,11.80,49.50,125.10,0.5195,-1,-1,-1
321,11,1440.50,3.00,62.60,135.90,0.6860,-1,-1,-1
321,75,1424.90,0.20,48.70,130.90,0.7324,-1,-1,-1
321,76,1575.20,3.60,39.10,96.30,0.4514,-1,-1,-1
321,78,1592.00,5.50,50.20,92.50,0.3674,-1,-1,-1
321,3,1220.00,90.30,88.90,224.10,0.7622,-1,-1,-1
321,21,799.90,129.50,81.90,103.00,0.6621,-1,-1,-1
321,119,1855.30,17.00,64.70,128.60,0.7148,-1,-1,-1
321,123,1499.50,114.30,144.80,87.50,0.3015,-1,-1,-1
321,25,1185.90,123.60,67.10,87.70,0.4456,-1,-1,-1
321,22,714.80,135.80,70.80,98.90,0.6245,-1,-1,-1
322,6,750.10,1.30,54.10,147.50,0.8740,-1,-1,-1
322,7,1298.90,53.60,97.60,259.40,0.8716,-1,-1,-1
322,29,1517.90,0.30,57.90,138.50,0.6289,-1,-1,-1
322,44,1490.30,15.40,48.40,122.90,0.6523,-1,-1,-1
322,11,1442.70,4.40,61.70,134.10,0.7231,-1,-1,-1
322,75,1425.20,0.30,47.80,128.10,0.7598,-1,-1,-1
322,76,1575.40,3.70,38.80,96.10,0.5234,-1,-1,-1
322,78,1591.40,5.50,49.40,91.90,0.3550,-1,-1,-1
322,3,1219.00,90.40,90.80,223.90,0.7812,-1,-1,-1
322,21,800.60,129.90,81.60,101.80,0.7373,-1,-1,-1
322,119,1855.80,16.70,64.20,128.40,0.7446,-1,-1,-1
322,123,1501.10,114.60,143.50,86.80,0.4873,-1,-1,-1
322,25,1186.30,123.50,67.10,88.10,0.3286,-1,-1,-1
322,22,714.40,136.40,71.60,98.20,0.7505,-1,-1,-1
323,6,753.20,0.50,50.60,138.10,0.8750,-1,-1,-1
323,7,1299.90,53.00,96.70,259.90,0.8438,-1,-1,-1
323,29,1524.70,0.10,55.70,135.00,0.6899,-1,-1,-1
323,44,1484.80,9.40,50.10,129.10,0.7627,-1,-1,-1
323,11,1443.00,3.80,62.40,138.40,0.7241,-1,-1,-1
323,75,1424.40,2.60,47.20,125.10,0.4932,-1,-1,-1
323,76,1576.50,1.30,38.60,97.90,0.4717,-1,-1,-1
323,78,1592.70,6.20,48.00,91.50,0.3416,-1,-1,-1
323,3,1220.50,90.90,91.70,222.90,0.7578,-1,-1,-1
323,21,800.60,130.30,82.10,101.20,0.7471,-1,-1,-1
323,119,1856.30,17.20,63.70,127.90,0.7661,-1,-1,-1
323,123,1502.40,114.30,143.70,87.10,0.3074,-1,-1,-1
323,25,1186.20,123.30,66.70,88.10,0.4580,-1,-1,-1
323,22,714.00,137.10,72.40,97.90,0.8052,-1,-1,-1
323,98,1517.20,3.00,37.60,132.20,0.5117,-1,-1,-1
324,6,753.70,0.20,49.30,134.40,0.8750,-1,-1,-1
324,7,1299.30,50.20,96.30,262.50,0.8423,-1,-1,-1
324,29,1527.20,0.00,55.00,135.20,0.7578,-1,-1,-1
324,44,1485.50,12.00,49.20,127.90,0.7549,-1,-1,-1
324,11,1433.60,3.60,59.00,133.10,0.6802,-1,-1,-1
324,75,1413.50,3.10,47.10,124.00,0.7148,-1,-1,-1
324,76,1575.10,2.20,38.20,97.70,0.4863,-1,-1,-1
324,78,1591.20,5.40,47.50,91.80,0.4272,-1,-1,-1
324,3,1218.20,92.10,91.90,221.50,0.6929,-1,-1,-1
324,21,800.30,130.30,82.80,101.40,0.7690,-1,-1,-1
324,119,1859.60,19.00,60.40,129.60,0.6387,-1,-1,-1
324,123,1500.10,113.50,144.80,88.10,0.2959,-1,-1,-1
324,25,1186.30,123.10,66.30,88.10,0.5107,-1,-1,-1
324,22,714.50,137.00,72.90,96.90,0.7744,-1,-1,-1
324,98,1514.10,5.60,36.80,129.60,0.3433,-1,-1,-1
324,77,1565.90,113.70,72.20,86.10,0.3364,-1,-1,-1
324,64,1461.00,3.40,40.40,133.80,0.5459,-1,-1,-1
325,6,754.50,0.10,48.90,133.10,0.8730,-1,-1,-1
325,7,1299.00,52.00,94.30,260.50,0.8862,-1,-1,-1
325,29,1524.50,0.00,56.40,138.10,0.7549,-1,-1,-1
325,44,1488.90,8.50,50.60,130.50,0.7163,-1,-1,-1
325,11,1431.30,2.60,59.00,134.70,0.5938,-1,-1,-1
325,75,1407.30,1.70,48.50,126.30,0.6836,-1,-1,-1
325,76,1573.40,2.10,38.30,97.60,0.6772,-1,-1,-1
325,78,1591.80,3.80,49.00,93.80,0.4951,-1,-1,-1
325,3,1215.60,92.30,92.40,222.20,0.7808,-1,-1,-1
325,21,800.10,130.50,83.20,101.30,0.7334,-1,-1,-1
325,119,1861.90,17.70,58.10,141.90,0.4551,-1,-1,-1
325,123,1503.80,115.70,142.50,86.50,0.4177,-1,-1,-1
325,25,1186.20,122.90,66.40,88.50,0.3923,-1,-1,-1
325,22,712.40,137.00,75.00,98.20,0.7324,-1,-1,-1
325,77,1565.80,114.40,72.40,86.30,0.1842,-1,-1,-1
325,48,1889.40,21.30,30.60,142.00,0.5127,-1,-1,-1
325,64,1457.50,2.50,43.60,138.30,0.5806,-1,-1,-1
326,6,754.80,0.00,48.70,132.50,0.8633,-1,-1,-1
326,7,1301.70,50.30,93.90,261.70,0.8857,-1,-1,-1
326,29,1528.70,0.00,53.90,133.20,0.6665,-1,-1,-1
326,44,1493.80,16.70,48.70,122.50,0.7080,-1,-1,-1
326,11,1432.90,2.80,55.20,129.10,0.3530,-1,-1,-1
326,75,1395.50,2.00,48.30,126.10,0.7583,-1,-1,-1
326,76,1571.50,1.10,38.80,98.00,0.6162,-1,-1,-1
326,78,1590.80,5.60,48.00,92.30,0.5127,-1,-1,-1
326,3,1214.40,88.80,93.10,225.90,0.8223,-1,-1,-1
326,21,800.30,130.40,83.80,101.80,0.7373,-1,-1,-1
326,119,1853.60,30.80,66.40,134.50,0.8472,-1,-1,-1
326,123,1502.60,116.60,141.00,85.60,0.3503,-1,-1,-1
326,25,1186.60,123.30,65.60,87.70,0.3667,-1,-1,-1
326,22,711.80,137.90,75.50,97.80,0.7500,-1,-1,-1
326,77,1566.00,114.60,72.00,85.70,0.2510,-1,-1,-1
326,48,1893.00,23.40,26.30,120.10,0.1536,-1,-1,-1
326,64,1451.10,3.50,45.20,136.30,0.7188,-1,-1,-1
327,6,754.80,0.00,48.90,132.60,0.8740,-1,-1,-1
327,7,1309.20,45.80,94.70,267.20,0.8750,-1,-1,-1
327,29,1532.20,0.20,53.20,131.90,0.5962,-1,-1,-1
327,44,1497.90,13.40,50.70,126.00,0.5547,-1,-1,-1
327,11,1427.60,0.90,52.60,125.00,0.4766,-1,-1,-1
327,75,1384.30,1.00,47.80,126.40,0.6738,-1,-1,-1
327,76,1570.70,1.70,39.20,98.50,0.5254,-1,-1,-1
327,78,1590.30,6.00,47.90,92.30,0.4055,-1,-1,-1
327,3,1210.70,85.80,93.00,227.90,0.8154,-1,-1,-1
327,21,800.40,130.30,83.90,101.60,0.7417,-1,-1,-1
327,119,1855.40,23.20,64.60,130.10,0.7168,-1,-1,-1
327,123,1503.60,115.60,141.50,85.90,0.4534,-1,-1,-1
327,25,1183.90,123.40,65.00,88.00,0.1796,-1,-1,-1
327,22,711.50,138.80,75.70,96.90,0.7793,-1,-1,-1
327,77,1567.60,114.80,71.00,84.60,0.1582,-1,-1,-1
327,48,1897.60,31.30,22.40,104.40,0.1217,-1,-1,-1
327,64,1445.70,4.10,45.90,136.40,0.8032,-1,-1,-1
327,31,1473.70,2.50,50.20,127.60,0.6162,-1,-1,-1
327,45,1806.20,42.50,53.60,125.80,0.7705,-1,-1,-1
328,6,754.80,0.00,48.90,132.60,0.8662,-1,-1,-1
328,7,1308.60,38.00,95.90,269.90,0.8032,-1,-1,-1
328,29,1537.70,0.10,52.40,129.60,0.5757,-1,-1,-1
328,44,1501.80,11.90,51.40,127.50,0.5527,-1,-1,-1
328,11,1425.80,1.20,50.50,121.20,0.2186,-1,-1,-1
328,75,1376.20,1.10,45.80,119.50,0.1268,-1,-1,-1
328,76,1572.80,2.00,38.50,97.40,0.4102,-1,-1,-1
328,78,1593.50,6.40,47.00,90.60,0.3433,-1,-1,-1
328,3,1215.50,86.50,92.40,226.80,0.8037,-1,-1,-1
328,21,799.80,130.50,84.20,101.60,0.7178,-1,-1,-1
328,119,1857.40,18.80,62.60,127.70,0.7446,-1,-1,-1
328,123,1503.90,115.40,142.30,86.40,0.3049,-1,-1,-1
328,25,1183.60,123.60,64.40,88.10,0.5957,-1,-1,-1
328,22,710.60,138.80,76.50,97.20,0.7739,-1,-1,-1
328,77,1566.80,115.10,71.20,84.90,0.2886,-1,-1,-1
328,48,1900.30,32.30,19.70,97.20,0.1384,-1,-1,-1
328,64,1441.50,5.10,46.70,136.80,0.7798,-1,-1,-1
328,31,1469.10,0.70,49.80,126.80,0.5459,-1,-1,-1
328,102,1765.20,42.50,56.40,125.10,0.6992,-1,-1,-1
328,12,1742.50,47.80,43.00,115.10,0.6450,-1,-1,-1
329,6,754.80,0.00,48.90,132.40,0.8726,-1,-1,-1
329,7,1290.10,42.00,93.40,257.90,0.8730,-1,-1,-1
329,29,1534.30,0.00,52.90,131.20,0.6621,-1,-1,-1
329,44,1502.20,15.00,49.90,124.50,0.5776,-1,-1,-1
329,11,1425.70,0.30,50.80,122.00,0.4216,-1,-1,-1
329,75,1367.80,2.90,45.00,118.40,0.5718,-1,-1,-1
329,76,1571.60,4.00,38.30,97.50,0.3567,-1,-1,-1
329,78,1593.60,6.70,46.90,90.10,0.4358,-1,-1,-1
329,3,1215.50,87.00,92.00,225.70,0.7456,-1,-1,-1
329,21,798.90,129.80,85.70,102.10,0.7217,-1,-1,-1
329,119,1855.70,18.70,61.90,126.00,0.7778,-1,-1,-1
329,123,1503.50,118.10,139.10,84.30,0.2480,-1,-1,-1
329,25,1183.40,123.60,63.50,87.80,0.4368,-1,-1,-1
329,22,710.50,138.70,77.30,97.40,0.7690,-1,-1,-1
329,77,1564.90,115.70,70.20,83.40,0.3008,-1,-1,-1
329,48,1902.10,32.00,17.90,97.20,0.1744,-1,-1,-1
329,64,1443.10,3.50,48.70,139.60,0.7881,-1,-1,-1
329,12,1728.40,45.00,48.90,124.10,0.8208,-1,-1,-1
330,6,754.30,0.00,48.90,132.10,0.8740,-1,-1,-1
330,7,1264.30,33.60,87.40,245.60,0.7759,-1,-1,-1
330,29,1529.70,0.50,51.80,129.60,0.5557,-1,-1,-1
330,44,1502.40,9.30,51.10,128.10,0.3887,-1,-1,-1
330,11,1426.40,0.00,50.50,122.60,0.5488,-1,-1,-1
330,75,1364.60,3.80,46.30,122.20,0.6724,-1,-1,-1
330,76,1569.00,3.70,38.50,97.70,0.4092,-1,-1,-1
330,78,1591.50,6.60,47.20,90.60,0.4629,-1,-1,-1
330,3,1204.60,82.60,95.70,231.30,0.6567,-1,-1,-1
330,21,800.90,132.20,84.50,100.00,0.7925,-1,-1,-1
330,119,1853.90,18.90,59.70,124.60,0.8301,-1,-1,-1
330,123,1502.30,117.50,140.00,84.70,0.4417,-1,-1,-1
330,22,710.70,137.90,78.50,98.00,0.7559,-1,-1,-1
330,77,1566.80,114.90,71.10,84.70,0.1404,-1,-1,-1
330,48,1898.60,22.30,21.40,102.40,0.6558,-1,-1,-1
330,64,1445.40,2.10,50.20,140.60,0.7773,-1,-1,-1
330,105,1486.00,9.00,40.90,119.20,0.4272,-1,-1,-1
331,6,754.20,0.00,48.80,132.00,0.8740,-1,-1,-1
331,29,1518.50,1.80,54.20,133.60,0.5806,-1,-1,-1
331,44,1503.70,6.10,52.00,130.80,0.3914,-1,-1,-1
331,11,1426.80,0.00,50.20,123.50,0.5981,-1,-1,-1
331,75,1367.20,4.80,47.40,122.90,0.6929,-1,-1,-1
331,76,1567.70,2.00,39.20,98.90,0.5400,-1,-1,-1
331,78,1585.10,5.60,48.60,92.50,0.1034,-1,-1,-1
331,3,1204.70,80.80,94.70,231.40,0.8018,-1,-1,-1
331,21,802.80,132.80,84.70,99.60,0.7622,-1,-1,-1
331,119,1854.90,18.30,59.50,124.60,0.7441,-1,-1,-1
331,123,1501.20,119.00,137.20,83.30,0.5068,-1,-1,-1
331,22,710.70,137.40,79.60,98.50,0.7754,-1,-1,-1
331,77,1564.30,114.60,71.60,85.20,0.1486,-1,-1,-1
331,48,1892.20,18.60,27.80,133.50,0.7104,-1,-1,-1
331,64,1447.40,2.50,50.50,140.10,0.7578,-1,-1,-1
331,105,1486.40,4.90,41.60,121.40,0.3416,-1,-1,-1
332,6,754.10,0.00,48.90,132.10,0.8623,-1,-1,-1
332,29,1519.00,0.70,53.70,133.70,0.6582,-1,-1,-1
332,11,1428.30,0.00,50.50,124.60,0.6216,-1,-1,-1
332,75,1371.70,5.60,48.10,123.30,0.7065,-1,-1,-1
332,76,1566.20,4.70,37.60,93.10,0.2018,-1,-1,-1
332,78,1576.90,6.40,48.80,90.30,0.1188,-1,-1,-1
332,3,1208.30,81.60,91.30,225.50,0.8901,-1,-1,-1
332,21,802.60,133.50,84.60,99.30,0.7969,-1,-1,-1
332,119,1852.10,16.70,67.80,143.20,0.7637,-1,-1,-1
332,123,1507.00,119.30,138.30,83.00,0.2830,-1,-1,-1
332,22,711.30,136.70,79.90,98.50,0.7720,-1,-1,-1
332,77,1553.20,116.20,71.80,82.10,0.1277,-1,-1,-1
332,64,1447.80,2.30,51.50,141.20,0.7578,-1,-1,-1
332,105,1481.10,2.00,43.70,127.60,0.2075,-1,-1,-1
332,98,1503.00,10.20,37.50,128.20,0.5186,-1,-1,-1
332,25,1134.30,40.00,125.50,180.80,0.8716,-1,-1,-1
333,6,754.00,0.00,49.00,132.40,0.8662,-1,-1,-1
333,29,1523.60,0.40,48.70,120.70,0.1619,-1,-1,-1
333,11,1428.40,0.00,49.60,123.70,0.5830,-1,-1,-1
333,75,1375.70,4.30,49.10,124.40,0.6655,-1,-1,-1
333,78,1585.20,6.50,48.10,90.30,0.4253,-1,-1,-1
333,3,1205.60,76.40,92.20,223.00,0.8291,-1,-1,-1
333,21,801.80,133.40,85.00,99.50,0.6460,-1,-1,-1
333,119,1853.20,17.80,62.80,131.60,0.7363,-1,-1,-1
333,123,1521.70,116.80,133.60,82.90,0.1526,-1,-1,-1
333,22,710.60,136.80,80.80,99.20,0.6440,-1,-1,-1
333,77,1565.50,114.20,74.00,84.30,0.4436,-1,-1,-1
333,64,1447.20,3.10,52.40,140.90,0.7676,-1,-1,-1
333,105,1481.60,0.40,44.20,129.60,0.1030,-1,-1,-1
333,98,1501.30,5.50,39.00,131.20,0.6533,-1,-1,-1
333,25,1106.80,16.70,131.80,199.40,0.8774,-1,-1,-1
333,45,1804.90,23.10,64.90,142.40,0.8560,-1,-1,-1
333,44,1509.70,41.60,48.60,120.30,0.4561,-1,-1,-1
334,6,754.50,0.00,49.00,132.30,0.8672,-1,-1,-1
334,29,1532.70,2.70,46.80,118.90,0.4055,-1,-1,-1
334,11,1427.60,0.00,50.10,125.00,0.6665,-1,-1,-1
334,75,1381.40,4.10,50.10,125.50,0.6133,-1,-1,-1
334,78,1588.60,6.60,47.30,89.80,0.4543,-1,-1,-1
334,3,1203.80,72.90,90.20,218.40,0.8916,-1,-1,-1
334,21,802.00,134.70,84.10,98.20,0.7734,-1,-1,-1
334,119,1849.80,18.20,60.50,126.40,0.7549,-1,-1,-1
334,123,1512.70,115.10,138.30,86.00,0.5068,-1,-1,-1
334,22,710.90,136.70,81.50,99.60,0.7319,-1,-1,-1
334,77,1562.00,112.80,76.50,85.70,0.1761,-1,-1,-1
334,64,1447.80,4.30,52.20,136.90,0.7422,-1,-1,-1
334,25,1076.30,28.00,120.10,189.70,0.8613,-1,-1,-1
334,44,1497.40,38.90,56.90,136.50,0.7485,-1,-1,-1
334,102,1762.70,15.30,68.50,152.90,0.7500,-1,-1,-1
334,48,1892.80,18.70,24.70,112.30,0.3896,-1,-1,-1
334,76,1569.00,1.50,39.40,98.80,0.7334,-1,-1,-1
335,6,754.20,0.00,49.00,132.00,0.8726,-1,-1,-1
335,29,1522.60,3.90,51.80,128.10,0.6577,-1,-1,-1
335,11,1429.10,0.00,47.70,117.70,0.1005,-1,-1,-1
335,75,1377.80,2.20,51.30,129.10,0.6704,-1,-1,-1
335,78,1591.20,2.30,48.40,93.20,0.3364,-1,-1,-1
335,3,1192.00,63.30,87.80,214.00,0.8623,-1,-1,-1
335,21,802.70,136.00,83.50,97.40,0.7393,-1,-1,-1
335,119,1850.30,18.20,60.20,124.40,0.7373,-1,-1,-1
335,123,1506.60,113.00,141.60,88.30,0.5879,-1,-1,-1
335,22,711.10,136.90,81.50,99.50,0.7349,-1,-1,-1
335,77,1562.50,111.80,77.80,87.30,0.1116,-1,-1,-1
335,64,1442.60,26.50,55.10,141.60,0.7544,-1,-1,-1
335,48,1892.50,15.50,24.80,110.70,0.1389,-1,-1,-1
335,76,1572.20,1.40,40.60,98.70,0.6440,-1,-1,-1
335,12,1716.70,24.20,58.50,144.10,0.8311,-1,-1,-1
335,98,1497.30,4.90,39.10,127.30,0.7231,-1,-1,-1
336,6,754.50,0.00,49.10,131.90,0.8662,-1,-1,-1
336,29,1518.60,10.20,51.50,125.50,0.5889,-1,-1,-1
336,11,1429.30,0.00,47.70,120.30,0.6143,-1,-1,-1
336,75,1383.20,25.90,56.00,137.80,0.7734,-1,-1,-1
336,78,1592.40,1.20,48.20,94.30,0.5264,-1,-1,-1
336,3,1180.90,56.40,85.30,210.70,0.8374,-1,-1,-1
336,21,802.80,136.30,83.60,97.20,0.7759,-1,-1,-1
336,119,1850.80,18.60,59.40,121.70,0.7583,-1,-1,-1
336,123,1508.20,112.00,143.30,88.80,0.4619,-1,-1,-1
336,22,711.10,137.90,80.80,98.30,0.7163,-1,-1,-1
336,77,1566.10,111.30,79.30,87.20,0.3684,-1,-1,-1
336,48,1892.30,17.50,25.20,110.80,0.1316,-1,-1,-1
336,76,1579.40,3.50,39.00,95.50,0.6069,-1,-1,-1
336,98,1496.20,7.00,38.90,124.80,0.5815,-1,-1,-1
336,31,1446.00,4.50,54.10,137.80,0.7720,-1,-1,-1
336,105,1481.40,0.20,42.90,126.30,0.2524,-1,-1,-1
337,6,755.20,0.00,49.20,131.70,0.8633,-1,-1,-1
337,29,1525.60,4.60,51.70,126.20,0.5698,-1,-1,-1
337,11,1426.40,0.00,47.60,119.90,0.5137,-1,-1,-1
337,75,1378.50,10.80,54.00,133.20,0.6934,-1,-1,-1
337,78,1593.60,0.20,46.80,95.10,0.1721,-1,-1,-1
337,3,1167.70,52.00,79.70,197.10,0.8481,-1,-1,-1
337,21,802.90,137.40,83.40,96.40,0.7690,-1,-1,-1
337,119,1849.90,18.60,59.40,120.80,0.7407,-1,-1,-1
337,123,1504.80,113.10,144.00,88.60,0.1571,-1,-1,-1
337,22,711.70,138.20,80.20,96.80,0.7393,-1,-1,-1
337,77,1564.50,112.10,77.90,85.90,0.1302,-1,-1,-1
337,48,1894.40,20.10,25.00,110.00,0.1321,-1,-1,-1
337,76,1577.30,3.90,39.90,96.40,0.7456,-1,-1,-1
337,98,1493.40,3.70,40.60,127.70,0.3621,-1,-1,-1
337,31,1444.80,4.00,54.80,139.20,0.7871,-1,-1,-1
337,105,1481.10,0.00,43.40,127.40,0.3416,-1,-1,-1
338,6,754.30,0.00,49.40,132.10,0.8623,-1,-1,-1
338,29,1532.90,1.70,52.40,128.80,0.7007,-1,-1,-1
338,11,1425.80,0.00,46.60,118.60,0.6504,-1,-1,-1
338,75,1379.20,6.80,52.00,129.30,0.6802,-1,-1,-1
338,78,1587.00,2.30,44.50,87.80,0.1074,-1,-1,-1
338,3,1153.10,40.50,76.80,193.30,0.8418,-1,-1,-1
338,21,800.60,136.90,84.10,96.60,0.7114,-1,-1,-1
338,119,1850.30,17.70,60.00,121.60,0.7324,-1,-1,-1
338,22,711.00,138.20,80.40,96.50,0.7622,-1,-1,-1
338,77,1565.50,116.00,74.10,82.40,0.1422,-1,-1,-1
338,48,1895.00,17.30,25.00,112.00,0.1213,-1,-1,-1
338,76,1570.90,7.10,55.50,133.30,0.7041,-1,-1,-1
338,98,1494.90,5.90,40.30,126.00,0.5195,-1,-1,-1
338,31,1444.40,4.60,55.00,139.10,0.7773,-1,-1,-1
338,105,1480.50,0.40,42.50,125.50,0.1993,-1,-1,-1
338,59,1317.70,590.20,371.20,489.80,0.8428,-1,-1,-1
338,19,951.50,23.90,67.40,189.60,0.8198,-1,-1,-1
338,7,1257.80,49.40,50.00,136.70,0.6577,-1,-1,-1
338,44,1503.50,21.40,52.30,123.50,0.6094,-1,-1,-1
339,6,753.90,0.00,49.30,132.30,0.8809,-1,-1,-1
339,29,1528.40,13.70,55.80,136.70,0.6084,-1,-1,-1
339,11,1426.80,0.00,46.90,120.90,0.6470,-1,-1,-1
339,75,1379.40,4.50,51.40,128.60,0.6665,-1,-1,-1
339,78,1591.80,2.10,45.20,91.30,0.5767,-1,-1,-1
339,3,1144.30,33.70,75.30,192.80,0.8169,-1,-1,-1
339,21,800.30,136.50,85.10,97.10,0.7280,-1,-1,-1
339,119,1850.40,16.60,60.40,122.10,0.7686,-1,-1,-1
339,22,710.90,138.10,81.00,96.50,0.6968,-1,-1,-1
339,77,1566.30,112.90,76.00,83.70,0.2473,-1,-1,-1
339,48,1893.20,17.30,25.40,110.60,0.1089,-1,-1,-1
339,76,1573.90,5.60,47.00,113.30,0.7627,-1,-1,-1
339,98,1491.40,2.60,40.40,126.90,0.3442,-1,-1,-1
339,31,1444.10,4.50,55.60,139.90,0.7773,-1,-1,-1
339,105,1479.90,0.60,43.00,127.40,0.1412,-1,-1,-1
339,59,1223.60,593.10,368.70,486.90,0.8555,-1,-1,-1
339,19,943.10,27.40,66.30,186.60,0.8491,-1,-1,-1
339,44,1502.00,20.00,49.70,118.50,0.6387,-1,-1,-1
340,6,753.80,0.00,49.20,132.20,0.8740,-1,-1,-1
340,29,1531.60,5.30,54.50,132.10,0.7363,-1,-1,-1
340,11,1429.60,0.00,45.10,119.40,0.5225,-1,-1,-1
340,75,1379.00,3.80,51.30,128.40,0.6704,-1,-1,-1
340,78,1593.90,4.10,44.50,90.10,0.2791,-1,-1,-1
340,3,1131.10,29.20,73.00,186.40,0.8687,-1,-1,-1
340,21,799.50,134.50,86.90,99.00,0.7656,-1,-1,-1
340,119,1849.60,16.70,60.20,121.30,0.7461,-1,-1,-1
340,22,710.30,138.10,81.40,96.50,0.7285,-1,-1,-1
340,48,1887.30,18.40,29.90,127.60,0.6426,-1,-1,-1
340,76,1574.80,3.30,43.80,103.90,0.7188,-1,-1,-1
340,98,1496.50,10.10,39.70,124.70,0.1343,-1,-1,-1
340,31,1443.80,4.60,54.40,137.10,0.7852,-1,-1,-1
340,105,1474.20,12.90,50.20,145.20,0.8633,-1,-1,-1
340,59,1132.00,597.60,364.50,482.40,0.8950,-1,-1,-1
340,19,935.60,28.50,68.20,191.70,0.8184,-1,-1,-1
340,44,1501.40,13.80,49.20,119.90,0.2240,-1,-1,-1
340,123,1502.90,111.90,137.30,85.20,0.2837,-1,-1,-1
341,6,753.30,0.00,49.30,132.30,0.8633,-1,-1,-1
341,29,1533.70,2.50,54.30,130.80,0.7642,-1,-1,-1
341,11,1421.70,2.50,46.50,121.00,0.1531,-1,-1,-1
341,75,1377.40,3.50,51.10,127.70,0.6406,-1,-1,-1
341,78,1594.70,4.30,44.20,90.70,0.4912,-1,-1,-1
341,3,1122.10,32.20,71.90,181.70,0.8530,-1,-1,-1
341,21,795.80,131.30,90.40,102.10,0.7925,-1,-1,-1
341,119,1849.60,21.50,57.60,115.20,0.7007,-1,-1,-1
341,22,709.30,137.10,83.60,99.00,0.7676,-1,-1,-1
341,48,1881.40,28.10,31.50,125.80,0.7842,-1,-1,-1
341,76,1575.00,3.30,42.70,99.50,0.7017,-1,-1,-1
341,98,1496.20,7.40,40.00,126.40,0.2605,-1,-1,-1
341,31,1447.80,4.80,53.80,137.40,0.3774,-1,-1,-1
341,105,1478.70,7.10,45.30,131.20,0.2366,-1,-1,-1
341,59,1002.50,596.70,360.70,483.30,0.7456,-1,-1,-1
341,19,932.80,31.80,67.90,189.80,0.8145,-1,-1,-1
341,44,1501.10,9.90,51.20,126.10,0.7832,-1,-1,-1
341,136,1184.50,123.60,94.00,89.80,0.7778,-1,-1,-1
341,159,1608.60,113.00,46.80,79.60,0.3611,-1,-1,-1
341,123,1506.80,112.60,136.00,84.10,0.2394,-1,-1,-1
341,25,1061.90,44.10,84.50,137.10,0.8208,-1,-1,-1
341,64,1420.00,17.00,63.00,159.70,0.7251,-1,-1,-1
342,6,752.50,0.00,49.30,132.50,0.8760,-1,-1,-1
342,29,1535.70,0.80,53.70,130.50,0.7188,-1,-1,-1
342,11,1423.60,0.90,46.30,123.50,0.5166,-1,-1,-1
342,75,1367.20,10.00,61.40,151.00,0.8896,-1,-1,-1
342,78,1596.20,4.50,43.80,90.20,0.3767,-1,-1,-1
342,3,1114.00,38.90,68.60,172.70,0.8599,-1,-1,-1
342,21,795.10,130.30,91.40,102.80,0.7656,-1,-1,-1
342,119,1845.90,29.30,60.00,121.60,0.7505,-1,-1,-1
342,22,707.80,137.20,84.20,99.70,0.7393,-1,-1,-1
342,48,1881.70,20.30,28.70,113.40,0.1307,-1,-1,-1
342,76,1573.70,1.10,43.10,99.80,0.7471,-1,-1,-1
342,98,1496.30,6.90,40.80,127.10,0.4844,-1,-1,-1
342,31,1444.40,2.30,55.60,140.90,0.8037,-1,-1,-1
342,105,1476.30,3.40,44.90,129.30,0.5039,-1,-1,-1
342,59,871.30,560.30,381.40,518.60,0.8447,-1,-1,-1
342,19,930.70,30.60,68.50,191.60,0.8130,-1,-1,-1
342,44,1503.40,14.70,51.00,123.90,0.5718,-1,-1,-1
342,136,1185.10,124.20,92.80,88.60,0.7529,-1,-1,-1
342,159,1608.60,113.20,46.80,79.20,0.2959,-1,-1,-1
342,123,1500.30,112.60,133.60,83.10,0.4534,-1,-1,-1
342,25,1047.00,35.80,87.50,150.20,0.7920,-1,-1,-1
343,6,752.90,0.00,49.10,132.30,0.8706,-1,-1,-1
343,29,1537.60,0.20,53.10,130.70,0.7607,-1,-1,-1
343,11,1423.40,0.30,45.20,123.80,0.4785,-1,-1,-1
343,75,1372.30,5.00,55.90,137.60,0.6353,-1,-1,-1
343,78,1597.80,5.20,43.40,89.70,0.1968,-1,-1,-1
343,3,1107.30,46.40,65.30,165.20,0.8662,-1,-1,-1
343,21,794.20,130.20,92.00,103.00,0.7178,-1,-1,-1
343,119,1851.90,22.50,60.00,122.60,0.7051,-1,-1,-1
343,22,708.80,137.60,83.30,99.00,0.6514,-1,-1,-1
343,76,1574.80,3.70,42.10,98.00,0.7388,-1,-1,-1
343,98,1498.10,10.00,40.50,124.20,0.4177,-1,-1,-1
343,31,1440.30,2.80,55.10,139.80,0.7983,-1,-1,-1
343,105,1470.70,3.60,43.30,126.70,0.4639,-1,-1,-1
343,59,771.10,515.20,404.50,564.40,0.8960,-1,-1,-1
343,19,935.40,31.20,68.90,191.20,0.8174,-1,-1,-1
343,44,1506.60,18.00,50.30,121.70,0.7598,-1,-1,-1
343,136,1186.90,124.30,91.50,87.40,0.7534,-1,-1,-1
343,159,1606.10,113.30,47.10,79.40,0.5469,-1,-1,-1
343,123,1493.80,110.00,137.00,87.60,0.5342,-1,-1,-1
343,52,1239.20,1.10,44.60,96.40,0.5322,-1,-1,-1
343,45,1815.00,33.10,55.20,123.70,0.8491,-1,-1,-1
344,6,753.10,0.00,49.10,132.20,0.8726,-1,-1,-1
344,29,1537.10,0.00,53.20,130.40,0.7266,-1,-1,-1
344,11,1424.70,0.10,44.10,123.80,0.4580,-1,-1,-1
344,75,1375.70,3.70,53.40,132.20,0.6406,-1,-1,-1
344,78,1596.70,6.40,42.70,89.20,0.2637,-1,-1,-1
344,3,1097.50,52.10,63.30,159.60,0.8940,-1,-1,-1
344,21,793.20,128.40,93.60,104.40,0.8208,-1,-1,-1
344,119,1851.60,20.20,59.40,121.40,0.7881,-1,-1,-1
344,22,708.90,136.90,84.50,100.20,0.7202,-1,-1,-1
344,76,1576.10,3.70,41.80,98.20,0.7129,-1,-1,-1
344,98,1490.40,13.40,39.30,119.50,0.4377,-1,-1,-1
344,31,1438.70,4.30,54.10,137.50,0.8037,-1,-1,-1
344,105,1467.60,2.30,42.80,127.70,0.5518,-1,-1,-1
344,59,690.40,463.60,401.90,575.80,0.8789,-1,-1,-1
344,19,934.50,30.60,69.30,191.60,0.7642,-1,-1,-1
344,44,1505.10,18.90,49.40,119.90,0.7725,-1,-1,-1
344,136,1187.30,124.40,91.50,87.40,0.7417,-1,-1,-1
344,159,1605.30,113.60,47.20,79.40,0.4746,-1,-1,-1
344,123,1490.50,109.20,133.80,87.80,0.4216,-1,-1,-1
344,45,1799.20,33.40,55.70,124.20,0.7881,-1,-1,-1
345,6,753.60,0.00,49.20,132.40,0.8672,-1,-1,-1
345,29,1534.90,0.00,53.30,129.80,0.7905,-1,-1,-1
345,11,1426.40,0.00,44.20,125.60,0.4609,-1,-1,-1
345,75,1376.50,3.80,52.50,129.50,0.6885,-1,-1,-1
345,78,1597.10,7.00,42.70,89.30,0.4456,-1,-1,-1
345,3,1074.90,61.70,60.20,151.20,0.8433,-1,-1,-1
345,21,791.00,129.10,91.90,103.70,0.6895,-1,-1,-1
345,119,1851.40,18.90,59.30,120.90,0.7710,-1,-1,-1
345,22,709.80,137.80,84.20,99.10,0.6450,-1,-1,-1
345,76,1575.70,4.40,41.60,97.50,0.7432,-1,-1,-1
345,98,1485.50,10.70,42.90,125.50,0.1140,-1,-1,-1
345,31,1437.30,5.50,53.50,136.30,0.7695,-1,-1,-1
345,105,1467.10,3.30,42.40,128.00,0.5020,-1,-1,-1
345,59,626.10,414.30,358.90,525.80,0.9136,-1,-1,-1
345,19,934.50,30.30,70.00,193.00,0.8062,-1,-1,-1
345,44,1498.30,17.60,49.50,121.30,0.7017,-1,-1,-1
345,136,1186.00,124.60,91.00,87.20,0.3804,-1,-1,-1
345,159,1605.00,113.50,47.50,79.40,0.6143,-1,-1,-1
345,123,1493.20,110.00,130.10,87.40,0.6235,-1,-1,-1
345,102,1762.00,31.60,58.60,127.90,0.8296,-1,-1,-1
345,7,1203.70,13.40,72.90,194.20,0.6875,-1,-1,-1
346,6,753.90,0.00,48.70,131.20,0.8882,-1,-1,-1
346,29,1533.60,0.00,54.20,131.30,0.7627,-1,-1,-1
346,11,1427.90,0.00,43.60,124.60,0.5669,-1,-1,-1
346,75,1377.50,3.00,51.80,127.70,0.6860,-1,-1,-1
346,78,1598.20,5.80,42.80,89.80,0.3513,-1,-1,-1
346,3,1057.10,61.40,60.80,152.70,0.7778,-1,-1,-1
346,21,793.90,129.30,91.70,103.30,0.7832,-1,-1,-1
346,119,1851.10,18.00,59.70,121.80,0.7754,-1,-1,-1
346,22,709.20,137.70,84.00,98.80,0.7563,-1,-1,-1
346,76,1575.10,2.30,42.30,99.40,0.7520,-1,-1,-1
346,98,1485.90,9.90,40.90,120.00,0.2451,-1,-1,-1
346,31,1438.40,6.80,53.00,134.10,0.7549,-1,-1,-1
346,105,1467.80,6.00,39.60,121.30,0.4465,-1,-1,-1
346,59,573.70,367.60,316.90,473.90,0.8584,-1,-1,-1
346,19,934.30,30.30,69.80,192.30,0.7944,-1,-1,-1
346,44,1497.00,18.70,49.00,119.40,0.8315,-1,-1,-1
346,136,1186.50,125.30,91.00,87.00,0.7529,-1,-1,-1
346,159,1606.10,113.40,47.40,79.10,0.4292,-1,-1,-1
346,123,1496.20,110.30,124.90,84.90,0.2861,-1,-1,-1
346,102,1755.20,32.30,58.10,128.40,0.7920,-1,-1,-1
347,6,750.40,9.50,58.30,158.00,0.5659,-1,-1,-1
347,29,1533.10,0.00,54.60,131.60,0.7593,-1,-1,-1
347,11,1429.50,0.00,41.30,117.70,0.7192,-1,-1,-1
347,75,1378.10,2.80,51.10,126.60,0.6343,-1,-1,-1
347,78,1597.70,6.10,42.70,89.80,0.3081,-1,-1,-1
347,3,1041.20,55.70,62.60,159.30,0.7598,-1,-1,-1
347,21,794.00,130.10,91.70,103.00,0.7017,-1,-1,-1
347,119,1850.00,17.00,59.90,122.20,0.7520,-1,-1,-1
347,22,684.90,71.40,134.50,165.60,0.7349,-1,-1,-1
347,76,1575.00,2.00,42.40,99.60,0.7583,-1,-1,-1
347,98,1483.10,11.00,40.10,115.60,0.3647,-1,-1,-1
347,31,1442.20,7.80,53.30,133.10,0.8076,-1,-1,-1
347,59,493.90,321.90,344.80,536.40,0.7080,-1,-1,-1
347,19,932.60,30.00,70.10,192.50,0.8076,-1,-1,-1
347,44,1497.90,19.00,48.20,117.50,0.7627,-1,-1,-1
347,136,1186.40,125.50,90.60,86.60,0.7900,-1,-1,-1
347,159,1605.20,112.90,47.90,79.40,0.4302,-1,-1,-1
347,123,1498.70,112.10,120.30,82.60,0.3057,-1,-1,-1
347,102,1737.20,32.70,57.60,128.40,0.8076,-1,-1,-1
347,57,31.40,19.50,73.10,194.20,0.9106,-1,-1,-1
347,52,1238.70,1.30,45.60,98.60,0.3235,-1,-1,-1
348,6,752.40,4.10,53.10,143.40,0.8730,-1,-1,-1
348,29,1533.00,0.00,54.90,131.40,0.7578,-1,-1,-1
348,11,1430.80,0.00,43.10,121.70,0.7520,-1,-1,-1
348,75,1377.10,2.10,51.40,127.40,0.6416,-1,-1,-1
348,78,1596.50,6.10,42.60,89.80,0.3066,-1,-1,-1
348,3,1021.70,55.20,62.60,160.50,0.8169,-1,-1,-1
348,21,796.50,132.50,89.70,100.70,0.7393,-1,-1,-1
348,119,1849.10,16.10,61.00,124.20,0.7661,-1,-1,-1
348,22,696.40,103.60,108.90,133.60,0.7363,-1,-1,-1
348,76,1574.80,1.40,42.70,100.70,0.7676,-1,-1,-1
348,31,1445.50,5.60,55.70,136.70,0.8271,-1,-1,-1
348,59,465.50,279.30,272.80,434.50,0.8965,-1,-1,-1
348,19,931.60,29.60,70.00,192.70,0.8105,-1,-1,-1
348,44,1495.10,17.70,49.10,118.00,0.7939,-1,-1,-1
348,136,1186.80,125.10,90.60,86.80,0.7725,-1,-1,-1
348,159,1604.80,113.10,48.20,79.20,0.4272,-1,-1,-1
348,123,1499.80,113.40,118.40,82.00,0.3638,-1,-1,-1
348,57,61.60,16.00,71.50,189.90,0.7881,-1,-1,-1
348,52,1238.50,0.40,46.00,99.40,0.3630,-1,-1,-1
348,12,1700.80,34.70,54.50,127.50,0.8511,-1,-1,-1
348,25,1026.90,26.10,83.80,156.20,0.7251,-1,-1,-1
349,6,753.50,1.50,50.30,136.40,0.8643,-1,-1,-1
349,29,1534.60,0.00,54.80,130.90,0.7212,-1,-1,-1
349,11,1430.10,0.00,45.10,127.80,0.7285,-1,-1,-1
349,75,1376.30,2.60,51.30,126.80,0.6514,-1,-1,-1
349,78,1595.80,5.70,43.00,90.80,0.3157,-1,-1,-1
349,3,1002.20,52.20,63.80,163.00,0.7534,-1,-1,-1
349,21,799.80,133.50,89.30,100.50,0.7646,-1,-1,-1
349,119,1850.10,16.10,60.70,123.60,0.7515,-1,-1,-1
349,22,705.10,124.20,92.90,113.00,0.7593,-1,-1,-1
349,76,1575.20,2.50,41.80,99.90,0.7310,-1,-1,-1
349,31,1442.60,5.20,57.00,138.50,0.7646,-1,-1,-1
349,59,431.50,239.80,235.00,385.90,0.8716,-1,-1,-1
349,19,935.30,31.10,69.90,190.50,0.7710,-1,-1,-1
349,44,1495.80,19.70,49.00,117.50,0.7520,-1,-1,-1
349,136,1186.50,124.60,91.40,87.70,0.7544,-1,-1,-1
349,159,1604.50,113.00,48.70,79.50,0.5439,-1,-1,-1
349,123,1499.90,115.20,114.90,80.80,0.6377,-1,-1,-1
349,57,89.60,7.10,70.70,187.30,0.8569,-1,-1,-1
349,52,1238.50,1.00,44.90,97.10,0.2386,-1,-1,-1
349,12,1682.80,34.30,56.90,129.60,0.8145,-1,-1,-1
350,6,753.90,0.60,49.30,133.90,0.8569,-1,-1,-1
350,29,1534.50,0.00,54.50,130.40,0.7646,-1,-1,-1
350,11,1428.80,0.00,45.00,128.20,0.6548,-1,-1,-1
350,75,1377.20,2.00,50.90,126.70,0.6436,-1,-1,-1
350,78,1596.10,7.20,42.10,88.90,0.3259,-1,-1,-1
350,3,984.60,51.50,64.10,165.30,0.7378,-1,-1,-1
350,21,800.30,133.80,88.70,100.00,0.8032,-1,-1,-1
350,119,1850.40,16.10,60.70,123.70,0.7441,-1,-1,-1
350,22,708.60,132.60,86.40,104.50,0.7607,-1,-1,-1
350,76,1575.50,3.50,41.10,98.70,0.7129,-1,-1,-1
350,31,1441.00,5.80,57.50,138.00,0.8145,-1,-1,-1
350,59,399.10,205.00,201.20,339.50,0.8970,-1,-1,-1
350,19,932.50,31.80,69.40,189.70,0.7627,-1,-1,-1
350,44,1494.20,20.60,48.80,117.80,0.6235,-1,-1,-1
350,136,1186.30,125.10,90.90,87.20,0.7583,-1,-1,-1
350,159,1606.30,112.90,49.20,79.20,0.5332,-1,-1,-1
350,123,1498.30,111.10,119.00,84.90,0.7363,-1,-1,-1
350,57,120.50,3.00,69.50,183.00,0.8760,-1,-1,-1
350,52,1238.60,1.60,44.40,95.80,0.2056,-1,-1,-1
350,12,1664.10,33.40,60.40,137.30,0.7363,-1,-1,-1
