1,1,1572.00,793.50,348.00,282.00,0.9355,-1,-1,-1
1,59,879.00,396.80,189.00,502.40,0.8721,-1,-1,-1
1,20,1716.00,186.80,132.00,201.00,0.8354,-1,-1,-1
1,19,1542.00,138.60,72.00,186.00,0.7910,-1,-1,-1
1,2,364.50,153.80,42.00,148.10,0.7202,-1,-1,-1
1,41,1662.00,170.80,90.00,165.00,0.7114,-1,-1,-1
1,3,984.00,187.50,96.00,186.70,0.6802,-1,-1,-1
1,4,1192.50,129.00,63.00,159.40,0.6523,-1,-1,-1
1,5,1350.00,135.00,84.00,193.50,0.6353,-1,-1,-1
1,6,1266.00,129.80,67.50,156.70,0.6133,-1,-1,-1
1,22,75.10,183.00,123.50,212.60,0.6030,-1,-1,-1
1,7,1459.50,138.90,67.50,165.40,0.5898,-1,-1,-1
1,52,1434.00,139.20,42.00,146.20,0.5688,-1,-1,-1
1,84,1029.80,354.80,192.00,441.70,0.5244,-1,-1,-1
1,8,687.80,117.20,30.00,101.80,0.5176,-1,-1,-1
1,9,495.80,232.90,74.20,90.70,0.5039,-1,-1,-1
1,51,1690.50,173.20,63.00,161.30,0.4795,-1,-1,-1
1,17,1060.50,310.50,54.00,159.70,0.4795,-1,-1,-1
1,10,713.60,118.30,31.50,106.50,0.4207,-1,-1,-1
1,11,1048.50,105.00,51.00,116.20,0.4072,-1,-1,-1
1,82,76.50,183.40,79.10,212.20,0.3960,-1,-1,-1
1,12,1504.50,147.50,51.00,155.10,0.3840,-1,-1,-1
1,13,128.80,142.50,49.30,133.50,0.3831,-1,-1,-1
1,14,1331.20,135.00,51.00,147.80,0.3821,-1,-1,-1
1,56,0.00,139.50,54.70,145.10,0.3730,-1,-1,-1
1,15,1641.00,142.30,63.00,159.80,0.3286,-1,-1,-1
1,81,1144.50,108.20,27.00,78.20,0.3140,-1,-1,-1
1,16,437.20,245.60,66.00,90.80,0.3015,-1,-1,-1
1,122,868.50,115.70,36.00,107.60,0.2830,-1,-1,-1
2,1,1579.60,732.00,340.40,342.20,0.6436,-1,-1,-1
2,59,902.70,360.50,174.20,463.30,0.6460,-1,-1,-1
2,2,364.80,153.50,42.10,148.40,0.6807,-1,-1,-1
2,41,1646.60,184.30,102.50,187.50,0.7129,-1,-1,-1
2,3,958.10,190.80,94.50,184.80,0.6152,-1,-1,-1
2,4,1168.50,121.00,62.80,159.10,0.6714,-1,-1,-1
2,5,1358.60,132.20,69.40,160.80,0.6816,-1,-1,-1
2,6,1255.30,122.00,68.00,158.00,0.4912,-1,-1,-1
2,7,1446.70,137.30,65.80,162.10,0.4795,-1,-1,-1
2,52,1422.30,136.90,42.00,146.20,0.5938,-1,-1,-1
2,8,686.90,118.30,30.40,103.00,0.5176,-1,-1,-1
2,9,495.20,232.90,74.70,91.40,0.5352,-1,-1,-1
2,17,1058.90,203.80,67.60,200.10,0.8701,-1,-1,-1
2,10,714.50,117.80,31.70,107.20,0.3381,-1,-1,-1
2,11,1046.40,105.20,55.20,126.10,0.4893,-1,-1,-1
2,12,1516.50,138.60,58.90,178.30,0.7793,-1,-1,-1
2,13,128.70,142.50,50.50,136.80,0.6558,-1,-1,-1
2,14,1313.70,134.00,61.40,177.70,0.7100,-1,-1,-1
2,15,1651.40,146.00,57.80,146.80,0.1144,-1,-1,-1
2,16,434.40,245.60,66.50,91.40,0.7305,-1,-1,-1
3,1,1478.00,601.80,442.00,472.70,0.8901,-1,-1,-1
3,2,378.40,153.50,41.90,146.60,0.6226,-1,-1,-1
3,3,979.90,190.70,108.60,214.10,0.8760,-1,-1,-1
3,4,1148.90,117.50,61.00,154.30,0.7339,-1,-1,-1
3,5,1354.90,130.50,62.10,145.50,0.5918,-1,-1,-1
3,6,1268.90,131.80,71.00,165.00,0.5430,-1,-1,-1
3,7,1434.30,132.80,64.70,160.00,0.4092,-1,-1,-1
3,8,687.30,118.50,29.90,101.70,0.5195,-1,-1,-1
3,9,498.00,233.20,73.60,90.00,0.4707,-1,-1,-1
3,10,715.00,111.60,33.40,113.10,0.3923,-1,-1,-1
3,11,1038.90,105.20,52.20,119.80,0.4187,-1,-1,-1
3,12,1496.10,135.30,60.80,182.80,0.7661,-1,-1,-1
3,13,128.90,142.20,50.70,137.60,0.6636,-1,-1,-1
3,14,1321.40,134.40,52.30,152.00,0.4226,-1,-1,-1
3,15,1647.10,150.10,61.80,157.80,0.1937,-1,-1,-1
3,16,436.70,245.80,66.80,91.50,0.6289,-1,-1,-1
3,19,1550.40,145.70,60.80,157.50,0.4668,-1,-1,-1
3,51,1685.70,162.80,61.60,157.80,0.6450,-1,-1,-1
4,1,1379.20,606.70,540.80,468.40,0.9033,-1,-1,-1
4,2,392.60,152.70,42.00,145.30,0.7866,-1,-1,-1
4,4,1135.30,117.10,56.70,144.70,0.6133,-1,-1,-1
4,5,1347.40,127.40,61.30,144.40,0.6333,-1,-1,-1
4,6,1253.70,131.20,69.00,161.40,0.6489,-1,-1,-1
4,8,688.20,118.60,30.00,102.10,0.6069,-1,-1,-1
4,9,496.30,232.70,73.90,90.50,0.4941,-1,-1,-1
4,10,715.30,112.80,33.00,111.40,0.4233,-1,-1,-1
4,11,1035.90,103.30,52.00,120.60,0.5234,-1,-1,-1
4,12,1476.20,132.50,61.20,181.80,0.8135,-1,-1,-1
4,13,128.40,142.60,50.50,137.00,0.7358,-1,-1,-1
4,14,1312.00,126.20,50.80,147.60,0.5234,-1,-1,-1
4,15,1627.20,156.80,64.40,165.50,0.6494,-1,-1,-1
4,16,434.10,246.80,66.80,91.30,0.4321,-1,-1,-1
4,19,1553.90,162.90,69.10,178.30,0.7124,-1,-1,-1
4,51,1670.30,159.60,60.90,157.00,0.7349,-1,-1,-1
4,20,1739.80,176.30,124.50,193.20,0.7881,-1,-1,-1
4,52,1417.20,125.70,46.50,159.30,0.5215,-1,-1,-1
5,1,1458.70,533.60,461.30,536.80,0.8667,-1,-1,-1
5,4,1123.40,125.40,57.60,147.10,0.7056,-1,-1,-1
5,5,1339.20,124.30,59.80,142.60,0.6836,-1,-1,-1
5,6,1228.90,121.30,69.00,162.10,0.6533,-1,-1,-1
5,8,687.20,118.60,29.30,100.30,0.5786,-1,-1,-1
5,9,495.10,232.50,74.10,90.70,0.5557,-1,-1,-1
5,10,714.30,115.00,32.80,109.70,0.3857,-1,-1,-1
5,11,1036.00,104.30,51.20,119.60,0.4446,-1,-1,-1
5,12,1460.20,126.50,61.80,180.90,0.8228,-1,-1,-1
5,13,128.00,142.60,50.40,137.20,0.6958,-1,-1,-1
5,14,1300.90,124.30,49.40,143.10,0.7163,-1,-1,-1
5,15,1600.10,146.00,67.10,173.80,0.7129,-1,-1,-1
5,16,433.50,246.90,66.30,90.60,0.1688,-1,-1,-1
5,19,1527.50,162.70,70.20,178.30,0.7520,-1,-1,-1
5,51,1653.10,155.90,61.10,158.00,0.7505,-1,-1,-1
5,66,1845.10,153.30,74.90,214.80,0.7842,-1,-1,-1
5,20,1763.30,176.40,115.40,181.60,0.8188,-1,-1,-1
5,52,1411.60,126.90,46.30,157.10,0.6260,-1,-1,-1
6,1,1409.80,571.70,510.20,500.60,0.8813,-1,-1,-1
6,5,1334.30,121.90,58.00,139.20,0.7476,-1,-1,-1
6,6,1205.50,118.40,65.50,155.80,0.6626,-1,-1,-1
6,8,685.70,118.40,29.80,101.50,0.5566,-1,-1,-1
6,9,496.60,232.50,73.60,90.10,0.6030,-1,-1,-1
6,10,713.10,119.30,31.70,104.70,0.4912,-1,-1,-1
6,11,1044.90,102.00,49.80,117.90,0.4485,-1,-1,-1
6,12,1443.00,130.00,57.70,169.80,0.5908,-1,-1,-1
6,13,129.30,143.20,50.00,136.50,0.7256,-1,-1,-1
6,14,1292.80,123.90,47.50,135.90,0.6992,-1,-1,-1
6,15,1589.70,141.20,68.00,176.20,0.6792,-1,-1,-1
6,16,434.20,243.40,69.20,94.40,0.5630,-1,-1,-1
6,19,1537.90,143.90,66.20,169.40,0.6714,-1,-1,-1
6,20,1747.60,175.60,124.00,196.40,0.8398,-1,-1,-1
6,52,1404.70,126.10,44.60,149.30,0.6646,-1,-1,-1
6,63,158.90,425.10,213.90,547.50,0.8936,-1,-1,-1
6,72,1722.40,175.40,65.20,172.60,0.6943,-1,-1,-1
6,62,1170.20,109.30,39.50,143.80,0.6021,-1,-1,-1
6,84,1069.50,398.80,216.80,500.60,0.8838,-1,-1,-1
6,41,1649.40,169.00,99.30,185.20,0.7378,-1,-1,-1
6,17,1080.20,131.00,52.50,153.20,0.7622,-1,-1,-1
7,5,1329.90,120.40,57.10,138.10,0.7671,-1,-1,-1
7,8,686.90,118.60,29.60,100.90,0.6611,-1,-1,-1
7,9,499.40,233.00,73.10,90.00,0.3774,-1,-1,-1
7,10,713.00,120.40,31.80,103.90,0.4951,-1,-1,-1
7,11,1028.90,125.70,60.10,139.70,0.8545,-1,-1,-1
7,12,1439.90,141.00,58.20,168.90,0.7075,-1,-1,-1
7,13,130.10,143.30,49.30,135.70,0.7500,-1,-1,-1
7,14,1282.80,125.90,44.70,128.40,0.6792,-1,-1,-1
7,15,1583.90,139.90,67.30,174.30,0.6567,-1,-1,-1
7,16,433.20,243.70,69.10,94.20,0.7007,-1,-1,-1
7,19,1541.10,136.40,64.40,167.10,0.6602,-1,-1,-1
7,52,1399.60,122.20,45.40,149.70,0.7271,-1,-1,-1
7,72,1709.20,176.90,72.50,191.10,0.8638,-1,-1,-1
7,62,1179.60,112.20,40.50,146.30,0.5957,-1,-1,-1
7,43,939.10,128.10,59.80,184.90,0.7065,-1,-1,-1
7,65,893.20,168.00,52.60,154.50,0.5088,-1,-1,-1
7,59,884.80,413.80,196.50,512.50,0.8867,-1,-1,-1
7,51,1620.00,156.60,69.70,180.20,0.6548,-1,-1,-1
8,5,1325.80,119.00,55.20,134.70,0.8315,-1,-1,-1
8,8,687.70,118.60,29.40,100.80,0.6216,-1,-1,-1
8,10,712.70,118.90,32.40,105.70,0.4197,-1,-1,-1
8,12,1442.30,133.10,59.50,172.00,0.6592,-1,-1,-1
8,13,127.70,143.00,49.50,136.30,0.7378,-1,-1,-1
8,14,1277.20,120.70,44.90,128.40,0.6396,-1,-1,-1
8,15,1561.10,149.90,68.80,176.30,0.4951,-1,-1,-1
8,16,433.30,244.10,68.70,93.60,0.6323,-1,-1,-1
8,19,1539.80,134.20,64.40,170.40,0.5508,-1,-1,-1
8,52,1391.70,121.80,44.80,147.80,0.2903,-1,-1,-1
8,62,1188.80,105.80,36.30,131.50,0.3550,-1,-1,-1
8,43,942.70,132.40,58.20,180.70,0.2998,-1,-1,-1
8,65,896.60,177.80,49.20,144.40,0.4844,-1,-1,-1
8,64,1109.50,102.00,49.90,125.10,0.3711,-1,-1,-1
8,51,1607.40,159.80,66.80,173.60,0.4465,-1,-1,-1
8,7,1398.10,141.40,64.20,162.30,0.5498,-1,-1,-1
8,66,1859.90,147.40,60.10,192.60,0.6123,-1,-1,-1
8,41,1634.50,166.50,102.00,190.30,0.8350,-1,-1,-1
9,5,1324.70,114.50,54.40,133.80,0.8164,-1,-1,-1
9,8,688.00,118.30,29.30,101.30,0.6748,-1,-1,-1
9,10,713.00,114.90,33.80,109.60,0.4756,-1,-1,-1
9,12,1434.10,125.40,57.60,166.50,0.7593,-1,-1,-1
9,13,126.90,143.70,49.30,135.40,0.7339,-1,-1,-1
9,14,1273.90,118.80,44.10,126.40,0.7227,-1,-1,-1
9,15,1564.50,157.60,64.60,167.80,0.4397,-1,-1,-1
9,19,1522.50,148.20,64.90,169.90,0.7822,-1,-1,-1
9,52,1382.40,127.10,49.60,162.20,0.7266,-1,-1,-1
9,43,943.80,128.20,59.20,184.90,0.5659,-1,-1,-1
9,65,898.80,160.50,54.30,160.10,0.5430,-1,-1,-1
9,51,1587.60,163.40,58.20,153.70,0.5166,-1,-1,-1
9,24,476.70,160.80,46.90,129.10,0.7334,-1,-1,-1
9,66,1846.20,136.00,73.80,203.10,0.7139,-1,-1,-1
9,41,1612.60,163.30,97.50,187.10,0.5479,-1,-1,-1
10,5,1323.00,112.90,52.10,129.40,0.5527,-1,-1,-1
10,8,688.00,118.10,29.50,102.10,0.6670,-1,-1,-1
10,10,713.30,113.70,34.40,111.10,0.5571,-1,-1,-1
10,12,1432.90,114.90,58.20,168.00,0.6069,-1,-1,-1
10,13,128.30,144.20,49.00,134.90,0.7500,-1,-1,-1
10,14,1271.20,115.10,44.40,127.00,0.7305,-1,-1,-1
10,15,1546.10,160.60,61.10,161.40,0.7212,-1,-1,-1
10,52,1364.50,134.10,48.40,155.50,0.7705,-1,-1,-1
10,43,944.60,135.60,57.30,179.70,0.5898,-1,-1,-1
10,65,903.10,153.70,56.00,165.90,0.5962,-1,-1,-1
10,51,1579.30,158.40,65.00,171.50,0.7363,-1,-1,-1
10,24,465.60,163.20,53.70,147.30,0.6611,-1,-1,-1
10,66,1843.60,166.10,64.00,162.70,0.3923,-1,-1,-1
10,41,1623.50,157.20,85.20,166.90,0.7295,-1,-1,-1
10,80,1021.60,109.80,26.20,89.80,0.4727,-1,-1,-1
10,63,190.00,499.30,224.00,574.80,0.9209,-1,-1,-1
10,9,503.40,233.50,70.70,88.70,0.3857,-1,-1,-1
10,64,1112.00,102.50,52.20,131.90,0.5430,-1,-1,-1
11,5,1322.00,125.60,55.70,140.60,0.6875,-1,-1,-1
11,8,688.30,118.70,29.40,102.30,0.6323,-1,-1,-1
11,10,713.40,114.00,34.30,110.20,0.4834,-1,-1,-1
11,12,1423.90,119.40,62.90,181.00,0.6670,-1,-1,-1
11,13,128.70,144.00,49.20,135.70,0.7339,-1,-1,-1
11,14,1274.30,109.40,44.20,127.10,0.6978,-1,-1,-1
11,15,1541.00,154.10,65.70,173.90,0.6162,-1,-1,-1
11,43,944.20,129.20,59.00,186.50,0.5698,-1,-1,-1
11,65,907.00,152.00,55.90,167.00,0.4912,-1,-1,-1
11,24,444.70,166.20,60.80,166.30,0.7778,-1,-1,-1
11,66,1852.00,146.70,68.00,202.00,0.7192,-1,-1,-1
11,41,1628.30,154.20,80.00,159.10,0.5020,-1,-1,-1
11,80,1020.80,111.70,25.90,88.40,0.4312,-1,-1,-1
11,27,761.50,112.30,28.30,104.50,0.3621,-1,-1,-1
11,9,503.80,232.60,70.00,89.50,0.5889,-1,-1,-1
11,64,1103.20,102.20,51.10,129.90,0.6226,-1,-1,-1
11,81,1138.20,99.80,39.60,116.00,0.4216,-1,-1,-1
11,20,1756.10,146.50,136.00,224.20,0.5186,-1,-1,-1
11,7,1374.50,120.90,54.90,138.50,0.6689,-1,-1,-1
11,19,1507.30,155.40,60.70,160.00,0.7080,-1,-1,-1
12,5,1315.50,127.40,56.40,141.90,0.7515,-1,-1,-1
12,8,687.70,118.50,29.30,102.10,0.6104,-1,-1,-1
12,10,714.20,116.50,33.70,107.30,0.4253,-1,-1,-1
12,12,1428.20,118.00,57.60,164.50,0.6343,-1,-1,-1
12,13,129.40,143.80,49.10,135.70,0.7886,-1,-1,-1
12,14,1274.50,108.30,42.40,122.70,0.5371,-1,-1,-1
12,15,1536.40,149.70,67.20,180.10,0.7065,-1,-1,-1
12,43,945.60,119.40,60.50,193.90,0.4590,-1,-1,-1
12,65,914.00,162.20,52.60,157.30,0.5312,-1,-1,-1
12,24,429.20,166.50,63.40,172.70,0.4961,-1,-1,-1
12,66,1843.00,146.80,77.00,207.90,0.7969,-1,-1,-1
12,41,1630.40,158.00,75.60,151.70,0.5840,-1,-1,-1
12,80,1021.10,111.10,25.90,88.10,0.3877,-1,-1,-1
12,9,505.50,232.50,68.60,89.10,0.6362,-1,-1,-1
12,64,1096.60,101.90,48.20,123.80,0.3784,-1,-1,-1
12,83,1589.10,141.10,60.60,171.10,0.5737,-1,-1,-1
12,81,1133.80,99.10,39.30,115.70,0.3630,-1,-1,-1
12,20,1737.20,178.90,115.80,193.70,0.7847,-1,-1,-1
12,7,1376.30,132.30,61.20,157.80,0.6426,-1,-1,-1
12,19,1479.30,155.10,60.50,155.20,0.8423,-1,-1,-1
13,5,1301.10,126.60,54.90,140.50,0.6851,-1,-1,-1
13,8,685.10,117.10,29.00,98.70,0.1661,-1,-1,-1
13,12,1426.90,120.90,60.80,173.10,0.6978,-1,-1,-1
13,13,129.00,143.60,49.20,135.70,0.7407,-1,-1,-1
13,14,1273.20,112.20,38.70,114.00,0.1013,-1,-1,-1
13,15,1519.90,153.90,65.40,172.00,0.7983,-1,-1,-1
13,43,945.10,121.20,59.10,192.70,0.3293,-1,-1,-1
13,65,919.20,166.30,51.00,153.10,0.5728,-1,-1,-1
13,24,429.40,167.60,64.00,173.00,0.5972,-1,-1,-1
13,66,1818.90,153.00,79.40,203.90,0.8950,-1,-1,-1
13,41,1629.90,151.10,76.80,158.30,0.6523,-1,-1,-1
13,80,1019.50,111.80,26.00,87.70,0.4475,-1,-1,-1
13,9,506.20,232.80,67.90,89.20,0.6279,-1,-1,-1
13,64,1095.70,102.60,45.60,118.50,0.5479,-1,-1,-1
13,83,1580.50,138.80,60.00,169.30,0.7295,-1,-1,-1
13,81,1131.60,97.60,37.80,112.60,0.3738,-1,-1,-1
13,20,1730.00,149.80,105.30,182.20,0.7534,-1,-1,-1
13,7,1381.40,122.40,52.70,135.90,0.4697,-1,-1,-1
13,72,1695.10,192.30,65.30,168.40,0.7827,-1,-1,-1
13,16,431.00,238.40,72.50,98.60,0.2568,-1,-1,-1
13,52,1351.60,135.60,50.70,160.20,0.7271,-1,-1,-1
13,27,760.10,112.00,28.10,103.60,0.2737,-1,-1,-1
14,5,1285.90,122.50,54.10,139.70,0.6919,-1,-1,-1
14,8,685.30,117.60,30.10,102.20,0.4922,-1,-1,-1
14,12,1426.10,115.60,53.70,154.10,0.1796,-1,-1,-1
14,13,129.10,143.60,49.10,136.00,0.7441,-1,-1,-1
14,15,1496.30,151.30,61.30,164.20,0.7852,-1,-1,-1
14,43,948.00,143.90,52.10,170.80,0.2295,-1,-1,-1
14,65,923.30,170.30,49.60,149.10,0.6245,-1,-1,-1
14,24,422.30,168.40,62.60,171.80,0.5591,-1,-1,-1
14,66,1794.60,154.90,78.90,200.20,0.8945,-1,-1,-1
14,41,1629.50,172.70,79.70,161.80,0.7432,-1,-1,-1
14,80,1018.80,112.60,26.30,87.40,0.4006,-1,-1,-1
14,9,505.60,233.60,67.30,88.70,0.4941,-1,-1,-1
14,64,1095.90,104.10,42.10,110.50,0.3530,-1,-1,-1
14,83,1578.30,149.50,56.30,158.60,0.7056,-1,-1,-1
14,81,1135.80,93.90,38.70,114.50,0.3943,-1,-1,-1
14,20,1714.70,136.40,98.50,176.30,0.8013,-1,-1,-1
14,16,415.40,190.80,102.60,146.00,0.3584,-1,-1,-1
14,52,1331.70,132.30,52.10,161.90,0.7446,-1,-1,-1
14,27,756.70,111.10,28.70,104.60,0.2101,-1,-1,-1
14,84,1144.10,349.90,168.50,393.70,0.8081,-1,-1,-1
14,51,1534.40,139.20,62.40,167.90,0.6992,-1,-1,-1
14,10,713.30,117.80,33.50,106.30,0.4272,-1,-1,-1
15,5,1287.60,123.70,58.70,152.60,0.7393,-1,-1,-1
15,8,686.40,118.70,30.00,102.30,0.6162,-1,-1,-1
15,12,1414.90,112.70,51.80,148.30,0.6187,-1,-1,-1
15,13,128.60,143.50,49.20,136.10,0.7529,-1,-1,-1
15,43,946.40,131.80,54.90,181.80,0.4065,-1,-1,-1
15,65,924.40,173.20,48.60,146.40,0.6592,-1,-1,-1
15,24,413.70,169.60,61.60,168.70,0.7017,-1,-1,-1
15,66,1778.00,152.90,76.10,190.70,0.8296,-1,-1,-1
15,41,1628.80,155.60,80.10,166.50,0.5166,-1,-1,-1
15,80,1018.70,112.70,26.30,87.00,0.5127,-1,-1,-1
15,9,502.20,233.90,67.40,89.00,0.3831,-1,-1,-1
15,64,1094.40,100.10,40.00,107.00,0.4158,-1,-1,-1
15,83,1576.90,155.10,55.00,155.80,0.5293,-1,-1,-1
15,81,1136.70,91.90,36.60,111.30,0.1635,-1,-1,-1
15,20,1697.20,129.40,93.80,172.80,0.7563,-1,-1,-1
15,27,756.20,112.00,28.90,104.40,0.3225,-1,-1,-1
15,32,734.00,207.00,65.00,68.90,0.3157,-1,-1,-1
15,51,1535.20,146.10,58.40,157.30,0.6504,-1,-1,-1
15,10,713.70,119.10,33.30,105.00,0.4668,-1,-1,-1
15,19,1457.20,145.70,60.60,154.00,0.7920,-1,-1,-1
15,14,1268.40,123.10,41.20,122.30,0.5547,-1,-1,-1
15,7,1366.30,134.00,54.50,143.20,0.6851,-1,-1,-1
16,5,1276.00,126.30,56.90,150.00,0.5449,-1,-1,-1
16,8,687.40,118.80,29.80,102.50,0.6724,-1,-1,-1
16,12,1404.00,115.00,48.00,136.60,0.6250,-1,-1,-1
16,13,128.10,144.40,48.60,134.80,0.7983,-1,-1,-1
16,43,942.60,133.10,54.30,180.30,0.2886,-1,-1,-1
16,65,922.40,150.50,55.70,169.60,0.5806,-1,-1,-1
16,24,408.70,168.70,62.50,169.20,0.6011,-1,-1,-1
16,66,1759.10,148.10,74.60,184.50,0.8691,-1,-1,-1
16,41,1627.70,148.00,78.10,166.50,0.6870,-1,-1,-1
16,80,1019.00,111.80,26.60,86.80,0.3701,-1,-1,-1
16,64,1094.40,101.20,38.50,104.40,0.2861,-1,-1,-1
16,83,1582.20,164.30,54.70,157.10,0.1471,-1,-1,-1
16,81,1139.30,95.60,34.30,104.90,0.3621,-1,-1,-1
16,20,1682.60,128.60,86.70,164.20,0.7349,-1,-1,-1
16,27,756.00,112.50,29.20,104.40,0.3191,-1,-1,-1
16,32,733.40,206.10,66.20,70.20,0.4485,-1,-1,-1
16,51,1539.40,162.30,57.70,150.70,0.6689,-1,-1,-1
16,10,713.20,117.50,34.00,106.70,0.4980,-1,-1,-1
16,91,1071.00,115.70,28.80,96.90,0.5820,-1,-1,-1
16,19,1440.30,139.20,60.10,154.70,0.8101,-1,-1,-1
16,14,1264.90,121.90,47.30,141.50,0.3025,-1,-1,-1
16,2,488.70,140.90,59.80,200.60,0.7324,-1,-1,-1
16,59,835.80,375.60,165.20,431.90,0.8745,-1,-1,-1
17,8,685.30,119.40,29.70,101.00,0.5303,-1,-1,-1
17,12,1392.80,111.00,45.20,129.30,0.3184,-1,-1,-1
17,13,127.50,144.40,48.30,134.70,0.7983,-1,-1,-1
17,43,940.40,131.90,55.50,184.30,0.2783,-1,-1,-1
17,65,921.50,145.80,56.80,174.60,0.4387,-1,-1,-1
17,24,403.10,155.50,70.90,192.80,0.7842,-1,-1,-1
17,66,1748.20,141.50,72.70,179.30,0.8433,-1,-1,-1
17,41,1625.90,145.90,76.30,165.50,0.5488,-1,-1,-1
17,80,1017.70,111.90,26.60,85.50,0.3630,-1,-1,-1
17,64,1092.10,104.60,36.60,100.80,0.5156,-1,-1,-1
17,83,1579.70,157.80,54.70,155.60,0.7422,-1,-1,-1
17,20,1669.90,128.50,78.80,153.30,0.7256,-1,-1,-1
17,27,757.70,113.00,28.90,103.30,0.4016,-1,-1,-1
17,32,732.90,205.80,66.60,70.60,0.5303,-1,-1,-1
17,51,1511.50,129.40,68.40,184.40,0.6655,-1,-1,-1
17,10,712.60,115.40,34.60,109.10,0.4158,-1,-1,-1
17,91,1069.00,114.20,29.00,97.40,0.4417,-1,-1,-1
17,19,1418.80,135.90,58.50,151.50,0.7490,-1,-1,-1
17,14,1255.30,120.10,49.20,148.00,0.5264,-1,-1,-1
17,35,1374.40,112.30,34.30,118.30,0.5146,-1,-1,-1
17,18,1125.10,107.50,29.20,94.30,0.4207,-1,-1,-1
17,52,1314.10,109.70,52.10,164.00,0.6724,-1,-1,-1
17,9,498.40,234.00,70.80,93.00,0.6318,-1,-1,-1
18,8,685.30,119.00,30.00,99.50,0.5020,-1,-1,-1
18,12,1388.90,124.10,49.10,140.90,0.7363,-1,-1,-1
18,13,127.50,144.90,48.00,134.40,0.7861,-1,-1,-1
18,43,945.10,130.70,56.90,185.80,0.6792,-1,-1,-1
18,65,926.50,148.20,57.80,172.50,0.1186,-1,-1,-1
18,24,392.20,162.40,70.00,189.60,0.7769,-1,-1,-1
18,66,1731.20,135.80,72.40,176.00,0.8726,-1,-1,-1
18,41,1627.50,147.50,73.20,163.00,0.4092,-1,-1,-1
18,80,1018.20,111.90,26.60,84.50,0.4233,-1,-1,-1
18,64,1090.60,112.50,33.40,92.30,0.1427,-1,-1,-1
18,83,1580.00,156.40,54.60,153.20,0.7656,-1,-1,-1
18,27,758.50,112.50,29.60,105.50,0.3550,-1,-1,-1
18,32,733.70,206.90,65.40,69.20,0.3831,-1,-1,-1
18,51,1491.90,147.80,59.40,158.90,0.7793,-1,-1,-1
18,10,712.80,111.20,35.90,112.20,0.3989,-1,-1,-1
18,91,1072.30,110.70,29.40,99.00,0.1688,-1,-1,-1
18,14,1243.20,119.30,49.30,147.20,0.6011,-1,-1,-1
18,35,1375.20,109.20,36.90,126.40,0.4534,-1,-1,-1
18,18,1129.30,109.10,28.30,90.90,0.3694,-1,-1,-1
18,98,1547.80,137.00,49.00,166.10,0.7407,-1,-1,-1
18,52,1296.00,110.10,48.30,155.00,0.7148,-1,-1,-1
18,9,501.50,233.90,68.70,90.40,0.5039,-1,-1,-1
19,8,683.60,118.70,30.60,99.80,0.5688,-1,-1,-1
19,12,1385.00,127.20,49.50,142.60,0.6245,-1,-1,-1
19,13,127.80,145.00,47.60,133.80,0.7832,-1,-1,-1
19,43,951.40,127.10,57.40,188.50,0.7363,-1,-1,-1
19,65,918.40,151.20,56.40,169.40,0.4111,-1,-1,-1
19,24,373.10,162.30,63.80,170.80,0.7886,-1,-1,-1
19,66,1724.10,128.20,72.90,177.50,0.7886,-1,-1,-1
19,41,1632.00,150.10,72.40,161.10,0.5547,-1,-1,-1
19,80,1018.20,111.80,27.10,85.30,0.5186,-1,-1,-1
19,64,1089.90,116.60,32.80,90.10,0.2681,-1,-1,-1
19,83,1579.90,156.30,55.10,152.70,0.7949,-1,-1,-1
19,27,760.60,111.50,29.20,104.90,0.3311,-1,-1,-1
19,32,733.90,207.10,65.10,69.10,0.4016,-1,-1,-1
19,51,1474.70,121.90,64.70,175.80,0.5767,-1,-1,-1
19,10,713.20,112.70,35.30,109.90,0.4065,-1,-1,-1
19,14,1225.00,113.80,48.30,146.20,0.7188,-1,-1,-1
19,35,1368.60,108.50,39.00,133.00,0.4912,-1,-1,-1
19,18,1129.90,110.80,27.10,87.40,0.1089,-1,-1,-1
19,98,1545.40,135.90,48.70,164.30,0.6768,-1,-1,-1
19,9,503.50,233.70,67.70,89.70,0.5410,-1,-1,-1
19,102,1320.90,101.80,36.30,113.10,0.5469,-1,-1,-1
19,63,237.00,483.00,222.10,534.40,0.8931,-1,-1,-1
19,5,1268.00,118.20,52.90,141.30,0.5938,-1,-1,-1
20,8,684.80,119.40,31.10,101.10,0.6152,-1,-1,-1
20,13,128.10,144.70,47.00,132.00,0.5820,-1,-1,-1
20,43,953.60,126.70,56.90,188.60,0.7114,-1,-1,-1
20,65,915.90,155.70,54.40,164.40,0.6333,-1,-1,-1
20,66,1726.50,128.80,69.90,169.50,0.7988,-1,-1,-1
20,41,1629.10,147.90,73.30,162.40,0.2524,-1,-1,-1
20,80,1018.20,111.70,27.30,85.30,0.5737,-1,-1,-1
20,64,1093.80,113.50,33.00,91.60,0.4226,-1,-1,-1
20,83,1583.90,156.70,55.50,152.70,0.6655,-1,-1,-1
20,27,760.70,111.60,29.20,105.50,0.3108,-1,-1,-1
20,32,733.50,206.30,66.00,70.00,0.5156,-1,-1,-1
20,51,1464.70,112.30,62.90,175.20,0.5234,-1,-1,-1
20,10,714.10,114.50,34.60,107.90,0.4844,-1,-1,-1
20,14,1206.90,111.60,47.90,141.80,0.7051,-1,-1,-1
20,35,1365.10,107.10,38.90,132.40,0.5601,-1,-1,-1
20,18,1126.90,110.00,28.20,91.00,0.3611,-1,-1,-1
20,98,1543.20,137.50,49.00,164.00,0.7476,-1,-1,-1
20,9,504.50,233.80,66.90,89.10,0.6177,-1,-1,-1
20,102,1325.70,99.40,36.60,113.90,0.6011,-1,-1,-1
20,97,433.20,245.60,66.10,92.30,0.6133,-1,-1,-1
20,107,1063.30,107.60,25.60,90.10,0.4312,-1,-1,-1
20,5,1257.60,137.10,43.20,115.40,0.6123,-1,-1,-1
20,22,134.80,187.10,122.90,207.40,0.8726,-1,-1,-1
20,72,1667.10,171.50,76.70,200.00,0.6436,-1,-1,-1
20,19,1386.60,126.30,53.60,139.20,0.7363,-1,-1,-1
20,52,1287.60,110.20,34.20,108.80,0.5322,-1,-1,-1
21,8,686.20,119.40,31.40,101.60,0.6699,-1,-1,-1
21,13,128.60,144.20,47.50,134.30,0.7842,-1,-1,-1
21,43,950.30,127.20,57.00,187.70,0.5234,-1,-1,-1
21,65,913.70,151.20,55.10,169.20,0.2213,-1,-1,-1
21,66,1734.90,130.50,67.40,163.50,0.8350,-1,-1,-1
21,41,1640.90,150.10,69.80,157.90,0.6704,-1,-1,-1
21,80,1018.00,111.60,27.70,85.30,0.5225,-1,-1,-1
21,64,1088.60,112.50,33.90,92.90,0.1536,-1,-1,-1
21,83,1591.90,164.60,67.20,178.90,0.7363,-1,-1,-1
21,27,761.90,112.10,29.20,106.70,0.3091,-1,-1,-1
21,32,733.40,206.00,66.20,70.40,0.5059,-1,-1,-1
21,51,1452.90,105.10,51.60,145.10,0.6919,-1,-1,-1
21,10,713.40,113.70,34.90,109.60,0.4668,-1,-1,-1
21,14,1196.50,114.30,45.10,133.20,0.5591,-1,-1,-1
21,35,1357.20,104.20,38.40,129.20,0.6094,-1,-1,-1
21,18,1120.90,110.70,28.00,90.40,0.1034,-1,-1,-1
21,98,1537.10,138.50,48.20,159.50,0.7939,-1,-1,-1
21,9,502.60,233.70,67.50,89.70,0.6084,-1,-1,-1
21,102,1325.20,98.20,35.20,109.20,0.3638,-1,-1,-1
21,97,433.60,245.60,65.70,91.70,0.6792,-1,-1,-1
21,107,1063.00,107.90,25.30,89.30,0.3252,-1,-1,-1
21,19,1384.00,118.60,54.00,142.30,0.6870,-1,-1,-1
21,82,51.70,203.20,84.50,208.50,0.8843,-1,-1,-1
22,8,686.90,119.30,31.20,100.60,0.6558,-1,-1,-1
22,13,128.80,144.30,47.40,134.50,0.7827,-1,-1,-1
22,43,949.70,126.30,57.60,188.90,0.6226,-1,-1,-1
22,65,913.40,147.60,55.20,172.90,0.2134,-1,-1,-1
22,66,1745.50,136.80,64.30,154.60,0.7739,-1,-1,-1
22,41,1638.50,150.90,68.30,156.20,0.5601,-1,-1,-1
22,80,1017.50,111.90,27.90,85.30,0.5488,-1,-1,-1
22,64,1090.60,109.50,34.80,95.90,0.3259,-1,-1,-1
22,27,763.10,113.00,28.60,104.70,0.3711,-1,-1,-1
22,32,734.20,207.90,64.60,68.50,0.3738,-1,-1,-1
22,51,1440.90,104.70,45.20,127.80,0.6621,-1,-1,-1
22,10,713.70,116.00,34.30,108.30,0.4893,-1,-1,-1
22,14,1178.60,115.20,42.40,125.50,0.6689,-1,-1,-1
22,35,1352.50,103.00,38.10,126.10,0.4534,-1,-1,-1
22,98,1542.60,155.40,53.80,176.70,0.6489,-1,-1,-1
22,9,501.40,233.40,68.30,90.40,0.6040,-1,-1,-1
22,102,1320.70,100.40,34.90,107.80,0.5757,-1,-1,-1
22,97,433.90,246.20,65.30,90.90,0.7256,-1,-1,-1
22,107,1068.60,118.50,23.10,81.00,0.1913,-1,-1,-1
22,19,1384.40,117.00,51.30,135.90,0.7686,-1,-1,-1
22,92,1488.30,146.00,48.00,131.50,0.6094,-1,-1,-1
22,81,1141.70,108.50,29.60,88.30,0.3286,-1,-1,-1
22,52,1266.50,113.40,33.70,105.50,0.6167,-1,-1,-1
23,8,687.70,118.60,31.50,100.90,0.6011,-1,-1,-1
23,13,137.30,144.80,61.30,167.60,0.8105,-1,-1,-1
23,43,950.90,127.50,56.90,188.00,0.5947,-1,-1,-1
23,65,914.20,151.50,53.40,169.30,0.3738,-1,-1,-1
23,66,1718.80,168.70,73.10,167.60,0.8369,-1,-1,-1
23,41,1631.30,150.20,68.30,156.90,0.7280,-1,-1,-1
23,80,1016.50,116.70,26.50,82.80,0.1541,-1,-1,-1
23,64,1095.40,106.00,35.00,97.80,0.1120,-1,-1,-1
23,27,762.60,113.90,28.30,103.20,0.3999,-1,-1,-1
23,32,734.30,208.10,64.40,68.30,0.4834,-1,-1,-1
23,51,1428.20,104.50,42.30,120.60,0.3831,-1,-1,-1
23,10,715.90,116.70,34.00,107.30,0.4243,-1,-1,-1
23,35,1345.20,99.70,38.10,124.90,0.5098,-1,-1,-1
23,98,1555.30,154.70,50.00,162.40,0.7075,-1,-1,-1
23,9,499.90,233.30,69.20,91.40,0.6577,-1,-1,-1
23,102,1318.30,97.00,35.80,110.10,0.4331,-1,-1,-1
23,97,433.10,246.10,65.70,91.20,0.7808,-1,-1,-1
23,19,1382.10,111.90,50.10,134.30,0.6626,-1,-1,-1
23,92,1484.10,141.30,65.20,178.70,0.7373,-1,-1,-1
23,119,1212.50,130.20,31.40,104.00,0.7017,-1,-1,-1
23,52,1264.40,105.50,35.60,110.50,0.6094,-1,-1,-1
23,18,1109.40,108.20,29.80,96.30,0.4197,-1,-1,-1
24,8,688.90,117.10,32.30,103.40,0.5869,-1,-1,-1
24,13,132.00,144.20,54.20,149.70,0.7847,-1,-1,-1
24,43,952.20,126.30,56.90,188.80,0.7163,-1,-1,-1
24,65,914.50,154.00,52.60,167.10,0.3486,-1,-1,-1
24,41,1620.20,149.30,67.20,155.50,0.4922,-1,-1,-1
24,80,1014.50,118.80,27.20,84.00,0.1772,-1,-1,-1
24,27,762.50,113.30,29.00,105.30,0.4187,-1,-1,-1
24,32,735.20,210.20,62.60,66.20,0.2720,-1,-1,-1
24,51,1420.70,102.10,40.50,115.70,0.4272,-1,-1,-1
24,10,718.90,117.20,33.00,106.20,0.4302,-1,-1,-1
24,35,1336.40,97.70,37.50,122.50,0.4746,-1,-1,-1
24,98,1555.60,148.80,49.40,158.20,0.6436,-1,-1,-1
24,9,502.30,232.90,68.60,91.00,0.5571,-1,-1,-1
24,102,1310.50,97.30,34.30,105.30,0.5610,-1,-1,-1
24,97,433.60,246.30,65.50,90.90,0.7534,-1,-1,-1
24,19,1382.90,106.70,49.10,132.10,0.5400,-1,-1,-1
24,92,1482.80,137.40,60.20,165.20,0.6396,-1,-1,-1
24,52,1263.70,101.20,36.30,111.40,0.5264,-1,-1,-1
24,42,1760.50,142.50,58.60,148.00,0.8057,-1,-1,-1
24,72,1650.00,172.50,71.00,176.00,0.8389,-1,-1,-1
24,82,68.40,177.40,73.90,171.50,0.8037,-1,-1,-1
24,81,1129.60,105.10,40.20,117.70,0.6479,-1,-1,-1
25,8,691.00,118.10,32.20,102.60,0.5566,-1,-1,-1
25,13,130.10,144.50,50.40,140.20,0.7886,-1,-1,-1
25,43,951.80,129.20,54.70,184.60,0.4990,-1,-1,-1
25,65,914.20,155.80,51.20,164.70,0.5498,-1,-1,-1
25,80,1014.80,118.10,29.40,89.90,0.4465,-1,-1,-1
25,27,762.50,113.20,28.90,105.70,0.2394,-1,-1,-1
25,32,735.00,209.50,63.00,66.40,0.3877,-1,-1,-1
25,10,720.10,118.90,32.30,104.10,0.4863,-1,-1,-1
25,35,1330.60,97.20,37.70,123.20,0.4990,-1,-1,-1
25,98,1548.70,147.30,48.40,152.20,0.7432,-1,-1,-1
25,9,503.40,232.60,67.90,90.70,0.6353,-1,-1,-1
25,102,1305.60,97.80,33.80,103.10,0.4814,-1,-1,-1
25,97,433.40,246.10,66.10,91.30,0.6670,-1,-1,-1
25,19,1380.00,105.10,42.60,114.90,0.1974,-1,-1,-1
25,92,1468.60,125.30,58.90,161.20,0.8208,-1,-1,-1
25,52,1264.10,98.60,36.00,109.20,0.5400,-1,-1,-1
25,42,1757.60,142.80,59.40,149.50,0.8081,-1,-1,-1
25,72,1649.60,150.10,61.80,160.10,0.6440,-1,-1,-1
25,81,1129.90,106.50,40.80,117.40,0.2316,-1,-1,-1
25,56,15.90,175.30,70.40,165.70,0.8511,-1,-1,-1
25,83,1585.70,167.00,66.60,166.30,0.8535,-1,-1,-1
26,8,693.90,118.20,32.00,102.80,0.6655,-1,-1,-1
26,13,129.40,144.40,49.00,137.00,0.7900,-1,-1,-1
26,43,950.50,126.30,56.00,189.00,0.7017,-1,-1,-1
26,65,908.60,162.80,49.50,157.30,0.5498,-1,-1,-1
26,80,1016.70,114.80,29.60,89.90,0.3416,-1,-1,-1
26,27,759.30,113.30,29.50,105.30,0.2437,-1,-1,-1
26,32,734.40,208.70,64.20,67.50,0.4766,-1,-1,-1
26,10,720.20,113.30,33.80,107.70,0.3167,-1,-1,-1
26,35,1329.80,95.70,36.60,118.70,0.4912,-1,-1,-1
26,98,1540.50,150.60,53.20,164.50,0.7217,-1,-1,-1
26,9,507.30,232.00,66.70,90.30,0.5273,-1,-1,-1
26,102,1302.50,96.50,34.60,104.90,0.3970,-1,-1,-1
26,97,434.00,246.60,66.00,90.80,0.5117,-1,-1,-1
26,92,1458.20,129.40,54.70,149.30,0.6704,-1,-1,-1
26,52,1260.20,97.70,35.60,107.10,0.4941,-1,-1,-1
26,42,1757.50,142.50,60.20,150.60,0.7983,-1,-1,-1
26,72,1646.40,144.40,58.80,155.30,0.7847,-1,-1,-1
26,81,1121.30,104.70,40.50,117.00,0.5332,-1,-1,-1
26,83,1594.40,157.70,61.60,153.80,0.7163,-1,-1,-1
26,15,1361.20,143.90,55.20,153.60,0.5898,-1,-1,-1
27,8,692.50,117.50,31.80,103.40,0.4893,-1,-1,-1
27,13,129.50,144.70,48.10,135.20,0.7842,-1,-1,-1
27,43,951.60,125.50,55.40,187.70,0.6655,-1,-1,-1
27,65,904.70,154.30,52.50,167.60,0.7393,-1,-1,-1
27,80,1018.60,114.00,28.40,85.90,0.5020,-1,-1,-1
27,27,757.90,114.90,30.40,104.60,0.2089,-1,-1,-1
27,32,734.40,208.60,64.20,67.50,0.4302,-1,-1,-1
27,10,717.90,113.30,35.10,110.60,0.4272,-1,-1,-1
27,98,1535.10,152.80,48.10,148.60,0.5322,-1,-1,-1
27,9,507.70,232.30,65.80,90.10,0.5698,-1,-1,-1
27,102,1298.10,96.90,33.50,100.80,0.4504,-1,-1,-1
27,97,434.90,247.80,65.70,89.70,0.7446,-1,-1,-1
27,92,1452.00,131.40,52.40,144.20,0.6655,-1,-1,-1
27,52,1251.80,98.80,34.70,103.00,0.4426,-1,-1,-1
27,42,1755.90,140.50,61.50,152.90,0.7744,-1,-1,-1
27,72,1641.20,145.40,56.00,149.40,0.6958,-1,-1,-1
27,81,1114.40,104.20,39.60,113.90,0.4707,-1,-1,-1
27,83,1590.30,153.20,59.20,147.50,0.7090,-1,-1,-1
27,58,1814.00,165.00,92.60,225.40,0.6582,-1,-1,-1
27,12,1325.90,134.30,54.60,155.40,0.8403,-1,-1,-1
27,19,1368.90,97.50,46.90,126.50,0.5698,-1,-1,-1
28,8,690.20,116.40,31.40,102.60,0.5786,-1,-1,-1
28,13,129.10,144.80,47.70,134.50,0.7593,-1,-1,-1
28,43,942.40,124.50,54.40,186.60,0.4524,-1,-1,-1
28,65,905.30,156.50,51.50,165.50,0.3821,-1,-1,-1
28,80,1019.10,113.40,28.40,84.50,0.5088,-1,-1,-1
28,27,757.80,114.00,31.60,105.90,0.3425,-1,-1,-1
28,32,734.60,209.30,63.80,67.00,0.3477,-1,-1,-1
28,10,715.30,114.90,34.60,108.80,0.4417,-1,-1,-1
28,98,1531.30,147.50,47.30,144.20,0.7178,-1,-1,-1
28,9,502.90,232.10,67.00,91.10,0.5850,-1,-1,-1
28,102,1294.80,90.40,34.80,102.90,0.1505,-1,-1,-1
28,97,434.60,247.90,65.70,89.30,0.6982,-1,-1,-1
28,92,1444.80,138.70,56.00,153.90,0.7407,-1,-1,-1
28,81,1109.90,100.70,39.10,112.30,0.5420,-1,-1,-1
28,83,1583.20,148.30,59.30,148.60,0.7852,-1,-1,-1
28,12,1303.20,106.50,63.10,177.10,0.5049,-1,-1,-1
28,19,1362.30,97.90,44.60,122.20,0.4805,-1,-1,-1
28,7,1294.20,132.90,55.90,146.10,0.3032,-1,-1,-1
28,91,1083.30,112.90,26.40,88.40,0.3345,-1,-1,-1
28,41,1616.20,144.10,63.80,151.50,0.7100,-1,-1,-1
29,8,691.40,116.00,32.00,104.40,0.5830,-1,-1,-1
29,13,129.10,145.00,47.50,134.40,0.7593,-1,-1,-1
29,65,905.50,153.20,52.30,169.30,0.3567,-1,-1,-1
29,80,1018.20,112.10,28.60,84.80,0.5518,-1,-1,-1
29,27,757.20,113.40,32.30,106.40,0.2910,-1,-1,-1
29,32,734.80,209.80,63.40,66.30,0.2310,-1,-1,-1
29,10,716.40,110.30,36.10,114.60,0.4397,-1,-1,-1
29,98,1523.10,143.60,48.10,143.40,0.7861,-1,-1,-1
29,9,500.20,231.80,68.20,92.40,0.4971,-1,-1,-1
29,97,434.30,247.70,66.10,89.40,0.6377,-1,-1,-1
29,92,1449.30,135.10,53.30,147.80,0.7075,-1,-1,-1
29,81,1106.30,99.50,38.90,109.90,0.4321,-1,-1,-1
29,83,1578.30,148.10,58.10,146.70,0.6167,-1,-1,-1
29,19,1356.10,100.70,42.60,116.70,0.4883,-1,-1,-1
29,112,633.70,117.80,32.50,107.30,0.4795,-1,-1,-1
29,41,1616.90,142.00,59.70,145.20,0.4417,-1,-1,-1
29,66,1644.60,174.20,86.40,201.50,0.6235,-1,-1,-1
29,35,1323.60,93.30,35.50,114.50,0.5786,-1,-1,-1
29,42,1760.80,135.80,63.50,157.30,0.5938,-1,-1,-1
29,58,1822.50,149.60,88.60,214.60,0.6416,-1,-1,-1
30,8,695.00,116.60,32.20,105.40,0.6792,-1,-1,-1
30,13,129.00,144.70,47.50,134.60,0.7661,-1,-1,-1
30,65,900.10,148.30,53.80,173.80,0.6899,-1,-1,-1
30,80,1016.80,111.80,28.80,85.00,0.3857,-1,-1,-1
30,27,753.70,114.20,33.10,108.00,0.3804,-1,-1,-1
30,32,734.70,209.80,63.60,66.50,0.2759,-1,-1,-1
30,10,719.40,111.70,35.30,113.10,0.3904,-1,-1,-1
30,98,1515.30,141.10,48.70,144.90,0.7744,-1,-1,-1
30,9,501.10,232.00,68.70,92.90,0.5352,-1,-1,-1
30,97,434.20,247.40,66.70,89.70,0.6943,-1,-1,-1
30,92,1450.50,137.60,50.30,140.00,0.7402,-1,-1,-1
30,81,1102.00,100.10,37.90,106.20,0.3738,-1,-1,-1
30,83,1577.50,157.90,76.10,187.80,0.8354,-1,-1,-1
30,112,635.80,119.50,32.20,106.10,0.4514,-1,-1,-1
30,66,1649.20,165.70,87.50,205.20,0.6792,-1,-1,-1
30,35,1320.60,95.00,34.40,111.30,0.3049,-1,-1,-1
30,42,1759.50,155.40,77.00,190.60,0.6548,-1,-1,-1
30,122,854.90,118.10,57.20,179.20,0.6758,-1,-1,-1
31,8,696.80,117.40,31.40,103.70,0.3594,-1,-1,-1
31,13,128.70,145.30,47.00,133.30,0.7612,-1,-1,-1
31,65,899.80,146.60,55.60,175.10,0.6978,-1,-1,-1
31,27,750.70,113.60,32.80,106.20,0.4358,-1,-1,-1
31,32,734.50,210.00,64.00,67.10,0.1677,-1,-1,-1
31,10,718.00,113.10,35.20,112.90,0.4131,-1,-1,-1
31,98,1506.70,140.70,48.50,143.80,0.7529,-1,-1,-1
31,9,501.40,228.30,72.00,97.00,0.5679,-1,-1,-1
31,97,434.10,246.30,67.60,90.60,0.7461,-1,-1,-1
31,92,1447.10,133.60,50.10,140.70,0.6416,-1,-1,-1
31,81,1100.40,109.30,33.80,94.40,0.3513,-1,-1,-1
31,83,1576.70,149.90,64.80,162.40,0.6050,-1,-1,-1
31,112,643.30,117.40,32.50,107.20,0.4036,-1,-1,-1
31,66,1634.10,161.40,85.60,202.60,0.8760,-1,-1,-1
31,35,1324.30,88.90,35.10,107.00,0.1556,-1,-1,-1
31,42,1764.90,138.30,73.60,177.20,0.1962,-1,-1,-1
31,93,953.90,108.90,34.70,88.20,0.4016,-1,-1,-1
31,4,803.60,114.60,68.20,175.80,0.6704,-1,-1,-1
31,119,1221.00,126.40,41.80,134.00,0.6377,-1,-1,-1
31,15,1323.10,137.30,50.70,133.70,0.7114,-1,-1,-1
31,58,1844.40,176.50,75.60,199.20,0.7925,-1,-1,-1
32,13,128.80,145.10,47.00,133.90,0.7886,-1,-1,-1
32,65,897.70,150.50,54.60,168.90,0.3821,-1,-1,-1
32,10,712.60,114.20,35.50,111.50,0.4883,-1,-1,-1
32,98,1489.90,148.40,59.90,173.20,0.7788,-1,-1,-1
32,9,502.40,230.60,70.00,93.70,0.6387,-1,-1,-1
32,97,433.60,246.10,67.80,90.70,0.6953,-1,-1,-1
32,92,1443.20,106.30,58.60,165.80,0.4233,-1,-1,-1
32,83,1563.60,146.70,60.50,149.60,0.6206,-1,-1,-1
32,112,647.20,116.20,32.80,108.40,0.4717,-1,-1,-1
32,66,1644.90,157.80,81.40,195.20,0.7432,-1,-1,-1
32,35,1324.00,95.50,27.60,80.50,0.1002,-1,-1,-1
32,42,1757.10,120.30,75.90,181.30,0.6626,-1,-1,-1
32,93,955.00,110.20,33.60,85.30,0.5254,-1,-1,-1
32,4,764.50,120.00,74.90,169.20,0.8257,-1,-1,-1
32,119,1210.60,119.80,42.90,136.10,0.7324,-1,-1,-1
32,15,1302.10,133.80,49.10,129.20,0.7842,-1,-1,-1
32,58,1851.70,183.10,68.30,184.10,0.5059,-1,-1,-1
32,41,1604.70,151.20,75.20,187.00,0.8311,-1,-1,-1
32,80,1007.60,112.40,33.10,96.90,0.5264,-1,-1,-1
33,13,128.80,141.90,47.90,137.10,0.7363,-1,-1,-1
33,65,886.40,152.10,53.20,163.70,0.6968,-1,-1,-1
33,10,700.40,111.50,48.00,149.10,0.6050,-1,-1,-1
33,98,1495.00,143.10,53.70,153.30,0.7231,-1,-1,-1
33,9,502.70,231.30,68.90,92.30,0.6875,-1,-1,-1
33,97,433.30,246.30,68.20,91.20,0.8057,-1,-1,-1
33,92,1440.90,131.30,60.60,171.60,0.7075,-1,-1,-1
33,83,1563.50,150.90,68.50,171.10,0.6279,-1,-1,-1
33,112,650.40,119.30,31.90,105.90,0.3804,-1,-1,-1
33,66,1629.80,157.70,75.60,184.30,0.7622,-1,-1,-1
33,42,1770.00,129.50,65.00,152.00,0.2372,-1,-1,-1
33,93,954.90,115.40,30.70,78.20,0.1221,-1,-1,-1
33,58,1833.00,193.00,72.30,177.70,0.8418,-1,-1,-1
33,124,1362.80,88.80,38.00,101.50,0.4436,-1,-1,-1
33,80,1009.70,113.20,30.60,88.90,0.5571,-1,-1,-1
33,5,1176.90,115.60,49.00,129.90,0.5361,-1,-1,-1
33,18,1076.80,111.20,30.50,98.20,0.3896,-1,-1,-1
33,7,1262.80,127.40,49.70,126.90,0.7129,-1,-1,-1
34,13,129.60,144.20,47.00,134.80,0.7271,-1,-1,-1
34,10,705.30,112.40,42.90,129.90,0.3989,-1,-1,-1
34,98,1492.20,138.30,50.20,141.90,0.7637,-1,-1,-1
34,9,502.90,232.60,67.80,90.80,0.6548,-1,-1,-1
34,97,433.70,246.60,68.20,90.90,0.7832,-1,-1,-1
34,92,1424.20,136.20,61.40,172.90,0.7065,-1,-1,-1
34,83,1540.60,145.80,71.10,178.60,0.8296,-1,-1,-1
34,66,1644.20,180.50,78.10,182.30,0.8008,-1,-1,-1
34,42,1753.90,131.80,90.30,213.70,0.7129,-1,-1,-1
34,93,952.90,115.00,30.20,76.50,0.1461,-1,-1,-1
34,124,1360.80,89.60,36.90,98.40,0.4912,-1,-1,-1
34,80,1010.50,111.80,29.90,87.10,0.4961,-1,-1,-1
34,5,1169.70,120.90,44.70,121.30,0.5166,-1,-1,-1
34,18,1072.20,108.30,31.50,101.10,0.1779,-1,-1,-1
34,7,1242.70,120.20,49.50,128.30,0.6636,-1,-1,-1
34,122,856.40,146.60,54.00,160.40,0.8271,-1,-1,-1
34,32,734.90,210.20,63.20,65.90,0.4282,-1,-1,-1
34,41,1588.20,151.60,70.80,175.80,0.7866,-1,-1,-1
35,13,129.90,144.50,46.60,134.30,0.7842,-1,-1,-1
35,10,707.30,112.40,40.50,120.00,0.4072,-1,-1,-1
35,98,1492.80,137.90,57.40,166.20,0.6167,-1,-1,-1
35,9,504.40,234.00,67.10,89.50,0.6577,-1,-1,-1
35,97,432.70,246.20,68.60,91.30,0.7739,-1,-1,-1
35,83,1543.80,140.00,72.20,179.60,0.6816,-1,-1,-1
35,42,1761.00,131.80,79.70,186.10,0.6895,-1,-1,-1
35,124,1358.20,90.00,34.50,92.00,0.3904,-1,-1,-1
35,80,1010.20,111.60,29.90,86.20,0.5410,-1,-1,-1
35,5,1154.90,112.80,45.60,124.10,0.5820,-1,-1,-1
35,32,734.00,208.30,65.00,68.00,0.3896,-1,-1,-1
35,41,1597.40,176.00,74.40,175.30,0.7476,-1,-1,-1
35,91,1083.00,114.20,29.00,93.80,0.5127,-1,-1,-1
35,119,1214.10,113.60,41.70,128.10,0.6362,-1,-1,-1
35,58,1856.00,209.50,64.00,178.60,0.6626,-1,-1,-1
36,13,130.40,144.80,46.40,134.00,0.7607,-1,-1,-1
36,10,704.80,113.40,38.00,109.60,0.2153,-1,-1,-1
36,98,1475.20,137.60,59.30,169.50,0.8154,-1,-1,-1
36,9,507.80,233.10,67.60,89.70,0.6733,-1,-1,-1
36,97,433.10,247.30,68.10,90.20,0.7544,-1,-1,-1
36,83,1530.80,137.40,68.40,171.00,0.5518,-1,-1,-1
36,42,1761.10,131.90,75.00,170.70,0.7446,-1,-1,-1
36,80,1009.80,112.10,29.50,84.80,0.5537,-1,-1,-1
36,5,1141.70,108.70,45.20,121.40,0.5972,-1,-1,-1
36,32,733.70,208.30,65.60,68.70,0.2207,-1,-1,-1
36,41,1578.30,180.90,72.30,168.20,0.7310,-1,-1,-1
36,129,1289.00,84.90,30.80,106.30,0.4368,-1,-1,-1
36,119,1201.60,111.50,41.10,123.40,0.6387,-1,-1,-1
36,58,1838.00,194.10,82.00,206.10,0.7930,-1,-1,-1
36,81,1087.70,113.50,32.50,91.80,0.4092,-1,-1,-1
36,92,1408.80,120.50,53.70,150.20,0.5918,-1,-1,-1
36,66,1650.20,190.30,70.20,164.50,0.7983,-1,-1,-1
36,93,954.50,110.30,34.60,88.00,0.5020,-1,-1,-1
36,18,1065.90,112.50,28.80,91.40,0.2974,-1,-1,-1
37,13,130.40,144.90,46.40,134.10,0.7710,-1,-1,-1
37,98,1452.60,136.30,58.00,165.80,0.7627,-1,-1,-1
37,9,509.10,234.00,67.20,88.80,0.6611,-1,-1,-1
37,97,433.20,247.20,68.10,90.10,0.7104,-1,-1,-1
37,83,1526.70,133.00,77.20,194.60,0.5332,-1,-1,-1
37,42,1760.70,132.20,74.00,164.60,0.8208,-1,-1,-1
37,80,1008.50,111.40,29.60,84.90,0.6416,-1,-1,-1
37,5,1126.70,107.80,43.70,116.60,0.5117,-1,-1,-1
37,41,1597.70,186.80,66.80,156.90,0.7690,-1,-1,-1
37,129,1285.90,85.90,29.80,102.40,0.5195,-1,-1,-1
37,92,1396.30,118.10,49.70,138.10,0.7422,-1,-1,-1
37,93,954.50,109.20,35.00,89.00,0.4485,-1,-1,-1
37,18,1059.90,117.00,27.90,85.80,0.3433,-1,-1,-1
37,64,1094.40,114.80,31.10,87.90,0.3904,-1,-1,-1
38,13,130.10,145.20,46.00,133.20,0.7822,-1,-1,-1
38,98,1464.60,129.60,57.60,164.30,0.6909,-1,-1,-1
38,9,503.80,234.30,69.60,91.00,0.5156,-1,-1,-1
38,97,432.90,246.90,68.70,90.50,0.5747,-1,-1,-1
38,83,1512.30,136.10,77.90,194.30,0.5879,-1,-1,-1
38,80,1008.00,111.90,29.80,84.80,0.4026,-1,-1,-1
38,5,1117.20,109.70,39.50,107.10,0.4368,-1,-1,-1
38,41,1583.10,185.30,63.60,150.30,0.7432,-1,-1,-1
38,129,1279.00,83.90,29.30,100.10,0.3804,-1,-1,-1
38,92,1378.40,118.90,47.20,130.60,0.6768,-1,-1,-1
38,93,953.60,109.40,35.00,88.30,0.4321,-1,-1,-1
38,139,683.90,144.90,40.70,115.30,0.4082,-1,-1,-1
38,10,708.50,112.10,39.30,111.60,0.4226,-1,-1,-1
38,32,715.30,156.90,114.00,127.20,0.6548,-1,-1,-1
38,119,1201.30,101.60,40.40,118.90,0.5518,-1,-1,-1
38,58,1831.00,185.30,81.80,203.70,0.8174,-1,-1,-1
39,13,129.70,144.90,46.20,133.60,0.7842,-1,-1,-1
39,98,1458.40,129.10,55.70,155.30,0.4302,-1,-1,-1
39,9,501.20,234.70,70.80,90.80,0.4358,-1,-1,-1
39,97,433.20,246.70,69.10,90.40,0.5498,-1,-1,-1
39,83,1529.60,161.90,66.90,167.20,0.7676,-1,-1,-1
39,80,1008.40,111.90,30.70,89.20,0.3123,-1,-1,-1
39,5,1104.30,106.40,39.10,106.20,0.4834,-1,-1,-1
39,92,1359.00,117.70,46.30,128.00,0.7075,-1,-1,-1
39,93,954.40,108.50,34.60,86.20,0.3933,-1,-1,-1
39,127,1391.80,122.80,65.20,160.70,0.7534,-1,-1,-1
39,133,1155.30,105.30,38.70,112.00,0.6187,-1,-1,-1
39,134,476.80,145.70,55.30,150.90,0.5059,-1,-1,-1
39,135,1065.20,105.50,27.80,92.60,0.3684,-1,-1,-1
39,58,1822.60,214.60,97.40,299.90,0.6548,-1,-1,-1
39,8,703.30,118.80,31.90,102.80,0.4253,-1,-1,-1
39,15,1219.00,103.10,46.40,122.60,0.3850,-1,-1,-1
39,112,673.10,114.30,31.40,105.70,0.2878,-1,-1,-1
39,66,1663.10,178.80,88.90,206.90,0.8691,-1,-1,-1
39,42,1762.10,132.10,75.20,163.50,0.3557,-1,-1,-1
40,13,129.50,145.30,45.80,132.80,0.7808,-1,-1,-1
40,98,1439.90,123.20,65.50,182.00,0.7168,-1,-1,-1
40,9,500.50,232.30,71.60,91.80,0.5439,-1,-1,-1
40,97,433.30,246.60,69.30,90.60,0.6655,-1,-1,-1
40,83,1521.20,169.50,61.00,152.80,0.7515,-1,-1,-1
40,80,1004.90,110.80,32.50,93.30,0.4678,-1,-1,-1
40,5,1096.50,109.50,35.90,98.90,0.5078,-1,-1,-1
40,92,1341.70,113.30,46.10,127.10,0.3550,-1,-1,-1
40,93,955.30,108.60,34.40,85.60,0.3345,-1,-1,-1
40,127,1376.20,118.40,63.90,158.20,0.7065,-1,-1,-1
40,133,1144.30,104.80,37.30,107.70,0.5957,-1,-1,-1
40,134,478.00,147.60,54.00,147.60,0.6416,-1,-1,-1
40,135,1065.90,105.10,27.80,92.90,0.2903,-1,-1,-1
40,58,1795.90,236.90,124.10,332.00,0.8496,-1,-1,-1
40,66,1685.20,190.20,83.20,193.70,0.8057,-1,-1,-1
40,42,1761.30,133.30,75.50,161.30,0.7090,-1,-1,-1
40,2,712.60,136.30,47.70,142.60,0.7339,-1,-1,-1
40,12,1240.50,113.40,49.60,140.30,0.7090,-1,-1,-1
41,13,129.20,145.50,45.70,132.70,0.7773,-1,-1,-1
41,98,1422.60,125.40,66.10,181.50,0.6953,-1,-1,-1
41,9,493.40,229.40,73.80,94.40,0.3066,-1,-1,-1
41,97,433.20,246.30,69.60,91.00,0.6001,-1,-1,-1
41,83,1498.30,169.20,57.80,144.70,0.7280,-1,-1,-1
41,80,1005.80,108.90,31.60,91.20,0.2532,-1,-1,-1
41,5,1084.80,108.70,34.90,96.50,0.1217,-1,-1,-1
41,92,1328.90,111.10,46.70,130.70,0.3008,-1,-1,-1
41,93,954.10,109.50,34.30,85.00,0.2651,-1,-1,-1
41,127,1355.60,122.30,60.10,149.20,0.6807,-1,-1,-1
41,133,1140.10,105.10,35.60,102.40,0.5225,-1,-1,-1
41,134,482.60,151.50,43.40,117.80,0.3867,-1,-1,-1
41,135,1063.70,105.90,28.00,93.30,0.4045,-1,-1,-1
41,42,1759.80,134.40,76.10,159.60,0.7280,-1,-1,-1
41,123,1638.80,183.60,77.60,181.00,0.7578,-1,-1,-1
41,19,1271.60,109.30,46.00,126.50,0.6504,-1,-1,-1
41,41,1578.50,180.00,76.30,179.50,0.7793,-1,-1,-1
41,10,698.60,119.10,54.70,156.20,0.5078,-1,-1,-1
42,13,128.80,145.50,45.70,132.70,0.7939,-1,-1,-1
42,98,1398.20,119.40,66.40,182.70,0.7871,-1,-1,-1
42,9,488.80,227.00,76.00,96.30,0.1260,-1,-1,-1
42,97,432.60,246.00,69.80,91.10,0.6816,-1,-1,-1
42,80,1007.10,108.90,30.50,88.00,0.3923,-1,-1,-1
42,93,953.40,109.90,33.70,82.60,0.1772,-1,-1,-1
42,127,1329.60,120.60,57.90,144.50,0.7793,-1,-1,-1
42,133,1132.70,104.70,34.20,97.90,0.4658,-1,-1,-1
42,134,483.90,152.70,41.50,111.40,0.3057,-1,-1,-1
42,135,1063.00,104.70,28.10,93.70,0.3831,-1,-1,-1
42,42,1758.90,134.70,76.80,158.00,0.7319,-1,-1,-1
42,114,901.60,177.10,89.80,65.20,0.3867,-1,-1,-1
42,41,1591.50,180.30,72.30,169.20,0.6968,-1,-1,-1
42,7,1191.10,110.10,49.90,128.20,0.6001,-1,-1,-1
42,91,1083.40,111.10,29.50,97.50,0.4902,-1,-1,-1
42,129,1258.40,82.00,27.80,92.50,0.3452,-1,-1,-1
42,139,683.10,148.60,47.40,134.20,0.6489,-1,-1,-1
42,2,730.70,122.20,52.10,151.50,0.3452,-1,-1,-1
43,13,128.80,145.50,45.60,133.00,0.7744,-1,-1,-1
43,98,1373.80,117.10,65.80,178.80,0.7676,-1,-1,-1
43,9,487.00,227.20,76.50,96.30,0.1082,-1,-1,-1
43,97,433.30,249.20,67.70,87.90,0.4658,-1,-1,-1
43,80,1006.40,111.70,29.50,84.90,0.3950,-1,-1,-1
43,93,952.20,113.10,32.30,78.90,0.1343,-1,-1,-1
43,133,1131.60,105.20,33.30,95.00,0.5322,-1,-1,-1
43,134,491.00,153.20,34.50,90.30,0.3638,-1,-1,-1
43,135,1061.30,105.70,28.90,96.30,0.2712,-1,-1,-1
43,42,1757.70,136.30,76.90,156.00,0.6919,-1,-1,-1
43,114,904.80,175.90,90.40,65.80,0.2114,-1,-1,-1
43,7,1178.70,109.20,46.20,125.50,0.3684,-1,-1,-1
43,91,1080.20,115.10,28.60,94.20,0.4990,-1,-1,-1
43,129,1250.20,87.70,28.00,89.60,0.4609,-1,-1,-1
43,139,671.00,153.50,47.10,133.00,0.5166,-1,-1,-1
43,8,710.10,112.60,35.70,110.20,0.3123,-1,-1,-1
43,83,1490.40,170.00,65.70,165.70,0.7490,-1,-1,-1
43,92,1306.60,112.90,48.80,136.50,0.4514,-1,-1,-1
44,13,129.30,146.00,45.40,132.30,0.7798,-1,-1,-1
44,9,490.00,228.50,75.30,94.80,0.2878,-1,-1,-1
44,97,435.50,253.10,65.40,83.90,0.1819,-1,-1,-1
44,80,1005.40,111.60,29.60,84.50,0.4805,-1,-1,-1
44,133,1128.80,105.50,32.90,92.70,0.5186,-1,-1,-1
44,135,1060.60,106.30,29.50,98.90,0.1755,-1,-1,-1
44,42,1757.60,135.70,78.20,156.90,0.7319,-1,-1,-1
44,114,900.20,172.00,96.00,70.10,0.4456,-1,-1,-1
44,91,1076.20,114.90,29.20,95.70,0.5312,-1,-1,-1
44,129,1244.20,89.90,27.70,87.00,0.4485,-1,-1,-1
44,139,660.00,159.00,47.70,133.30,0.6514,-1,-1,-1
44,8,708.40,114.70,37.40,110.90,0.5420,-1,-1,-1
44,83,1471.20,166.50,62.50,158.80,0.7339,-1,-1,-1
44,92,1292.50,109.90,50.10,140.60,0.5879,-1,-1,-1
44,15,1161.10,109.00,43.30,116.40,0.5342,-1,-1,-1
44,58,1813.00,338.70,107.00,367.70,0.6699,-1,-1,-1
44,2,741.10,115.70,56.80,158.70,0.2903,-1,-1,-1
45,13,129.90,145.60,45.50,132.80,0.7642,-1,-1,-1
45,9,493.50,228.60,74.10,94.20,0.2727,-1,-1,-1
45,97,435.30,249.50,68.70,87.30,0.5840,-1,-1,-1
45,80,1003.10,112.10,29.60,84.20,0.4016,-1,-1,-1
45,133,1125.30,106.60,33.00,92.60,0.4609,-1,-1,-1
45,135,1060.40,106.90,28.70,96.90,0.1217,-1,-1,-1
45,42,1756.30,135.10,79.30,157.50,0.7051,-1,-1,-1
45,114,900.50,174.00,93.10,68.20,0.4446,-1,-1,-1
45,91,1076.70,114.00,29.40,96.50,0.4351,-1,-1,-1
45,129,1240.60,89.30,27.90,86.60,0.3140,-1,-1,-1
45,8,706.90,115.10,38.70,111.80,0.5889,-1,-1,-1
45,83,1475.10,156.70,64.70,166.00,0.7188,-1,-1,-1
45,92,1280.00,106.40,49.00,140.60,0.5488,-1,-1,-1
45,144,1318.80,116.20,54.00,161.00,0.7163,-1,-1,-1
45,15,1150.60,107.40,41.50,115.40,0.3701,-1,-1,-1
45,58,1774.80,342.80,145.20,402.60,0.8657,-1,-1,-1
45,84,1345.40,266.00,130.90,304.70,0.7720,-1,-1,-1
45,98,1378.70,142.40,50.70,135.40,0.6768,-1,-1,-1
45,93,958.20,110.20,33.00,81.40,0.3831,-1,-1,-1
45,134,489.90,151.30,42.30,109.90,0.5767,-1,-1,-1
46,13,130.20,145.80,45.40,132.50,0.7490,-1,-1,-1
46,9,496.90,230.20,71.60,91.70,0.3252,-1,-1,-1
46,97,434.20,248.10,69.90,88.50,0.3933,-1,-1,-1
46,80,999.80,112.50,29.40,83.50,0.4045,-1,-1,-1
46,133,1120.20,112.90,30.80,87.40,0.5234,-1,-1,-1
46,135,1062.20,106.90,27.70,93.00,0.4045,-1,-1,-1
46,42,1755.40,134.70,80.50,158.60,0.6899,-1,-1,-1
46,114,901.70,173.40,92.00,67.90,0.2295,-1,-1,-1
46,8,706.20,115.30,39.90,112.50,0.5381,-1,-1,-1
46,83,1458.20,160.00,60.40,153.60,0.4844,-1,-1,-1
46,92,1265.30,108.00,45.50,131.50,0.3276,-1,-1,-1
46,144,1301.20,118.00,52.40,156.00,0.6123,-1,-1,-1
46,15,1142.10,107.60,38.90,110.50,0.5352,-1,-1,-1
46,93,959.90,108.70,33.30,83.10,0.3933,-1,-1,-1
46,134,485.70,149.40,51.30,134.40,0.5698,-1,-1,-1
46,4,583.10,145.40,64.90,155.60,0.5708,-1,-1,-1
46,64,1086.40,113.40,32.50,93.90,0.4834,-1,-1,-1
47,13,130.30,145.60,45.40,132.70,0.7544,-1,-1,-1
47,9,497.80,230.70,71.40,91.80,0.4580,-1,-1,-1
47,97,433.20,247.00,70.50,89.40,0.3821,-1,-1,-1
47,80,998.00,112.50,29.60,83.60,0.4092,-1,-1,-1
47,133,1115.10,111.70,30.70,88.20,0.2917,-1,-1,-1
47,135,1063.80,106.70,27.60,91.70,0.4072,-1,-1,-1
47,42,1754.90,133.50,81.20,158.30,0.3433,-1,-1,-1
47,114,901.50,174.20,90.70,67.20,0.1263,-1,-1,-1
47,8,707.20,113.80,41.20,113.30,0.5371,-1,-1,-1
47,83,1433.00,146.70,63.00,159.60,0.6875,-1,-1,-1
47,92,1247.10,107.00,50.40,147.00,0.1260,-1,-1,-1
47,144,1281.80,112.00,51.30,151.50,0.1238,-1,-1,-1
47,15,1134.60,103.30,38.60,111.10,0.5000,-1,-1,-1
47,93,960.40,109.00,32.70,83.10,0.3774,-1,-1,-1
47,134,483.10,148.70,55.30,146.40,0.5962,-1,-1,-1
47,4,566.70,158.20,59.20,144.00,0.1592,-1,-1,-1
47,64,1089.30,113.10,32.10,94.00,0.4514,-1,-1,-1
47,22,221.20,185.30,76.00,136.70,0.7446,-1,-1,-1
47,98,1373.80,149.40,54.90,145.60,0.7114,-1,-1,-1
48,13,129.80,145.40,45.30,132.70,0.7529,-1,-1,-1
48,9,499.90,232.40,71.80,92.10,0.1510,-1,-1,-1
48,97,432.60,246.50,70.70,89.90,0.6436,-1,-1,-1
48,80,997.40,112.20,29.60,83.50,0.4717,-1,-1,-1
48,135,1064.70,109.20,26.90,88.30,0.4387,-1,-1,-1
48,42,1755.90,129.30,93.10,188.50,0.5708,-1,-1,-1
48,114,901.30,175.90,89.50,66.40,0.1316,-1,-1,-1
48,8,712.60,115.70,40.50,111.20,0.4902,-1,-1,-1
48,83,1421.50,139.20,59.50,155.20,0.5571,-1,-1,-1
48,92,1229.00,121.80,50.50,139.60,0.5859,-1,-1,-1
48,15,1128.90,102.70,37.10,106.20,0.4980,-1,-1,-1
48,93,960.80,108.70,32.00,82.60,0.3674,-1,-1,-1
48,134,485.60,146.00,54.70,143.30,0.5889,-1,-1,-1
48,4,551.60,174.90,54.30,134.10,0.3032,-1,-1,-1
48,64,1093.70,115.60,30.20,89.80,0.5610,-1,-1,-1
48,22,221.40,178.00,81.50,153.20,0.8452,-1,-1,-1
48,98,1354.50,142.20,56.80,150.40,0.7217,-1,-1,-1
48,112,700.90,117.50,31.70,108.40,0.3914,-1,-1,-1
48,66,1708.00,175.10,89.50,212.50,0.8516,-1,-1,-1
49,13,128.20,145.50,47.70,140.90,0.4766,-1,-1,-1
49,97,409.50,177.30,119.00,159.20,0.5391,-1,-1,-1
49,80,997.60,112.30,28.90,83.10,0.4475,-1,-1,-1
49,135,1067.10,111.10,26.70,86.10,0.3738,-1,-1,-1
49,42,1753.30,152.70,95.80,196.00,0.5830,-1,-1,-1
49,114,907.30,176.80,86.20,64.70,0.3452,-1,-1,-1
49,8,711.80,115.30,41.90,111.80,0.5312,-1,-1,-1
49,92,1206.00,107.40,55.60,153.30,0.6982,-1,-1,-1
49,15,1123.30,101.30,34.50,101.10,0.3218,-1,-1,-1
49,93,960.70,109.30,32.10,83.90,0.4805,-1,-1,-1
49,134,480.40,148.40,61.10,162.80,0.6646,-1,-1,-1
49,4,529.80,168.60,59.10,148.00,0.5991,-1,-1,-1
49,64,1096.70,113.60,29.80,90.20,0.5718,-1,-1,-1
49,98,1333.40,145.10,54.20,142.00,0.7148,-1,-1,-1
49,112,701.40,118.50,30.00,103.90,0.1263,-1,-1,-1
49,66,1718.80,175.60,72.60,177.60,0.5322,-1,-1,-1
49,24,115.30,197.70,57.30,144.80,0.5469,-1,-1,-1
49,123,1669.70,168.90,86.10,203.80,0.8535,-1,-1,-1
49,41,1583.70,134.70,67.30,157.60,0.7310,-1,-1,-1
49,144,1261.90,104.20,51.60,152.50,0.6436,-1,-1,-1
50,13,128.50,145.40,46.40,137.00,0.6655,-1,-1,-1
50,80,999.20,112.70,28.70,82.90,0.4377,-1,-1,-1
50,135,1067.00,113.00,26.50,84.10,0.3320,-1,-1,-1
50,42,1760.10,140.00,84.80,175.70,0.7456,-1,-1,-1
50,114,910.60,175.30,85.90,65.30,0.3286,-1,-1,-1
50,8,708.30,115.60,42.30,111.50,0.5659,-1,-1,-1
50,92,1186.80,103.90,56.20,153.50,0.1192,-1,-1,-1
50,93,961.10,109.10,31.40,83.10,0.3923,-1,-1,-1
50,134,478.60,149.90,63.20,170.90,0.5244,-1,-1,-1
50,4,501.20,165.10,64.20,156.00,0.1456,-1,-1,-1
50,98,1307.00,124.90,58.00,153.70,0.7212,-1,-1,-1
50,66,1709.90,165.30,79.10,192.90,0.7949,-1,-1,-1
50,24,103.40,189.00,68.70,163.40,0.8701,-1,-1,-1
50,123,1643.30,150.30,91.40,217.20,0.6655,-1,-1,-1
50,56,38.20,201.50,67.10,152.70,0.6860,-1,-1,-1
50,133,1100.10,113.90,29.30,85.10,0.2666,-1,-1,-1
51,17,990.00,9.80,100.50,311.60,0.8682,-1,-1,-1
51,18,720.00,16.50,91.50,281.30,0.8608,-1,-1,-1
51,19,1212.80,5.80,97.40,319.50,0.8506,-1,-1,-1
51,20,858.00,9.80,126.00,396.00,0.8481,-1,-1,-1
51,59,1085.20,18.80,174.00,382.40,0.8301,-1,-1,-1
51,41,806.20,25.90,78.00,269.60,0.7974,-1,-1,-1
51,21,1414.50,74.20,144.00,420.00,0.7847,-1,-1,-1
51,56,1525.50,14.60,105.00,181.20,0.7739,-1,-1,-1
51,6,1704.00,0.90,123.00,245.90,0.7671,-1,-1,-1
51,22,399.80,26.40,111.70,313.90,0.7598,-1,-1,-1
51,14,559.50,19.30,102.00,276.60,0.7515,-1,-1,-1
51,3,642.80,30.60,90.00,222.70,0.7446,-1,-1,-1
51,7,1330.50,20.40,121.50,310.70,0.7168,-1,-1,-1
51,13,1444.50,2.30,63.00,127.90,0.5972,-1,-1,-1
51,12,1084.50,19.10,126.00,358.50,0.5947,-1,-1,-1
51,53,477.00,2.20,70.50,119.70,0.4016,-1,-1,-1
51,136,1158.00,7.50,60.00,71.10,0.4016,-1,-1,-1
51,69,1336.50,0.80,33.00,87.50,0.2893,-1,-1,-1
52,17,994.70,14.50,105.50,326.40,0.9092,-1,-1,-1
52,18,726.00,17.50,91.20,280.70,0.8374,-1,-1,-1
52,19,1202.60,15.10,107.40,350.10,0.7124,-1,-1,-1
52,20,884.80,23.10,101.10,318.50,0.8198,-1,-1,-1
52,41,800.40,10.60,115.70,398.10,0.8867,-1,-1,-1
52,21,1443.60,80.40,161.30,471.10,0.8203,-1,-1,-1
52,56,1551.60,6.30,104.90,182.00,0.8286,-1,-1,-1
52,6,1704.10,1.60,122.80,245.60,0.8105,-1,-1,-1
52,22,423.10,37.90,112.60,316.90,0.7754,-1,-1,-1
52,14,564.10,18.50,101.90,276.90,0.7319,-1,-1,-1
52,3,639.90,24.70,93.10,231.20,0.7515,-1,-1,-1
52,12,1095.40,16.00,113.30,323.10,0.8765,-1,-1,-1
52,53,480.20,3.60,67.30,113.60,0.3657,-1,-1,-1
53,17,993.00,16.60,109.00,336.80,0.9019,-1,-1,-1
53,18,720.00,5.90,135.90,420.40,0.7720,-1,-1,-1
53,19,1181.20,16.70,112.40,366.40,0.7446,-1,-1,-1
53,20,867.50,36.40,101.00,319.10,0.8076,-1,-1,-1
53,21,1443.70,41.50,198.70,585.60,0.3032,-1,-1,-1
53,6,1699.40,1.70,122.80,244.30,0.8530,-1,-1,-1
53,22,431.30,37.90,113.60,319.40,0.8740,-1,-1,-1
53,14,568.20,22.20,100.50,273.80,0.7378,-1,-1,-1
53,3,627.10,24.70,95.20,237.00,0.7739,-1,-1,-1
53,12,1088.50,18.90,112.80,323.10,0.8501,-1,-1,-1
53,43,408.60,1.30,52.50,121.40,0.5225,-1,-1,-1
53,7,1312.60,24.20,129.60,332.60,0.8892,-1,-1,-1
54,17,978.00,20.60,116.40,358.70,0.8789,-1,-1,-1
54,18,670.80,3.20,150.60,467.00,0.8271,-1,-1,-1
54,19,1170.70,17.60,124.80,405.60,0.7773,-1,-1,-1
54,20,886.50,14.10,100.60,319.40,0.6958,-1,-1,-1
54,21,1510.00,27.90,164.90,485.10,0.6318,-1,-1,-1
54,6,1723.40,1.90,81.10,158.00,0.6094,-1,-1,-1
54,22,426.00,36.40,115.30,323.50,0.8008,-1,-1,-1
54,14,571.30,22.20,98.00,269.20,0.7271,-1,-1,-1
54,12,1079.40,24.90,117.60,339.20,0.8447,-1,-1,-1
54,43,405.50,2.10,56.50,130.60,0.1884,-1,-1,-1
54,4,1454.90,12.50,177.60,378.50,0.6699,-1,-1,-1
54,41,830.40,34.30,105.50,360.80,0.7993,-1,-1,-1
54,53,481.30,1.90,68.40,114.80,0.3630,-1,-1,-1
55,17,971.40,23.40,124.00,380.70,0.8818,-1,-1,-1
55,18,696.90,24.80,126.40,393.80,0.8228,-1,-1,-1
55,19,1179.80,24.10,137.10,442.70,0.8804,-1,-1,-1
55,20,877.50,9.60,105.80,336.20,0.7847,-1,-1,-1
55,21,1578.70,31.80,166.70,485.40,0.8667,-1,-1,-1
55,6,1713.40,0.60,117.20,231.30,0.7295,-1,-1,-1
55,22,421.00,35.60,116.10,325.60,0.8389,-1,-1,-1
55,14,557.30,17.60,154.40,418.80,0.8188,-1,-1,-1
55,12,1081.50,34.80,124.70,361.20,0.9014,-1,-1,-1
55,43,402.30,2.20,61.10,141.30,0.2815,-1,-1,-1
55,4,1437.30,10.60,197.90,423.70,0.8730,-1,-1,-1
55,41,813.00,37.60,107.00,365.00,0.7788,-1,-1,-1
55,3,630.40,32.10,97.00,243.00,0.5591,-1,-1,-1
55,7,1293.20,16.10,124.20,324.40,0.7646,-1,-1,-1
56,17,947.40,23.10,131.50,403.50,0.8682,-1,-1,-1
56,18,669.50,37.10,118.30,364.50,0.7305,-1,-1,-1
56,20,856.30,16.90,111.80,357.00,0.7515,-1,-1,-1
56,21,1651.30,29.10,186.30,537.40,0.8657,-1,-1,-1
56,22,428.00,27.10,163.10,453.30,0.8506,-1,-1,-1
56,14,568.20,22.50,127.70,349.00,0.6934,-1,-1,-1
56,12,1077.00,38.10,134.80,390.00,0.9092,-1,-1,-1
56,4,1427.50,11.90,217.60,468.10,0.9033,-1,-1,-1
56,41,786.60,44.30,110.30,372.60,0.8467,-1,-1,-1
56,3,615.60,32.60,97.90,249.00,0.4016,-1,-1,-1
56,7,1250.30,24.90,180.50,472.70,0.8438,-1,-1,-1
56,56,1562.90,15.00,166.90,297.50,0.7866,-1,-1,-1
57,17,921.10,29.50,141.10,433.50,0.8716,-1,-1,-1
57,18,642.10,48.70,116.10,358.20,0.8257,-1,-1,-1
57,20,832.60,17.00,115.70,372.40,0.7148,-1,-1,-1
57,21,1711.10,30.50,206.40,600.20,0.9102,-1,-1,-1
57,22,430.00,33.70,137.10,385.00,0.7720,-1,-1,-1
57,14,569.00,24.00,108.90,301.00,0.7266,-1,-1,-1
57,12,1082.60,38.50,145.10,418.70,0.9058,-1,-1,-1
57,4,1434.40,12.40,243.10,529.80,0.8364,-1,-1,-1
57,41,752.60,53.80,116.60,392.40,0.8311,-1,-1,-1
57,7,1285.80,29.80,207.30,544.50,0.8633,-1,-1,-1
57,56,1601.90,9.20,171.10,308.30,0.7930,-1,-1,-1
57,69,1346.10,1.20,40.40,103.60,0.4543,-1,-1,-1
57,53,479.00,1.00,66.00,109.70,0.2598,-1,-1,-1
57,43,413.20,2.70,44.50,101.80,0.4514,-1,-1,-1
58,17,891.90,34.20,149.40,455.40,0.8613,-1,-1,-1
58,18,605.80,36.00,124.60,383.90,0.6309,-1,-1,-1
58,20,804.90,20.00,118.90,384.50,0.8198,-1,-1,-1
58,21,1769.50,111.50,150.50,612.00,0.8579,-1,-1,-1
58,22,416.60,36.40,125.10,348.10,0.8896,-1,-1,-1
58,14,569.40,22.50,100.70,282.00,0.4207,-1,-1,-1
58,12,1067.90,39.40,155.60,447.20,0.8491,-1,-1,-1
58,4,1385.90,25.20,290.30,636.00,0.8623,-1,-1,-1
58,41,710.70,61.60,123.70,409.50,0.8164,-1,-1,-1
58,56,1534.50,14.40,278.70,515.00,0.7490,-1,-1,-1
58,63,195.40,12.90,228.20,566.10,0.9126,-1,-1,-1
58,53,479.80,1.60,68.40,112.20,0.3066,-1,-1,-1
58,43,408.70,2.80,49.00,110.90,0.1192,-1,-1,-1
58,13,1456.60,1.60,53.60,110.60,0.5430,-1,-1,-1
58,6,1730.30,7.90,139.30,278.00,0.7334,-1,-1,-1
59,17,851.70,38.80,157.50,477.90,0.8296,-1,-1,-1
59,20,783.70,23.80,117.10,385.00,0.3157,-1,-1,-1
59,22,413.40,38.00,120.20,331.70,0.8662,-1,-1,-1
59,14,556.60,45.50,123.70,353.50,0.8262,-1,-1,-1
59,12,1050.70,41.60,172.70,495.40,0.8301,-1,-1,-1
59,4,1415.90,33.50,341.70,753.80,0.8779,-1,-1,-1
59,41,667.60,64.40,137.00,446.10,0.8687,-1,-1,-1
59,56,1565.40,20.10,339.70,647.20,0.7754,-1,-1,-1
59,63,108.90,31.50,243.50,605.60,0.8896,-1,-1,-1
59,53,480.20,2.10,69.30,112.20,0.4629,-1,-1,-1
59,43,404.00,2.80,57.50,130.40,0.1824,-1,-1,-1
59,13,1454.40,0.80,46.10,94.50,0.4912,-1,-1,-1
59,6,1781.60,7.30,135.00,275.30,0.8604,-1,-1,-1
60,17,805.00,44.60,172.30,522.70,0.8872,-1,-1,-1
60,22,412.90,40.90,118.60,324.90,0.8267,-1,-1,-1
60,14,517.50,54.10,136.40,398.00,0.7266,-1,-1,-1
60,12,1020.20,54.30,186.60,535.00,0.9019,-1,-1,-1
60,56,1515.90,43.10,404.10,847.30,0.8667,-1,-1,-1
60,63,21.00,35.30,257.80,642.80,0.9004,-1,-1,-1
60,53,479.10,1.20,66.60,106.60,0.3550,-1,-1,-1
60,43,402.20,2.90,60.80,138.10,0.2502,-1,-1,-1
60,13,1440.60,1.00,46.50,95.10,0.6826,-1,-1,-1
60,54,1578.80,1.60,41.60,85.30,0.5029,-1,-1,-1
60,136,1136.40,1.40,91.30,113.10,0.6768,-1,-1,-1
60,18,580.40,57.60,155.10,474.30,0.8477,-1,-1,-1
61,17,750.80,55.30,187.40,567.90,0.9146,-1,-1,-1
61,22,406.30,43.60,151.80,424.00,0.7993,-1,-1,-1
61,12,973.60,66.00,203.40,582.10,0.9136,-1,-1,-1
61,56,1546.00,75.30,374.00,933.90,0.5928,-1,-1,-1
61,63,0.00,100.90,219.60,605.40,0.9009,-1,-1,-1
61,53,478.10,1.00,69.30,109.80,0.5205,-1,-1,-1
61,43,402.00,2.60,61.20,138.60,0.1432,-1,-1,-1
61,13,1450.90,1.90,45.70,92.40,0.6416,-1,-1,-1
61,54,1584.80,1.90,40.30,83.30,0.1561,-1,-1,-1
61,37,1669.70,0.20,41.60,96.10,0.6836,-1,-1,-1
61,84,1699.20,1.50,132.00,220.30,0.7852,-1,-1,-1
61,18,540.20,74.80,168.30,514.80,0.8535,-1,-1,-1
62,17,679.40,63.50,205.00,619.30,0.8892,-1,-1,-1
62,12,924.60,72.50,220.40,629.70,0.8975,-1,-1,-1
62,53,477.20,0.30,65.40,102.70,0.4971,-1,-1,-1
62,43,411.20,2.40,44.30,93.80,0.4902,-1,-1,-1
62,13,1467.40,2.10,44.50,89.20,0.6206,-1,-1,-1
62,54,1581.20,1.40,46.20,95.90,0.6782,-1,-1,-1
62,84,1699.60,2.00,141.30,237.40,0.8506,-1,-1,-1
62,59,1038.60,32.60,149.40,338.40,0.7827,-1,-1,-1
62,3,580.30,21.10,103.30,274.70,0.5146,-1,-1,-1
62,69,1361.70,1.80,34.60,87.90,0.3999,-1,-1,-1
62,20,766.70,10.40,80.50,246.50,0.7646,-1,-1,-1
62,14,455.10,88.10,179.40,522.10,0.8979,-1,-1,-1
63,17,608.90,64.00,221.40,671.10,0.8838,-1,-1,-1
63,12,841.50,82.00,239.70,682.30,0.8950,-1,-1,-1
63,54,1597.50,0.80,46.80,98.00,0.6943,-1,-1,-1
63,84,1698.30,1.40,144.50,245.20,0.7920,-1,-1,-1
63,72,1828.40,0.00,48.80,124.70,0.6611,-1,-1,-1
63,114,673.60,0.50,64.30,81.80,0.5981,-1,-1,-1
63,59,1047.70,33.20,154.60,358.60,0.7739,-1,-1,-1
63,20,728.10,5.70,88.30,257.20,0.6514,-1,-1,-1
63,22,343.60,84.40,201.70,566.20,0.8330,-1,-1,-1
64,12,753.50,94.00,273.70,780.00,0.8774,-1,-1,-1
64,54,1618.10,1.50,45.40,95.20,0.7251,-1,-1,-1
64,84,1696.30,2.40,144.40,248.00,0.7891,-1,-1,-1
64,72,1844.30,0.90,46.50,118.00,0.7153,-1,-1,-1
64,59,1054.90,32.40,162.40,385.40,0.8706,-1,-1,-1
64,20,685.30,3.80,108.20,306.50,0.5708,-1,-1,-1
64,61,1576.20,0.80,42.00,85.20,0.6133,-1,-1,-1
64,22,266.90,106.80,218.90,619.80,0.8755,-1,-1,-1
64,18,484.90,90.90,232.70,710.10,0.8916,-1,-1,-1
64,3,584.80,21.20,75.20,188.10,0.4785,-1,-1,-1
64,69,1365.90,0.80,46.90,117.50,0.7627,-1,-1,-1
65,84,1696.10,1.30,143.10,249.70,0.7969,-1,-1,-1
65,72,1863.80,0.30,46.10,116.30,0.7202,-1,-1,-1
65,59,1075.90,40.40,171.80,415.00,0.8267,-1,-1,-1
65,20,670.60,5.10,106.10,278.80,0.7363,-1,-1,-1
65,61,1580.40,1.30,41.00,83.30,0.3303,-1,-1,-1
65,15,997.10,27.00,83.60,299.30,0.8608,-1,-1,-1
65,82,870.10,19.60,106.60,265.20,0.8374,-1,-1,-1
65,85,804.20,37.90,90.80,196.90,0.8062,-1,-1,-1
65,3,579.50,19.50,61.40,143.60,0.5381,-1,-1,-1
65,37,1654.80,0.60,39.40,90.60,0.6260,-1,-1,-1
65,53,466.50,0.80,73.60,118.70,0.5728,-1,-1,-1
65,43,424.90,0.80,57.80,117.70,0.6074,-1,-1,-1
65,13,1469.80,1.20,41.30,84.70,0.5991,-1,-1,-1
65,14,367.20,114.90,246.00,713.90,0.8081,-1,-1,-1
65,17,581.40,117.60,275.50,828.80,0.8335,-1,-1,-1
66,84,1686.60,1.30,143.20,250.00,0.8408,-1,-1,-1
66,72,1876.90,1.10,43.10,111.20,0.5747,-1,-1,-1
66,59,1088.10,52.20,184.80,454.10,0.8823,-1,-1,-1
66,20,626.60,8.20,129.00,323.10,0.8154,-1,-1,-1
66,61,1574.60,2.30,40.90,82.40,0.4688,-1,-1,-1
66,15,1022.30,32.70,89.00,318.70,0.8184,-1,-1,-1
66,82,874.90,17.30,114.90,286.80,0.8662,-1,-1,-1
66,85,812.30,41.00,97.70,212.90,0.8403,-1,-1,-1
66,42,738.00,16.80,79.50,268.30,0.7949,-1,-1,-1
66,92,321.20,16.40,147.40,201.40,0.5659,-1,-1,-1
66,83,1211.80,19.70,61.60,198.70,0.8384,-1,-1,-1
66,53,465.80,0.40,74.20,122.10,0.6514,-1,-1,-1
66,43,418.10,0.80,65.00,127.90,0.5889,-1,-1,-1
66,13,1456.50,1.30,51.70,107.30,0.6636,-1,-1,-1
66,22,198.30,115.40,297.80,858.20,0.7939,-1,-1,-1
66,18,434.10,142.50,288.30,856.10,0.8950,-1,-1,-1
67,84,1690.40,1.70,142.60,250.30,0.8267,-1,-1,-1
67,59,1093.60,65.80,200.80,498.90,0.8916,-1,-1,-1
67,20,581.00,10.40,176.80,444.70,0.8853,-1,-1,-1
67,61,1575.00,1.20,40.90,82.90,0.4980,-1,-1,-1
67,15,1052.30,40.30,93.30,333.30,0.8477,-1,-1,-1
67,82,879.70,19.80,123.30,309.10,0.8667,-1,-1,-1
67,85,822.60,42.40,105.20,232.10,0.8105,-1,-1,-1
67,42,733.90,19.40,81.00,273.10,0.8130,-1,-1,-1
67,92,264.70,24.00,173.00,237.30,0.7256,-1,-1,-1
67,53,447.60,1.60,132.60,226.60,0.8154,-1,-1,-1
67,43,410.20,0.50,66.60,131.30,0.6333,-1,-1,-1
67,64,43.10,154.80,201.90,890.10,0.8926,-1,-1,-1
67,23,1603.30,0.60,43.00,80.00,0.5234,-1,-1,-1
67,22,219.30,161.50,318.00,878.10,0.8765,-1,-1,-1
67,3,580.40,21.00,57.10,132.60,0.3657,-1,-1,-1
68,84,1689.10,1.10,139.90,249.50,0.8208,-1,-1,-1
68,59,1085.00,72.10,218.20,548.00,0.8867,-1,-1,-1
68,20,529.20,9.50,207.90,527.70,0.9028,-1,-1,-1
68,61,1577.30,1.60,41.10,83.90,0.4912,-1,-1,-1
68,15,1086.80,46.40,76.30,271.00,0.4233,-1,-1,-1
68,82,887.10,28.20,129.20,326.00,0.9038,-1,-1,-1
68,85,826.50,46.50,110.80,248.00,0.8452,-1,-1,-1
68,42,731.80,21.20,81.50,274.40,0.8701,-1,-1,-1
68,92,174.60,30.00,206.80,285.30,0.7861,-1,-1,-1
68,43,389.80,1.30,116.60,236.90,0.8223,-1,-1,-1
68,52,1238.40,24.40,119.10,378.40,0.8447,-1,-1,-1
68,93,1018.20,2.30,45.00,91.70,0.3694,-1,-1,-1
68,37,1638.40,1.40,36.80,81.50,0.5601,-1,-1,-1
69,84,1688.00,1.30,136.20,247.20,0.8613,-1,-1,-1
69,59,1037.10,75.50,243.20,621.40,0.8916,-1,-1,-1
69,20,485.60,15.90,230.10,590.80,0.8760,-1,-1,-1
69,61,1554.10,0.50,51.10,103.60,0.7959,-1,-1,-1
69,82,868.70,34.60,136.80,347.90,0.8521,-1,-1,-1
69,85,813.20,51.10,116.20,265.00,0.7168,-1,-1,-1
69,42,730.60,21.00,82.80,277.80,0.8452,-1,-1,-1
69,92,37.60,31.60,325.10,457.20,0.8286,-1,-1,-1
69,43,346.10,6.30,139.40,281.10,0.8940,-1,-1,-1
69,52,1265.80,24.90,126.90,402.50,0.8877,-1,-1,-1
69,93,1018.20,1.70,45.50,92.40,0.5640,-1,-1,-1
69,62,1873.50,0.60,46.50,97.30,0.6084,-1,-1,-1
69,103,463.40,1.90,81.50,120.50,0.6626,-1,-1,-1
69,54,1662.60,1.00,41.00,82.30,0.5469,-1,-1,-1
70,84,1692.10,0.90,133.80,246.40,0.8081,-1,-1,-1
70,59,977.00,82.90,267.90,691.50,0.8706,-1,-1,-1
70,20,430.80,27.10,252.60,656.90,0.9092,-1,-1,-1
70,61,1565.80,0.50,53.00,107.60,0.7656,-1,-1,-1
70,85,791.50,46.20,150.80,346.30,0.8618,-1,-1,-1
70,42,724.50,22.60,82.10,276.10,0.8154,-1,-1,-1
70,92,0.00,41.30,318.70,579.30,0.8765,-1,-1,-1
70,43,299.00,11.50,149.00,305.20,0.8848,-1,-1,-1
70,52,1321.20,28.50,140.10,441.70,0.8931,-1,-1,-1
70,93,1019.30,1.40,44.60,90.30,0.4534,-1,-1,-1
70,103,461.70,1.50,77.80,115.60,0.4377,-1,-1,-1
70,99,1856.50,0.80,41.80,81.10,0.5498,-1,-1,-1
70,108,406.40,1.40,95.00,126.10,0.6523,-1,-1,-1
70,19,1156.90,70.20,137.10,446.10,0.8608,-1,-1,-1
70,37,1625.60,1.20,33.10,73.30,0.4065,-1,-1,-1
71,84,1694.20,0.80,131.90,246.70,0.8604,-1,-1,-1
71,59,892.00,109.00,303.90,793.40,0.8442,-1,-1,-1
71,20,369.10,34.00,282.50,738.10,0.9297,-1,-1,-1
71,61,1571.10,0.70,46.20,94.80,0.5420,-1,-1,-1
71,85,745.00,50.60,170.20,394.20,0.8682,-1,-1,-1
71,42,701.40,54.30,86.50,292.50,0.6011,-1,-1,-1
71,43,246.90,13.30,153.40,320.90,0.8804,-1,-1,-1
71,52,1362.60,31.60,151.70,475.80,0.9023,-1,-1,-1
71,93,1018.50,1.40,45.50,92.80,0.4600,-1,-1,-1
71,103,469.70,2.20,79.00,117.10,0.1853,-1,-1,-1
71,99,1861.50,1.30,42.00,80.60,0.1772,-1,-1,-1
71,66,611.30,31.20,97.10,251.60,0.8394,-1,-1,-1
71,16,115.90,0.90,71.60,137.50,0.3804,-1,-1,-1
71,19,1202.60,81.10,143.20,457.30,0.8740,-1,-1,-1
71,23,1605.40,0.90,55.60,103.80,0.7212,-1,-1,-1
71,3,542.20,20.90,93.10,223.70,0.7295,-1,-1,-1
71,62,1872.80,0.10,44.40,82.50,0.5830,-1,-1,-1
72,84,1695.70,0.90,129.80,246.00,0.8604,-1,-1,-1
72,59,794.80,153.10,329.30,863.80,0.8477,-1,-1,-1
72,20,292.60,34.10,311.70,819.20,0.8721,-1,-1,-1
72,42,667.50,58.50,119.20,399.60,0.8003,-1,-1,-1
72,52,1434.30,37.90,167.60,521.80,0.8950,-1,-1,-1
72,93,1017.90,1.40,46.40,94.00,0.6216,-1,-1,-1
72,103,464.10,1.40,80.30,120.20,0.6470,-1,-1,-1
72,66,597.30,46.30,121.90,316.80,0.4980,-1,-1,-1
72,16,115.80,0.20,71.70,137.90,0.2524,-1,-1,-1
72,19,1257.30,86.90,152.40,490.70,0.8896,-1,-1,-1
72,23,1622.20,0.40,56.60,105.90,0.6318,-1,-1,-1
72,3,536.80,20.00,105.20,260.40,0.7324,-1,-1,-1
72,62,1879.80,0.60,40.20,77.20,0.5698,-1,-1,-1
72,82,920.80,12.50,97.00,249.30,0.8877,-1,-1,-1
73,84,1700.90,2.00,123.70,239.00,0.7949,-1,-1,-1
73,52,1533.50,42.50,187.40,575.40,0.8501,-1,-1,-1
73,93,1016.60,1.70,48.90,99.00,0.2886,-1,-1,-1
73,103,461.80,1.20,79.80,121.00,0.6289,-1,-1,-1
73,66,607.00,63.20,106.90,272.10,0.5000,-1,-1,-1
73,16,115.80,0.30,71.60,137.90,0.2372,-1,-1,-1
73,19,1298.10,81.20,170.60,551.00,0.8848,-1,-1,-1
73,3,503.80,54.40,123.70,305.00,0.7637,-1,-1,-1
73,62,1885.80,0.60,34.20,73.90,0.6001,-1,-1,-1
73,82,952.90,8.90,92.10,239.00,0.8628,-1,-1,-1
73,114,683.20,2.00,66.00,87.20,0.4570,-1,-1,-1
73,12,589.80,237.20,304.90,833.70,0.9316,-1,-1,-1
73,22,129.00,68.60,350.00,954.40,0.8486,-1,-1,-1
73,108,389.70,1.30,95.40,128.20,0.7788,-1,-1,-1
73,61,1578.00,2.70,41.70,85.70,0.6978,-1,-1,-1
73,85,722.30,32.10,143.90,337.30,0.8584,-1,-1,-1
74,84,1702.00,2.30,111.10,214.60,0.7822,-1,-1,-1
74,52,1640.60,50.40,213.00,646.20,0.9150,-1,-1,-1
74,103,473.80,0.90,73.40,110.30,0.6860,-1,-1,-1
74,66,611.00,40.40,104.20,265.20,0.8472,-1,-1,-1
74,19,1354.20,87.40,191.80,618.40,0.8896,-1,-1,-1
74,82,977.50,8.90,94.60,248.00,0.8818,-1,-1,-1
74,108,403.50,1.80,74.10,98.50,0.5869,-1,-1,-1
74,61,1579.20,1.80,41.60,85.40,0.6621,-1,-1,-1
74,85,716.10,30.30,138.30,327.20,0.8794,-1,-1,-1
74,41,446.40,75.80,166.60,508.30,0.8174,-1,-1,-1
74,17,293.40,304.80,297.90,773.00,0.9121,-1,-1,-1
74,64,52.50,56.70,212.10,898.40,0.8701,-1,-1,-1
75,84,1700.20,1.80,119.10,235.10,0.8574,-1,-1,-1
75,52,1735.70,134.80,184.30,642.10,0.7114,-1,-1,-1
75,103,472.00,0.50,78.10,117.80,0.5264,-1,-1,-1
75,66,622.60,35.20,102.80,262.70,0.8921,-1,-1,-1
75,19,1409.50,103.30,224.10,719.70,0.8232,-1,-1,-1
75,82,1008.60,11.50,97.50,259.60,0.8496,-1,-1,-1
75,108,403.40,1.00,89.50,119.20,0.7422,-1,-1,-1
75,61,1579.20,3.00,40.20,83.30,0.6929,-1,-1,-1
75,85,709.50,28.20,137.90,330.90,0.8833,-1,-1,-1
75,43,174.70,21.20,153.20,326.30,0.8892,-1,-1,-1
75,99,1880.30,0.40,36.90,70.10,0.5449,-1,-1,-1
75,20,279.00,64.70,260.50,688.50,0.8408,-1,-1,-1
75,3,512.30,33.30,113.70,287.90,0.8398,-1,-1,-1
76,84,1705.30,2.30,110.40,218.70,0.7476,-1,-1,-1
76,103,467.10,0.60,75.70,116.00,0.6758,-1,-1,-1
76,66,630.60,35.30,103.00,264.80,0.8574,-1,-1,-1
76,82,1041.00,13.30,102.80,277.50,0.8857,-1,-1,-1
76,108,402.80,1.20,94.00,125.30,0.7646,-1,-1,-1
76,61,1580.30,3.50,39.60,82.30,0.7100,-1,-1,-1
76,85,720.10,29.90,135.60,332.70,0.8062,-1,-1,-1
76,111,845.80,26.50,86.80,233.40,0.8804,-1,-1,-1
76,113,609.20,1.60,45.20,69.00,0.5273,-1,-1,-1
76,99,1886.40,0.10,33.60,68.90,0.5293,-1,-1,-1
76,3,510.20,33.00,110.00,280.00,0.8208,-1,-1,-1
76,4,1488.80,152.50,399.80,913.30,0.8643,-1,-1,-1
76,93,1015.70,2.40,45.50,92.10,0.3979,-1,-1,-1
76,22,152.90,89.40,286.00,775.60,0.9072,-1,-1,-1
77,84,1700.30,1.20,116.90,238.30,0.8081,-1,-1,-1
77,103,469.60,0.40,76.60,118.10,0.5527,-1,-1,-1
77,66,625.60,37.70,103.80,269.50,0.8452,-1,-1,-1
77,82,1082.40,15.10,109.20,297.10,0.8794,-1,-1,-1
77,108,404.40,1.20,95.80,127.70,0.7622,-1,-1,-1
77,61,1579.80,3.50,39.20,82.10,0.7031,-1,-1,-1
77,85,734.00,31.30,131.10,332.00,0.7974,-1,-1,-1
77,111,873.00,31.70,89.70,241.20,0.8506,-1,-1,-1
77,113,605.50,1.70,44.60,68.10,0.1556,-1,-1,-1
77,3,508.50,42.80,104.80,271.70,0.7363,-1,-1,-1
77,27,710.30,35.40,73.40,279.00,0.7769,-1,-1,-1
77,39,969.60,1.70,57.00,94.80,0.3767,-1,-1,-1
77,4,1606.00,228.70,314.00,847.00,0.6772,-1,-1,-1
77,93,1016.60,2.20,45.00,91.50,0.6021,-1,-1,-1
77,64,42.40,119.80,216.70,881.70,0.8867,-1,-1,-1
77,43,167.30,23.60,147.00,318.80,0.8965,-1,-1,-1
78,84,1717.50,0.60,122.00,248.10,0.8540,-1,-1,-1
78,103,468.80,0.90,74.80,116.90,0.4814,-1,-1,-1
78,66,620.60,35.70,105.00,275.90,0.7646,-1,-1,-1
78,82,1126.90,18.30,115.40,317.20,0.9038,-1,-1,-1
78,108,405.30,1.10,96.30,128.00,0.7773,-1,-1,-1
78,61,1579.60,3.50,39.00,82.30,0.7031,-1,-1,-1
78,85,736.90,30.20,127.50,331.90,0.7188,-1,-1,-1
78,111,901.90,33.30,97.50,262.20,0.8750,-1,-1,-1
78,113,601.80,2.90,46.40,71.40,0.1666,-1,-1,-1
78,3,527.60,39.30,105.90,277.40,0.7031,-1,-1,-1
78,27,700.90,32.80,76.70,289.50,0.6548,-1,-1,-1
78,39,974.50,2.10,57.90,96.60,0.2063,-1,-1,-1
78,93,1018.80,1.80,45.10,93.20,0.6226,-1,-1,-1
78,116,832.70,0.80,66.80,195.60,0.7637,-1,-1,-1
78,64,24.10,270.40,183.60,731.70,0.8940,-1,-1,-1
78,43,166.60,23.60,144.80,318.60,0.9155,-1,-1,-1
78,54,1730.30,0.20,35.10,68.80,0.4504,-1,-1,-1
78,114,693.70,1.50,72.00,90.40,0.3320,-1,-1,-1
78,99,1890.90,1.70,29.10,64.80,0.5312,-1,-1,-1
79,84,1726.20,7.00,114.50,235.90,0.7334,-1,-1,-1
79,103,471.30,1.20,75.00,116.50,0.5527,-1,-1,-1
79,66,616.90,39.50,105.00,279.30,0.7549,-1,-1,-1
79,82,1173.40,23.90,123.50,340.70,0.8950,-1,-1,-1
79,108,405.90,1.20,96.00,127.50,0.7642,-1,-1,-1
79,61,1580.60,3.90,38.80,82.00,0.6992,-1,-1,-1
79,85,735.30,25.90,124.60,334.50,0.7842,-1,-1,-1
79,111,930.10,32.70,106.60,286.80,0.8350,-1,-1,-1
79,113,595.10,1.80,45.50,68.20,0.1260,-1,-1,-1
79,3,519.80,31.30,111.00,292.80,0.7358,-1,-1,-1
79,27,691.70,34.10,78.40,294.90,0.6953,-1,-1,-1
79,39,987.20,1.40,60.30,99.20,0.2095,-1,-1,-1
79,93,1019.10,2.40,46.10,95.80,0.4312,-1,-1,-1
79,116,842.20,0.20,68.80,201.50,0.6899,-1,-1,-1
79,43,166.20,23.40,143.10,319.10,0.9224,-1,-1,-1
79,58,0.00,87.50,131.10,337.40,0.8730,-1,-1,-1
79,54,1729.50,0.00,35.70,69.00,0.5669,-1,-1,-1
79,114,705.40,1.10,70.70,89.60,0.3389,-1,-1,-1
80,84,1731.10,8.60,112.20,234.50,0.8306,-1,-1,-1
80,103,466.10,1.50,73.80,117.20,0.6929,-1,-1,-1
80,66,612.80,36.80,106.10,285.70,0.6704,-1,-1,-1
80,82,1216.20,27.90,131.50,365.30,0.8975,-1,-1,-1
80,108,406.30,1.30,95.90,126.90,0.7627,-1,-1,-1
80,61,1580.80,3.50,39.00,82.30,0.7065,-1,-1,-1
80,85,731.60,36.30,118.90,326.30,0.7339,-1,-1,-1
80,111,968.20,41.30,112.40,302.80,0.8662,-1,-1,-1
80,3,522.10,28.60,112.60,301.30,0.6353,-1,-1,-1
80,27,690.90,33.00,78.80,296.60,0.6943,-1,-1,-1
80,116,849.30,1.30,71.60,209.70,0.8262,-1,-1,-1
80,43,166.50,23.00,141.70,319.20,0.9243,-1,-1,-1
80,58,7.40,81.90,134.00,321.60,0.8813,-1,-1,-1
80,54,1730.90,0.30,35.30,68.10,0.5815,-1,-1,-1
80,99,1881.70,1.50,38.30,77.70,0.5786,-1,-1,-1
81,84,1735.30,9.00,110.50,232.00,0.8271,-1,-1,-1
81,103,466.30,1.50,75.00,120.30,0.5488,-1,-1,-1
81,66,603.70,40.20,106.40,286.50,0.6680,-1,-1,-1
81,82,1264.90,32.50,143.40,396.20,0.9062,-1,-1,-1
81,108,404.60,1.40,97.00,128.40,0.6768,-1,-1,-1
81,61,1581.00,3.40,39.00,82.40,0.7251,-1,-1,-1
81,85,731.60,35.20,118.10,331.20,0.7026,-1,-1,-1
81,111,1008.60,46.40,121.70,328.00,0.8735,-1,-1,-1
81,3,516.00,28.20,113.00,304.70,0.6636,-1,-1,-1
81,27,692.10,35.80,78.20,296.20,0.6011,-1,-1,-1
81,116,846.60,1.50,75.90,222.70,0.8770,-1,-1,-1
81,43,167.60,22.90,140.30,319.20,0.9282,-1,-1,-1
81,58,42.30,77.10,125.60,302.40,0.8657,-1,-1,-1
81,54,1731.10,0.80,35.20,67.00,0.6460,-1,-1,-1
81,40,950.30,5.60,78.20,217.50,0.8452,-1,-1,-1
81,114,720.60,0.90,65.40,86.00,0.3774,-1,-1,-1
82,84,1751.30,10.30,108.70,230.80,0.8398,-1,-1,-1
82,103,465.50,1.10,75.70,122.40,0.5620,-1,-1,-1
82,66,598.50,41.90,105.90,289.60,0.6958,-1,-1,-1
82,82,1313.00,38.50,153.10,423.30,0.8892,-1,-1,-1
82,108,401.50,1.20,96.40,128.30,0.6919,-1,-1,-1
82,61,1581.80,3.10,39.40,82.80,0.7192,-1,-1,-1
82,85,713.00,35.60,121.40,344.50,0.8633,-1,-1,-1
82,111,1054.30,55.80,132.00,356.10,0.9136,-1,-1,-1
82,3,501.50,27.60,116.60,315.90,0.8486,-1,-1,-1
82,27,669.30,40.20,79.10,299.30,0.6250,-1,-1,-1
82,116,845.60,0.70,79.00,233.10,0.8701,-1,-1,-1
82,43,168.50,22.80,139.20,319.80,0.9062,-1,-1,-1
82,58,82.80,74.00,118.60,285.20,0.8662,-1,-1,-1
82,54,1729.50,0.60,35.90,67.40,0.7031,-1,-1,-1
82,40,970.40,3.80,83.90,233.40,0.8711,-1,-1,-1
82,123,774.50,3.00,86.00,212.40,0.7759,-1,-1,-1
83,84,1777.50,10.90,109.20,232.90,0.8403,-1,-1,-1
83,103,464.90,1.40,73.20,119.50,0.6816,-1,-1,-1
83,66,594.90,45.80,105.10,289.60,0.7402,-1,-1,-1
83,82,1377.60,42.90,164.30,453.70,0.8921,-1,-1,-1
83,108,403.50,1.10,96.80,128.50,0.6875,-1,-1,-1
83,61,1581.70,1.50,40.40,84.80,0.6958,-1,-1,-1
83,85,699.10,37.80,126.30,359.30,0.8413,-1,-1,-1
83,111,1104.70,60.90,144.90,390.20,0.9053,-1,-1,-1
83,3,495.00,28.10,118.20,323.60,0.8159,-1,-1,-1
83,27,653.60,44.80,78.40,299.20,0.5283,-1,-1,-1
83,116,852.30,1.70,81.80,241.50,0.8584,-1,-1,-1
83,43,170.40,22.00,138.00,319.80,0.8877,-1,-1,-1
83,58,111.00,70.30,113.30,273.70,0.7891,-1,-1,-1
83,54,1727.60,0.60,36.50,67.30,0.7041,-1,-1,-1
83,40,982.40,4.70,89.80,249.50,0.8701,-1,-1,-1
83,123,774.50,7.20,89.90,222.90,0.7007,-1,-1,-1
84,84,1803.70,15.70,110.00,236.60,0.8604,-1,-1,-1
84,103,467.90,1.70,62.80,102.20,0.5796,-1,-1,-1
84,66,569.80,42.20,108.30,302.10,0.6489,-1,-1,-1
84,82,1455.30,45.10,183.40,504.00,0.9053,-1,-1,-1
84,108,402.40,1.10,93.60,124.80,0.7563,-1,-1,-1
84,85,694.10,36.60,129.20,371.30,0.8369,-1,-1,-1
84,111,1168.50,69.80,160.60,433.10,0.9146,-1,-1,-1
84,27,633.80,44.50,84.90,323.50,0.7319,-1,-1,-1
84,116,866.10,1.40,85.90,253.60,0.8691,-1,-1,-1
84,43,170.90,23.20,136.50,318.30,0.9014,-1,-1,-1
84,58,117.40,66.40,112.50,273.40,0.7993,-1,-1,-1
84,54,1727.80,0.80,36.60,66.90,0.7188,-1,-1,-1
84,40,996.70,4.60,96.00,267.40,0.8770,-1,-1,-1
84,123,772.40,10.40,98.10,243.60,0.8574,-1,-1,-1
84,53,419.60,33.70,189.90,339.70,0.8115,-1,-1,-1
85,103,477.70,2.30,67.50,108.40,0.4736,-1,-1,-1
85,66,566.20,45.40,121.40,335.30,0.8843,-1,-1,-1
85,82,1519.10,48.20,205.50,567.20,0.9048,-1,-1,-1
85,108,395.20,0.80,84.00,114.60,0.5459,-1,-1,-1
85,85,682.40,40.90,135.60,390.90,0.8740,-1,-1,-1
85,111,1238.80,78.50,177.30,478.60,0.9229,-1,-1,-1
85,116,878.30,1.50,90.90,269.40,0.8564,-1,-1,-1
85,43,171.90,24.20,135.10,316.90,0.9019,-1,-1,-1
85,58,116.80,64.30,112.30,275.00,0.8169,-1,-1,-1
85,54,1728.70,0.50,36.60,67.20,0.7744,-1,-1,-1
85,40,1000.80,7.00,103.50,287.90,0.8799,-1,-1,-1
85,123,770.50,11.60,102.30,253.60,0.8555,-1,-1,-1
85,53,398.90,33.10,185.50,351.20,0.8760,-1,-1,-1
85,61,1581.50,1.10,41.10,85.90,0.7168,-1,-1,-1
86,103,469.40,1.60,71.50,116.50,0.7202,-1,-1,-1
86,66,547.30,46.90,127.50,355.60,0.8774,-1,-1,-1
86,82,1623.80,51.40,231.20,634.20,0.8198,-1,-1,-1
86,108,401.20,0.80,82.90,111.60,0.3577,-1,-1,-1
86,85,669.20,42.90,146.00,410.90,0.8770,-1,-1,-1
86,111,1320.00,88.90,202.20,546.50,0.9243,-1,-1,-1
86,116,886.70,4.90,94.90,280.30,0.8755,-1,-1,-1
86,43,172.60,24.50,134.20,316.80,0.9116,-1,-1,-1
86,58,114.00,62.20,112.50,277.50,0.8115,-1,-1,-1
86,54,1727.90,0.50,36.70,67.00,0.7090,-1,-1,-1
86,40,1011.80,10.90,111.20,310.30,0.8569,-1,-1,-1
86,123,769.50,10.90,106.30,262.30,0.7646,-1,-1,-1
86,53,368.80,36.80,182.90,370.60,0.8701,-1,-1,-1
86,130,606.50,2.30,47.00,69.30,0.4805,-1,-1,-1
86,147,407.80,1.00,52.30,73.20,0.3950,-1,-1,-1
86,61,1581.40,1.00,41.40,85.80,0.7358,-1,-1,-1
86,19,1711.80,477.00,163.50,456.20,0.8457,-1,-1,-1
87,103,470.30,1.40,73.10,118.70,0.7993,-1,-1,-1
87,66,553.40,50.90,123.50,347.90,0.5737,-1,-1,-1
87,82,1578.50,98.00,308.30,827.40,0.8682,-1,-1,-1
87,108,402.80,1.10,90.90,122.60,0.7744,-1,-1,-1
87,85,664.20,44.10,154.80,429.60,0.8687,-1,-1,-1
87,111,1400.30,96.30,222.20,605.70,0.8633,-1,-1,-1
87,116,898.90,6.70,99.30,295.10,0.8682,-1,-1,-1
87,43,172.60,25.20,133.50,316.00,0.9097,-1,-1,-1
87,58,111.30,62.80,112.00,277.30,0.8174,-1,-1,-1
87,54,1732.90,1.10,31.90,58.00,0.6768,-1,-1,-1
87,40,1026.00,15.90,119.60,333.20,0.9072,-1,-1,-1
87,123,771.20,7.00,116.50,290.20,0.7871,-1,-1,-1
87,53,335.70,44.70,182.90,387.70,0.8745,-1,-1,-1
87,130,606.40,2.50,46.00,67.90,0.4961,-1,-1,-1
87,61,1581.30,1.10,41.60,86.00,0.7065,-1,-1,-1
87,131,859.90,6.40,54.40,226.80,0.5815,-1,-1,-1
87,3,500.40,55.90,132.90,368.90,0.8394,-1,-1,-1
88,103,475.00,1.50,71.90,114.10,0.7051,-1,-1,-1
88,66,556.40,53.30,126.30,355.40,0.8374,-1,-1,-1
88,82,1601.00,116.70,303.50,818.30,0.8877,-1,-1,-1
88,108,397.60,1.70,91.10,125.60,0.7251,-1,-1,-1
88,85,674.30,47.10,166.00,455.60,0.9082,-1,-1,-1
88,111,1336.90,73.80,300.80,812.40,0.7993,-1,-1,-1
88,116,909.60,7.60,104.10,310.80,0.8501,-1,-1,-1
88,43,172.60,24.40,134.00,318.40,0.8223,-1,-1,-1
88,58,109.70,62.30,112.20,278.70,0.7563,-1,-1,-1
88,54,1729.60,1.10,35.80,64.30,0.7031,-1,-1,-1
88,40,1063.10,20.10,127.80,356.90,0.8765,-1,-1,-1
88,123,774.50,8.60,117.00,294.30,0.7388,-1,-1,-1
88,130,608.50,3.00,44.40,65.80,0.4951,-1,-1,-1
88,61,1581.30,1.10,41.60,86.10,0.6792,-1,-1,-1
88,131,868.90,43.70,47.10,196.00,0.3867,-1,-1,-1
88,3,470.90,62.30,140.40,394.10,0.8779,-1,-1,-1
88,41,265.20,45.50,140.80,427.20,0.8701,-1,-1,-1
88,93,1019.30,3.10,43.70,91.30,0.3943,-1,-1,-1
89,103,474.50,1.00,75.10,119.10,0.6733,-1,-1,-1
89,66,549.70,55.40,136.90,384.40,0.8862,-1,-1,-1
89,82,1666.00,219.40,254.00,809.40,0.9014,-1,-1,-1
89,108,400.80,1.50,84.50,116.40,0.5820,-1,-1,-1
89,85,683.80,53.60,180.30,489.20,0.8979,-1,-1,-1
89,116,920.70,6.70,109.90,329.50,0.8682,-1,-1,-1
89,43,164.30,22.30,127.10,310.10,0.4951,-1,-1,-1
89,58,111.30,65.60,110.00,274.30,0.6982,-1,-1,-1
89,54,1728.80,0.80,36.70,66.20,0.7148,-1,-1,-1
89,40,1115.80,23.20,106.80,290.50,0.8389,-1,-1,-1
89,123,797.40,15.40,95.10,236.60,0.7305,-1,-1,-1
89,130,608.00,3.90,44.40,66.10,0.4805,-1,-1,-1
89,61,1580.80,2.50,40.50,83.80,0.7100,-1,-1,-1
89,131,867.00,25.00,55.60,230.20,0.6470,-1,-1,-1
89,3,437.40,68.40,147.60,418.20,0.9028,-1,-1,-1
89,41,230.50,44.30,149.70,440.30,0.8257,-1,-1,-1
89,93,1021.80,1.60,44.90,95.00,0.5215,-1,-1,-1
89,39,1081.90,1.80,63.00,106.10,0.6479,-1,-1,-1
90,103,474.00,1.00,76.40,121.00,0.6289,-1,-1,-1
90,66,542.40,60.90,145.40,408.70,0.8818,-1,-1,-1
90,108,404.00,1.80,88.30,121.10,0.6768,-1,-1,-1
90,85,681.90,57.00,198.20,535.30,0.8838,-1,-1,-1
90,116,927.50,7.70,117.30,351.40,0.8809,-1,-1,-1
90,54,1727.20,0.60,37.60,67.50,0.7007,-1,-1,-1
90,123,808.90,23.00,96.80,237.50,0.6206,-1,-1,-1
90,130,607.10,3.30,44.90,67.00,0.4006,-1,-1,-1
90,61,1580.90,1.50,41.60,85.40,0.6816,-1,-1,-1
90,131,863.60,18.10,60.60,248.00,0.6143,-1,-1,-1
90,3,411.00,75.00,155.10,441.70,0.8940,-1,-1,-1
90,41,178.10,54.00,166.60,474.10,0.8882,-1,-1,-1
90,93,1022.60,1.40,48.10,99.70,0.4312,-1,-1,-1
90,137,1026.10,40.30,304.90,692.20,0.8877,-1,-1,-1
91,103,472.50,1.00,77.00,122.10,0.6689,-1,-1,-1
91,66,521.50,69.20,155.60,439.10,0.8545,-1,-1,-1
91,108,404.50,1.50,92.40,126.40,0.7373,-1,-1,-1
91,85,660.70,57.70,217.10,578.00,0.8633,-1,-1,-1
91,116,944.70,9.90,89.90,260.90,0.5215,-1,-1,-1
91,54,1726.70,0.90,37.50,67.00,0.6958,-1,-1,-1
91,123,800.20,25.30,100.70,244.90,0.7271,-1,-1,-1
91,130,607.00,3.50,44.70,67.00,0.3567,-1,-1,-1
91,61,1581.50,2.80,40.90,83.60,0.6968,-1,-1,-1
91,131,876.00,44.90,58.40,235.20,0.7319,-1,-1,-1
91,41,115.70,68.50,185.10,516.80,0.8823,-1,-1,-1
91,137,938.10,34.80,268.10,609.40,0.8232,-1,-1,-1
91,140,701.80,1.70,48.20,69.70,0.5273,-1,-1,-1
91,136,1125.00,2.00,87.00,127.10,0.7441,-1,-1,-1
91,114,761.60,1.50,59.10,83.60,0.4951,-1,-1,-1
91,147,392.60,0.00,89.90,127.80,0.5205,-1,-1,-1
91,53,311.90,71.70,213.20,473.10,0.9004,-1,-1,-1
91,43,179.80,24.00,94.40,224.20,0.6733,-1,-1,-1
92,103,472.90,1.00,77.20,121.40,0.6162,-1,-1,-1
92,66,498.30,81.60,167.50,469.10,0.9209,-1,-1,-1
92,108,404.40,1.30,93.90,128.30,0.7671,-1,-1,-1
92,85,651.50,62.70,242.20,637.00,0.8486,-1,-1,-1
92,116,984.20,16.80,88.40,251.10,0.5293,-1,-1,-1
92,54,1725.10,0.90,38.10,67.40,0.7075,-1,-1,-1
92,123,820.10,25.80,82.50,196.20,0.7031,-1,-1,-1
92,130,606.90,2.80,44.70,67.70,0.4534,-1,-1,-1
92,61,1581.20,1.70,41.60,85.00,0.6934,-1,-1,-1
92,41,46.80,73.70,204.20,565.80,0.9058,-1,-1,-1
92,137,857.10,32.20,238.60,544.50,0.8662,-1,-1,-1
92,140,705.50,1.20,58.80,85.40,0.5049,-1,-1,-1
92,136,1152.40,1.80,82.50,132.00,0.6772,-1,-1,-1
92,114,772.30,1.30,55.80,81.00,0.3225,-1,-1,-1
92,53,269.20,88.20,223.00,512.80,0.8950,-1,-1,-1
92,43,169.90,23.90,117.50,283.10,0.8032,-1,-1,-1
93,103,474.90,0.90,75.00,116.80,0.6001,-1,-1,-1
93,66,472.40,94.30,184.60,516.90,0.8691,-1,-1,-1
93,108,399.90,1.40,92.70,128.70,0.7104,-1,-1,-1
93,85,639.00,79.00,275.60,719.00,0.8481,-1,-1,-1
93,116,982.60,20.40,132.80,380.20,0.8843,-1,-1,-1
93,54,1726.50,1.00,38.30,67.00,0.7129,-1,-1,-1
93,130,608.10,3.00,44.70,68.00,0.4551,-1,-1,-1
93,61,1582.30,1.50,41.50,84.90,0.5928,-1,-1,-1
93,41,0.00,81.10,204.50,610.20,0.9219,-1,-1,-1
93,137,785.30,29.90,174.40,398.70,0.5947,-1,-1,-1
93,140,715.90,1.50,61.80,89.80,0.5117,-1,-1,-1
93,53,206.50,103.50,235.80,559.80,0.8994,-1,-1,-1
93,43,178.60,24.40,88.20,205.90,0.6235,-1,-1,-1
93,36,640.00,2.10,61.30,70.40,0.3943,-1,-1,-1
93,83,1212.80,1.50,43.40,136.00,0.6680,-1,-1,-1
93,39,1128.10,2.90,50.10,85.20,0.5620,-1,-1,-1
93,131,885.00,28.60,94.90,384.50,0.6885,-1,-1,-1
94,103,475.80,0.80,77.40,120.00,0.6353,-1,-1,-1
94,66,428.90,107.30,206.10,575.20,0.8936,-1,-1,-1
94,108,404.90,1.50,90.10,124.10,0.7627,-1,-1,-1
94,85,612.70,111.00,312.00,806.00,0.8232,-1,-1,-1
94,116,991.20,17.80,155.50,450.60,0.8237,-1,-1,-1
94,54,1726.80,0.90,38.80,68.40,0.6953,-1,-1,-1
94,130,607.90,2.20,44.60,68.50,0.3269,-1,-1,-1
94,61,1581.30,1.20,42.20,85.70,0.7124,-1,-1,-1
94,41,0.00,167.50,148.60,610.70,0.8535,-1,-1,-1
94,137,734.60,27.40,116.50,261.10,0.6768,-1,-1,-1
94,43,181.80,24.60,90.90,209.20,0.6309,-1,-1,-1
94,36,631.60,2.10,81.80,94.50,0.6724,-1,-1,-1
94,89,1224.80,3.00,70.40,132.50,0.6909,-1,-1,-1
94,131,888.10,29.60,109.00,433.40,0.8774,-1,-1,-1
94,22,109.20,128.80,232.90,633.40,0.9185,-1,-1,-1
94,111,1534.20,79.30,274.90,733.80,0.8799,-1,-1,-1
94,136,1158.70,2.20,60.60,100.80,0.6841,-1,-1,-1
94,114,787.80,1.20,68.70,102.50,0.6494,-1,-1,-1
95,103,474.30,0.80,78.50,121.90,0.6885,-1,-1,-1
95,66,382.40,123.50,234.40,656.50,0.8438,-1,-1,-1
95,108,405.90,1.20,89.30,122.10,0.7124,-1,-1,-1
95,85,587.80,121.60,341.50,885.20,0.8018,-1,-1,-1
95,116,1005.10,18.50,169.60,501.30,0.8696,-1,-1,-1
95,54,1726.20,0.90,38.40,67.60,0.7026,-1,-1,-1
95,130,607.10,2.90,43.50,67.50,0.2798,-1,-1,-1
95,61,1581.50,3.10,41.30,83.40,0.6919,-1,-1,-1
95,137,678.80,23.00,104.00,228.30,0.7822,-1,-1,-1
95,36,629.70,1.70,87.50,102.30,0.5195,-1,-1,-1
95,89,1252.10,2.10,73.20,137.70,0.8467,-1,-1,-1
95,131,891.20,35.60,124.00,481.70,0.8555,-1,-1,-1
95,5,116.80,67.00,76.60,167.00,0.4707,-1,-1,-1
95,73,882.00,20.50,65.40,131.10,0.4795,-1,-1,-1
95,22,55.10,141.20,253.60,690.30,0.8989,-1,-1,-1
95,111,1630.80,85.40,289.20,837.20,0.8477,-1,-1,-1
95,114,795.60,1.20,86.10,135.20,0.7378,-1,-1,-1
95,58,176.00,25.40,124.10,308.80,0.8882,-1,-1,-1
95,83,1202.20,1.20,37.30,108.50,0.6177,-1,-1,-1
96,103,474.90,0.90,79.80,122.70,0.6069,-1,-1,-1
96,66,303.40,142.90,270.60,762.30,0.7847,-1,-1,-1
96,108,406.70,1.20,91.30,124.10,0.7505,-1,-1,-1
96,85,503.90,157.70,353.00,902.20,0.7891,-1,-1,-1
96,116,1028.30,16.00,187.60,562.40,0.8423,-1,-1,-1
96,54,1725.80,0.60,38.50,67.80,0.6968,-1,-1,-1
96,130,604.00,2.70,43.00,68.70,0.3425,-1,-1,-1
96,61,1581.60,3.60,41.00,82.70,0.6919,-1,-1,-1
96,89,1294.10,1.60,75.00,139.70,0.7900,-1,-1,-1
96,131,892.90,45.60,140.10,525.10,0.8667,-1,-1,-1
96,5,100.50,63.50,116.70,255.20,0.7993,-1,-1,-1
96,73,880.00,18.90,72.30,145.20,0.7271,-1,-1,-1
96,22,0.00,169.80,253.90,732.80,0.9189,-1,-1,-1
96,111,1722.50,250.40,197.50,703.90,0.7891,-1,-1,-1
96,114,809.80,0.80,94.50,156.90,0.7212,-1,-1,-1
96,58,179.00,23.40,125.10,313.60,0.8584,-1,-1,-1
96,140,713.60,1.40,100.10,148.70,0.6060,-1,-1,-1
97,103,468.80,1.10,77.30,121.80,0.5830,-1,-1,-1
97,66,300.90,210.90,305.00,807.40,0.8477,-1,-1,-1
97,108,406.80,1.10,93.30,126.20,0.6636,-1,-1,-1
97,116,1048.90,28.40,206.20,625.90,0.8477,-1,-1,-1
97,54,1725.60,0.80,38.60,67.80,0.6895,-1,-1,-1
97,61,1580.90,1.80,42.30,84.90,0.6909,-1,-1,-1
97,89,1352.60,2.20,75.30,139.70,0.8477,-1,-1,-1
97,131,891.60,47.50,159.60,583.50,0.8867,-1,-1,-1
97,5,92.40,60.70,130.10,286.60,0.1741,-1,-1,-1
97,73,881.40,16.90,79.40,160.10,0.6460,-1,-1,-1
97,150,569.20,9.00,165.40,362.30,0.8643,-1,-1,-1
97,140,710.30,2.00,111.70,170.20,0.7739,-1,-1,-1
97,64,0.00,353.80,136.00,705.00,0.8589,-1,-1,-1
97,40,1217.60,62.80,127.30,336.00,0.5840,-1,-1,-1
97,147,391.00,3.10,86.40,127.00,0.5000,-1,-1,-1
97,123,840.30,2.30,77.50,189.80,0.8076,-1,-1,-1
97,53,94.70,183.80,314.70,806.00,0.4756,-1,-1,-1
97,43,186.20,24.00,84.50,188.40,0.7515,-1,-1,-1
98,103,464.60,1.00,76.00,122.10,0.5806,-1,-1,-1
98,66,210.80,307.70,326.40,759.50,0.8999,-1,-1,-1
98,108,407.00,1.60,94.60,127.20,0.7075,-1,-1,-1
98,116,1085.20,44.10,229.30,704.70,0.8364,-1,-1,-1
98,54,1725.40,0.60,38.80,68.10,0.6870,-1,-1,-1
98,61,1580.70,1.00,42.70,85.80,0.7031,-1,-1,-1
98,89,1406.20,2.00,76.20,142.60,0.8384,-1,-1,-1
98,131,888.90,53.20,182.70,643.00,0.8940,-1,-1,-1
98,5,91.90,60.20,135.10,299.20,0.7324,-1,-1,-1
98,73,878.50,18.70,84.40,169.80,0.6704,-1,-1,-1
98,150,555.20,25.10,151.70,332.80,0.8882,-1,-1,-1
98,140,714.50,2.50,117.60,184.50,0.8330,-1,-1,-1
98,64,0.00,291.00,135.20,767.50,0.3496,-1,-1,-1
98,147,393.80,3.20,83.60,126.20,0.5962,-1,-1,-1
98,123,851.50,1.10,76.20,189.50,0.7363,-1,-1,-1
98,93,1024.80,1.80,41.90,87.70,0.3132,-1,-1,-1
98,58,182.30,22.40,125.70,315.60,0.8931,-1,-1,-1
99,103,462.40,1.30,73.30,120.50,0.5078,-1,-1,-1
99,108,406.50,1.60,94.40,126.70,0.7642,-1,-1,-1
99,116,1140.80,50.10,259.10,796.60,0.8159,-1,-1,-1
99,54,1725.40,0.50,38.70,68.00,0.6982,-1,-1,-1
99,61,1580.40,0.70,43.20,86.60,0.7065,-1,-1,-1
99,89,1456.70,1.50,76.40,144.90,0.8003,-1,-1,-1
99,131,908.50,59.10,211.20,725.30,0.9131,-1,-1,-1
99,5,93.20,61.10,134.50,300.10,0.7251,-1,-1,-1
99,73,883.10,18.90,107.40,216.10,0.5303,-1,-1,-1
99,150,519.90,14.10,145.90,321.80,0.8760,-1,-1,-1
99,140,719.60,4.20,124.80,202.10,0.8159,-1,-1,-1
99,147,394.80,2.00,82.00,127.20,0.3225,-1,-1,-1
99,123,855.30,0.10,79.50,202.60,0.6768,-1,-1,-1
99,93,1026.50,2.40,32.70,67.40,0.1619,-1,-1,-1
99,58,182.20,23.10,125.60,315.70,0.8979,-1,-1,-1
99,36,581.90,35.60,168.70,205.70,0.8154,-1,-1,-1
99,53,75.10,453.50,270.60,609.30,0.6807,-1,-1,-1
100,103,464.80,0.50,68.40,114.30,0.4504,-1,-1,-1
100,108,407.00,1.40,94.70,126.70,0.7007,-1,-1,-1
100,116,1200.80,69.60,288.40,893.00,0.8623,-1,-1,-1
100,54,1725.00,2.10,37.50,66.10,0.6836,-1,-1,-1
100,61,1578.90,2.10,42.30,84.50,0.6377,-1,-1,-1
100,89,1514.90,3.30,62.70,120.00,0.6069,-1,-1,-1
100,131,920.10,78.60,256.30,865.50,0.8442,-1,-1,-1
100,5,94.70,61.60,132.70,298.10,0.7456,-1,-1,-1
100,73,872.10,24.90,136.70,277.90,0.8169,-1,-1,-1
100,150,487.70,13.50,137.00,303.10,0.8428,-1,-1,-1
100,140,730.70,4.60,129.70,217.50,0.8628,-1,-1,-1
100,147,397.60,2.40,79.90,125.90,0.5850,-1,-1,-1
100,123,865.60,1.80,61.70,155.50,0.5020,-1,-1,-1
100,93,1025.90,2.00,31.00,64.30,0.1877,-1,-1,-1
100,58,182.60,24.10,125.10,314.70,0.8965,-1,-1,-1
100,36,580.50,39.60,177.40,225.20,0.8711,-1,-1,-1
100,130,607.10,2.60,41.70,66.80,0.3149,-1,-1,-1
101,4,148.90,319.90,277.10,417.00,0.9268,-1,-1,-1
101,21,1287.00,550.50,336.00,520.50,0.9116,-1,-1,-1
101,12,1528.50,423.00,294.00,649.50,0.9014,-1,-1,-1
101,19,478.50,492.00,372.00,582.00,0.8872,-1,-1,-1
101,22,1171.50,257.20,223.50,434.30,0.8608,-1,-1,-1
101,56,997.50,285.20,273.00,631.30,0.8501,-1,-1,-1
101,17,957.00,190.10,87.00,258.80,0.8433,-1,-1,-1
101,41,1458.00,333.60,243.00,331.60,0.8311,-1,-1,-1
101,63,290.60,156.00,75.80,188.60,0.7905,-1,-1,-1
101,23,1299.80,129.80,66.00,154.10,0.7520,-1,-1,-1
101,72,0.00,160.50,63.60,220.10,0.7100,-1,-1,-1
101,24,999.00,101.20,46.50,135.20,0.6953,-1,-1,-1
101,18,1060.50,107.80,45.00,144.20,0.6875,-1,-1,-1
101,14,1495.50,142.50,126.00,303.00,0.6592,-1,-1,-1
101,3,1039.50,194.20,126.00,120.00,0.6406,-1,-1,-1
101,25,937.50,99.50,24.00,66.50,0.6289,-1,-1,-1
101,26,659.60,105.60,30.00,78.30,0.6133,-1,-1,-1
101,120,539.20,93.80,26.30,86.60,0.6084,-1,-1,-1
101,95,1449.00,94.60,27.00,82.10,0.6011,-1,-1,-1
101,116,1102.50,114.20,46.50,105.60,0.5957,-1,-1,-1
101,59,612.00,421.50,100.50,271.50,0.5488,-1,-1,-1
101,27,1599.00,110.60,42.00,131.30,0.5127,-1,-1,-1
101,37,1174.50,146.70,42.00,122.90,0.4971,-1,-1,-1
101,28,1707.00,70.60,24.00,63.00,0.4883,-1,-1,-1
101,7,365.80,163.30,76.70,199.10,0.4678,-1,-1,-1
101,20,1812.00,391.50,108.00,571.50,0.3647,-1,-1,-1
101,6,360.40,157.40,51.70,198.10,0.2837,-1,-1,-1
101,92,1824.00,569.60,96.00,396.40,0.2766,-1,-1,-1
102,21,1282.90,550.50,336.30,520.50,0.8857,-1,-1,-1
102,12,1520.20,428.20,292.40,645.60,0.8989,-1,-1,-1
102,19,548.60,492.00,368.50,580.70,0.7622,-1,-1,-1
102,22,1097.90,276.30,304.30,596.10,0.8296,-1,-1,-1
102,17,920.60,178.70,85.60,254.60,0.8613,-1,-1,-1
102,41,1426.70,261.50,253.50,348.40,0.8066,-1,-1,-1
102,23,1317.90,138.70,66.20,154.40,0.7622,-1,-1,-1
102,72,12.80,150.80,68.60,236.70,0.1913,-1,-1,-1
102,24,999.40,102.70,47.00,136.70,0.6426,-1,-1,-1
102,18,1073.10,108.30,45.80,146.00,0.6426,-1,-1,-1
102,14,1487.40,138.60,98.00,233.70,0.5244,-1,-1,-1
102,3,958.20,190.00,226.20,218.00,0.8745,-1,-1,-1
102,25,937.40,98.10,24.20,67.40,0.4658,-1,-1,-1
102,26,669.80,108.20,29.80,77.70,0.5869,-1,-1,-1
102,95,1447.10,95.00,25.60,78.20,0.4495,-1,-1,-1
102,27,1599.40,111.80,41.20,128.90,0.6206,-1,-1,-1
102,37,1162.30,142.40,43.00,125.60,0.6040,-1,-1,-1
102,28,1707.20,71.60,23.60,61.70,0.4514,-1,-1,-1
102,7,390.50,151.80,75.60,196.80,0.6875,-1,-1,-1
102,20,1795.00,424.00,110.80,583.30,0.6982,-1,-1,-1
102,6,345.50,154.90,47.60,180.40,0.8442,-1,-1,-1
103,21,1290.60,554.00,336.00,519.30,0.8906,-1,-1,-1
103,12,1519.80,432.60,290.10,639.10,0.8872,-1,-1,-1
103,19,679.90,513.10,352.80,559.40,0.7739,-1,-1,-1
103,22,1193.40,278.70,263.20,519.20,0.8291,-1,-1,-1
103,17,886.80,174.10,80.50,239.10,0.8779,-1,-1,-1
103,23,1346.50,142.10,65.40,152.80,0.8223,-1,-1,-1
103,24,1003.60,103.10,37.70,108.70,0.5371,-1,-1,-1
103,18,1068.30,106.80,48.30,153.50,0.6895,-1,-1,-1
103,14,1455.10,169.20,108.90,261.30,0.7871,-1,-1,-1
103,3,931.80,195.20,221.10,216.60,0.8867,-1,-1,-1
103,25,937.30,98.40,24.40,67.70,0.5195,-1,-1,-1
103,26,681.70,107.40,30.60,79.90,0.6206,-1,-1,-1
103,27,1599.40,111.70,41.20,128.50,0.5469,-1,-1,-1
103,28,1708.30,71.20,23.70,62.50,0.4006,-1,-1,-1
103,20,1803.60,478.90,104.40,545.80,0.7568,-1,-1,-1
103,6,364.30,151.90,46.70,174.70,0.7646,-1,-1,-1
103,15,44.70,284.70,134.00,525.60,0.8579,-1,-1,-1
103,54,272.70,133.20,57.70,142.70,0.6978,-1,-1,-1
103,55,312.20,114.90,32.60,112.00,0.5371,-1,-1,-1
103,59,576.70,322.00,160.00,428.90,0.8755,-1,-1,-1
104,21,1311.70,554.00,337.60,520.10,0.8633,-1,-1,-1
104,12,1525.40,451.20,282.80,619.80,0.8481,-1,-1,-1
104,17,854.00,169.20,77.10,228.20,0.8433,-1,-1,-1
104,23,1373.00,139.30,68.60,160.60,0.8203,-1,-1,-1
104,24,998.80,103.50,45.70,132.30,0.5254,-1,-1,-1
104,18,1075.70,107.90,46.40,147.80,0.4561,-1,-1,-1
104,3,888.20,181.50,217.00,217.70,0.8452,-1,-1,-1
104,25,937.40,99.30,24.20,67.00,0.3857,-1,-1,-1
104,26,687.70,105.90,31.60,82.90,0.6460,-1,-1,-1
104,28,1708.90,72.00,23.30,61.40,0.3804,-1,-1,-1
104,20,1794.60,355.90,125.40,704.50,0.2120,-1,-1,-1
104,6,362.80,148.30,45.20,167.80,0.7920,-1,-1,-1
104,15,38.60,314.70,141.30,548.60,0.8687,-1,-1,-1
104,54,273.60,132.80,56.40,139.10,0.6387,-1,-1,-1
104,55,312.10,114.90,32.80,112.40,0.5698,-1,-1,-1
104,43,1548.60,132.80,87.00,318.40,0.7212,-1,-1,-1
104,13,68.80,168.40,78.70,163.00,0.7808,-1,-1,-1
104,4,123.90,336.00,326.00,499.30,0.8164,-1,-1,-1
104,56,973.30,511.70,244.10,555.20,0.8145,-1,-1,-1
104,41,1366.80,275.40,246.30,340.50,0.6548,-1,-1,-1
104,37,1173.40,129.20,43.20,125.40,0.7676,-1,-1,-1
104,7,398.10,147.90,66.70,173.90,0.7773,-1,-1,-1
105,21,1301.70,553.60,339.30,519.50,0.8970,-1,-1,-1
105,12,1530.70,446.10,285.00,626.40,0.9062,-1,-1,-1
105,17,828.20,163.00,73.00,216.30,0.8779,-1,-1,-1
105,23,1399.20,132.60,69.60,163.90,0.7578,-1,-1,-1
105,24,997.70,103.40,47.40,138.50,0.5747,-1,-1,-1
105,18,1080.70,108.30,47.50,151.10,0.6943,-1,-1,-1
105,3,857.80,171.40,203.10,209.50,0.8296,-1,-1,-1
105,25,937.70,99.70,23.60,65.50,0.3767,-1,-1,-1
105,26,694.30,106.60,31.20,81.80,0.5049,-1,-1,-1
105,28,1708.00,72.60,23.00,60.60,0.3638,-1,-1,-1
105,6,377.50,144.60,45.30,167.50,0.8237,-1,-1,-1
105,15,10.20,283.50,133.90,519.80,0.8105,-1,-1,-1
105,54,273.20,130.90,57.10,140.90,0.6187,-1,-1,-1
105,55,313.90,114.50,32.70,112.40,0.5649,-1,-1,-1
105,43,1564.70,138.90,72.50,264.60,0.7798,-1,-1,-1
105,13,84.00,166.80,80.30,167.10,0.7124,-1,-1,-1
105,61,0.00,138.90,46.50,162.50,0.5591,-1,-1,-1
105,4,110.00,382.10,356.70,552.20,0.8818,-1,-1,-1
105,56,1019.40,543.80,236.70,534.60,0.8501,-1,-1,-1
105,7,413.20,144.60,63.00,165.40,0.8477,-1,-1,-1
105,14,1466.40,175.70,112.10,270.10,0.8076,-1,-1,-1
106,21,1309.30,554.00,341.70,518.80,0.8862,-1,-1,-1
106,12,1535.90,442.10,287.30,629.90,0.8857,-1,-1,-1
106,17,805.00,157.70,71.50,211.20,0.8525,-1,-1,-1
106,23,1410.10,126.00,68.80,162.80,0.7744,-1,-1,-1
106,24,999.20,103.50,48.50,141.80,0.7769,-1,-1,-1
106,18,1089.00,109.40,46.00,146.50,0.6470,-1,-1,-1
106,3,828.70,165.70,186.00,197.60,0.8608,-1,-1,-1
106,25,936.40,99.40,24.00,66.60,0.5459,-1,-1,-1
106,26,702.20,106.10,30.40,80.40,0.2394,-1,-1,-1
106,28,1707.30,71.50,23.70,62.30,0.3840,-1,-1,-1
106,6,390.70,139.90,44.80,161.80,0.8691,-1,-1,-1
106,54,275.20,131.10,56.70,139.90,0.4951,-1,-1,-1
106,55,313.50,114.40,32.30,110.80,0.4727,-1,-1,-1
106,43,1555.20,139.20,84.30,307.10,0.7822,-1,-1,-1
106,13,103.50,163.60,79.60,166.30,0.7656,-1,-1,-1
106,61,0.00,133.30,42.90,170.40,0.5879,-1,-1,-1
106,4,111.50,348.60,324.30,505.80,0.8882,-1,-1,-1
106,56,1061.50,564.50,231.40,515.50,0.7285,-1,-1,-1
106,7,437.60,140.10,63.00,164.10,0.8037,-1,-1,-1
106,14,1466.90,178.00,109.60,266.10,0.8433,-1,-1,-1
106,59,516.50,329.70,189.20,510.20,0.5303,-1,-1,-1
107,21,1324.30,553.30,341.60,517.80,0.8667,-1,-1,-1
107,12,1533.30,440.50,286.30,630.70,0.7793,-1,-1,-1
107,17,782.80,153.60,67.00,197.60,0.8535,-1,-1,-1
107,23,1407.80,122.80,66.10,157.00,0.7993,-1,-1,-1
107,24,1001.00,103.80,48.40,142.00,0.5918,-1,-1,-1
107,18,1097.10,108.50,47.40,150.50,0.7964,-1,-1,-1
107,3,806.20,160.80,168.60,185.70,0.8374,-1,-1,-1
107,25,936.60,99.40,24.00,66.70,0.5459,-1,-1,-1
107,26,709.90,107.00,29.50,78.00,0.4658,-1,-1,-1
107,28,1707.20,71.80,23.70,62.40,0.4590,-1,-1,-1
107,6,406.90,137.20,43.10,153.70,0.8779,-1,-1,-1
107,55,312.90,113.50,33.00,112.40,0.5908,-1,-1,-1
107,43,1552.20,135.10,88.80,322.50,0.7769,-1,-1,-1
107,13,113.10,173.50,79.60,165.20,0.5928,-1,-1,-1
107,61,0.00,130.00,42.00,187.50,0.4951,-1,-1,-1
107,56,1088.50,562.40,234.90,515.80,0.4417,-1,-1,-1
107,7,450.60,135.80,60.90,159.30,0.7661,-1,-1,-1
107,14,1459.10,176.70,108.00,265.60,0.8198,-1,-1,-1
107,84,334.10,350.70,254.30,494.10,0.8950,-1,-1,-1
107,67,523.60,136.80,61.90,164.30,0.7139,-1,-1,-1
107,68,1676.90,69.80,24.20,62.50,0.3201,-1,-1,-1
107,69,1228.20,109.80,36.00,86.80,0.4805,-1,-1,-1
107,63,274.10,154.90,79.90,198.20,0.8110,-1,-1,-1
107,20,1757.70,320.10,138.50,708.50,0.7671,-1,-1,-1
107,41,1253.80,305.70,264.20,374.30,0.8447,-1,-1,-1
108,21,1332.70,547.80,344.20,523.70,0.8667,-1,-1,-1
108,12,1535.50,439.80,285.60,631.70,0.8604,-1,-1,-1
108,17,757.10,151.30,62.90,183.30,0.8506,-1,-1,-1
108,23,1401.40,124.20,61.60,147.30,0.8193,-1,-1,-1
108,24,1003.80,103.70,48.30,141.20,0.7339,-1,-1,-1
108,18,1095.80,107.20,48.80,153.70,0.7788,-1,-1,-1
108,3,782.90,155.40,156.00,177.20,0.8081,-1,-1,-1
108,25,936.20,100.00,23.80,66.40,0.5991,-1,-1,-1
108,26,709.90,106.90,35.50,95.80,0.1067,-1,-1,-1
108,28,1707.20,71.80,23.60,62.10,0.3621,-1,-1,-1
108,6,416.40,135.60,43.30,150.60,0.8657,-1,-1,-1
108,43,1561.90,137.30,79.20,281.80,0.8091,-1,-1,-1
108,13,133.50,170.00,81.10,167.90,0.7051,-1,-1,-1
108,56,1123.40,559.20,235.10,518.40,0.4873,-1,-1,-1
108,7,463.90,134.00,59.00,153.70,0.8018,-1,-1,-1
108,14,1459.10,175.30,106.30,262.70,0.8154,-1,-1,-1
108,67,529.10,130.30,60.70,160.90,0.7773,-1,-1,-1
108,68,1677.30,70.30,23.40,60.90,0.2494,-1,-1,-1
108,69,1229.80,109.40,35.60,86.40,0.4932,-1,-1,-1
108,77,971.20,128.50,35.80,106.30,0.6875,-1,-1,-1
108,93,1218.40,106.90,42.40,87.90,0.3320,-1,-1,-1
108,63,296.00,151.10,77.00,190.30,0.7993,-1,-1,-1
108,20,1777.30,432.00,118.60,587.60,0.8027,-1,-1,-1
108,19,1034.80,544.00,330.80,526.10,0.3066,-1,-1,-1
108,15,0.00,328.20,165.20,721.80,0.7881,-1,-1,-1
108,54,268.90,130.40,58.00,144.50,0.4766,-1,-1,-1
108,59,517.50,334.10,189.20,494.90,0.8682,-1,-1,-1
109,21,1344.80,543.30,346.90,528.90,0.8623,-1,-1,-1
109,12,1537.00,438.90,281.80,631.20,0.7358,-1,-1,-1
109,17,736.10,148.50,59.90,173.60,0.8203,-1,-1,-1
109,24,1001.40,102.90,48.00,141.50,0.6953,-1,-1,-1
109,18,1097.50,108.60,48.50,153.00,0.7769,-1,-1,-1
109,3,762.90,145.60,148.40,175.90,0.7778,-1,-1,-1
109,25,938.00,99.40,23.00,64.30,0.2815,-1,-1,-1
109,28,1707.20,72.10,23.50,61.70,0.2494,-1,-1,-1
109,6,429.20,134.50,42.40,144.80,0.8408,-1,-1,-1
109,43,1555.80,135.40,88.40,312.50,0.7798,-1,-1,-1
109,13,155.50,156.80,82.70,172.40,0.7593,-1,-1,-1
109,7,474.20,128.00,59.00,154.70,0.8223,-1,-1,-1
109,14,1461.30,175.90,105.80,263.90,0.8032,-1,-1,-1
109,67,543.90,124.20,60.80,160.90,0.7373,-1,-1,-1
109,68,1677.60,70.10,22.80,59.40,0.1749,-1,-1,-1
109,69,1234.20,111.10,34.70,84.10,0.4312,-1,-1,-1
109,63,316.70,148.40,73.70,181.30,0.8442,-1,-1,-1
109,20,1773.70,364.60,103.80,496.40,0.6934,-1,-1,-1
109,19,1054.60,545.50,329.60,526.70,0.8125,-1,-1,-1
109,15,5.60,316.40,198.30,763.60,0.8774,-1,-1,-1
109,54,271.40,131.10,57.30,142.30,0.6333,-1,-1,-1
110,21,1350.70,543.20,346.30,528.70,0.7549,-1,-1,-1
110,12,1554.90,439.60,278.10,628.40,0.7988,-1,-1,-1
110,17,719.20,142.10,58.10,168.30,0.8145,-1,-1,-1
110,24,998.20,102.70,47.40,140.20,0.6851,-1,-1,-1
110,18,1097.70,110.20,47.90,151.80,0.7993,-1,-1,-1
110,3,745.30,145.90,134.90,165.60,0.8433,-1,-1,-1
110,28,1707.00,71.40,24.00,63.10,0.4072,-1,-1,-1
110,6,436.60,133.80,42.50,143.60,0.8296,-1,-1,-1
110,43,1551.60,132.20,91.90,324.40,0.8062,-1,-1,-1
110,13,166.90,157.30,76.90,160.00,0.7041,-1,-1,-1
110,7,488.60,124.70,57.80,151.70,0.7593,-1,-1,-1
110,14,1461.70,177.70,105.60,264.40,0.8354,-1,-1,-1
110,67,558.80,120.30,59.00,155.60,0.7637,-1,-1,-1
110,68,1678.70,70.30,22.90,59.90,0.1683,-1,-1,-1
110,69,1240.50,110.90,34.70,84.60,0.5010,-1,-1,-1
110,63,340.10,144.00,69.10,170.40,0.7593,-1,-1,-1
110,19,1099.20,544.70,323.10,527.60,0.5869,-1,-1,-1
110,15,0.00,337.30,175.90,735.10,0.1221,-1,-1,-1
110,54,273.10,130.50,57.30,141.90,0.6807,-1,-1,-1
110,82,1374.10,121.90,55.60,136.60,0.7871,-1,-1,-1
110,83,1541.20,111.60,35.20,102.20,0.5820,-1,-1,-1
110,72,54.50,190.30,52.00,169.30,0.7842,-1,-1,-1
110,4,0.00,368.40,411.60,694.40,0.8965,-1,-1,-1
110,55,313.20,115.80,32.20,109.90,0.6011,-1,-1,-1
110,61,0.00,132.50,42.20,169.10,0.6040,-1,-1,-1
110,41,1114.60,373.90,218.60,318.80,0.7925,-1,-1,-1
110,77,968.80,126.60,34.10,101.70,0.4121,-1,-1,-1
111,21,1361.50,547.70,344.40,525.60,0.7153,-1,-1,-1
111,12,1587.90,438.80,235.90,525.30,0.7090,-1,-1,-1
111,17,703.40,137.50,56.10,162.60,0.8423,-1,-1,-1
111,24,993.90,103.40,47.30,141.20,0.6143,-1,-1,-1
111,18,1096.80,109.00,48.20,152.70,0.7656,-1,-1,-1
111,3,728.70,136.90,127.80,163.90,0.8018,-1,-1,-1
111,28,1706.20,71.70,23.60,62.50,0.2568,-1,-1,-1
111,6,443.50,130.60,42.50,140.40,0.7964,-1,-1,-1
111,43,1551.60,131.30,94.00,328.40,0.8101,-1,-1,-1
111,13,177.10,157.50,71.30,149.30,0.6533,-1,-1,-1
111,7,499.10,122.90,54.30,143.10,0.8516,-1,-1,-1
111,14,1463.20,178.50,77.80,182.70,0.5991,-1,-1,-1
111,67,570.50,117.10,55.40,145.90,0.7104,-1,-1,-1
111,68,1676.60,71.70,30.00,79.30,0.2415,-1,-1,-1
111,69,1244.10,111.50,34.60,84.70,0.4026,-1,-1,-1
111,63,354.70,140.20,68.10,167.60,0.7930,-1,-1,-1
111,19,1107.90,546.30,323.00,526.00,0.6436,-1,-1,-1
111,15,0.00,289.00,147.40,658.60,0.7598,-1,-1,-1
111,54,273.60,130.40,57.20,141.40,0.6318,-1,-1,-1
111,82,1368.30,119.30,54.30,133.60,0.8042,-1,-1,-1
111,83,1534.80,111.70,38.20,110.60,0.5234,-1,-1,-1
111,55,313.00,116.10,32.40,110.50,0.5659,-1,-1,-1
111,77,965.40,123.20,34.00,102.20,0.2207,-1,-1,-1
111,22,1372.60,292.80,198.10,405.40,0.7773,-1,-1,-1
111,84,208.40,431.30,329.70,641.00,0.9263,-1,-1,-1
112,21,1365.70,549.00,344.00,523.30,0.8311,-1,-1,-1
112,12,1608.80,439.50,213.50,469.80,0.7583,-1,-1,-1
112,17,687.10,134.20,55.10,159.60,0.8018,-1,-1,-1
112,24,997.10,103.90,47.60,141.20,0.7520,-1,-1,-1
112,18,1096.90,108.60,48.30,153.10,0.7661,-1,-1,-1
112,3,714.00,131.60,121.90,162.30,0.8105,-1,-1,-1
112,28,1701.70,71.90,29.80,80.50,0.4197,-1,-1,-1
112,6,451.10,128.00,42.10,138.00,0.7788,-1,-1,-1
112,43,1558.10,131.20,87.70,294.80,0.5557,-1,-1,-1
112,13,183.00,179.50,88.30,187.00,0.7676,-1,-1,-1
112,7,504.90,121.70,52.90,139.40,0.7827,-1,-1,-1
112,14,1445.90,178.70,94.70,222.00,0.8340,-1,-1,-1
112,67,579.90,116.10,54.20,142.10,0.7949,-1,-1,-1
112,68,1672.00,72.20,34.60,92.30,0.3933,-1,-1,-1
112,69,1245.10,110.40,34.70,85.70,0.4805,-1,-1,-1
112,63,367.40,138.00,65.20,161.00,0.7778,-1,-1,-1
112,19,1112.10,557.30,320.20,515.50,0.8823,-1,-1,-1
112,15,7.20,294.90,164.90,641.70,0.8926,-1,-1,-1
112,54,273.60,129.70,57.10,140.90,0.5537,-1,-1,-1
112,82,1370.80,114.00,54.40,133.20,0.7822,-1,-1,-1
112,83,1529.30,111.50,41.50,120.30,0.5796,-1,-1,-1
112,55,313.20,116.50,32.60,109.80,0.6040,-1,-1,-1
112,85,1262.40,456.00,178.20,257.00,0.5264,-1,-1,-1
112,22,1432.20,354.00,166.00,334.50,0.5757,-1,-1,-1
112,84,205.20,418.00,271.20,532.60,0.9023,-1,-1,-1
112,59,460.70,462.20,236.60,586.10,0.9385,-1,-1,-1
112,72,63.00,164.30,53.20,172.40,0.6929,-1,-1,-1
112,41,979.10,393.00,281.90,426.20,0.8354,-1,-1,-1
113,21,1365.70,547.20,346.90,526.30,0.8774,-1,-1,-1
113,12,1605.30,440.80,208.90,457.10,0.6982,-1,-1,-1
113,17,674.10,131.70,52.60,152.90,0.7695,-1,-1,-1
113,24,1001.50,103.20,48.40,143.70,0.6655,-1,-1,-1
113,18,1097.40,108.80,48.10,152.10,0.7959,-1,-1,-1
113,3,711.10,134.00,107.90,149.50,0.7695,-1,-1,-1
113,6,457.00,124.70,42.10,135.60,0.7637,-1,-1,-1
113,43,1559.70,135.50,95.50,313.80,0.8486,-1,-1,-1
113,13,224.50,180.20,91.20,194.30,0.7739,-1,-1,-1
113,7,511.50,120.10,50.70,133.90,0.8291,-1,-1,-1
113,14,1436.50,179.30,105.60,249.30,0.8516,-1,-1,-1
113,67,588.60,115.60,52.40,135.80,0.7393,-1,-1,-1
113,69,1245.10,111.00,34.10,85.00,0.3701,-1,-1,-1
113,63,373.80,135.80,61.80,153.30,0.8066,-1,-1,-1
113,19,1100.40,561.70,316.50,511.70,0.5449,-1,-1,-1
113,82,1364.40,111.20,53.20,130.90,0.7832,-1,-1,-1
113,83,1523.10,112.20,51.40,148.90,0.1409,-1,-1,-1
113,55,312.60,114.30,33.60,112.50,0.5039,-1,-1,-1
113,85,1299.10,452.40,182.00,263.20,0.7705,-1,-1,-1
113,52,1830.10,187.60,65.20,196.30,0.6226,-1,-1,-1
113,59,439.50,434.50,213.30,512.40,0.9019,-1,-1,-1
113,20,1780.70,284.90,65.20,294.60,0.6372,-1,-1,-1
113,4,0.00,374.20,427.00,705.80,0.8989,-1,-1,-1
114,21,1385.20,545.30,344.20,526.60,0.8452,-1,-1,-1
114,12,1594.80,438.00,240.70,527.60,0.7720,-1,-1,-1
114,17,664.40,128.00,50.50,146.50,0.8115,-1,-1,-1
114,24,1003.30,107.20,46.40,138.90,0.7407,-1,-1,-1
114,18,1098.00,108.70,48.10,151.90,0.7852,-1,-1,-1
114,3,702.20,133.90,98.20,140.70,0.7153,-1,-1,-1
114,6,466.40,122.70,40.60,129.70,0.7407,-1,-1,-1
114,43,1566.20,134.40,102.00,323.40,0.8008,-1,-1,-1
114,13,273.00,179.20,88.80,189.60,0.7920,-1,-1,-1
114,7,517.80,118.90,49.30,131.10,0.7637,-1,-1,-1
114,14,1438.90,179.70,101.80,240.20,0.7285,-1,-1,-1
114,67,594.10,115.10,51.60,133.30,0.5439,-1,-1,-1
114,69,1243.60,110.50,33.60,84.50,0.4167,-1,-1,-1
114,63,381.90,133.30,57.30,143.40,0.7920,-1,-1,-1
114,19,1148.00,648.00,278.80,426.60,0.5391,-1,-1,-1
114,82,1368.70,110.60,51.20,126.10,0.7124,-1,-1,-1
114,55,312.20,114.90,29.80,95.20,0.1188,-1,-1,-1
114,85,1310.70,452.80,177.20,256.80,0.8105,-1,-1,-1
114,52,1816.00,184.10,66.00,198.40,0.8291,-1,-1,-1
114,62,200.60,150.30,53.00,130.90,0.4668,-1,-1,-1
114,77,968.40,116.70,32.60,97.20,0.5059,-1,-1,-1
114,22,1438.30,369.70,157.60,311.00,0.8618,-1,-1,-1
114,84,162.80,423.00,325.80,638.50,0.9619,-1,-1,-1
115,21,1363.60,548.60,342.90,523.70,0.8979,-1,-1,-1
115,12,1589.30,433.20,251.60,553.50,0.8237,-1,-1,-1
115,17,656.40,124.00,49.50,143.60,0.7866,-1,-1,-1
115,24,1004.50,108.70,45.60,137.60,0.7671,-1,-1,-1
115,18,1098.70,109.20,47.90,151.30,0.7798,-1,-1,-1
115,3,696.00,131.30,90.50,135.00,0.7612,-1,-1,-1
115,6,473.00,120.30,41.00,129.80,0.7583,-1,-1,-1
115,43,1552.80,135.00,102.70,324.30,0.8115,-1,-1,-1
115,13,317.50,171.70,86.70,186.20,0.8257,-1,-1,-1
115,7,531.50,116.40,49.90,131.70,0.7217,-1,-1,-1
115,14,1439.50,181.10,107.80,256.40,0.7983,-1,-1,-1
115,67,595.10,114.80,49.80,127.80,0.6479,-1,-1,-1
115,69,1239.70,109.60,33.70,85.60,0.4216,-1,-1,-1
115,63,388.10,128.90,56.50,141.20,0.7656,-1,-1,-1
115,19,1075.90,565.40,325.60,506.90,0.7178,-1,-1,-1
115,82,1374.10,108.90,49.40,121.90,0.7017,-1,-1,-1
115,55,310.50,114.10,32.90,104.00,0.5049,-1,-1,-1
115,85,1251.80,450.40,282.70,416.90,0.7017,-1,-1,-1
115,52,1802.40,182.00,65.60,197.20,0.8394,-1,-1,-1
115,42,142.00,147.40,52.30,149.70,0.7612,-1,-1,-1
115,84,227.50,454.90,320.80,625.10,0.9326,-1,-1,-1
115,54,268.70,131.30,56.20,138.20,0.4065,-1,-1,-1
115,41,778.30,422.80,321.30,496.00,0.9277,-1,-1,-1
115,83,1524.70,113.00,44.20,127.90,0.4648,-1,-1,-1
116,21,1361.00,552.80,340.50,519.60,0.9092,-1,-1,-1
116,12,1586.20,432.20,249.50,549.50,0.8628,-1,-1,-1
116,17,650.50,122.10,47.40,137.90,0.7075,-1,-1,-1
116,24,1004.70,109.90,44.80,135.80,0.7505,-1,-1,-1
116,18,1098.80,109.20,48.00,151.20,0.8018,-1,-1,-1
116,3,688.50,129.50,85.60,131.90,0.7866,-1,-1,-1
116,6,484.10,120.10,40.50,126.40,0.7476,-1,-1,-1
116,43,1545.50,131.10,103.00,328.80,0.7744,-1,-1,-1
116,13,356.60,168.10,86.40,186.50,0.7905,-1,-1,-1
116,7,539.10,115.00,48.20,127.90,0.7305,-1,-1,-1
116,14,1434.90,180.40,110.00,262.70,0.8667,-1,-1,-1
116,67,597.60,113.40,49.20,125.20,0.6899,-1,-1,-1
116,69,1236.10,110.10,33.00,85.20,0.3408,-1,-1,-1
116,63,398.30,128.40,51.00,127.70,0.5679,-1,-1,-1
116,19,1071.30,544.80,337.90,527.80,0.7959,-1,-1,-1
116,55,310.40,114.40,34.30,108.40,0.5815,-1,-1,-1
116,85,1249.90,453.40,286.30,428.40,0.7104,-1,-1,-1
116,52,1802.60,178.70,66.30,200.00,0.8267,-1,-1,-1
116,42,150.00,141.10,50.40,144.20,0.7905,-1,-1,-1
116,96,840.00,116.50,31.80,95.00,0.7017,-1,-1,-1
116,54,270.60,131.30,58.10,142.30,0.5859,-1,-1,-1
116,83,1528.10,112.70,42.20,121.50,0.4263,-1,-1,-1
116,92,1793.60,444.30,126.40,541.10,0.7695,-1,-1,-1
116,59,523.80,504.80,260.30,556.90,0.9414,-1,-1,-1
117,21,1362.20,555.90,338.90,517.10,0.8862,-1,-1,-1
117,12,1590.40,435.40,249.30,548.40,0.8657,-1,-1,-1
117,17,644.30,120.60,46.10,134.10,0.7124,-1,-1,-1
117,24,1004.20,110.40,44.60,135.30,0.7686,-1,-1,-1
117,18,1096.40,107.40,48.90,153.20,0.8193,-1,-1,-1
117,3,680.20,126.20,79.70,127.10,0.7192,-1,-1,-1
117,6,495.10,119.60,39.80,122.50,0.8066,-1,-1,-1
117,43,1527.80,128.80,105.30,328.80,0.7563,-1,-1,-1
117,13,386.00,162.70,79.60,173.00,0.8291,-1,-1,-1
117,7,545.70,113.00,47.00,124.90,0.7808,-1,-1,-1
117,14,1434.60,179.20,110.10,265.70,0.7900,-1,-1,-1
117,67,601.20,111.60,47.10,120.20,0.6011,-1,-1,-1
117,69,1235.00,110.30,32.10,83.20,0.3364,-1,-1,-1
117,63,412.50,126.10,37.50,88.00,0.3425,-1,-1,-1
117,19,1057.40,539.00,335.00,533.70,0.8208,-1,-1,-1
117,55,310.30,114.80,35.40,112.00,0.5659,-1,-1,-1
117,85,1211.10,454.80,352.60,540.70,0.6748,-1,-1,-1
117,52,1810.30,184.40,65.00,196.70,0.8184,-1,-1,-1
117,42,163.90,137.30,48.30,138.20,0.7891,-1,-1,-1
117,96,851.20,114.10,31.40,93.90,0.5830,-1,-1,-1
117,54,270.00,131.20,58.10,140.80,0.6934,-1,-1,-1
117,83,1531.70,112.40,36.80,104.70,0.5430,-1,-1,-1
117,93,1221.70,109.10,40.60,83.30,0.2690,-1,-1,-1
117,82,1369.70,115.40,74.30,184.10,0.8081,-1,-1,-1
117,41,683.80,564.60,324.60,480.60,0.9370,-1,-1,-1
118,21,1361.50,557.00,338.40,515.20,0.8867,-1,-1,-1
118,12,1588.80,436.10,253.50,556.90,0.8979,-1,-1,-1
118,17,641.50,118.40,44.20,128.20,0.6978,-1,-1,-1
118,24,1003.00,111.00,44.60,134.90,0.7549,-1,-1,-1
118,18,1094.60,108.60,48.80,152.10,0.8262,-1,-1,-1
118,3,675.60,124.20,75.90,124.30,0.7563,-1,-1,-1
118,6,510.10,117.70,40.00,119.30,0.7363,-1,-1,-1
118,43,1503.00,130.20,111.20,326.60,0.7471,-1,-1,-1
118,13,404.60,156.50,76.70,168.40,0.6968,-1,-1,-1
118,7,548.70,109.50,46.60,124.80,0.7534,-1,-1,-1
118,14,1434.80,178.80,109.60,267.10,0.7520,-1,-1,-1
118,67,604.60,108.30,47.30,120.80,0.6680,-1,-1,-1
118,69,1233.50,107.60,33.00,87.20,0.3123,-1,-1,-1
118,19,1059.00,651.30,286.40,421.90,0.8682,-1,-1,-1
118,55,312.20,123.40,38.60,121.00,0.4436,-1,-1,-1
118,85,1223.20,457.10,315.30,493.90,0.6978,-1,-1,-1
118,42,181.80,134.50,46.10,131.60,0.7446,-1,-1,-1
118,54,272.40,129.50,60.90,147.40,0.5786,-1,-1,-1
118,83,1530.10,113.20,36.90,104.30,0.5669,-1,-1,-1
118,99,815.10,115.80,30.30,90.60,0.6841,-1,-1,-1
118,93,1222.50,107.40,42.40,87.90,0.3914,-1,-1,-1
118,82,1358.80,114.70,77.40,192.50,0.8442,-1,-1,-1
118,25,938.10,101.00,22.80,62.60,0.3081,-1,-1,-1
118,15,0.00,221.80,112.50,505.00,0.8423,-1,-1,-1
119,21,1354.10,557.40,338.20,514.50,0.9009,-1,-1,-1
119,12,1587.20,437.30,255.00,562.70,0.8989,-1,-1,-1
119,17,638.60,115.60,43.00,124.40,0.6860,-1,-1,-1
119,24,1003.30,110.00,44.90,135.80,0.7734,-1,-1,-1
119,18,1092.70,107.60,49.20,153.40,0.8442,-1,-1,-1
119,3,672.90,120.60,70.30,118.90,0.6768,-1,-1,-1
119,6,520.10,115.60,39.70,117.70,0.7461,-1,-1,-1
119,43,1519.90,131.00,110.00,325.90,0.8457,-1,-1,-1
119,13,412.90,154.90,71.80,159.00,0.7192,-1,-1,-1
119,7,552.70,107.40,43.60,118.80,0.6084,-1,-1,-1
119,14,1434.70,178.50,109.10,267.10,0.8301,-1,-1,-1
119,67,607.50,106.30,45.20,116.10,0.6934,-1,-1,-1
119,69,1234.40,108.60,32.30,86.40,0.3711,-1,-1,-1
119,19,1059.10,572.90,330.70,500.50,0.6460,-1,-1,-1
119,55,324.30,128.20,39.50,117.60,0.5518,-1,-1,-1
119,54,272.60,128.50,62.10,149.80,0.7031,-1,-1,-1
119,83,1524.30,113.00,38.70,109.70,0.3831,-1,-1,-1
119,99,804.20,113.80,30.20,89.90,0.6636,-1,-1,-1
119,82,1342.70,120.90,75.20,186.70,0.8638,-1,-1,-1
119,66,1858.40,190.60,61.60,194.40,0.6143,-1,-1,-1
119,104,1706.90,72.20,24.80,61.00,0.4233,-1,-1,-1
119,25,937.60,99.70,23.80,65.40,0.5972,-1,-1,-1
119,95,1437.90,99.70,38.60,117.70,0.6558,-1,-1,-1
119,27,1607.50,113.60,31.00,90.20,0.4351,-1,-1,-1
119,62,212.90,130.40,52.60,129.90,0.7759,-1,-1,-1
119,92,1756.30,483.80,139.50,537.00,0.8042,-1,-1,-1
119,96,857.50,107.40,29.20,87.30,0.5420,-1,-1,-1
120,21,1330.90,563.00,339.00,509.30,0.8882,-1,-1,-1
120,12,1593.30,438.80,269.50,608.20,0.9009,-1,-1,-1
120,17,635.10,115.10,41.80,121.90,0.6489,-1,-1,-1
120,24,1003.70,110.60,44.50,134.80,0.7852,-1,-1,-1
120,18,1094.00,106.90,49.30,154.20,0.8091,-1,-1,-1
120,3,666.50,117.60,68.30,119.30,0.6978,-1,-1,-1
120,6,521.70,112.20,40.70,118.30,0.6602,-1,-1,-1
120,43,1521.40,133.30,109.70,323.60,0.8760,-1,-1,-1
120,13,423.30,150.60,69.30,154.80,0.7671,-1,-1,-1
120,7,555.40,106.80,41.80,115.40,0.5010,-1,-1,-1
120,14,1433.10,178.40,108.20,266.40,0.8472,-1,-1,-1
120,67,610.60,105.50,43.30,112.90,0.4990,-1,-1,-1
120,69,1235.20,108.30,32.20,87.60,0.3979,-1,-1,-1
120,19,1051.40,554.40,335.90,518.50,0.5718,-1,-1,-1
120,55,331.90,126.20,37.70,115.60,0.1168,-1,-1,-1
120,54,274.50,130.70,59.40,143.90,0.6460,-1,-1,-1
120,83,1524.30,113.10,39.40,112.80,0.5010,-1,-1,-1
120,99,795.40,113.30,28.70,85.20,0.6504,-1,-1,-1
120,82,1326.80,129.80,70.20,173.10,0.8516,-1,-1,-1
120,66,1865.60,187.10,54.40,189.60,0.5571,-1,-1,-1
120,104,1709.10,72.60,24.50,60.70,0.4141,-1,-1,-1
120,25,937.30,98.30,24.50,67.00,0.5381,-1,-1,-1
120,111,1296.40,459.60,153.40,275.60,0.7842,-1,-1,-1
120,95,1446.70,101.50,39.80,116.60,0.6655,-1,-1,-1
120,27,1605.20,109.60,33.30,94.60,0.3311,-1,-1,-1
120,62,232.60,128.50,49.30,122.60,0.6523,-1,-1,-1
120,96,865.90,110.50,29.30,86.80,0.5591,-1,-1,-1
121,21,1336.20,576.10,331.00,495.30,0.8052,-1,-1,-1
121,17,629.60,113.50,41.50,120.80,0.6885,-1,-1,-1
121,24,1004.00,111.50,44.10,133.80,0.7920,-1,-1,-1
121,18,1094.80,107.80,48.60,152.60,0.8105,-1,-1,-1
121,3,661.90,114.00,65.00,116.90,0.7124,-1,-1,-1
121,6,521.70,110.50,40.10,116.20,0.7163,-1,-1,-1
121,43,1525.70,133.20,108.30,323.10,0.8452,-1,-1,-1
121,13,431.00,146.30,63.90,144.70,0.7212,-1,-1,-1
121,7,559.20,105.80,41.00,112.90,0.5000,-1,-1,-1
121,14,1433.60,179.30,106.80,265.10,0.7959,-1,-1,-1
121,69,1235.80,108.80,31.60,87.10,0.3914,-1,-1,-1
121,19,1061.90,558.30,328.50,513.50,0.5264,-1,-1,-1
121,55,341.50,120.10,37.90,117.50,0.5830,-1,-1,-1
121,54,273.40,128.70,60.20,145.70,0.7090,-1,-1,-1
121,99,786.00,112.80,28.60,85.30,0.5312,-1,-1,-1
121,82,1314.40,138.70,65.60,160.40,0.8838,-1,-1,-1
121,66,1864.90,170.90,55.10,193.90,0.4446,-1,-1,-1
121,104,1708.50,72.00,24.80,61.30,0.4475,-1,-1,-1
121,25,937.40,99.50,24.20,66.20,0.4785,-1,-1,-1
121,111,1310.30,461.50,145.60,261.90,0.7471,-1,-1,-1
121,27,1605.50,113.90,32.20,89.50,0.2089,-1,-1,-1
121,81,849.50,112.00,24.20,84.50,0.5293,-1,-1,-1
121,39,312.70,114.30,33.80,112.20,0.5312,-1,-1,-1
121,97,930.20,164.90,59.60,68.40,0.3767,-1,-1,-1
121,15,5.00,304.80,126.90,499.20,0.8398,-1,-1,-1
121,92,1731.40,456.90,159.90,602.70,0.7598,-1,-1,-1
122,21,1359.20,580.70,332.50,492.40,0.7515,-1,-1,-1
122,17,628.80,108.80,41.00,119.00,0.6167,-1,-1,-1
122,24,1004.00,111.60,44.20,133.80,0.7920,-1,-1,-1
122,18,1096.00,108.30,48.50,152.50,0.8228,-1,-1,-1
122,3,656.90,112.10,61.40,114.20,0.5972,-1,-1,-1
122,6,518.90,109.90,38.60,111.10,0.7188,-1,-1,-1
122,43,1527.30,136.80,105.90,319.80,0.8164,-1,-1,-1
122,13,443.50,142.30,64.10,143.40,0.8086,-1,-1,-1
122,7,562.90,110.20,37.60,104.20,0.6875,-1,-1,-1
122,14,1434.10,180.10,105.80,264.00,0.8052,-1,-1,-1
122,69,1235.30,108.10,31.90,88.30,0.4639,-1,-1,-1
122,19,1104.90,563.50,321.90,508.30,0.8604,-1,-1,-1
122,55,355.90,120.90,37.20,113.70,0.7515,-1,-1,-1
122,54,273.60,129.10,59.80,144.70,0.6782,-1,-1,-1
122,99,775.20,110.90,28.40,84.80,0.6011,-1,-1,-1
122,82,1300.90,146.30,61.70,149.50,0.8516,-1,-1,-1
122,66,1856.50,171.80,63.50,178.70,0.7017,-1,-1,-1
122,104,1709.50,72.10,24.60,60.90,0.3831,-1,-1,-1
122,25,937.80,99.50,24.40,66.90,0.5195,-1,-1,-1
122,81,840.30,110.60,24.30,84.40,0.6479,-1,-1,-1
122,39,311.60,118.40,34.00,112.70,0.5508,-1,-1,-1
122,97,932.40,167.50,57.50,66.10,0.1343,-1,-1,-1
122,92,1749.10,493.10,155.30,577.00,0.8447,-1,-1,-1
122,26,797.40,109.20,31.20,86.50,0.5049,-1,-1,-1
122,4,87.40,377.20,308.80,524.50,0.9292,-1,-1,-1
122,83,1524.10,109.30,42.60,118.90,0.4111,-1,-1,-1
123,21,1396.60,586.80,331.20,486.90,0.8667,-1,-1,-1
123,24,1003.80,110.70,44.50,134.60,0.7900,-1,-1,-1
123,18,1097.40,108.20,48.50,152.70,0.8101,-1,-1,-1
123,3,656.30,109.60,57.70,110.90,0.6875,-1,-1,-1
123,6,522.30,110.60,37.10,106.00,0.7969,-1,-1,-1
123,43,1528.80,137.70,107.30,323.60,0.8066,-1,-1,-1
123,13,451.10,138.70,60.80,136.40,0.7319,-1,-1,-1
123,7,568.30,106.20,38.40,107.20,0.7773,-1,-1,-1
123,14,1434.10,178.40,106.00,265.50,0.8330,-1,-1,-1
123,69,1234.50,108.20,31.10,87.30,0.3540,-1,-1,-1
123,55,369.80,116.40,36.70,113.00,0.7026,-1,-1,-1
123,54,272.60,128.80,61.30,147.70,0.7871,-1,-1,-1
123,99,762.00,106.40,29.10,87.00,0.4688,-1,-1,-1
123,82,1288.80,146.30,60.60,146.00,0.8677,-1,-1,-1
123,66,1836.90,168.90,59.00,167.00,0.8228,-1,-1,-1
123,104,1708.70,72.30,24.60,60.90,0.4736,-1,-1,-1
123,25,937.40,98.90,24.60,67.80,0.6226,-1,-1,-1
123,97,931.60,167.20,57.50,65.80,0.5068,-1,-1,-1
123,64,407.90,124.50,38.30,105.50,0.7075,-1,-1,-1
123,26,814.90,110.10,30.10,83.40,0.6416,-1,-1,-1
123,85,1203.00,547.30,325.60,527.70,0.7686,-1,-1,-1
123,67,631.20,108.40,42.60,112.40,0.7720,-1,-1,-1
124,21,1422.70,592.70,331.70,481.30,0.8906,-1,-1,-1
124,24,1004.00,112.00,44.20,133.40,0.7866,-1,-1,-1
124,18,1098.80,108.60,48.60,152.20,0.8105,-1,-1,-1
124,3,656.00,108.90,54.00,106.70,0.6416,-1,-1,-1
124,6,527.10,110.10,36.60,104.60,0.7739,-1,-1,-1
124,43,1529.80,135.40,106.90,323.20,0.8208,-1,-1,-1
124,13,459.10,133.90,58.60,132.60,0.7163,-1,-1,-1
124,7,578.70,105.10,37.60,104.70,0.5981,-1,-1,-1
124,14,1432.30,177.90,105.80,265.80,0.8496,-1,-1,-1
124,69,1234.60,108.20,28.10,77.90,0.3503,-1,-1,-1
124,55,383.70,112.50,35.70,110.50,0.6050,-1,-1,-1
124,54,272.00,128.50,61.70,148.50,0.7622,-1,-1,-1
124,99,750.70,106.10,28.90,85.80,0.5591,-1,-1,-1
124,82,1271.70,144.20,59.80,144.60,0.8433,-1,-1,-1
124,104,1708.50,72.50,24.40,60.50,0.5020,-1,-1,-1
124,25,937.20,97.80,24.80,68.50,0.6592,-1,-1,-1
124,97,931.10,166.70,58.00,66.50,0.4844,-1,-1,-1
124,64,417.20,119.90,39.30,108.10,0.5698,-1,-1,-1
124,85,1238.00,565.20,313.30,514.80,0.7769,-1,-1,-1
124,67,633.60,108.80,41.10,108.80,0.6836,-1,-1,-1
124,22,1625.40,477.20,146.70,303.90,0.7646,-1,-1,-1
124,59,595.00,402.80,244.00,503.20,0.9277,-1,-1,-1
124,52,1808.00,161.40,55.00,168.30,0.8267,-1,-1,-1
124,27,1602.80,112.70,34.80,90.50,0.4243,-1,-1,-1
124,39,312.60,117.40,33.00,109.40,0.5938,-1,-1,-1
125,21,1419.30,600.30,329.60,472.20,0.8364,-1,-1,-1
125,24,1003.90,111.70,44.30,133.60,0.7993,-1,-1,-1
125,18,1100.80,108.70,48.70,152.30,0.8027,-1,-1,-1
125,3,659.10,105.50,50.70,103.10,0.5342,-1,-1,-1
125,6,536.60,108.20,37.30,105.40,0.7393,-1,-1,-1
125,43,1539.90,143.50,87.50,251.20,0.6968,-1,-1,-1
125,13,469.30,134.60,56.20,126.00,0.7358,-1,-1,-1
125,7,589.70,104.60,36.30,101.00,0.6494,-1,-1,-1
125,14,1433.70,177.70,103.60,262.90,0.8662,-1,-1,-1
125,69,1235.50,107.70,26.30,71.80,0.3015,-1,-1,-1
125,55,395.50,111.80,34.70,107.40,0.6816,-1,-1,-1
125,54,272.30,129.40,61.40,147.30,0.7739,-1,-1,-1
125,99,738.00,104.00,30.40,90.30,0.4893,-1,-1,-1
125,82,1252.60,141.60,59.40,144.00,0.8452,-1,-1,-1
125,104,1707.20,71.80,24.80,61.70,0.4990,-1,-1,-1
125,25,937.00,98.30,25.10,69.20,0.6841,-1,-1,-1
125,97,931.00,167.20,58.00,66.30,0.6001,-1,-1,-1
125,64,429.90,118.50,37.50,102.70,0.6885,-1,-1,-1
125,85,1308.90,562.20,289.80,471.00,0.8691,-1,-1,-1
125,67,634.50,105.90,40.20,107.70,0.5488,-1,-1,-1
125,27,1602.10,113.40,35.80,88.50,0.2861,-1,-1,-1
125,39,312.00,116.00,33.80,111.60,0.6929,-1,-1,-1
125,12,1644.70,498.00,245.60,571.10,0.9023,-1,-1,-1
125,83,1526.50,120.70,36.30,101.00,0.4272,-1,-1,-1
126,21,1455.10,622.80,315.30,451.70,0.8564,-1,-1,-1
126,24,1003.90,112.20,44.30,133.00,0.7881,-1,-1,-1
126,18,1102.00,108.70,48.70,153.30,0.8032,-1,-1,-1
126,3,664.50,106.40,48.00,100.40,0.6235,-1,-1,-1
126,6,544.90,105.90,36.50,103.30,0.7129,-1,-1,-1
126,43,1531.70,139.80,103.70,298.10,0.8276,-1,-1,-1
126,13,480.40,132.10,53.60,121.30,0.7202,-1,-1,-1
126,7,603.20,102.20,36.20,100.90,0.6387,-1,-1,-1
126,14,1442.30,174.70,102.70,265.90,0.8320,-1,-1,-1
126,55,406.80,111.90,33.10,102.80,0.7090,-1,-1,-1
126,54,272.50,129.20,61.60,147.50,0.7661,-1,-1,-1
126,99,729.80,104.00,28.70,87.50,0.1384,-1,-1,-1
126,82,1230.10,136.80,58.70,143.10,0.8154,-1,-1,-1
126,104,1707.80,72.00,24.70,61.50,0.4717,-1,-1,-1
126,25,936.60,98.50,24.80,68.70,0.6069,-1,-1,-1
126,97,930.50,166.10,58.90,67.40,0.5571,-1,-1,-1
126,64,440.80,116.80,35.70,97.90,0.6602,-1,-1,-1
126,85,1408.10,567.40,274.00,432.00,0.7202,-1,-1,-1
126,67,638.50,104.60,39.20,105.00,0.5679,-1,-1,-1
126,27,1603.20,111.60,37.50,91.30,0.2546,-1,-1,-1
126,39,311.90,115.40,34.00,112.20,0.6978,-1,-1,-1
126,115,370.30,115.10,43.90,103.30,0.7505,-1,-1,-1
126,83,1527.30,127.50,30.40,80.60,0.1089,-1,-1,-1
126,15,28.80,258.50,135.60,489.70,0.8735,-1,-1,-1
126,19,1056.80,407.40,331.20,526.00,0.9131,-1,-1,-1
126,92,1753.80,507.70,154.70,562.00,0.8735,-1,-1,-1
127,21,1527.90,599.10,306.00,436.40,0.8237,-1,-1,-1
127,24,1004.00,112.90,44.10,132.50,0.7866,-1,-1,-1
127,18,1104.80,109.20,48.90,153.20,0.8062,-1,-1,-1
127,3,655.70,100.00,46.40,100.30,0.1943,-1,-1,-1
127,6,555.70,104.80,36.40,100.70,0.7388,-1,-1,-1
127,43,1537.70,136.60,111.20,316.50,0.8716,-1,-1,-1
127,13,494.50,129.90,51.90,117.70,0.7017,-1,-1,-1
127,7,614.90,99.40,36.70,101.70,0.6289,-1,-1,-1
127,14,1455.50,173.80,94.30,245.60,0.8198,-1,-1,-1
127,55,415.20,110.60,32.60,100.70,0.5957,-1,-1,-1
127,54,272.50,129.40,60.80,145.20,0.7432,-1,-1,-1
127,99,716.70,105.30,26.40,80.90,0.1603,-1,-1,-1
127,82,1210.20,132.80,57.10,140.20,0.7476,-1,-1,-1
127,104,1707.10,72.00,24.60,61.50,0.4321,-1,-1,-1
127,25,936.90,98.50,24.80,68.90,0.5898,-1,-1,-1
127,97,930.20,165.70,59.50,68.00,0.5566,-1,-1,-1
127,64,449.70,114.10,36.10,98.20,0.6533,-1,-1,-1
127,67,646.20,102.40,38.20,102.50,0.4912,-1,-1,-1
127,27,1606.80,109.50,35.70,86.50,0.2200,-1,-1,-1
127,39,312.00,113.70,34.70,114.10,0.6792,-1,-1,-1
127,115,379.10,114.10,42.60,100.40,0.7422,-1,-1,-1
127,83,1529.90,117.10,35.30,92.50,0.4609,-1,-1,-1
127,15,63.50,268.50,146.00,482.50,0.7832,-1,-1,-1
127,111,1282.50,381.50,300.70,547.60,0.8926,-1,-1,-1
127,12,1674.10,629.80,205.70,444.30,0.7349,-1,-1,-1
128,21,1531.60,458.60,349.00,512.30,0.6982,-1,-1,-1
128,24,1004.50,112.60,44.10,132.80,0.7739,-1,-1,-1
128,18,1113.90,109.60,49.70,154.10,0.8203,-1,-1,-1
128,6,566.00,102.20,36.30,100.30,0.6699,-1,-1,-1
128,43,1568.00,135.10,116.70,324.20,0.8638,-1,-1,-1
128,13,509.60,126.80,49.60,113.40,0.6724,-1,-1,-1
128,7,623.80,98.50,36.00,98.80,0.6772,-1,-1,-1
128,14,1457.20,174.70,97.00,257.20,0.8003,-1,-1,-1
128,55,425.70,110.40,32.20,99.20,0.6123,-1,-1,-1
128,54,272.10,131.30,58.80,141.00,0.7227,-1,-1,-1
128,99,708.10,106.70,27.60,84.50,0.1624,-1,-1,-1
128,82,1188.60,131.90,54.40,134.60,0.7925,-1,-1,-1
128,104,1708.90,71.60,24.40,61.10,0.4368,-1,-1,-1
128,25,936.30,99.20,24.30,68.30,0.6514,-1,-1,-1
128,97,929.80,165.10,60.30,68.70,0.6235,-1,-1,-1
128,64,459.10,108.50,37.10,101.40,0.6279,-1,-1,-1
128,67,655.60,100.20,36.40,98.80,0.6260,-1,-1,-1
128,39,312.10,112.90,34.90,114.40,0.6748,-1,-1,-1
128,115,391.60,112.70,41.30,97.90,0.7520,-1,-1,-1
128,83,1523.80,111.40,43.70,114.10,0.7153,-1,-1,-1
128,4,139.90,289.50,286.50,490.10,0.8862,-1,-1,-1
128,69,1237.00,107.50,25.90,70.50,0.4121,-1,-1,-1
128,92,1741.10,564.30,151.20,508.40,0.5186,-1,-1,-1
129,24,1003.70,110.10,45.00,135.50,0.7964,-1,-1,-1
129,18,1119.70,109.70,50.10,154.70,0.8032,-1,-1,-1
129,6,574.90,99.70,36.60,100.90,0.7256,-1,-1,-1
129,43,1613.10,142.50,115.00,317.90,0.8613,-1,-1,-1
129,13,525.60,122.50,48.00,111.00,0.7168,-1,-1,-1
129,7,631.30,96.00,35.80,98.60,0.6206,-1,-1,-1
129,14,1459.20,174.80,96.00,260.50,0.7075,-1,-1,-1
129,55,437.50,106.40,31.70,98.50,0.6558,-1,-1,-1
129,54,272.60,130.80,59.20,141.10,0.7476,-1,-1,-1
129,99,699.80,105.70,28.80,86.40,0.3303,-1,-1,-1
129,82,1166.60,126.60,54.20,135.00,0.7827,-1,-1,-1
129,104,1708.50,71.80,24.50,61.40,0.4485,-1,-1,-1
129,25,936.10,98.40,24.00,67.90,0.6646,-1,-1,-1
129,97,931.00,164.90,59.90,68.60,0.6567,-1,-1,-1
129,64,466.50,107.50,35.70,97.70,0.6113,-1,-1,-1
129,67,662.20,97.00,36.30,98.80,0.5957,-1,-1,-1
129,39,311.80,112.50,35.10,114.50,0.6626,-1,-1,-1
129,115,406.10,109.30,40.10,95.60,0.7505,-1,-1,-1
129,83,1525.70,111.40,46.40,120.20,0.7349,-1,-1,-1
129,4,249.90,284.60,266.50,485.50,0.8135,-1,-1,-1
129,92,1723.60,546.70,165.60,523.90,0.2128,-1,-1,-1
129,93,1229.20,110.70,40.50,87.10,0.4844,-1,-1,-1
129,27,1596.60,112.40,49.00,118.00,0.5117,-1,-1,-1
129,15,55.80,290.80,173.10,518.20,0.9048,-1,-1,-1
130,24,1003.40,109.10,45.40,136.60,0.7578,-1,-1,-1
130,18,1125.10,110.00,50.60,152.80,0.6724,-1,-1,-1
130,6,587.10,99.00,35.30,97.00,0.7812,-1,-1,-1
130,13,541.20,118.40,47.10,109.70,0.6968,-1,-1,-1
130,7,632.90,96.60,35.30,96.90,0.5488,-1,-1,-1
130,14,1462.30,175.30,94.90,261.30,0.7798,-1,-1,-1
130,55,450.30,103.50,31.20,97.20,0.6494,-1,-1,-1
130,54,272.70,130.10,60.10,142.90,0.7490,-1,-1,-1
130,82,1148.50,119.60,53.00,137.50,0.1217,-1,-1,-1
130,104,1709.70,72.50,23.90,60.50,0.4111,-1,-1,-1
130,25,936.20,98.80,23.60,67.60,0.6909,-1,-1,-1
130,97,934.10,165.30,58.60,67.60,0.2991,-1,-1,-1
130,64,476.50,104.00,35.60,98.50,0.6167,-1,-1,-1
130,67,672.30,99.40,34.50,94.30,0.5947,-1,-1,-1
130,39,311.20,113.80,34.70,112.70,0.6636,-1,-1,-1
130,115,419.60,106.10,39.90,96.20,0.7422,-1,-1,-1
130,83,1523.20,111.30,44.70,118.10,0.6504,-1,-1,-1
130,4,191.80,330.20,269.90,510.50,0.8101,-1,-1,-1
130,123,455.80,299.40,139.30,486.60,0.9165,-1,-1,-1
130,53,1559.50,231.80,79.00,108.90,0.4902,-1,-1,-1
130,93,1223.70,108.30,41.50,87.90,0.1536,-1,-1,-1
130,27,1597.00,115.70,57.70,143.30,0.6030,-1,-1,-1
130,81,800.10,117.80,25.90,87.50,0.6665,-1,-1,-1
130,59,570.90,284.70,209.40,437.60,0.8872,-1,-1,-1
130,69,1234.00,107.20,31.20,86.10,0.4377,-1,-1,-1
131,24,1002.90,105.10,46.30,139.90,0.8145,-1,-1,-1
131,18,1123.10,109.90,50.70,153.00,0.8130,-1,-1,-1
131,6,595.90,99.30,34.30,93.80,0.6724,-1,-1,-1
131,13,556.80,114.10,46.10,108.00,0.6470,-1,-1,-1
131,14,1471.70,172.70,95.70,265.30,0.8218,-1,-1,-1
131,55,461.80,101.20,30.80,96.30,0.4990,-1,-1,-1
131,54,272.10,128.90,61.60,146.60,0.7744,-1,-1,-1
131,104,1710.40,72.20,23.10,58.90,0.4302,-1,-1,-1
131,25,936.30,98.70,23.40,67.80,0.6772,-1,-1,-1
131,97,935.50,167.30,56.50,65.60,0.1263,-1,-1,-1
131,64,487.70,102.30,34.60,95.70,0.5020,-1,-1,-1
131,67,680.50,99.90,33.60,92.20,0.4233,-1,-1,-1
131,39,311.10,113.10,35.30,114.60,0.6953,-1,-1,-1
131,115,437.50,104.30,38.80,94.10,0.5806,-1,-1,-1
131,83,1523.60,111.30,42.50,113.60,0.5938,-1,-1,-1
131,123,421.30,338.60,157.30,545.90,0.8311,-1,-1,-1
131,27,1599.30,114.30,53.50,137.60,0.6665,-1,-1,-1
131,89,7.70,398.90,36.40,355.00,0.4775,-1,-1,-1
131,100,663.70,95.30,26.40,94.80,0.4131,-1,-1,-1
131,81,805.60,120.70,26.40,86.90,0.8130,-1,-1,-1
131,59,549.50,304.10,235.50,494.50,0.9019,-1,-1,-1
131,69,1233.10,107.10,31.90,89.70,0.5137,-1,-1,-1
131,120,532.70,99.70,28.90,92.90,0.6162,-1,-1,-1
131,52,1766.80,141.50,91.40,278.60,0.8359,-1,-1,-1
131,3,628.80,96.80,43.40,95.20,0.4736,-1,-1,-1
131,15,17.80,305.90,143.60,426.40,0.8267,-1,-1,-1
132,24,1002.50,101.70,47.10,142.90,0.8154,-1,-1,-1
132,18,1122.60,109.20,51.10,155.00,0.8286,-1,-1,-1
132,6,603.30,97.70,33.40,92.50,0.7334,-1,-1,-1
132,13,569.60,110.60,44.60,105.40,0.6724,-1,-1,-1
132,14,1491.90,170.60,98.00,266.20,0.8105,-1,-1,-1
132,55,473.40,102.50,29.40,92.00,0.6206,-1,-1,-1
132,54,271.60,128.90,62.00,147.70,0.7827,-1,-1,-1
132,104,1710.70,72.40,22.70,59.10,0.3657,-1,-1,-1
132,25,937.40,99.50,23.10,67.60,0.6372,-1,-1,-1
132,64,503.50,101.40,34.10,94.70,0.5776,-1,-1,-1
132,67,689.00,101.30,31.90,87.90,0.5815,-1,-1,-1
132,39,311.30,113.40,35.50,115.00,0.7104,-1,-1,-1
132,115,450.00,102.40,37.50,92.20,0.6362,-1,-1,-1
132,83,1529.10,110.80,39.50,103.40,0.5708,-1,-1,-1
132,27,1594.50,113.90,51.80,132.10,0.5669,-1,-1,-1
132,59,554.50,326.50,249.90,546.90,0.7471,-1,-1,-1
132,69,1232.80,107.20,32.00,90.90,0.4863,-1,-1,-1
132,58,705.00,303.10,222.00,543.10,0.8057,-1,-1,-1
132,120,538.70,98.30,29.40,92.70,0.6851,-1,-1,-1
132,52,1792.90,149.50,91.60,278.60,0.8340,-1,-1,-1
132,3,626.60,95.60,42.40,94.90,0.6060,-1,-1,-1
132,15,6.10,345.20,139.30,412.30,0.8940,-1,-1,-1
132,116,1088.30,116.40,47.90,120.60,0.4932,-1,-1,-1
132,99,667.10,95.90,30.80,92.80,0.5049,-1,-1,-1
132,4,116.90,328.20,228.40,433.00,0.8608,-1,-1,-1
133,24,1003.20,100.40,47.60,144.40,0.8369,-1,-1,-1
133,18,1120.70,108.60,51.50,155.20,0.8594,-1,-1,-1
133,6,608.90,97.10,32.80,91.70,0.3821,-1,-1,-1
133,13,582.70,102.90,46.30,109.20,0.6040,-1,-1,-1
133,14,1516.70,170.70,100.10,265.20,0.6582,-1,-1,-1
133,55,483.70,96.00,30.20,95.50,0.6396,-1,-1,-1
133,54,271.60,128.00,62.10,147.80,0.7686,-1,-1,-1
133,25,937.80,98.90,23.10,67.40,0.6226,-1,-1,-1
133,64,518.50,103.40,31.90,88.00,0.6226,-1,-1,-1
133,67,701.80,106.10,29.80,83.00,0.4167,-1,-1,-1
133,39,311.00,112.70,35.80,115.10,0.7217,-1,-1,-1
133,115,463.00,101.10,36.50,90.30,0.7417,-1,-1,-1
133,83,1523.50,111.00,43.60,115.80,0.6030,-1,-1,-1
133,27,1595.60,113.80,47.10,115.00,0.4658,-1,-1,-1
133,69,1232.90,106.20,32.70,92.70,0.3149,-1,-1,-1
133,58,730.40,357.80,239.40,585.80,0.8452,-1,-1,-1
133,120,546.90,98.00,28.90,90.60,0.6250,-1,-1,-1
133,3,629.40,95.10,40.90,92.40,0.4055,-1,-1,-1
133,15,47.00,380.40,143.20,409.80,0.9268,-1,-1,-1
133,125,829.00,121.60,37.00,90.90,0.8115,-1,-1,-1
133,116,1079.60,114.00,48.10,125.70,0.7622,-1,-1,-1
133,19,1099.60,289.70,305.90,511.70,0.9141,-1,-1,-1
133,100,675.60,99.00,24.80,88.10,0.5581,-1,-1,-1
134,24,1002.70,101.10,47.30,144.00,0.7920,-1,-1,-1
134,18,1119.90,109.50,51.60,154.80,0.8218,-1,-1,-1
134,6,614.80,96.70,31.20,89.10,0.4397,-1,-1,-1
134,13,592.20,98.50,45.60,108.80,0.5981,-1,-1,-1
134,55,495.60,96.90,29.10,91.80,0.5332,-1,-1,-1
134,54,271.70,128.30,61.90,147.40,0.7793,-1,-1,-1
134,25,937.70,98.60,23.50,68.10,0.4941,-1,-1,-1
134,64,530.60,102.20,31.20,86.70,0.6030,-1,-1,-1
134,67,712.50,110.60,29.30,82.60,0.5010,-1,-1,-1
134,39,311.40,113.50,35.50,113.70,0.7026,-1,-1,-1
134,115,472.90,97.80,36.30,91.40,0.5991,-1,-1,-1
134,83,1525.60,109.80,46.40,122.20,0.7456,-1,-1,-1
134,27,1587.00,113.50,53.10,124.70,0.5381,-1,-1,-1
134,69,1232.20,109.00,31.50,90.00,0.4504,-1,-1,-1
134,120,553.40,98.60,28.50,88.20,0.6538,-1,-1,-1
134,125,841.00,120.80,38.30,94.20,0.7490,-1,-1,-1
134,116,1065.10,117.80,45.60,120.40,0.8198,-1,-1,-1
134,9,1484.70,229.80,66.60,95.00,0.3943,-1,-1,-1
134,100,685.50,104.10,23.90,82.60,0.5688,-1,-1,-1
134,95,1453.80,126.30,47.10,132.40,0.8242,-1,-1,-1
134,111,1338.80,296.50,292.70,535.90,0.9106,-1,-1,-1
134,123,447.80,351.20,126.50,419.50,0.8999,-1,-1,-1
134,99,642.80,93.70,31.90,93.90,0.5859,-1,-1,-1
134,4,169.60,400.60,217.20,420.70,0.9028,-1,-1,-1
135,24,1006.40,103.30,46.40,141.30,0.5957,-1,-1,-1
135,18,1119.60,109.80,51.60,154.10,0.8423,-1,-1,-1
135,13,603.80,98.70,43.10,103.60,0.6558,-1,-1,-1
135,55,507.30,96.00,28.50,90.20,0.5947,-1,-1,-1
135,54,271.60,128.70,62.10,148.00,0.7881,-1,-1,-1
135,25,937.90,98.80,23.20,67.20,0.5107,-1,-1,-1
135,64,541.40,101.00,30.40,84.80,0.5381,-1,-1,-1
135,67,721.70,112.20,29.40,83.10,0.3381,-1,-1,-1
135,39,311.50,114.70,35.40,113.10,0.6870,-1,-1,-1
135,115,482.40,93.70,36.20,93.20,0.7373,-1,-1,-1
135,83,1525.20,109.20,46.80,124.60,0.6523,-1,-1,-1
135,27,1586.90,113.30,55.30,128.80,0.6816,-1,-1,-1
135,120,561.20,98.90,27.60,84.70,0.5918,-1,-1,-1
135,125,857.20,119.10,39.60,97.80,0.8018,-1,-1,-1
135,9,1485.40,230.50,66.40,94.60,0.5815,-1,-1,-1
135,100,687.80,106.50,23.80,80.30,0.5981,-1,-1,-1
135,113,746.70,112.40,34.50,85.50,0.5322,-1,-1,-1
135,128,1097.70,109.60,27.00,80.80,0.4961,-1,-1,-1
135,95,1433.90,125.20,48.70,132.40,0.8506,-1,-1,-1
135,123,405.40,404.40,133.30,431.50,0.9111,-1,-1,-1
135,99,638.90,94.90,30.50,89.70,0.5400,-1,-1,-1
135,21,1566.10,313.40,353.90,549.80,0.8770,-1,-1,-1
135,43,1646.60,163.00,95.10,264.10,0.6548,-1,-1,-1
135,53,1560.80,234.00,82.30,110.90,0.4407,-1,-1,-1
135,93,1217.40,106.50,41.40,86.00,0.3398,-1,-1,-1
135,59,567.40,340.40,205.40,444.80,0.8428,-1,-1,-1
135,19,1120.10,352.50,380.80,653.80,0.8486,-1,-1,-1
136,24,1016.00,105.00,47.50,141.20,0.7949,-1,-1,-1
136,18,1118.90,110.20,51.70,154.00,0.8164,-1,-1,-1
136,13,615.30,97.90,41.30,100.80,0.6885,-1,-1,-1
136,55,521.20,95.90,27.90,87.20,0.4932,-1,-1,-1
136,54,271.40,127.60,62.50,149.20,0.7793,-1,-1,-1
136,25,937.70,98.40,23.60,67.70,0.4814,-1,-1,-1
136,64,554.20,100.20,29.90,83.00,0.4570,-1,-1,-1
136,67,730.80,112.50,29.00,82.60,0.5962,-1,-1,-1
136,39,311.20,114.50,35.60,113.20,0.6992,-1,-1,-1
136,115,494.20,95.70,33.80,88.30,0.4932,-1,-1,-1
136,83,1524.30,109.70,46.00,124.80,0.7637,-1,-1,-1
136,27,1585.90,113.20,56.20,129.80,0.6738,-1,-1,-1
136,125,872.90,119.50,40.60,100.40,0.7754,-1,-1,-1
136,9,1486.70,233.30,65.30,93.00,0.1598,-1,-1,-1
136,100,694.10,110.90,23.60,76.10,0.6123,-1,-1,-1
136,113,751.00,110.40,35.30,87.90,0.5430,-1,-1,-1
136,128,1097.90,108.70,27.10,81.00,0.5078,-1,-1,-1
136,36,1713.50,79.80,30.20,83.10,0.4485,-1,-1,-1
136,43,1678.80,166.80,93.20,252.50,0.9038,-1,-1,-1
136,53,1549.10,235.20,80.30,107.60,0.2444,-1,-1,-1
136,93,1219.00,107.40,39.00,78.00,0.2644,-1,-1,-1
136,59,538.40,399.70,198.50,433.80,0.8970,-1,-1,-1
136,97,936.60,168.40,56.00,65.20,0.3933,-1,-1,-1
136,15,23.30,283.30,157.70,445.10,0.8867,-1,-1,-1
136,111,1362.90,370.20,351.00,652.30,0.8657,-1,-1,-1
137,18,1118.90,109.50,52.10,154.60,0.8350,-1,-1,-1
137,13,629.60,101.20,38.10,94.40,0.5176,-1,-1,-1
137,55,533.40,94.10,28.00,86.50,0.5820,-1,-1,-1
137,54,271.40,128.10,62.00,148.10,0.7778,-1,-1,-1
137,25,939.10,99.50,22.90,65.20,0.3040,-1,-1,-1
137,64,563.00,98.30,29.60,82.40,0.5898,-1,-1,-1
137,67,734.40,110.70,29.20,83.50,0.6196,-1,-1,-1
137,39,310.80,113.40,35.70,113.30,0.7002,-1,-1,-1
137,115,506.50,94.30,32.80,86.20,0.4504,-1,-1,-1
137,83,1524.70,109.40,46.10,125.30,0.7812,-1,-1,-1
137,27,1585.50,113.00,56.60,129.80,0.6958,-1,-1,-1
137,125,893.10,122.80,40.00,98.90,0.7285,-1,-1,-1
137,9,1487.50,233.30,65.30,92.80,0.2805,-1,-1,-1
137,100,697.60,111.60,24.60,76.10,0.5928,-1,-1,-1
137,113,759.80,112.50,33.60,83.60,0.5718,-1,-1,-1
137,128,1098.00,109.80,27.10,81.00,0.5039,-1,-1,-1
137,36,1718.40,85.50,28.70,78.60,0.5439,-1,-1,-1
137,53,1553.60,236.10,83.80,109.30,0.4863,-1,-1,-1
137,93,1219.60,106.50,42.40,85.60,0.3477,-1,-1,-1
137,40,1364.90,124.70,58.40,122.10,0.8525,-1,-1,-1
137,30,1493.20,233.90,151.00,110.70,0.3979,-1,-1,-1
137,97,935.70,166.30,56.80,66.80,0.3337,-1,-1,-1
137,82,1037.50,116.70,49.80,129.80,0.8076,-1,-1,-1
137,89,16.40,262.90,43.80,406.10,0.8516,-1,-1,-1
137,52,1756.10,175.20,79.40,239.50,0.7090,-1,-1,-1
137,58,739.80,421.00,185.10,444.30,0.8975,-1,-1,-1
137,4,94.70,327.20,232.80,462.10,0.8789,-1,-1,-1
137,21,1552.50,357.00,367.50,659.30,0.8540,-1,-1,-1
138,18,1119.10,111.50,51.70,152.30,0.8267,-1,-1,-1
138,13,643.80,101.00,36.30,90.70,0.6011,-1,-1,-1
138,55,545.50,94.00,27.00,83.40,0.4932,-1,-1,-1
138,54,271.30,127.80,62.00,148.10,0.8003,-1,-1,-1
138,64,578.20,96.40,31.00,86.30,0.6104,-1,-1,-1
138,67,736.40,109.40,28.40,82.50,0.6309,-1,-1,-1
138,39,311.30,113.80,35.50,112.50,0.7100,-1,-1,-1
138,115,521.90,94.50,31.40,83.20,0.5459,-1,-1,-1
138,83,1523.10,109.10,45.80,126.10,0.7827,-1,-1,-1
138,27,1586.20,113.20,57.00,128.80,0.7056,-1,-1,-1
138,9,1487.10,233.20,65.40,93.10,0.5659,-1,-1,-1
138,100,699.10,109.40,26.50,80.00,0.6177,-1,-1,-1
138,113,761.60,112.30,32.70,80.80,0.5972,-1,-1,-1
138,36,1713.80,78.70,31.00,85.20,0.5537,-1,-1,-1
138,53,1555.00,236.10,87.50,111.50,0.5918,-1,-1,-1
138,93,1218.00,106.10,44.10,89.80,0.5225,-1,-1,-1
138,40,1344.00,122.80,57.30,119.90,0.8877,-1,-1,-1
138,30,1492.40,233.70,155.40,113.80,0.2128,-1,-1,-1
138,137,876.20,410.50,174.50,456.50,0.7822,-1,-1,-1
138,4,140.00,320.60,191.80,406.90,0.7983,-1,-1,-1
138,26,920.70,121.90,29.20,74.00,0.5166,-1,-1,-1
138,69,1232.00,108.10,29.20,82.90,0.2917,-1,-1,-1
138,116,1058.10,125.60,48.40,124.70,0.6802,-1,-1,-1
138,15,24.00,292.50,153.70,422.60,0.8423,-1,-1,-1
139,18,1119.50,110.40,51.80,153.00,0.7788,-1,-1,-1
139,13,660.40,100.90,35.10,87.10,0.6289,-1,-1,-1
139,54,271.30,128.20,61.40,146.70,0.7812,-1,-1,-1
139,64,593.90,97.20,30.00,81.90,0.4072,-1,-1,-1
139,67,736.60,109.50,27.50,80.40,0.5508,-1,-1,-1
139,39,311.20,113.30,36.00,113.10,0.7163,-1,-1,-1
139,115,536.40,93.40,30.60,81.70,0.4504,-1,-1,-1
139,83,1522.60,109.20,45.40,126.30,0.8115,-1,-1,-1
139,27,1585.40,113.70,57.40,128.00,0.7319,-1,-1,-1
139,9,1487.10,233.20,65.20,92.60,0.5698,-1,-1,-1
139,100,700.00,107.30,27.20,81.00,0.5391,-1,-1,-1
139,113,758.90,107.60,34.10,83.90,0.5146,-1,-1,-1
139,36,1711.40,75.70,31.70,87.20,0.5718,-1,-1,-1
139,53,1554.00,236.40,90.00,112.30,0.6177,-1,-1,-1
139,93,1218.20,107.10,45.10,92.50,0.3577,-1,-1,-1
139,40,1320.30,116.60,57.70,121.50,0.8193,-1,-1,-1
139,30,1493.50,233.60,155.80,113.70,0.1345,-1,-1,-1
139,4,148.40,342.00,190.00,400.90,0.9092,-1,-1,-1
139,5,1036.80,418.60,176.40,460.90,0.8862,-1,-1,-1
139,26,928.80,104.60,30.90,81.10,0.2018,-1,-1,-1
139,69,1232.00,107.70,32.10,91.50,0.5215,-1,-1,-1
139,120,563.80,95.50,29.70,90.10,0.5039,-1,-1,-1
139,123,407.20,338.40,150.90,473.40,0.9116,-1,-1,-1
139,99,602.30,97.90,26.60,77.60,0.5156,-1,-1,-1
139,19,1140.70,360.20,264.90,485.30,0.8271,-1,-1,-1
139,97,923.60,134.30,79.50,98.50,0.5088,-1,-1,-1
140,18,1118.60,110.20,51.00,151.20,0.7695,-1,-1,-1
140,13,670.40,101.40,33.60,84.40,0.6841,-1,-1,-1
140,54,271.10,128.20,61.70,147.40,0.7974,-1,-1,-1
140,64,608.80,104.00,26.30,69.90,0.1587,-1,-1,-1
140,67,737.10,108.50,26.80,78.90,0.5010,-1,-1,-1
140,39,311.00,113.70,36.00,113.00,0.7051,-1,-1,-1
140,115,550.90,94.70,32.20,87.10,0.6680,-1,-1,-1
140,83,1522.60,109.80,44.80,125.00,0.7964,-1,-1,-1
140,27,1587.30,114.40,57.10,127.10,0.6968,-1,-1,-1
140,9,1487.20,231.90,65.90,93.60,0.6362,-1,-1,-1
140,100,700.40,107.60,27.40,80.40,0.5273,-1,-1,-1
140,36,1709.50,74.20,31.80,87.70,0.5850,-1,-1,-1
140,53,1556.10,233.10,93.90,115.00,0.6494,-1,-1,-1
140,40,1298.00,115.70,55.30,117.20,0.8306,-1,-1,-1
140,69,1237.00,107.40,33.60,94.70,0.6162,-1,-1,-1
140,123,368.90,347.90,139.70,424.20,0.8838,-1,-1,-1
140,19,1159.20,429.50,266.90,495.80,0.8579,-1,-1,-1
140,97,938.60,129.70,77.20,102.00,0.7842,-1,-1,-1
140,59,527.70,340.50,215.30,465.60,0.8901,-1,-1,-1
140,128,1098.20,109.60,26.60,80.00,0.4619,-1,-1,-1
141,18,1119.20,110.50,51.70,152.80,0.8335,-1,-1,-1
141,13,680.90,105.80,31.60,79.30,0.5273,-1,-1,-1
141,54,271.70,128.90,61.30,146.20,0.7544,-1,-1,-1
141,64,624.60,107.30,25.90,66.40,0.2372,-1,-1,-1
141,67,746.20,109.20,26.40,77.20,0.1598,-1,-1,-1
141,39,310.30,113.50,36.20,113.00,0.6929,-1,-1,-1
141,83,1523.90,109.60,44.10,124.60,0.8037,-1,-1,-1
141,27,1589.40,114.70,56.30,125.70,0.7217,-1,-1,-1
141,9,1488.10,231.40,66.40,93.90,0.7153,-1,-1,-1
141,100,706.40,108.30,27.10,79.20,0.4465,-1,-1,-1
141,36,1704.80,73.80,31.70,87.80,0.6021,-1,-1,-1
141,53,1558.40,231.50,94.30,114.30,0.6558,-1,-1,-1
141,40,1279.10,114.10,53.20,114.50,0.7734,-1,-1,-1
141,69,1242.20,107.70,34.60,98.00,0.6206,-1,-1,-1
141,59,484.90,346.60,200.20,443.30,0.8608,-1,-1,-1
141,128,1098.20,108.60,26.60,80.10,0.5156,-1,-1,-1
141,111,1359.30,461.40,281.80,512.30,0.8545,-1,-1,-1
141,25,931.20,100.10,23.60,65.70,0.5659,-1,-1,-1
141,82,989.80,128.50,42.80,111.60,0.7637,-1,-1,-1
141,58,686.60,342.70,210.30,502.00,0.8984,-1,-1,-1
141,99,584.20,97.50,25.90,74.50,0.3821,-1,-1,-1
142,18,1118.80,110.40,52.20,153.40,0.8315,-1,-1,-1
142,13,695.80,108.00,32.20,78.50,0.4805,-1,-1,-1
142,54,271.40,128.20,62.00,148.30,0.7788,-1,-1,-1
142,64,633.30,108.40,24.30,63.20,0.1830,-1,-1,-1
142,67,751.60,108.30,25.70,74.90,0.3821,-1,-1,-1
142,39,310.50,113.70,36.40,113.40,0.6968,-1,-1,-1
142,83,1523.30,109.00,43.90,125.40,0.7964,-1,-1,-1
142,27,1588.80,114.10,56.80,126.20,0.7378,-1,-1,-1
142,9,1488.50,230.90,66.60,93.80,0.6851,-1,-1,-1
142,36,1701.90,77.60,30.00,82.90,0.5610,-1,-1,-1
142,53,1558.50,231.30,94.00,112.40,0.7324,-1,-1,-1
142,128,1098.20,108.90,26.60,79.90,0.5767,-1,-1,-1
142,141,531.50,99.60,33.10,93.70,0.6460,-1,-1,-1
142,142,650.50,109.30,29.20,72.80,0.4961,-1,-1,-1
142,25,930.90,99.80,22.40,63.90,0.3469,-1,-1,-1
142,58,649.00,348.90,192.80,465.60,0.8511,-1,-1,-1
142,24,1023.30,125.40,42.00,119.80,0.8320,-1,-1,-1
142,21,1519.50,362.30,363.80,607.80,0.8066,-1,-1,-1
142,137,861.60,342.00,198.50,512.70,0.8965,-1,-1,-1
142,93,1220.40,131.80,65.30,132.40,0.8203,-1,-1,-1
142,26,950.40,100.50,27.40,70.70,0.5273,-1,-1,-1
142,115,578.40,94.30,28.00,76.30,0.4417,-1,-1,-1
143,18,1118.60,110.30,52.40,153.90,0.8296,-1,-1,-1
143,13,707.10,108.80,31.70,77.60,0.3577,-1,-1,-1
143,54,272.40,130.40,59.80,143.10,0.7104,-1,-1,-1
143,67,755.80,107.30,24.70,70.70,0.1285,-1,-1,-1
143,39,310.50,113.00,36.60,114.10,0.6699,-1,-1,-1
143,83,1523.50,109.60,43.10,125.20,0.7515,-1,-1,-1
143,27,1590.70,112.90,56.70,126.50,0.6978,-1,-1,-1
143,9,1488.10,230.40,67.50,94.80,0.6372,-1,-1,-1
143,36,1696.60,83.60,27.60,75.60,0.4619,-1,-1,-1
143,53,1557.70,230.80,95.40,112.50,0.7388,-1,-1,-1
143,128,1098.00,108.70,27.00,81.10,0.5127,-1,-1,-1
143,141,519.60,99.80,34.20,96.70,0.6460,-1,-1,-1
143,142,653.10,107.30,30.00,74.90,0.4233,-1,-1,-1
143,25,931.30,99.90,23.00,65.40,0.5518,-1,-1,-1
143,21,1622.70,365.90,297.30,610.50,0.8408,-1,-1,-1
143,137,888.60,324.50,176.20,461.70,0.7861,-1,-1,-1
143,26,964.60,100.40,27.40,69.40,0.4331,-1,-1,-1
143,115,592.40,98.10,26.60,71.30,0.2886,-1,-1,-1
143,116,1056.00,129.10,49.20,120.10,0.8335,-1,-1,-1
143,5,1029.30,345.20,211.80,548.30,0.8940,-1,-1,-1
143,40,1241.20,112.90,50.50,110.00,0.4961,-1,-1,-1
144,18,1118.40,109.50,52.70,155.40,0.8169,-1,-1,-1
144,39,310.60,113.10,36.50,113.10,0.6362,-1,-1,-1
144,83,1525.80,110.20,42.80,124.90,0.7930,-1,-1,-1
144,27,1589.10,111.40,57.30,128.00,0.6362,-1,-1,-1
144,9,1487.40,230.80,67.10,94.10,0.6724,-1,-1,-1
144,53,1559.20,231.50,96.30,112.30,0.7017,-1,-1,-1
144,128,1091.50,111.00,38.00,116.60,0.6782,-1,-1,-1
144,141,506.30,102.40,33.70,95.30,0.7202,-1,-1,-1
144,142,652.50,110.20,28.10,70.30,0.4561,-1,-1,-1
144,25,931.70,100.20,22.80,64.50,0.5420,-1,-1,-1
144,137,952.60,348.10,176.40,462.20,0.8315,-1,-1,-1
144,115,604.00,104.20,24.00,64.50,0.5176,-1,-1,-1
144,145,676.70,107.20,26.30,77.50,0.4707,-1,-1,-1
144,5,1067.40,329.80,185.80,490.30,0.8003,-1,-1,-1
144,40,1218.80,109.70,49.60,109.50,0.7710,-1,-1,-1
144,104,1710.50,71.10,23.10,62.90,0.4351,-1,-1,-1
144,89,22.20,164.10,29.70,219.30,0.6870,-1,-1,-1
144,19,1170.30,355.20,287.50,549.50,0.8794,-1,-1,-1
144,100,713.30,112.80,31.90,94.60,0.3567,-1,-1,-1
144,69,1259.80,109.30,35.20,100.50,0.7607,-1,-1,-1
144,82,943.00,164.00,33.30,69.80,0.4854,-1,-1,-1
145,18,1118.50,109.90,52.50,154.10,0.8203,-1,-1,-1
145,39,310.90,112.60,35.90,111.20,0.6602,-1,-1,-1
145,83,1524.70,110.20,42.20,124.90,0.8091,-1,-1,-1
145,27,1583.00,111.80,56.70,127.10,0.6899,-1,-1,-1
145,9,1488.00,231.70,66.10,92.30,0.6724,-1,-1,-1
145,53,1558.70,231.60,96.70,111.80,0.6626,-1,-1,-1
145,128,1095.10,109.90,31.90,97.60,0.5303,-1,-1,-1
145,141,493.70,97.00,37.30,104.90,0.7168,-1,-1,-1
145,142,652.50,110.80,27.40,68.80,0.2429,-1,-1,-1
145,25,931.60,99.70,23.30,65.80,0.4158,-1,-1,-1
145,115,616.00,106.20,23.90,64.60,0.3372,-1,-1,-1
145,145,676.70,108.40,25.30,74.70,0.2351,-1,-1,-1
145,40,1205.90,111.20,47.60,106.70,0.7324,-1,-1,-1
145,104,1709.50,71.60,23.00,62.00,0.4092,-1,-1,-1
145,19,1148.60,364.40,255.30,507.10,0.6758,-1,-1,-1
145,100,721.40,106.60,32.80,100.30,0.1108,-1,-1,-1
145,69,1264.60,112.20,35.10,100.50,0.7788,-1,-1,-1
145,15,0.00,219.30,130.40,449.90,0.8398,-1,-1,-1
145,111,1354.50,368.50,304.70,582.30,0.8911,-1,-1,-1
145,13,729.80,108.20,32.30,80.70,0.4387,-1,-1,-1
145,54,268.70,130.00,57.40,140.10,0.7520,-1,-1,-1
145,26,976.80,104.80,24.50,61.30,0.3970,-1,-1,-1
146,18,1117.70,110.60,52.00,153.20,0.8545,-1,-1,-1
146,39,310.70,112.20,36.40,112.60,0.6792,-1,-1,-1
146,83,1524.30,110.00,41.90,125.70,0.7949,-1,-1,-1
146,27,1578.20,109.90,55.60,127.90,0.7759,-1,-1,-1
146,9,1489.20,231.50,66.80,93.00,0.6958,-1,-1,-1
146,53,1558.80,232.70,98.30,111.00,0.6353,-1,-1,-1
146,128,1096.90,107.90,28.90,88.40,0.5029,-1,-1,-1
146,141,478.10,101.20,36.90,104.10,0.6968,-1,-1,-1
146,25,931.90,99.60,22.80,65.00,0.4766,-1,-1,-1
146,145,674.90,108.50,25.00,73.20,0.1013,-1,-1,-1
146,40,1199.50,111.80,45.00,103.00,0.6758,-1,-1,-1
146,104,1709.10,71.90,23.10,61.60,0.3950,-1,-1,-1
146,69,1268.30,113.00,35.80,102.70,0.7563,-1,-1,-1
146,15,0.00,234.70,130.30,501.40,0.6807,-1,-1,-1
146,111,1343.40,367.50,262.10,512.50,0.5708,-1,-1,-1
146,13,737.50,109.30,31.40,80.10,0.3767,-1,-1,-1
146,54,270.80,129.20,59.50,144.70,0.7622,-1,-1,-1
146,95,1397.10,129.10,57.10,146.60,0.8398,-1,-1,-1
146,21,1567.10,360.30,315.60,599.70,0.9004,-1,-1,-1
147,18,1117.40,111.10,51.80,152.80,0.7891,-1,-1,-1
147,39,310.80,113.50,36.20,111.70,0.6636,-1,-1,-1
147,83,1524.40,110.40,41.30,125.40,0.7754,-1,-1,-1
147,27,1574.20,108.20,55.50,129.40,0.7622,-1,-1,-1
147,9,1486.60,231.40,68.10,94.70,0.7256,-1,-1,-1
147,53,1559.10,232.60,102.20,113.50,0.7100,-1,-1,-1
147,128,1097.70,107.40,27.50,85.10,0.5107,-1,-1,-1
147,141,464.80,105.10,36.10,102.80,0.6523,-1,-1,-1
147,25,933.40,101.20,23.80,65.50,0.5518,-1,-1,-1
147,40,1178.00,117.00,49.20,113.50,0.7446,-1,-1,-1
147,104,1707.90,71.50,23.20,61.60,0.4036,-1,-1,-1
147,69,1271.60,114.70,35.10,100.30,0.7529,-1,-1,-1
147,15,0.00,348.60,157.70,529.70,0.8345,-1,-1,-1
147,13,744.50,110.80,29.80,76.70,0.3887,-1,-1,-1
147,54,271.40,128.00,60.00,145.60,0.7607,-1,-1,-1
147,151,845.10,107.50,31.20,80.60,0.6841,-1,-1,-1
147,21,1555.60,376.60,279.40,528.60,0.6538,-1,-1,-1
147,113,775.10,112.80,36.70,90.70,0.7393,-1,-1,-1
147,4,133.30,286.70,201.40,449.50,0.9087,-1,-1,-1
148,18,1118.10,110.80,52.10,153.40,0.8311,-1,-1,-1
148,39,310.50,113.30,36.30,112.50,0.6680,-1,-1,-1
148,83,1524.80,110.10,39.80,123.90,0.5234,-1,-1,-1
148,27,1576.00,109.50,54.90,129.00,0.7251,-1,-1,-1
148,9,1485.80,229.20,69.30,96.60,0.6309,-1,-1,-1
148,53,1555.30,233.00,103.60,114.00,0.6704,-1,-1,-1
148,128,1097.50,107.80,27.00,83.20,0.6250,-1,-1,-1
148,141,454.30,107.30,36.90,105.30,0.6968,-1,-1,-1
148,25,932.50,100.70,23.20,63.50,0.5342,-1,-1,-1
148,104,1709.50,72.00,23.20,61.10,0.4756,-1,-1,-1
148,69,1272.80,115.50,35.70,102.00,0.7305,-1,-1,-1
148,13,753.80,107.40,37.00,90.90,0.6396,-1,-1,-1
148,54,271.30,127.80,60.80,147.60,0.7305,-1,-1,-1
148,151,855.40,107.30,31.70,81.90,0.7188,-1,-1,-1
148,21,1661.10,381.00,255.50,503.50,0.8496,-1,-1,-1
148,51,1204.40,114.60,39.80,116.40,0.7080,-1,-1,-1
148,109,621.70,109.70,22.10,63.20,0.3684,-1,-1,-1
148,4,79.40,289.00,213.60,491.50,0.7769,-1,-1,-1
148,123,287.60,292.50,136.00,407.20,0.8467,-1,-1,-1
148,64,703.30,103.50,28.80,76.00,0.3694,-1,-1,-1
149,18,1118.10,110.10,52.60,154.40,0.8384,-1,-1,-1
149,39,310.60,113.10,36.30,112.50,0.6680,-1,-1,-1
149,83,1531.30,121.60,39.10,116.20,0.5928,-1,-1,-1
149,27,1578.80,106.40,56.50,132.80,0.7358,-1,-1,-1
149,9,1486.00,230.10,68.60,95.80,0.6782,-1,-1,-1
149,53,1549.90,232.90,104.00,112.90,0.7422,-1,-1,-1
149,128,1097.10,109.70,26.40,80.70,0.6250,-1,-1,-1
149,141,443.40,110.50,36.10,103.30,0.6680,-1,-1,-1
149,25,932.90,99.40,23.50,64.40,0.4504,-1,-1,-1
149,104,1710.10,72.30,23.20,60.80,0.4504,-1,-1,-1
149,69,1276.50,115.30,37.20,105.80,0.7847,-1,-1,-1
149,54,271.20,127.70,60.80,147.50,0.7583,-1,-1,-1
149,151,870.00,107.10,32.70,84.20,0.6133,-1,-1,-1
149,51,1212.80,109.10,42.10,122.70,0.8330,-1,-1,-1
149,109,620.90,110.00,21.80,62.20,0.2372,-1,-1,-1
149,123,242.00,319.70,173.20,517.40,0.7710,-1,-1,-1
149,43,1776.20,170.90,66.70,168.60,0.7778,-1,-1,-1
149,59,380.60,293.10,205.20,478.20,0.9033,-1,-1,-1
149,58,557.20,532.40,219.60,529.50,0.9224,-1,-1,-1
149,100,743.10,111.90,29.80,88.00,0.7139,-1,-1,-1
150,18,1118.20,110.00,52.70,154.20,0.8403,-1,-1,-1
150,39,310.30,112.80,36.60,113.00,0.7056,-1,-1,-1
150,83,1527.00,113.90,40.10,120.50,0.7256,-1,-1,-1
150,27,1577.70,121.90,59.50,138.50,0.6104,-1,-1,-1
150,9,1486.40,230.90,68.80,95.50,0.1238,-1,-1,-1
150,53,1547.30,233.00,105.20,113.00,0.4561,-1,-1,-1
150,128,1096.40,99.10,29.30,90.90,0.5547,-1,-1,-1
150,141,432.10,112.30,37.10,106.20,0.7744,-1,-1,-1
150,25,933.00,99.60,23.60,64.50,0.5757,-1,-1,-1
150,104,1710.20,71.50,23.50,61.60,0.4600,-1,-1,-1
150,69,1275.80,115.40,37.80,107.00,0.7114,-1,-1,-1
150,54,272.20,129.00,59.40,143.80,0.7114,-1,-1,-1
150,151,880.70,108.10,33.80,87.30,0.6699,-1,-1,-1
150,51,1221.30,107.20,41.30,120.20,0.7471,-1,-1,-1
150,109,620.10,111.60,21.60,61.20,0.3979,-1,-1,-1
150,59,372.90,320.20,227.50,530.80,0.8882,-1,-1,-1
150,58,530.80,384.10,208.10,503.50,0.8359,-1,-1,-1
150,100,742.40,110.60,28.60,84.70,0.4609,-1,-1,-1
150,92,1659.40,614.20,191.00,459.50,0.9131,-1,-1,-1
150,52,1724.40,165.50,61.10,164.00,0.8389,-1,-1,-1
150,30,1491.60,231.60,158.00,114.00,0.5371,-1,-1,-1
150,145,668.00,107.80,23.40,67.00,0.3259,-1,-1,-1
151,66,1138.50,158.40,88.50,194.30,0.8604,-1,-1,-1
151,29,832.50,151.50,60.00,249.00,0.8442,-1,-1,-1
151,6,721.50,171.80,108.00,226.40,0.8433,-1,-1,-1
151,17,621.00,196.50,112.50,207.70,0.7598,-1,-1,-1
151,14,549.80,153.00,81.00,266.20,0.7461,-1,-1,-1
151,16,1452.00,231.90,72.00,91.20,0.7358,-1,-1,-1
151,5,391.50,147.80,60.00,156.30,0.7139,-1,-1,-1
151,56,1079.20,121.90,49.60,127.50,0.6636,-1,-1,-1
151,2,1401.00,141.30,39.00,146.30,0.6558,-1,-1,-1
151,15,1026.80,87.80,24.00,78.30,0.6479,-1,-1,-1
151,13,1197.00,126.60,36.00,124.10,0.6406,-1,-1,-1
151,30,185.10,310.50,120.00,142.50,0.6377,-1,-1,-1
151,7,491.60,148.40,54.00,143.40,0.6343,-1,-1,-1
151,8,1743.00,110.60,36.00,111.80,0.6177,-1,-1,-1
151,9,1524.00,224.20,69.00,92.70,0.5747,-1,-1,-1
151,10,1770.00,113.20,42.00,118.00,0.5459,-1,-1,-1
151,31,994.50,90.90,24.00,68.30,0.4045,-1,-1,-1
151,32,1785.00,208.90,78.00,75.70,0.3774,-1,-1,-1
151,27,1836.00,108.40,30.00,112.10,0.3730,-1,-1,-1
151,33,38.10,99.30,36.50,70.10,0.3647,-1,-1,-1
151,57,1059.00,91.10,24.00,71.30,0.3235,-1,-1,-1
151,34,1806.00,119.20,48.00,107.70,0.3157,-1,-1,-1
151,35,1725.00,112.50,30.00,108.40,0.2629,-1,-1,-1
152,29,833.80,151.20,60.00,248.60,0.8442,-1,-1,-1
152,17,618.40,201.10,113.10,209.00,0.6538,-1,-1,-1
152,14,553.80,156.30,80.70,264.90,0.6953,-1,-1,-1
152,16,1452.80,231.80,71.70,90.80,0.8384,-1,-1,-1
152,5,390.60,145.10,60.50,158.40,0.4465,-1,-1,-1
152,2,1401.50,140.10,39.30,147.50,0.7812,-1,-1,-1
152,15,1026.70,87.40,24.10,79.10,0.6372,-1,-1,-1
152,13,1195.20,126.10,37.00,127.40,0.7358,-1,-1,-1
152,30,183.70,310.50,121.10,143.80,0.7910,-1,-1,-1
152,7,495.70,148.30,43.30,114.30,0.1993,-1,-1,-1
152,8,1744.40,111.30,35.80,110.90,0.6069,-1,-1,-1
152,9,1522.40,224.10,69.60,93.30,0.6143,-1,-1,-1
152,10,1773.80,110.80,42.20,118.40,0.6001,-1,-1,-1
152,31,995.60,90.80,24.40,69.20,0.5371,-1,-1,-1
152,32,1786.50,209.20,77.60,75.40,0.2966,-1,-1,-1
152,27,1835.60,108.40,30.80,115.40,0.4121,-1,-1,-1
152,33,28.30,101.00,36.70,70.40,0.4446,-1,-1,-1
152,57,1061.50,91.30,19.00,55.90,0.1013,-1,-1,-1
152,34,1801.90,119.60,45.80,103.00,0.3416,-1,-1,-1
152,35,1726.00,110.20,30.60,110.20,0.2622,-1,-1,-1
153,29,841.40,151.40,59.30,244.20,0.8638,-1,-1,-1
153,14,556.50,152.70,81.30,265.90,0.5840,-1,-1,-1
153,16,1455.90,232.60,71.60,90.20,0.6978,-1,-1,-1
153,5,388.80,140.60,55.70,145.60,0.2437,-1,-1,-1
153,2,1405.70,139.70,39.30,146.30,0.8013,-1,-1,-1
153,15,1026.70,87.50,24.10,78.60,0.6167,-1,-1,-1
153,13,1194.90,125.80,37.20,128.60,0.7305,-1,-1,-1
153,30,183.70,309.90,121.30,144.00,0.6992,-1,-1,-1
153,7,487.80,147.40,44.00,116.90,0.1361,-1,-1,-1
153,8,1743.20,112.70,36.30,112.60,0.5850,-1,-1,-1
153,9,1524.70,223.90,69.20,92.80,0.5981,-1,-1,-1
153,10,1775.10,107.20,43.30,121.30,0.5029,-1,-1,-1
153,31,996.80,89.70,25.90,73.10,0.4785,-1,-1,-1
153,32,1785.40,209.30,77.90,75.60,0.4514,-1,-1,-1
153,27,1834.30,109.20,31.10,115.80,0.4243,-1,-1,-1
153,33,17.80,103.80,35.20,67.60,0.4873,-1,-1,-1
153,34,1803.50,115.20,45.50,103.50,0.1113,-1,-1,-1
153,35,1728.10,113.30,29.20,106.00,0.1956,-1,-1,-1
153,43,511.20,191.90,66.60,228.80,0.6758,-1,-1,-1
154,29,855.90,150.30,60.20,246.40,0.8516,-1,-1,-1
154,14,555.80,152.70,82.20,266.20,0.7148,-1,-1,-1
154,16,1453.60,234.60,71.10,89.40,0.7485,-1,-1,-1
154,2,1423.00,141.40,39.50,142.80,0.7720,-1,-1,-1
154,15,1027.20,88.70,26.50,85.80,0.4436,-1,-1,-1
154,13,1195.60,127.00,36.80,127.50,0.7607,-1,-1,-1
154,30,184.20,310.30,120.50,142.90,0.6177,-1,-1,-1
154,8,1744.20,112.00,35.90,111.50,0.5786,-1,-1,-1
154,9,1524.00,223.60,69.70,93.50,0.6299,-1,-1,-1
154,10,1771.40,105.10,44.90,124.60,0.5537,-1,-1,-1
154,31,1000.30,90.60,25.70,71.40,0.1353,-1,-1,-1
154,32,1785.30,210.10,77.40,75.20,0.4226,-1,-1,-1
154,27,1834.80,108.40,31.60,118.30,0.2751,-1,-1,-1
154,33,3.10,107.50,35.50,68.00,0.4514,-1,-1,-1
154,34,1809.50,110.50,50.70,114.90,0.4121,-1,-1,-1
154,35,1727.40,114.20,29.10,105.90,0.2925,-1,-1,-1
154,57,1060.60,93.50,25.10,74.20,0.5371,-1,-1,-1
155,29,865.50,153.00,59.90,241.60,0.7065,-1,-1,-1
155,14,554.60,152.70,83.10,266.10,0.7090,-1,-1,-1
155,16,1453.20,232.20,72.40,90.80,0.6235,-1,-1,-1
155,2,1448.10,141.50,40.40,143.30,0.7251,-1,-1,-1
155,15,1026.50,88.50,24.80,80.60,0.7104,-1,-1,-1
155,13,1195.70,126.60,37.00,127.80,0.7485,-1,-1,-1
155,30,130.80,231.10,180.50,219.70,0.5776,-1,-1,-1
155,8,1741.10,112.10,36.10,111.20,0.5205,-1,-1,-1
155,9,1524.10,223.60,69.20,92.90,0.5928,-1,-1,-1
155,10,1770.90,110.50,43.90,120.70,0.5049,-1,-1,-1
155,31,1000.80,91.80,24.60,68.70,0.1766,-1,-1,-1
155,32,1784.40,210.10,76.90,75.00,0.1956,-1,-1,-1
155,27,1834.60,107.10,32.60,122.60,0.2903,-1,-1,-1
155,33,0.00,112.60,27.80,65.70,0.4006,-1,-1,-1
155,34,1811.50,109.80,52.30,118.00,0.1987,-1,-1,-1
155,35,1730.10,114.00,29.90,108.20,0.1412,-1,-1,-1
155,20,314.40,216.40,103.30,218.50,0.7441,-1,-1,-1
155,57,1059.90,93.40,26.20,77.60,0.5796,-1,-1,-1
155,5,392.80,139.10,61.10,160.60,0.7280,-1,-1,-1
155,7,488.10,149.10,54.30,144.30,0.6162,-1,-1,-1
156,29,870.30,151.40,60.20,242.30,0.8193,-1,-1,-1
156,14,553.70,152.20,84.30,266.80,0.7559,-1,-1,-1
156,16,1434.20,169.60,120.20,153.90,0.6387,-1,-1,-1
156,15,1026.20,88.60,24.10,78.00,0.6689,-1,-1,-1
156,13,1196.30,126.20,37.00,128.20,0.7583,-1,-1,-1
156,30,90.50,215.70,192.10,239.90,0.7310,-1,-1,-1
156,8,1739.30,112.20,37.60,114.90,0.5698,-1,-1,-1
156,9,1524.50,224.30,68.20,91.40,0.4756,-1,-1,-1
156,10,1772.10,110.90,42.90,117.00,0.3784,-1,-1,-1
156,27,1836.10,107.90,29.80,111.50,0.3276,-1,-1,-1
156,34,1813.70,110.30,51.50,115.80,0.1152,-1,-1,-1
156,57,1059.50,92.50,26.70,79.30,0.5479,-1,-1,-1
156,63,1151.70,365.20,214.80,540.30,0.8159,-1,-1,-1
156,72,1527.70,102.40,40.60,111.20,0.4834,-1,-1,-1
156,5,390.30,138.30,62.60,165.30,0.7500,-1,-1,-1
156,7,487.40,144.70,57.80,154.30,0.4902,-1,-1,-1
157,29,870.40,151.60,59.50,238.10,0.8086,-1,-1,-1
157,14,552.00,152.10,85.80,267.30,0.7812,-1,-1,-1
157,16,1442.00,196.90,98.70,126.50,0.7402,-1,-1,-1
157,15,1026.00,88.50,24.00,77.60,0.7114,-1,-1,-1
157,13,1196.50,126.20,37.00,128.30,0.7671,-1,-1,-1
157,30,29.00,216.00,191.80,244.50,0.7080,-1,-1,-1
157,8,1740.90,112.20,37.90,114.50,0.5972,-1,-1,-1
157,9,1526.40,223.50,68.50,92.10,0.3647,-1,-1,-1
157,10,1772.40,113.00,42.80,115.90,0.5659,-1,-1,-1
157,27,1837.70,109.00,26.60,98.70,0.2401,-1,-1,-1
157,34,1818.30,108.30,51.60,117.80,0.2949,-1,-1,-1
157,57,1059.50,93.30,26.40,78.90,0.6021,-1,-1,-1
157,72,1530.00,101.50,36.00,98.40,0.3167,-1,-1,-1
157,5,388.70,140.00,62.40,164.60,0.7690,-1,-1,-1
157,7,486.20,139.70,60.10,160.90,0.6113,-1,-1,-1
157,70,994.90,92.80,22.00,67.70,0.4534,-1,-1,-1
157,71,206.60,292.40,69.90,160.60,0.7583,-1,-1,-1
157,6,720.00,164.50,90.30,188.10,0.8818,-1,-1,-1
158,29,877.00,151.30,60.00,236.50,0.7974,-1,-1,-1
158,14,551.70,152.70,86.80,266.00,0.7549,-1,-1,-1
158,16,1447.40,216.70,82.90,106.40,0.7324,-1,-1,-1
158,15,1025.90,88.40,24.10,78.20,0.7056,-1,-1,-1
158,13,1195.50,126.00,37.10,128.40,0.7598,-1,-1,-1
158,8,1741.70,112.30,37.70,113.20,0.5815,-1,-1,-1
158,10,1772.10,111.40,43.70,117.10,0.4893,-1,-1,-1
158,27,1836.90,108.20,28.20,105.10,0.1646,-1,-1,-1
158,34,1815.00,108.60,51.20,117.70,0.1422,-1,-1,-1
158,57,1059.60,92.90,26.20,78.40,0.5918,-1,-1,-1
158,5,386.70,140.30,62.50,164.20,0.7734,-1,-1,-1
158,7,484.10,135.10,61.20,164.90,0.4873,-1,-1,-1
158,70,994.70,93.70,21.10,64.90,0.4036,-1,-1,-1
158,71,211.20,307.40,64.20,145.00,0.7559,-1,-1,-1
158,24,1524.40,145.30,45.40,125.80,0.6226,-1,-1,-1
158,17,639.50,164.70,101.80,188.20,0.8389,-1,-1,-1
158,32,1784.60,209.10,78.20,76.30,0.3311,-1,-1,-1
159,29,875.90,152.20,60.40,236.10,0.7969,-1,-1,-1
159,14,569.70,156.50,74.00,214.80,0.6245,-1,-1,-1
159,15,1026.40,88.00,24.10,78.30,0.7153,-1,-1,-1
159,13,1196.10,126.40,37.10,127.80,0.7944,-1,-1,-1
159,8,1741.90,112.20,37.80,112.90,0.5000,-1,-1,-1
159,10,1771.70,110.10,44.50,118.50,0.3140,-1,-1,-1
159,27,1836.30,107.90,29.50,109.90,0.1807,-1,-1,-1
159,34,1811.40,110.50,51.60,117.60,0.3850,-1,-1,-1
159,57,1059.40,91.50,26.50,79.70,0.5591,-1,-1,-1
159,5,382.40,141.80,62.60,163.10,0.7900,-1,-1,-1
159,7,482.60,134.60,61.00,165.10,0.6235,-1,-1,-1
159,70,995.10,91.40,22.20,68.10,0.4456,-1,-1,-1
159,71,212.30,311.20,64.40,141.70,0.6387,-1,-1,-1
159,32,1785.20,209.70,77.40,75.50,0.4197,-1,-1,-1
159,2,1509.90,148.70,37.10,123.70,0.7627,-1,-1,-1
159,72,1532.20,100.80,32.20,87.60,0.5225,-1,-1,-1
160,29,877.80,150.00,61.60,237.20,0.8091,-1,-1,-1
160,14,556.10,154.80,86.60,249.10,0.7388,-1,-1,-1
160,15,1026.50,87.70,24.30,78.80,0.7051,-1,-1,-1
160,13,1196.20,126.70,37.40,127.60,0.7759,-1,-1,-1
160,8,1742.00,112.60,37.80,112.90,0.6216,-1,-1,-1
160,10,1772.00,113.00,44.00,116.40,0.4387,-1,-1,-1
160,27,1836.80,108.60,30.50,113.80,0.3638,-1,-1,-1
160,34,1813.10,110.50,51.40,116.40,0.2673,-1,-1,-1
160,57,1060.40,93.90,25.40,76.70,0.5303,-1,-1,-1
160,5,382.00,141.90,62.80,164.60,0.7231,-1,-1,-1
160,70,996.30,91.30,22.50,68.60,0.4922,-1,-1,-1
160,71,223.60,312.00,65.00,141.00,0.6416,-1,-1,-1
160,32,1786.50,209.70,76.90,75.10,0.4951,-1,-1,-1
160,2,1507.00,151.90,43.20,141.00,0.7627,-1,-1,-1
160,72,1529.00,101.20,37.60,102.60,0.4341,-1,-1,-1
160,63,1148.10,434.60,251.50,636.30,0.8921,-1,-1,-1
160,9,1532.30,223.10,66.50,91.60,0.4961,-1,-1,-1
161,29,874.90,149.70,62.80,239.00,0.8174,-1,-1,-1
161,14,558.10,152.50,89.60,259.50,0.7769,-1,-1,-1
161,15,1026.10,87.90,24.20,78.40,0.6870,-1,-1,-1
161,13,1196.30,127.00,37.40,126.80,0.7007,-1,-1,-1
161,8,1741.90,112.70,38.10,113.70,0.6187,-1,-1,-1
161,10,1771.30,110.90,45.40,119.50,0.4534,-1,-1,-1
161,27,1837.20,108.20,30.40,113.30,0.3577,-1,-1,-1
161,34,1815.50,108.10,51.70,117.40,0.1163,-1,-1,-1
161,57,1060.00,93.20,25.50,77.20,0.5498,-1,-1,-1
161,5,381.20,141.70,63.20,165.80,0.7798,-1,-1,-1
161,70,995.90,93.10,22.10,67.40,0.4111,-1,-1,-1
161,32,1786.00,208.10,78.70,77.10,0.1510,-1,-1,-1
161,72,1528.10,100.70,40.10,110.20,0.3469,-1,-1,-1
161,9,1531.40,223.30,65.80,91.50,0.3950,-1,-1,-1
161,16,1432.40,161.40,122.00,161.40,0.8403,-1,-1,-1
161,7,479.90,132.00,60.30,166.10,0.3850,-1,-1,-1
162,29,874.40,149.80,63.70,239.50,0.8306,-1,-1,-1
162,14,559.20,152.20,91.00,263.30,0.7832,-1,-1,-1
162,15,1027.00,88.20,24.10,78.50,0.6733,-1,-1,-1
162,13,1196.90,127.90,37.30,126.00,0.7529,-1,-1,-1
162,8,1739.60,112.60,38.70,114.50,0.6548,-1,-1,-1
162,10,1768.40,114.60,45.20,116.90,0.4351,-1,-1,-1
162,57,1060.80,95.50,24.70,74.90,0.5840,-1,-1,-1
162,5,379.90,142.10,72.80,190.40,0.7959,-1,-1,-1
162,70,995.70,94.10,22.00,67.00,0.4609,-1,-1,-1
162,32,1757.40,161.60,148.10,151.30,0.8496,-1,-1,-1
162,72,1528.30,101.10,39.50,108.60,0.2394,-1,-1,-1
162,9,1533.50,223.70,64.30,90.70,0.4961,-1,-1,-1
162,86,570.50,90.10,21.50,80.00,0.4814,-1,-1,-1
162,16,1426.00,153.60,116.40,162.60,0.6621,-1,-1,-1
162,7,478.30,134.70,59.60,164.60,0.7056,-1,-1,-1
162,71,214.80,312.00,67.80,140.60,0.6001,-1,-1,-1
163,29,874.10,150.10,64.00,238.20,0.7852,-1,-1,-1
163,14,564.80,159.10,87.60,257.50,0.7520,-1,-1,-1
163,15,1026.80,88.30,24.10,78.30,0.6934,-1,-1,-1
163,13,1196.30,127.40,37.90,126.70,0.7832,-1,-1,-1
163,57,1060.30,94.90,25.00,75.30,0.6299,-1,-1,-1
163,5,375.60,142.20,68.20,176.70,0.8721,-1,-1,-1
163,70,995.70,94.40,21.90,66.10,0.4426,-1,-1,-1
163,32,1711.80,146.50,166.00,175.70,0.8647,-1,-1,-1
163,72,1528.40,102.00,38.80,106.90,0.1968,-1,-1,-1
163,9,1529.80,224.30,64.60,90.90,0.5107,-1,-1,-1
163,86,571.40,88.60,22.00,81.60,0.5381,-1,-1,-1
163,16,1441.00,196.40,88.30,123.00,0.7373,-1,-1,-1
163,7,479.40,134.40,59.50,165.10,0.6870,-1,-1,-1
163,71,209.80,311.40,71.90,142.70,0.6235,-1,-1,-1
163,20,309.60,152.00,88.90,191.80,0.8555,-1,-1,-1
163,27,1835.90,108.10,31.00,114.90,0.3767,-1,-1,-1
163,34,1819.50,108.60,50.70,115.60,0.2681,-1,-1,-1
164,29,872.60,150.30,58.60,216.10,0.5947,-1,-1,-1
164,14,560.60,162.80,86.30,253.90,0.7920,-1,-1,-1
164,15,1026.80,88.40,24.10,78.30,0.7075,-1,-1,-1
164,13,1196.00,127.00,38.20,127.20,0.7734,-1,-1,-1
164,57,1060.30,95.30,24.70,74.40,0.6206,-1,-1,-1
164,5,372.20,141.50,66.70,170.40,0.8057,-1,-1,-1
164,70,995.00,95.30,22.10,66.30,0.4873,-1,-1,-1
164,72,1528.50,102.70,38.30,105.90,0.1694,-1,-1,-1
164,9,1527.90,224.30,65.30,91.80,0.5776,-1,-1,-1
164,86,571.90,88.20,22.30,82.30,0.5293,-1,-1,-1
164,16,1431.50,165.70,107.10,155.50,0.6934,-1,-1,-1
164,7,479.90,135.70,58.80,163.80,0.6714,-1,-1,-1
164,71,206.90,310.20,75.80,144.10,0.7520,-1,-1,-1
164,97,1464.00,211.60,42.00,111.00,0.6626,-1,-1,-1
164,27,1835.70,108.00,30.90,114.90,0.3025,-1,-1,-1
164,34,1815.70,110.30,51.20,115.90,0.3496,-1,-1,-1
164,8,1741.20,111.60,38.50,112.80,0.5430,-1,-1,-1
164,10,1769.60,114.60,44.80,115.70,0.5591,-1,-1,-1
165,29,865.50,150.60,63.00,230.60,0.8564,-1,-1,-1
165,14,561.50,165.30,82.90,246.70,0.5776,-1,-1,-1
165,15,1026.80,88.50,23.90,77.50,0.6958,-1,-1,-1
165,13,1195.40,127.30,38.30,127.00,0.7695,-1,-1,-1
165,57,1060.10,93.80,25.00,76.00,0.5728,-1,-1,-1
165,5,370.60,141.10,67.30,168.20,0.8276,-1,-1,-1
165,70,994.70,94.90,22.30,66.50,0.4883,-1,-1,-1
165,72,1528.80,104.50,38.20,105.10,0.1234,-1,-1,-1
165,9,1526.50,225.00,65.30,91.60,0.2959,-1,-1,-1
165,86,571.70,87.70,22.50,82.60,0.5776,-1,-1,-1
165,16,1423.30,157.30,108.80,163.00,0.7471,-1,-1,-1
165,7,479.90,133.20,59.50,166.30,0.6968,-1,-1,-1
165,71,205.30,312.20,78.10,141.90,0.1796,-1,-1,-1
165,97,1472.20,228.40,36.00,93.50,0.2289,-1,-1,-1
165,27,1832.90,108.90,30.40,110.90,0.3157,-1,-1,-1
165,34,1814.50,110.50,51.10,116.60,0.4834,-1,-1,-1
165,90,1785.50,209.20,77.00,75.60,0.4253,-1,-1,-1
165,8,1740.20,112.20,39.20,114.10,0.6416,-1,-1,-1
165,10,1770.90,114.70,44.90,115.10,0.6333,-1,-1,-1
166,29,863.60,151.20,64.40,235.00,0.8257,-1,-1,-1
166,14,561.40,169.50,82.40,245.20,0.7568,-1,-1,-1
166,15,1026.80,88.50,23.90,77.80,0.7007,-1,-1,-1
166,13,1194.60,127.30,38.50,127.20,0.7798,-1,-1,-1
166,57,1060.00,93.10,25.10,76.50,0.5547,-1,-1,-1
166,5,370.30,141.40,68.10,167.60,0.8198,-1,-1,-1
166,70,995.80,93.40,23.00,68.60,0.5449,-1,-1,-1
166,9,1499.30,162.80,112.30,165.00,0.7661,-1,-1,-1
166,86,572.30,88.40,22.40,81.70,0.5498,-1,-1,-1
166,16,1418.30,153.40,106.80,164.30,0.7373,-1,-1,-1
166,7,482.10,136.20,57.30,160.60,0.6802,-1,-1,-1
166,71,203.00,311.30,82.10,143.40,0.7163,-1,-1,-1
166,27,1832.60,109.00,30.60,111.60,0.2316,-1,-1,-1
166,34,1811.80,110.70,51.50,117.10,0.4766,-1,-1,-1
166,90,1787.70,208.90,77.20,75.80,0.5527,-1,-1,-1
166,8,1740.00,112.70,39.10,113.80,0.5918,-1,-1,-1
166,10,1771.50,116.20,44.50,113.20,0.5620,-1,-1,-1
167,29,866.20,151.90,65.20,236.70,0.8257,-1,-1,-1
167,14,563.60,171.00,81.80,244.90,0.7739,-1,-1,-1
167,15,1026.80,88.50,23.90,77.70,0.7168,-1,-1,-1
167,13,1193.90,127.30,38.40,127.00,0.7769,-1,-1,-1
167,57,1059.00,92.50,25.10,76.40,0.6416,-1,-1,-1
167,5,370.50,140.90,68.90,166.90,0.8286,-1,-1,-1
167,70,996.30,92.40,23.10,68.70,0.5176,-1,-1,-1
167,86,571.90,89.30,22.40,80.90,0.5879,-1,-1,-1
167,16,1411.60,137.30,119.10,190.20,0.7910,-1,-1,-1
167,7,481.20,136.20,57.50,161.80,0.7271,-1,-1,-1
167,27,1832.10,109.30,31.50,113.80,0.4883,-1,-1,-1
167,90,1787.30,208.70,77.20,75.80,0.4551,-1,-1,-1
167,8,1739.00,113.50,38.90,112.30,0.5972,-1,-1,-1
167,10,1769.10,113.30,45.70,115.90,0.4580,-1,-1,-1
168,29,869.30,151.60,66.10,238.00,0.7964,-1,-1,-1
168,14,563.10,170.20,82.10,246.70,0.7534,-1,-1,-1
168,15,1026.80,88.70,23.90,77.60,0.6851,-1,-1,-1
168,13,1193.60,127.30,38.40,126.80,0.7612,-1,-1,-1
168,57,1059.30,91.20,25.70,77.60,0.5571,-1,-1,-1
168,5,371.60,141.40,70.60,166.00,0.6270,-1,-1,-1
168,70,996.40,92.40,23.20,68.70,0.5488,-1,-1,-1
168,86,571.70,92.90,21.40,77.30,0.4253,-1,-1,-1
168,16,1409.30,144.80,106.80,177.00,0.8066,-1,-1,-1
168,7,477.40,135.10,58.60,164.40,0.7593,-1,-1,-1
168,27,1831.80,109.10,32.10,114.40,0.4902,-1,-1,-1
168,90,1787.10,209.10,77.20,75.70,0.4932,-1,-1,-1
168,8,1738.60,113.20,39.00,111.70,0.6670,-1,-1,-1
168,10,1768.20,113.30,46.10,116.10,0.4504,-1,-1,-1
168,82,93.70,142.60,82.10,177.70,0.8506,-1,-1,-1
168,72,1528.40,102.30,38.50,106.20,0.3286,-1,-1,-1
168,9,1517.20,203.20,80.10,116.50,0.6504,-1,-1,-1
168,71,202.70,308.20,85.70,144.60,0.4485,-1,-1,-1
169,29,872.90,151.10,66.60,239.10,0.8018,-1,-1,-1
169,14,564.20,167.40,82.60,249.30,0.7788,-1,-1,-1
169,15,1027.20,88.10,24.10,78.60,0.7256,-1,-1,-1
169,13,1194.00,127.00,38.40,127.20,0.7676,-1,-1,-1
169,57,1058.90,90.80,26.00,78.00,0.6260,-1,-1,-1
169,5,367.40,141.40,71.10,165.30,0.7871,-1,-1,-1
169,70,995.10,91.50,24.00,70.50,0.5786,-1,-1,-1
169,86,571.40,90.50,22.00,79.50,0.4600,-1,-1,-1
169,16,1385.70,145.20,96.90,165.40,0.8418,-1,-1,-1
169,7,474.20,133.50,59.50,166.20,0.7798,-1,-1,-1
169,27,1832.30,107.60,33.10,117.80,0.5449,-1,-1,-1
169,90,1787.50,210.00,76.30,74.70,0.4216,-1,-1,-1
169,8,1737.90,112.00,40.10,112.40,0.6733,-1,-1,-1
169,10,1769.20,112.10,45.60,115.00,0.4543,-1,-1,-1
169,82,62.00,141.40,79.90,173.10,0.8452,-1,-1,-1
169,110,1807.90,115.90,25.00,105.40,0.4351,-1,-1,-1
169,72,1528.70,102.00,38.30,105.80,0.3530,-1,-1,-1
169,9,1523.00,218.90,68.50,98.70,0.5908,-1,-1,-1
169,71,201.30,308.60,88.70,144.40,0.7305,-1,-1,-1
169,63,1208.10,429.50,212.60,498.20,0.8330,-1,-1,-1
169,97,1466.90,232.40,38.20,94.00,0.7964,-1,-1,-1
170,29,876.00,148.60,67.10,240.30,0.8418,-1,-1,-1
170,14,565.90,167.10,82.20,249.00,0.7241,-1,-1,-1
170,15,1027.00,88.40,23.90,77.70,0.7080,-1,-1,-1
170,13,1199.50,127.10,30.70,95.90,0.4055,-1,-1,-1
170,57,1058.80,90.80,25.90,78.00,0.6309,-1,-1,-1
170,5,366.60,141.30,72.30,165.60,0.6216,-1,-1,-1
170,70,995.70,92.00,24.00,69.70,0.5430,-1,-1,-1
170,86,571.50,90.10,22.30,79.20,0.3311,-1,-1,-1
170,7,474.50,133.30,59.00,166.40,0.7153,-1,-1,-1
170,27,1832.60,107.70,33.30,119.10,0.3979,-1,-1,-1
170,90,1787.90,210.90,75.40,73.70,0.4292,-1,-1,-1
170,8,1740.00,112.40,39.70,110.60,0.6245,-1,-1,-1
170,10,1770.40,111.80,45.70,114.80,0.5234,-1,-1,-1
170,82,26.40,137.40,79.00,171.60,0.8574,-1,-1,-1
170,72,1528.90,101.70,38.10,105.70,0.3999,-1,-1,-1
170,9,1525.30,223.00,65.50,93.70,0.6558,-1,-1,-1
170,71,200.50,308.90,92.10,144.60,0.8110,-1,-1,-1
170,97,1465.70,232.30,39.90,92.70,0.7925,-1,-1,-1
170,66,1182.40,162.80,92.00,189.70,0.8960,-1,-1,-1
171,29,877.00,147.70,67.50,241.00,0.8516,-1,-1,-1
171,14,564.10,165.60,82.90,250.50,0.7725,-1,-1,-1
171,15,1026.80,88.30,24.00,78.00,0.7349,-1,-1,-1
171,13,1195.00,127.10,37.80,118.20,0.7725,-1,-1,-1
171,57,1059.70,91.40,25.10,75.90,0.6001,-1,-1,-1
171,5,368.80,137.40,73.30,169.40,0.5420,-1,-1,-1
171,70,995.10,93.40,23.70,68.70,0.5601,-1,-1,-1
171,7,472.70,132.40,59.20,166.70,0.7417,-1,-1,-1
171,27,1834.10,108.10,32.50,117.00,0.3850,-1,-1,-1
171,90,1786.60,210.40,75.80,74.00,0.3496,-1,-1,-1
171,8,1742.50,111.40,40.20,111.50,0.6636,-1,-1,-1
171,10,1769.60,111.20,46.40,116.10,0.4814,-1,-1,-1
171,82,4.10,139.20,74.00,160.90,0.8228,-1,-1,-1
171,72,1528.80,101.80,37.90,105.40,0.3979,-1,-1,-1
171,9,1525.70,224.00,65.20,92.50,0.6558,-1,-1,-1
171,71,199.20,309.90,95.10,144.30,0.8228,-1,-1,-1
171,97,1464.80,232.60,41.60,91.80,0.8218,-1,-1,-1
171,34,1819.10,108.40,50.80,118.20,0.2917,-1,-1,-1
172,29,873.90,147.60,66.60,240.00,0.8232,-1,-1,-1
172,14,563.80,167.60,82.30,248.20,0.8291,-1,-1,-1
172,15,1026.30,88.30,24.00,78.00,0.7129,-1,-1,-1
172,13,1193.80,127.40,39.60,123.70,0.7417,-1,-1,-1
172,57,1059.20,91.20,25.50,76.90,0.6494,-1,-1,-1
172,5,368.70,140.20,72.10,166.90,0.7646,-1,-1,-1
172,70,995.80,93.30,23.70,68.40,0.5488,-1,-1,-1
172,7,474.60,133.10,58.50,166.10,0.7080,-1,-1,-1
172,27,1834.60,108.70,32.40,117.40,0.3701,-1,-1,-1
172,90,1786.70,209.40,77.00,75.10,0.5547,-1,-1,-1
172,8,1744.00,112.30,39.30,109.90,0.6680,-1,-1,-1
172,10,1770.60,113.00,46.00,114.70,0.4951,-1,-1,-1
172,82,0.00,135.60,60.20,158.60,0.8228,-1,-1,-1
172,72,1529.10,101.80,37.60,105.30,0.3132,-1,-1,-1
172,9,1525.70,224.30,65.30,92.20,0.6406,-1,-1,-1
172,71,198.60,311.20,97.50,143.30,0.7349,-1,-1,-1
172,97,1464.30,233.10,43.50,91.00,0.8032,-1,-1,-1
173,29,870.90,147.60,66.80,239.80,0.7900,-1,-1,-1
173,14,564.30,169.80,81.90,246.40,0.7827,-1,-1,-1
173,15,1026.00,88.40,24.10,78.30,0.6699,-1,-1,-1
173,13,1191.60,128.10,47.70,152.30,0.1326,-1,-1,-1
173,57,1058.60,92.30,25.40,76.10,0.6733,-1,-1,-1
173,5,371.60,140.50,73.30,166.60,0.7773,-1,-1,-1
173,70,995.00,91.90,23.90,69.00,0.3577,-1,-1,-1
173,7,475.90,132.20,58.70,167.80,0.6450,-1,-1,-1
173,27,1833.60,109.00,32.80,117.50,0.5420,-1,-1,-1
173,90,1786.80,209.10,77.20,75.50,0.5225,-1,-1,-1
173,8,1744.40,113.00,39.20,109.00,0.6216,-1,-1,-1
173,10,1774.70,114.40,46.30,116.60,0.6167,-1,-1,-1
173,82,0.00,131.70,50.50,156.70,0.6748,-1,-1,-1
173,72,1529.20,101.80,37.60,105.60,0.3611,-1,-1,-1
173,9,1525.60,224.40,65.60,92.20,0.6113,-1,-1,-1
173,71,196.60,311.00,100.60,143.60,0.8086,-1,-1,-1
173,97,1463.00,232.80,45.60,91.10,0.8223,-1,-1,-1
173,86,569.60,86.60,23.80,83.00,0.5820,-1,-1,-1
173,66,1185.00,133.20,81.30,173.30,0.8130,-1,-1,-1
174,29,867.80,150.10,65.80,237.00,0.7593,-1,-1,-1
174,14,565.50,170.10,81.70,246.30,0.7720,-1,-1,-1
174,15,1025.40,88.60,24.30,79.10,0.6270,-1,-1,-1
174,13,1193.30,128.00,43.00,137.90,0.7671,-1,-1,-1
174,57,1057.20,92.70,25.70,75.60,0.5928,-1,-1,-1
174,5,366.70,140.00,73.80,167.00,0.7661,-1,-1,-1
174,70,995.50,89.40,25.30,71.70,0.4697,-1,-1,-1
174,7,475.90,131.80,58.80,167.60,0.7129,-1,-1,-1
174,27,1834.60,108.40,32.10,115.90,0.4873,-1,-1,-1
174,90,1786.70,210.90,75.60,73.70,0.4312,-1,-1,-1
174,8,1748.10,111.70,40.00,110.70,0.6113,-1,-1,-1
174,10,1778.50,114.20,45.90,118.10,0.5371,-1,-1,-1
174,82,0.00,138.00,39.60,144.50,0.6899,-1,-1,-1
174,72,1529.30,101.60,37.40,105.60,0.4312,-1,-1,-1
174,9,1525.30,224.20,66.30,92.70,0.5938,-1,-1,-1
174,71,195.10,311.30,103.40,143.80,0.8110,-1,-1,-1
174,97,1462.40,232.90,47.60,90.90,0.8057,-1,-1,-1
174,64,1720.70,107.70,34.40,113.20,0.5010,-1,-1,-1
174,86,568.80,86.60,24.50,82.70,0.6060,-1,-1,-1
175,29,869.70,148.80,67.20,238.70,0.8452,-1,-1,-1
175,14,564.90,170.90,81.70,245.50,0.7388,-1,-1,-1
175,15,1025.70,88.80,24.20,78.60,0.6538,-1,-1,-1
175,13,1193.50,127.90,40.90,131.40,0.7720,-1,-1,-1
175,57,1057.40,92.90,25.50,74.80,0.4570,-1,-1,-1
175,5,376.60,142.10,72.30,164.80,0.6177,-1,-1,-1
175,70,995.20,91.20,24.90,70.40,0.4609,-1,-1,-1
175,7,472.50,131.90,59.80,166.80,0.7358,-1,-1,-1
175,27,1836.60,105.80,32.60,118.50,0.1561,-1,-1,-1
175,90,1787.60,211.40,75.10,73.00,0.4756,-1,-1,-1
175,8,1748.10,112.20,41.10,111.80,0.6636,-1,-1,-1
175,10,1779.20,117.20,43.20,112.90,0.5679,-1,-1,-1
175,82,0.00,127.50,36.50,148.30,0.6460,-1,-1,-1
175,72,1529.30,101.40,37.40,105.70,0.3950,-1,-1,-1
175,9,1525.00,224.00,66.90,92.90,0.6772,-1,-1,-1
175,71,194.30,311.00,105.50,143.80,0.8252,-1,-1,-1
175,97,1461.60,233.20,49.50,90.50,0.7964,-1,-1,-1
175,64,1717.30,107.10,35.30,116.40,0.5254,-1,-1,-1
175,86,569.00,88.20,24.20,80.80,0.4495,-1,-1,-1
175,56,1079.40,150.40,64.20,150.70,0.8877,-1,-1,-1
175,110,1816.10,115.10,27.50,111.70,0.3850,-1,-1,-1
176,29,880.20,149.70,67.90,236.70,0.8037,-1,-1,-1
176,14,563.90,169.40,82.20,247.20,0.7568,-1,-1,-1
176,13,1193.70,127.90,39.90,128.30,0.7612,-1,-1,-1
176,57,1054.30,90.90,26.70,77.80,0.4844,-1,-1,-1
176,5,356.40,147.90,76.40,158.40,0.5708,-1,-1,-1
176,70,995.10,93.10,24.60,69.00,0.5283,-1,-1,-1
176,7,474.40,133.30,59.70,165.70,0.7393,-1,-1,-1
176,27,1836.90,107.40,29.70,104.90,0.4226,-1,-1,-1
176,90,1787.80,211.80,75.20,72.70,0.4312,-1,-1,-1
176,8,1752.10,111.50,41.40,112.60,0.5459,-1,-1,-1
176,10,1779.40,108.70,46.20,121.30,0.4312,-1,-1,-1
176,72,1529.40,101.50,37.20,105.80,0.4065,-1,-1,-1
176,9,1524.50,223.60,67.90,93.90,0.6494,-1,-1,-1
176,71,193.50,311.20,106.70,143.00,0.6875,-1,-1,-1
176,97,1461.60,233.30,51.60,90.30,0.8081,-1,-1,-1
176,64,1709.10,106.10,35.80,117.40,0.6699,-1,-1,-1
176,86,569.60,88.90,24.20,80.80,0.4834,-1,-1,-1
176,110,1823.50,109.30,30.40,118.10,0.1246,-1,-1,-1
176,31,1026.50,88.70,26.00,74.10,0.6123,-1,-1,-1
177,29,894.70,150.40,66.90,234.80,0.8252,-1,-1,-1
177,14,564.10,169.10,82.70,246.40,0.7656,-1,-1,-1
177,13,1193.80,128.20,39.50,127.10,0.7695,-1,-1,-1
177,57,1057.50,89.40,27.30,78.90,0.5283,-1,-1,-1
177,5,366.40,140.50,79.50,166.40,0.4407,-1,-1,-1
177,70,995.70,92.80,24.20,68.20,0.5889,-1,-1,-1
177,7,474.90,133.30,60.10,165.60,0.7446,-1,-1,-1
177,90,1787.40,210.70,76.20,73.60,0.5332,-1,-1,-1
177,8,1751.00,112.80,40.70,111.80,0.6260,-1,-1,-1
177,10,1775.20,107.20,48.10,124.90,0.3667,-1,-1,-1
177,72,1529.40,101.60,37.20,105.40,0.2974,-1,-1,-1
177,9,1525.60,223.50,68.20,93.70,0.6582,-1,-1,-1
177,71,193.60,311.00,109.30,143.40,0.5195,-1,-1,-1
177,97,1461.80,234.40,53.00,88.90,0.7778,-1,-1,-1
177,64,1702.40,107.90,35.40,114.90,0.4766,-1,-1,-1
177,86,570.70,92.20,23.40,77.80,0.4863,-1,-1,-1
177,31,1026.80,88.10,26.30,76.60,0.7188,-1,-1,-1
177,34,1826.70,108.50,48.40,114.10,0.4148,-1,-1,-1
178,29,908.20,148.90,67.30,234.20,0.8638,-1,-1,-1
178,14,565.80,169.20,82.20,247.30,0.7695,-1,-1,-1
178,13,1194.00,128.50,39.00,125.90,0.7583,-1,-1,-1
178,57,1057.50,89.90,27.10,78.60,0.6514,-1,-1,-1
178,5,347.90,139.80,85.10,168.50,0.7002,-1,-1,-1
178,70,995.70,92.40,24.50,69.20,0.5410,-1,-1,-1
178,90,1788.90,212.00,75.30,72.50,0.4197,-1,-1,-1
178,8,1748.90,113.10,39.80,110.40,0.6548,-1,-1,-1
178,10,1773.30,104.90,49.20,127.50,0.5127,-1,-1,-1
178,72,1529.20,101.20,37.60,105.60,0.3960,-1,-1,-1
178,9,1526.10,223.60,68.10,93.30,0.6704,-1,-1,-1
178,71,192.20,310.20,110.80,143.80,0.8184,-1,-1,-1
178,97,1460.60,234.20,55.10,89.20,0.7891,-1,-1,-1
178,64,1691.70,111.60,35.20,112.40,0.5508,-1,-1,-1
178,86,571.10,93.30,23.10,76.60,0.4707,-1,-1,-1
178,31,1026.90,88.20,26.30,77.50,0.6929,-1,-1,-1
178,34,1824.80,108.10,48.70,115.00,0.6143,-1,-1,-1
178,43,488.70,192.40,69.70,216.00,0.7231,-1,-1,-1
179,29,919.00,149.60,66.60,233.40,0.8154,-1,-1,-1
179,14,564.10,168.80,82.60,247.90,0.7944,-1,-1,-1
179,13,1194.00,128.30,39.00,126.10,0.7798,-1,-1,-1
179,57,1058.20,91.50,26.60,77.10,0.6353,-1,-1,-1
179,5,353.00,139.20,118.80,234.30,0.8350,-1,-1,-1
179,70,995.40,93.70,24.20,67.80,0.5439,-1,-1,-1
179,90,1788.40,212.60,75.00,71.90,0.5215,-1,-1,-1
179,8,1749.70,113.00,40.10,111.00,0.7056,-1,-1,-1
179,10,1773.80,103.70,49.20,127.90,0.6343,-1,-1,-1
179,72,1529.30,101.60,37.40,105.50,0.2776,-1,-1,-1
179,9,1524.70,222.90,68.80,93.90,0.7002,-1,-1,-1
179,71,189.40,308.70,112.70,145.40,0.8555,-1,-1,-1
179,97,1459.20,234.20,56.80,89.30,0.7871,-1,-1,-1
179,64,1681.00,114.50,37.00,116.90,0.6279,-1,-1,-1
179,86,570.70,92.60,23.10,77.10,0.3811,-1,-1,-1
179,31,1027.10,88.00,25.90,77.50,0.7007,-1,-1,-1
179,34,1822.90,108.80,49.40,117.70,0.5757,-1,-1,-1
179,20,303.70,91.50,48.10,101.50,0.7256,-1,-1,-1
179,7,476.40,133.30,59.00,165.10,0.7446,-1,-1,-1
180,29,927.10,147.90,67.00,235.10,0.8110,-1,-1,-1
180,14,564.70,165.60,83.30,250.60,0.8159,-1,-1,-1
180,13,1194.00,128.00,38.90,126.00,0.7607,-1,-1,-1
180,57,1058.50,91.70,26.40,76.90,0.6895,-1,-1,-1
180,5,353.30,140.10,101.60,197.90,0.7808,-1,-1,-1
180,70,995.90,92.50,23.90,67.10,0.5557,-1,-1,-1
180,90,1787.70,212.00,75.90,72.60,0.5796,-1,-1,-1
180,8,1753.20,111.10,41.70,115.20,0.6279,-1,-1,-1
180,10,1777.70,104.00,47.60,125.10,0.5078,-1,-1,-1
180,72,1529.50,101.80,37.10,105.10,0.3091,-1,-1,-1
180,9,1528.10,222.80,69.20,93.20,0.7754,-1,-1,-1
180,71,187.30,307.30,113.60,145.60,0.8101,-1,-1,-1
180,97,1458.60,233.60,58.60,89.60,0.7949,-1,-1,-1
180,64,1680.00,115.30,36.60,114.40,0.4495,-1,-1,-1
180,86,571.00,90.70,23.70,79.00,0.4263,-1,-1,-1
180,34,1820.30,109.20,47.50,114.90,0.6270,-1,-1,-1
180,93,36.00,75.50,46.50,96.10,0.7153,-1,-1,-1
180,18,1729.40,104.80,38.00,113.50,0.4504,-1,-1,-1
180,7,474.50,132.00,59.20,166.50,0.8188,-1,-1,-1
180,15,1025.90,87.70,24.10,78.60,0.7026,-1,-1,-1
181,29,929.60,147.50,66.70,235.50,0.8057,-1,-1,-1
181,14,565.70,157.00,86.00,259.80,0.8169,-1,-1,-1
181,13,1194.00,128.20,38.90,125.90,0.7534,-1,-1,-1
181,57,1059.10,91.70,26.20,77.00,0.6436,-1,-1,-1
181,5,354.50,139.90,93.40,179.10,0.8545,-1,-1,-1
181,70,995.80,91.00,24.40,68.70,0.4658,-1,-1,-1
181,90,1787.10,211.20,77.00,73.70,0.5757,-1,-1,-1
181,8,1754.70,110.70,41.90,117.80,0.5332,-1,-1,-1
181,10,1776.90,103.50,47.60,125.70,0.5195,-1,-1,-1
181,72,1529.10,101.40,37.30,105.70,0.3523,-1,-1,-1
181,9,1527.80,216.30,74.90,99.30,0.6655,-1,-1,-1
181,71,187.50,310.50,112.60,142.70,0.4417,-1,-1,-1
181,97,1458.60,232.70,60.80,90.40,0.7969,-1,-1,-1
181,64,1677.10,110.50,40.40,121.30,0.1263,-1,-1,-1
181,86,570.60,90.50,24.50,79.80,0.4580,-1,-1,-1
181,34,1819.30,107.60,46.70,114.20,0.6851,-1,-1,-1
181,93,46.10,80.60,43.00,89.10,0.6060,-1,-1,-1
181,18,1727.10,104.00,39.00,116.80,0.3960,-1,-1,-1
181,7,474.30,132.60,59.80,166.50,0.7568,-1,-1,-1
181,15,1026.40,87.60,24.20,78.90,0.7056,-1,-1,-1
182,29,929.80,147.10,66.80,236.00,0.8013,-1,-1,-1
182,14,562.80,152.80,87.60,264.20,0.8081,-1,-1,-1
182,13,1194.00,128.20,39.00,126.20,0.7544,-1,-1,-1
182,57,1059.40,91.40,26.00,77.00,0.6504,-1,-1,-1
182,5,359.20,139.70,92.60,171.90,0.8320,-1,-1,-1
182,70,996.20,90.30,24.60,69.30,0.5312,-1,-1,-1
182,8,1761.30,110.90,41.60,116.70,0.1412,-1,-1,-1
182,10,1772.30,104.50,48.20,127.50,0.7065,-1,-1,-1
182,72,1529.00,101.40,37.30,105.90,0.4658,-1,-1,-1
182,9,1529.60,220.80,72.30,94.60,0.8037,-1,-1,-1
182,71,187.60,309.60,113.90,143.50,0.8403,-1,-1,-1
182,97,1456.60,232.80,61.60,90.00,0.8198,-1,-1,-1
182,86,571.00,91.50,24.60,79.00,0.5688,-1,-1,-1
182,93,54.60,82.40,40.80,84.70,0.6011,-1,-1,-1
182,18,1727.00,105.20,37.90,113.50,0.2316,-1,-1,-1
182,7,475.60,135.40,58.70,163.40,0.7178,-1,-1,-1
182,15,1026.10,87.30,24.20,79.00,0.7363,-1,-1,-1
182,112,1695.00,112.00,45.60,114.30,0.6060,-1,-1,-1
182,6,700.00,154.60,79.00,168.10,0.8506,-1,-1,-1
182,32,1765.20,113.70,154.80,189.30,0.8232,-1,-1,-1
183,29,929.20,146.40,66.80,236.70,0.7812,-1,-1,-1
183,14,561.60,152.00,88.40,265.50,0.8013,-1,-1,-1
183,13,1193.90,127.40,39.20,126.70,0.7319,-1,-1,-1
183,57,1059.70,91.30,25.70,76.70,0.6636,-1,-1,-1
183,5,357.40,139.20,91.30,169.30,0.8237,-1,-1,-1
183,70,996.40,91.10,23.70,66.50,0.5078,-1,-1,-1
183,10,1751.10,101.80,63.80,165.50,0.7520,-1,-1,-1
183,72,1529.00,101.60,37.20,105.90,0.5020,-1,-1,-1
183,9,1529.10,222.90,72.00,93.30,0.7993,-1,-1,-1
183,71,186.60,308.20,115.70,145.30,0.8545,-1,-1,-1
183,97,1455.60,233.20,62.40,89.60,0.8159,-1,-1,-1
183,86,573.70,88.40,26.60,83.80,0.5879,-1,-1,-1
183,93,53.10,83.90,39.60,82.20,0.4426,-1,-1,-1
183,18,1729.80,106.70,36.60,109.80,0.3252,-1,-1,-1
183,7,474.80,134.80,59.00,164.30,0.7139,-1,-1,-1
183,15,1026.50,87.60,24.10,78.80,0.7319,-1,-1,-1
183,112,1697.60,108.10,46.90,117.80,0.5039,-1,-1,-1
183,34,1818.10,107.70,45.60,112.80,0.5361,-1,-1,-1
184,29,929.00,146.60,66.40,236.50,0.7739,-1,-1,-1
184,14,560.20,151.20,88.60,266.10,0.8301,-1,-1,-1
184,13,1194.60,128.40,38.70,125.70,0.7114,-1,-1,-1
184,57,1059.80,92.30,25.50,75.50,0.6592,-1,-1,-1
184,5,356.30,139.10,91.10,168.00,0.7988,-1,-1,-1
184,70,996.30,92.30,23.60,66.00,0.5283,-1,-1,-1
184,72,1529.10,101.40,37.50,106.30,0.3850,-1,-1,-1
184,9,1529.40,224.60,70.90,91.40,0.7725,-1,-1,-1
184,71,185.90,308.10,116.50,145.60,0.8701,-1,-1,-1
184,97,1455.00,233.50,63.10,88.90,0.8252,-1,-1,-1
184,18,1730.70,106.40,36.10,108.70,0.2024,-1,-1,-1
184,7,475.00,130.80,60.50,168.70,0.6992,-1,-1,-1
184,15,1026.80,88.00,23.80,77.90,0.7256,-1,-1,-1
184,23,35.10,82.80,41.30,82.90,0.6353,-1,-1,-1
184,34,1818.10,109.30,44.80,109.70,0.5439,-1,-1,-1
184,90,1786.30,212.60,75.90,72.20,0.5264,-1,-1,-1
184,8,1771.70,107.90,45.40,124.60,0.6250,-1,-1,-1
185,29,928.90,147.20,66.00,235.90,0.7852,-1,-1,-1
185,14,560.10,151.50,88.20,265.20,0.8159,-1,-1,-1
185,13,1194.40,129.00,38.60,124.90,0.7739,-1,-1,-1
185,57,1059.20,91.90,25.70,75.90,0.6216,-1,-1,-1
185,5,362.70,138.80,88.90,169.20,0.8330,-1,-1,-1
185,70,995.00,92.00,23.10,63.80,0.5176,-1,-1,-1
185,72,1529.10,101.00,37.70,106.20,0.3831,-1,-1,-1
185,9,1530.40,225.30,70.80,90.10,0.5566,-1,-1,-1
185,71,185.50,308.40,117.10,145.60,0.8721,-1,-1,-1
185,97,1454.40,233.10,64.20,89.40,0.8262,-1,-1,-1
185,18,1730.80,104.40,38.60,117.10,0.3523,-1,-1,-1
185,7,475.10,132.30,59.70,167.30,0.6504,-1,-1,-1
185,15,1027.30,88.00,23.90,78.10,0.7065,-1,-1,-1
185,23,28.70,81.90,41.80,84.00,0.5117,-1,-1,-1
185,114,248.80,189.00,67.00,83.40,0.3442,-1,-1,-1
185,90,1786.10,212.80,75.90,72.00,0.2854,-1,-1,-1
185,8,1771.80,109.60,46.30,123.80,0.6040,-1,-1,-1
185,35,1762.80,114.80,32.30,112.30,0.3730,-1,-1,-1
185,112,1699.80,106.50,47.50,120.30,0.4590,-1,-1,-1
186,29,929.10,146.50,66.20,236.90,0.7759,-1,-1,-1
186,14,569.00,152.60,88.00,261.40,0.7661,-1,-1,-1
186,13,1194.70,128.80,38.70,124.90,0.7515,-1,-1,-1
186,57,1059.10,92.60,25.50,75.20,0.6245,-1,-1,-1
186,5,365.90,139.50,86.00,168.50,0.7720,-1,-1,-1
186,70,993.30,90.90,24.30,67.30,0.5420,-1,-1,-1
186,72,1528.90,100.40,38.20,107.90,0.2798,-1,-1,-1
186,9,1532.40,226.00,71.40,89.70,0.7720,-1,-1,-1
186,71,185.30,308.10,117.50,145.70,0.8677,-1,-1,-1
186,97,1454.20,233.80,64.60,88.60,0.8184,-1,-1,-1
186,18,1731.70,103.30,39.60,120.70,0.3459,-1,-1,-1
186,15,1026.90,88.10,24.10,78.10,0.7065,-1,-1,-1
186,23,24.30,81.70,41.70,84.10,0.4629,-1,-1,-1
186,114,248.70,189.30,66.70,83.00,0.3513,-1,-1,-1
186,90,1782.00,203.60,83.90,80.70,0.3303,-1,-1,-1
186,8,1773.10,110.00,40.20,101.10,0.1779,-1,-1,-1
186,35,1759.80,114.00,33.00,104.80,0.2194,-1,-1,-1
186,112,1700.80,102.90,48.40,123.80,0.3594,-1,-1,-1
186,43,459.00,162.40,70.70,179.90,0.8003,-1,-1,-1
186,10,1763.00,142.70,48.80,120.80,0.6738,-1,-1,-1
187,29,929.10,146.80,66.10,236.20,0.7852,-1,-1,-1
187,14,591.00,164.50,83.90,248.40,0.8584,-1,-1,-1
187,13,1194.30,128.60,38.80,125.30,0.7739,-1,-1,-1
187,57,1058.50,92.40,25.60,75.00,0.6377,-1,-1,-1
187,5,365.70,145.60,96.10,187.30,0.7988,-1,-1,-1
187,70,992.50,90.40,25.20,70.60,0.5547,-1,-1,-1
187,72,1528.80,100.80,38.40,108.00,0.3372,-1,-1,-1
187,9,1532.60,226.20,72.20,89.90,0.4006,-1,-1,-1
187,71,185.00,308.10,118.10,145.70,0.8525,-1,-1,-1
187,97,1453.80,234.20,65.40,88.30,0.8169,-1,-1,-1
187,18,1734.70,136.00,38.70,114.40,0.6074,-1,-1,-1
187,15,1027.40,88.20,23.90,77.30,0.6909,-1,-1,-1
187,23,16.90,82.90,41.30,83.00,0.6758,-1,-1,-1
187,114,249.00,189.40,66.60,82.80,0.2798,-1,-1,-1
187,112,1701.40,102.80,48.10,123.80,0.4524,-1,-1,-1
187,10,1762.40,125.40,57.40,147.40,0.4456,-1,-1,-1
187,24,1531.40,134.80,57.90,159.40,0.4961,-1,-1,-1
187,32,1793.20,131.20,126.80,172.60,0.7778,-1,-1,-1
187,93,71.30,83.60,48.70,101.50,0.7393,-1,-1,-1
187,7,477.00,137.00,58.40,163.00,0.7388,-1,-1,-1
188,29,929.60,147.40,65.90,235.70,0.7812,-1,-1,-1
188,14,608.00,179.60,78.10,229.40,0.8574,-1,-1,-1
188,13,1194.10,128.50,38.90,125.60,0.7686,-1,-1,-1
188,57,1058.80,92.90,25.50,74.80,0.6602,-1,-1,-1
188,5,367.50,142.60,87.90,175.60,0.8433,-1,-1,-1
188,70,994.00,89.60,25.70,72.30,0.6372,-1,-1,-1
188,72,1531.70,100.70,32.60,88.30,0.2983,-1,-1,-1
188,9,1528.20,226.10,73.80,90.20,0.6504,-1,-1,-1
188,71,184.60,308.10,118.70,146.20,0.8262,-1,-1,-1
188,97,1455.20,234.40,66.50,87.90,0.7026,-1,-1,-1
188,18,1732.60,140.00,42.80,125.70,0.3584,-1,-1,-1
188,15,1026.60,88.40,23.70,76.70,0.7002,-1,-1,-1
188,23,12.10,91.50,35.40,70.90,0.1603,-1,-1,-1
188,112,1694.00,137.20,46.50,117.30,0.8091,-1,-1,-1
188,24,1524.10,138.40,57.10,156.20,0.6343,-1,-1,-1
188,32,1781.20,120.50,130.70,178.50,0.6279,-1,-1,-1
188,7,476.30,136.10,58.90,163.40,0.7773,-1,-1,-1
188,8,1772.80,110.40,46.00,114.50,0.5078,-1,-1,-1
189,29,929.80,148.90,65.50,234.00,0.8042,-1,-1,-1
189,14,619.10,188.30,75.30,219.30,0.8779,-1,-1,-1
189,13,1194.10,128.50,38.80,125.50,0.7720,-1,-1,-1
189,57,1058.10,91.30,26.20,76.60,0.6245,-1,-1,-1
189,5,368.20,141.30,84.00,170.00,0.8135,-1,-1,-1
189,70,994.90,89.50,25.40,72.10,0.5767,-1,-1,-1
189,72,1534.70,100.90,28.70,73.20,0.1744,-1,-1,-1
189,9,1526.20,226.20,75.10,89.90,0.7041,-1,-1,-1
189,71,184.90,308.40,118.50,145.30,0.4233,-1,-1,-1
189,97,1455.00,233.70,68.40,88.70,0.6885,-1,-1,-1
189,15,1026.70,88.20,23.90,76.80,0.6992,-1,-1,-1
189,112,1688.70,140.80,51.00,129.00,0.5361,-1,-1,-1
189,24,1517.20,139.40,54.80,147.70,0.6187,-1,-1,-1
189,7,475.70,133.60,59.80,165.40,0.7778,-1,-1,-1
189,90,1746.40,140.30,137.50,143.20,0.5234,-1,-1,-1
189,35,1766.00,113.20,36.20,111.20,0.5488,-1,-1,-1
189,114,203.40,166.40,134.60,170.30,0.7773,-1,-1,-1
190,29,930.30,147.00,66.40,236.30,0.7725,-1,-1,-1
190,14,631.60,194.30,73.30,213.30,0.8818,-1,-1,-1
190,13,1194.00,128.40,38.90,125.60,0.7778,-1,-1,-1
190,57,1057.90,91.40,26.30,76.50,0.6440,-1,-1,-1
190,5,365.90,140.60,82.80,168.90,0.7944,-1,-1,-1
190,70,994.30,90.00,25.20,71.70,0.5898,-1,-1,-1
190,72,1533.50,101.00,29.10,70.30,0.1819,-1,-1,-1
190,9,1524.00,224.00,76.50,91.50,0.5166,-1,-1,-1
190,71,183.90,307.30,120.00,146.90,0.8174,-1,-1,-1
190,97,1453.70,233.30,69.50,89.10,0.7490,-1,-1,-1
190,15,1026.70,88.30,24.10,77.00,0.6807,-1,-1,-1
190,24,1516.20,142.20,52.70,139.50,0.6396,-1,-1,-1
190,7,475.90,133.50,60.30,165.60,0.7505,-1,-1,-1
190,110,1861.20,122.70,36.40,129.60,0.7129,-1,-1,-1
190,10,1758.00,116.90,65.60,167.00,0.7944,-1,-1,-1
190,93,87.10,77.40,41.80,88.60,0.7031,-1,-1,-1
190,23,4.70,88.00,44.70,88.60,0.5479,-1,-1,-1
191,29,930.30,149.70,66.00,233.50,0.7705,-1,-1,-1
191,14,636.20,192.80,72.90,213.30,0.8594,-1,-1,-1
191,13,1194.00,128.00,39.00,126.00,0.7686,-1,-1,-1
191,57,1057.80,91.20,26.40,76.90,0.6426,-1,-1,-1
191,5,368.40,140.50,81.30,168.40,0.8228,-1,-1,-1
191,70,994.50,89.90,25.20,71.80,0.5420,-1,-1,-1
191,9,1515.40,213.10,84.70,102.70,0.3442,-1,-1,-1
191,71,184.20,308.50,119.40,145.90,0.8433,-1,-1,-1
191,97,1452.10,233.10,70.30,89.50,0.5630,-1,-1,-1
191,15,1026.50,87.90,24.50,77.70,0.6958,-1,-1,-1
191,24,1515.40,142.90,52.30,133.90,0.2903,-1,-1,-1
191,7,476.20,133.00,60.50,166.20,0.7798,-1,-1,-1
191,10,1752.10,111.60,69.70,177.00,0.6895,-1,-1,-1
191,23,0.00,85.70,40.90,93.80,0.4980,-1,-1,-1
191,34,1820.20,115.60,46.00,109.00,0.4580,-1,-1,-1
192,29,929.30,148.20,66.70,235.30,0.7671,-1,-1,-1
192,14,647.20,190.90,72.40,211.90,0.8608,-1,-1,-1
192,13,1194.00,127.80,39.00,126.00,0.7754,-1,-1,-1
192,57,1058.30,91.00,26.40,76.90,0.6001,-1,-1,-1
192,5,369.00,140.10,80.00,168.70,0.8330,-1,-1,-1
192,70,995.80,91.50,24.80,70.30,0.5859,-1,-1,-1
192,9,1492.50,168.60,117.20,148.50,0.5566,-1,-1,-1
192,71,184.60,308.10,119.40,145.70,0.8359,-1,-1,-1
192,97,1450.50,233.00,70.50,89.80,0.6333,-1,-1,-1
192,15,1027.10,87.80,24.30,77.70,0.7295,-1,-1,-1
192,7,476.10,130.50,61.40,169.00,0.8008,-1,-1,-1
192,10,1760.00,113.00,62.40,164.40,0.2108,-1,-1,-1
192,58,46.20,206.20,108.00,240.00,0.9106,-1,-1,-1
192,62,1705.90,106.90,43.00,120.70,0.6299,-1,-1,-1
192,18,1735.20,141.00,50.70,148.00,0.6704,-1,-1,-1
192,8,1775.40,115.30,60.40,149.30,0.4873,-1,-1,-1
193,29,929.10,145.90,67.50,237.70,0.7622,-1,-1,-1
193,14,662.50,186.50,71.00,206.60,0.8403,-1,-1,-1
193,13,1193.60,128.00,38.80,126.00,0.7686,-1,-1,-1
193,57,1059.20,92.40,25.90,75.20,0.5957,-1,-1,-1
193,5,369.70,140.10,78.40,167.90,0.8384,-1,-1,-1
193,70,996.60,90.80,25.00,70.50,0.5767,-1,-1,-1
193,71,185.00,308.20,119.30,145.60,0.8584,-1,-1,-1
193,97,1450.50,232.20,71.40,90.40,0.5708,-1,-1,-1
193,15,1026.70,88.00,24.50,77.60,0.7241,-1,-1,-1
193,7,476.10,131.10,60.70,168.00,0.7832,-1,-1,-1
193,58,70.40,207.00,111.30,247.30,0.8931,-1,-1,-1
193,62,1704.60,107.90,41.90,117.90,0.5049,-1,-1,-1
193,18,1725.00,148.90,49.10,143.70,0.6323,-1,-1,-1
193,35,1767.40,112.70,41.60,119.20,0.5371,-1,-1,-1
193,24,1521.20,142.70,47.70,117.50,0.4990,-1,-1,-1
193,34,1821.20,114.40,46.90,113.10,0.3040,-1,-1,-1
194,29,930.80,150.70,66.10,232.10,0.7378,-1,-1,-1
194,14,680.50,179.50,69.00,199.10,0.8667,-1,-1,-1
194,13,1193.50,128.50,38.60,125.50,0.7568,-1,-1,-1
194,57,1058.20,91.70,26.40,76.30,0.6235,-1,-1,-1
194,5,370.90,140.20,77.00,168.00,0.8594,-1,-1,-1
194,70,996.70,89.60,25.50,71.70,0.5610,-1,-1,-1
194,71,186.00,308.70,118.60,144.60,0.6514,-1,-1,-1
194,97,1451.50,230.40,73.60,92.70,0.4351,-1,-1,-1
194,15,1026.50,87.50,24.70,78.10,0.7402,-1,-1,-1
194,7,476.60,130.30,59.50,168.30,0.7026,-1,-1,-1
194,58,90.00,199.00,110.70,246.00,0.8672,-1,-1,-1
194,146,1522.30,220.10,71.90,95.80,0.5498,-1,-1,-1
194,35,1764.60,113.50,43.70,118.90,0.6934,-1,-1,-1
194,24,1523.40,142.50,47.90,116.30,0.6050,-1,-1,-1
194,34,1815.00,115.60,47.90,112.90,0.2358,-1,-1,-1
194,112,1687.30,135.00,64.70,162.80,0.6665,-1,-1,-1
194,72,1535.10,100.40,31.30,71.60,0.4302,-1,-1,-1
195,29,931.40,152.80,65.60,229.80,0.7168,-1,-1,-1
195,14,698.40,173.60,66.00,190.80,0.8574,-1,-1,-1
195,13,1194.00,128.60,38.50,125.30,0.7534,-1,-1,-1
195,57,1058.50,91.60,26.30,76.30,0.6416,-1,-1,-1
195,5,371.80,140.50,75.50,167.80,0.8374,-1,-1,-1
195,70,996.80,90.10,25.50,71.30,0.5225,-1,-1,-1
195,71,184.90,308.40,119.60,145.70,0.8545,-1,-1,-1
195,97,1453.80,232.60,72.60,90.10,0.6929,-1,-1,-1
195,15,1026.00,87.60,24.60,78.00,0.7520,-1,-1,-1
195,7,472.60,129.80,59.50,170.40,0.7593,-1,-1,-1
195,58,102.60,189.40,105.20,234.90,0.8555,-1,-1,-1
195,146,1523.00,217.50,73.20,97.70,0.5049,-1,-1,-1
195,35,1765.50,113.50,44.60,119.80,0.7285,-1,-1,-1
195,24,1521.10,142.00,52.90,128.70,0.4941,-1,-1,-1
195,34,1814.80,113.90,48.10,111.30,0.3459,-1,-1,-1
195,53,1785.20,210.10,80.60,74.40,0.6011,-1,-1,-1
195,72,1533.50,100.40,35.00,76.40,0.1556,-1,-1,-1
195,27,1831.60,108.60,32.90,112.70,0.4341,-1,-1,-1
196,29,930.50,149.90,66.50,232.80,0.7534,-1,-1,-1
196,14,717.00,168.70,63.40,185.00,0.8545,-1,-1,-1
196,13,1194.20,128.40,38.40,125.50,0.7520,-1,-1,-1
196,57,1058.50,90.70,26.40,77.10,0.6626,-1,-1,-1
196,5,372.40,140.40,74.50,167.90,0.7939,-1,-1,-1
196,70,995.90,90.70,25.40,71.00,0.5352,-1,-1,-1
196,71,184.70,308.50,120.00,146.10,0.8516,-1,-1,-1
196,97,1453.10,233.00,72.50,89.30,0.6768,-1,-1,-1
196,15,1025.90,87.30,24.40,77.60,0.7363,-1,-1,-1
196,7,467.10,131.00,59.60,169.40,0.6646,-1,-1,-1
196,58,95.90,182.70,100.70,225.30,0.8667,-1,-1,-1
196,146,1522.20,220.10,71.10,94.90,0.4561,-1,-1,-1
196,35,1765.60,112.60,45.40,121.20,0.6807,-1,-1,-1
196,24,1520.40,141.20,54.90,133.40,0.5972,-1,-1,-1
196,34,1812.20,114.20,49.20,112.60,0.3630,-1,-1,-1
196,53,1785.30,210.60,80.40,74.30,0.4272,-1,-1,-1
196,72,1535.60,100.10,35.40,73.60,0.2037,-1,-1,-1
196,81,1730.90,107.40,42.20,115.70,0.4092,-1,-1,-1
196,27,1834.70,109.90,30.50,106.70,0.3381,-1,-1,-1
196,62,1703.90,108.90,42.00,118.00,0.5518,-1,-1,-1
197,29,929.30,149.50,66.60,233.30,0.7725,-1,-1,-1
197,14,736.70,165.50,62.30,181.90,0.8467,-1,-1,-1
197,13,1194.30,128.70,38.30,125.50,0.7310,-1,-1,-1
197,57,1058.00,89.70,26.50,77.00,0.6426,-1,-1,-1
197,5,372.40,140.80,73.30,167.50,0.8198,-1,-1,-1
197,70,994.50,91.50,25.50,70.70,0.5518,-1,-1,-1
197,71,184.40,308.50,120.40,146.60,0.8584,-1,-1,-1
197,97,1451.70,233.20,72.60,89.20,0.7520,-1,-1,-1
197,15,1025.90,87.50,24.20,76.90,0.7266,-1,-1,-1
197,7,464.00,138.20,57.70,162.10,0.7285,-1,-1,-1
197,58,74.00,180.70,95.80,216.30,0.8618,-1,-1,-1
197,146,1525.20,219.30,72.90,96.80,0.1683,-1,-1,-1
197,35,1767.70,111.20,47.40,122.70,0.7031,-1,-1,-1
197,24,1518.40,141.20,57.20,139.10,0.6235,-1,-1,-1
197,34,1810.60,115.80,47.00,108.80,0.3748,-1,-1,-1
197,53,1786.10,211.90,78.80,72.80,0.4158,-1,-1,-1
197,81,1731.00,106.10,42.00,115.70,0.3235,-1,-1,-1
197,27,1835.20,108.10,30.90,109.40,0.3730,-1,-1,-1
197,62,1703.80,108.90,42.10,118.50,0.5205,-1,-1,-1
198,29,926.50,148.10,66.20,234.00,0.7944,-1,-1,-1
198,14,751.70,161.90,60.40,176.60,0.8608,-1,-1,-1
198,13,1194.50,128.70,37.90,124.80,0.6714,-1,-1,-1
198,57,1057.90,89.60,26.40,76.70,0.6309,-1,-1,-1
198,5,373.50,141.10,72.30,167.40,0.7773,-1,-1,-1
198,70,996.70,94.60,24.00,66.30,0.4941,-1,-1,-1
198,71,184.30,308.10,120.50,146.40,0.8594,-1,-1,-1
198,97,1451.40,232.70,73.20,89.80,0.6968,-1,-1,-1
198,15,1025.80,88.00,24.30,76.60,0.7339,-1,-1,-1
198,7,462.50,137.40,58.20,163.40,0.7583,-1,-1,-1
198,58,47.80,177.90,93.50,210.20,0.8770,-1,-1,-1
198,146,1525.20,186.90,96.90,128.30,0.6372,-1,-1,-1
198,35,1773.60,112.60,47.60,120.70,0.6440,-1,-1,-1
198,24,1518.50,138.90,58.70,141.00,0.5879,-1,-1,-1
198,34,1812.70,113.30,48.80,111.60,0.5039,-1,-1,-1
198,53,1786.80,212.90,77.40,71.50,0.2942,-1,-1,-1
198,81,1731.20,107.20,41.60,114.90,0.3960,-1,-1,-1
198,27,1833.40,109.50,31.10,106.30,0.4795,-1,-1,-1
198,62,1703.80,108.20,42.10,118.70,0.5391,-1,-1,-1
198,10,1756.70,114.20,43.40,114.10,0.5303,-1,-1,-1
199,29,927.60,146.90,66.80,235.90,0.8081,-1,-1,-1
199,14,757.90,155.70,59.00,171.90,0.8584,-1,-1,-1
199,13,1196.30,128.70,33.40,105.10,0.2878,-1,-1,-1
199,57,1058.20,89.80,26.60,77.60,0.6416,-1,-1,-1
199,5,370.40,141.20,72.00,166.80,0.8027,-1,-1,-1
199,70,998.30,94.30,24.00,66.40,0.5000,-1,-1,-1
199,71,184.10,307.80,120.80,146.70,0.8555,-1,-1,-1
199,97,1451.10,237.30,69.80,85.40,0.2114,-1,-1,-1
199,15,1025.80,88.00,24.30,76.50,0.7417,-1,-1,-1
199,7,462.00,135.00,58.90,165.50,0.7505,-1,-1,-1
199,58,9.40,175.00,90.80,205.90,0.8618,-1,-1,-1
199,146,1524.60,160.80,113.70,153.70,0.3408,-1,-1,-1
199,35,1772.20,112.30,49.00,121.40,0.6323,-1,-1,-1
199,24,1514.20,142.70,61.70,150.10,0.6636,-1,-1,-1
199,34,1813.70,114.60,49.10,110.90,0.4524,-1,-1,-1
199,53,1787.30,213.70,76.40,70.60,0.4331,-1,-1,-1
199,81,1730.80,106.10,42.40,117.40,0.2815,-1,-1,-1
199,27,1832.30,111.80,31.90,106.90,0.4639,-1,-1,-1
199,62,1704.30,105.30,43.20,121.40,0.6011,-1,-1,-1
199,10,1757.00,113.60,43.30,117.00,0.4668,-1,-1,-1
199,72,1534.70,100.60,33.80,66.90,0.3831,-1,-1,-1
200,29,927.00,146.60,66.90,236.50,0.7900,-1,-1,-1
200,14,764.30,153.50,57.30,168.00,0.8677,-1,-1,-1
200,13,1194.90,129.20,37.90,120.30,0.6968,-1,-1,-1
200,57,1058.50,90.70,26.40,77.10,0.5898,-1,-1,-1
200,5,364.50,138.40,72.80,169.00,0.8159,-1,-1,-1
200,70,998.60,92.50,24.50,68.10,0.4197,-1,-1,-1
200,71,184.00,307.80,121.00,147.00,0.8604,-1,-1,-1
200,97,1450.70,236.20,71.20,86.90,0.5283,-1,-1,-1
200,15,1026.20,87.70,24.60,77.50,0.6646,-1,-1,-1
200,7,462.90,133.50,59.00,166.70,0.7549,-1,-1,-1
200,58,0.00,186.70,69.80,188.50,0.7598,-1,-1,-1
200,35,1769.50,112.90,49.80,121.20,0.6758,-1,-1,-1
200,24,1511.70,146.80,64.60,159.50,0.6226,-1,-1,-1
200,34,1811.40,114.60,50.50,111.50,0.3091,-1,-1,-1
200,53,1788.10,213.20,77.00,71.00,0.2302,-1,-1,-1
200,81,1735.20,107.70,40.10,112.50,0.3345,-1,-1,-1
200,27,1833.60,112.00,30.90,102.20,0.3157,-1,-1,-1
200,62,1703.70,105.20,43.20,121.40,0.6094,-1,-1,-1
200,72,1534.40,101.10,33.60,63.10,0.3657,-1,-1,-1
200,56,1105.80,176.90,56.20,134.30,0.7627,-1,-1,-1
201,20,1773.00,196.10,147.00,262.10,0.8413,-1,-1,-1
201,60,249.80,96.80,81.00,218.20,0.8350,-1,-1,-1
201,2,1272.00,64.50,66.00,189.40,0.7646,-1,-1,-1
201,36,73.00,153.90,91.70,147.40,0.7646,-1,-1,-1
201,66,1474.50,76.50,75.00,179.30,0.7515,-1,-1,-1
201,7,1746.00,134.80,84.00,174.00,0.7441,-1,-1,-1
201,37,657.00,42.20,72.00,210.70,0.7402,-1,-1,-1
201,38,1150.50,71.80,69.00,178.50,0.7373,-1,-1,-1
201,19,159.00,132.00,410.20,663.00,0.7349,-1,-1,-1
201,18,0.00,147.60,68.50,153.00,0.6450,-1,-1,-1
201,58,0.10,268.10,66.10,273.80,0.6416,-1,-1,-1
201,39,1104.00,78.70,72.00,220.20,0.5659,-1,-1,-1
201,87,549.00,68.10,45.00,180.90,0.5488,-1,-1,-1
201,40,903.80,115.10,90.00,144.40,0.5332,-1,-1,-1
201,6,1015.50,69.00,69.00,260.20,0.5049,-1,-1,-1
201,41,813.80,71.00,60.00,230.10,0.4873,-1,-1,-1
201,89,622.50,70.60,42.00,185.00,0.4658,-1,-1,-1
201,3,438.80,27.40,69.00,112.80,0.4524,-1,-1,-1
201,4,431.20,178.50,156.80,612.00,0.4524,-1,-1,-1
201,42,762.40,67.10,56.60,191.50,0.4465,-1,-1,-1
201,52,789.00,68.30,87.00,225.70,0.4282,-1,-1,-1
201,43,965.20,60.80,63.00,256.10,0.4207,-1,-1,-1
201,13,852.80,69.80,57.00,178.40,0.3259,-1,-1,-1
201,15,966.00,57.20,100.50,268.90,0.2949,-1,-1,-1
202,20,1786.10,160.60,107.80,192.90,0.7563,-1,-1,-1
202,60,219.70,114.20,87.70,236.40,0.7139,-1,-1,-1
202,2,1272.50,64.20,66.30,190.00,0.7231,-1,-1,-1
202,36,72.60,154.30,90.60,145.70,0.7363,-1,-1,-1
202,37,651.30,33.70,75.50,221.40,0.5879,-1,-1,-1
202,38,1171.00,71.20,68.40,177.00,0.7256,-1,-1,-1
202,19,177.60,126.80,416.00,672.10,0.8169,-1,-1,-1
202,18,1.10,152.90,64.30,143.60,0.6680,-1,-1,-1
202,39,1113.70,66.50,52.60,159.50,0.5078,-1,-1,-1
202,40,886.60,114.50,133.40,215.60,0.7231,-1,-1,-1
202,6,1020.70,90.40,61.20,230.40,0.5737,-1,-1,-1
202,41,817.80,66.70,62.30,237.00,0.7051,-1,-1,-1
202,4,440.60,192.20,155.60,606.10,0.5581,-1,-1,-1
202,42,765.30,70.20,55.60,187.90,0.4233,-1,-1,-1
202,43,967.80,59.90,51.40,206.70,0.5518,-1,-1,-1
202,15,989.40,81.30,91.40,243.90,0.1074,-1,-1,-1
203,20,1816.20,167.90,103.80,199.80,0.6860,-1,-1,-1
203,2,1277.30,63.80,61.60,176.40,0.6196,-1,-1,-1
203,36,72.10,152.80,91.80,147.70,0.7256,-1,-1,-1
203,37,654.20,34.80,76.40,223.90,0.7271,-1,-1,-1
203,38,1185.40,71.50,68.80,178.10,0.7622,-1,-1,-1
203,19,174.60,113.10,424.70,691.70,0.7646,-1,-1,-1
203,18,1.90,154.70,62.60,139.30,0.5410,-1,-1,-1
203,39,1107.00,62.10,73.80,224.90,0.7505,-1,-1,-1
203,40,883.50,111.70,141.20,231.10,0.7881,-1,-1,-1
203,6,1019.90,89.20,63.30,236.90,0.6514,-1,-1,-1
203,41,818.30,70.50,62.00,234.30,0.5146,-1,-1,-1
203,4,445.00,208.20,151.60,589.10,0.7324,-1,-1,-1
203,42,769.90,70.60,55.50,187.40,0.4551,-1,-1,-1
203,43,977.60,80.40,44.60,178.20,0.2310,-1,-1,-1
203,56,460.80,74.80,83.60,141.00,0.7017,-1,-1,-1
203,87,556.20,46.70,52.80,212.00,0.5869,-1,-1,-1
204,2,1275.60,63.10,65.30,186.50,0.6738,-1,-1,-1
204,36,75.60,151.50,72.60,116.50,0.2372,-1,-1,-1
204,37,662.10,35.00,76.50,223.60,0.7241,-1,-1,-1
204,38,1195.70,71.30,69.10,179.30,0.7964,-1,-1,-1
204,19,107.40,114.40,425.70,705.20,0.8521,-1,-1,-1
204,18,1.80,156.50,61.40,136.40,0.4036,-1,-1,-1
204,39,1109.10,76.70,73.70,225.30,0.6074,-1,-1,-1
204,40,894.20,112.10,141.80,235.40,0.7773,-1,-1,-1
204,6,1019.10,87.90,64.90,241.60,0.4282,-1,-1,-1
204,41,816.50,68.40,63.20,236.30,0.6489,-1,-1,-1
204,4,444.30,210.90,157.00,601.60,0.8857,-1,-1,-1
204,42,760.20,68.90,56.90,191.10,0.5312,-1,-1,-1
204,7,1747.20,145.10,93.00,194.00,0.8145,-1,-1,-1
204,3,423.30,59.40,92.70,154.10,0.6406,-1,-1,-1
204,15,991.20,85.50,91.90,245.00,0.5571,-1,-1,-1
205,2,1274.00,63.20,66.40,189.10,0.6860,-1,-1,-1
205,36,88.60,151.30,56.20,87.90,0.1200,-1,-1,-1
205,37,670.40,35.50,75.60,221.50,0.5972,-1,-1,-1
205,38,1198.10,71.30,69.00,179.70,0.6748,-1,-1,-1
205,19,83.30,108.70,424.10,716.20,0.7910,-1,-1,-1
205,18,10.20,157.10,51.20,111.90,0.1132,-1,-1,-1
205,39,1106.00,75.40,74.70,230.20,0.6050,-1,-1,-1
205,40,900.80,109.80,139.10,234.70,0.7798,-1,-1,-1
205,6,1020.60,91.80,64.20,237.50,0.7505,-1,-1,-1
205,41,815.70,72.10,63.00,232.60,0.6680,-1,-1,-1
205,4,443.50,200.00,164.10,616.60,0.8687,-1,-1,-1
205,42,750.60,63.20,58.10,195.50,0.2227,-1,-1,-1
205,101,135.90,171.20,74.00,284.40,0.6011,-1,-1,-1
205,45,63.00,184.60,85.40,266.20,0.5273,-1,-1,-1
205,3,404.30,61.50,97.40,165.00,0.5303,-1,-1,-1
205,58,6.70,185.50,77.10,316.30,0.7471,-1,-1,-1
205,56,445.90,34.90,145.70,249.00,0.6748,-1,-1,-1
206,2,1273.30,63.30,66.90,190.30,0.7285,-1,-1,-1
206,37,684.90,42.00,71.90,211.00,0.5859,-1,-1,-1
206,38,1204.30,70.80,67.90,179.20,0.3025,-1,-1,-1
206,19,88.10,107.00,417.80,722.00,0.8516,-1,-1,-1
206,18,10.80,158.90,46.90,100.00,0.2108,-1,-1,-1
206,39,1106.70,85.90,71.20,220.30,0.7358,-1,-1,-1
206,40,897.40,106.20,138.30,238.20,0.7886,-1,-1,-1
206,6,1020.60,89.90,64.90,239.20,0.6177,-1,-1,-1
206,41,816.20,77.40,62.30,225.90,0.6050,-1,-1,-1
206,4,468.00,210.20,165.50,608.60,0.8770,-1,-1,-1
206,42,758.50,66.80,56.50,190.10,0.4253,-1,-1,-1
206,45,76.80,178.60,89.80,279.40,0.8271,-1,-1,-1
206,3,375.30,61.10,110.20,191.00,0.7192,-1,-1,-1
206,64,1685.90,92.30,90.20,182.70,0.8013,-1,-1,-1
206,58,12.60,186.90,71.50,285.90,0.8608,-1,-1,-1
206,56,431.00,33.80,148.90,257.00,0.5127,-1,-1,-1
207,2,1274.60,64.40,66.10,188.10,0.7334,-1,-1,-1
207,37,695.90,46.10,69.40,204.90,0.5962,-1,-1,-1
207,38,1197.70,69.40,81.10,215.20,0.8140,-1,-1,-1
207,19,87.40,99.40,411.10,726.60,0.8252,-1,-1,-1
207,39,1105.00,83.00,71.60,222.10,0.6919,-1,-1,-1
207,40,903.40,112.50,132.20,232.20,0.8091,-1,-1,-1
207,6,1019.00,94.20,64.10,236.40,0.6611,-1,-1,-1
207,4,504.00,212.70,168.60,607.10,0.8862,-1,-1,-1
207,42,753.90,66.50,57.50,191.20,0.6289,-1,-1,-1
207,3,369.20,58.60,146.10,258.30,0.6460,-1,-1,-1
207,58,25.10,178.80,76.60,293.70,0.8423,-1,-1,-1
207,73,884.80,74.20,68.20,185.40,0.3667,-1,-1,-1
207,52,798.00,68.40,89.70,234.30,0.6060,-1,-1,-1
207,7,1738.60,108.30,106.20,225.60,0.5679,-1,-1,-1
208,2,1277.40,65.00,65.30,185.40,0.6177,-1,-1,-1
208,37,701.40,50.80,66.60,196.70,0.5264,-1,-1,-1
208,38,1196.60,70.20,73.30,194.60,0.7725,-1,-1,-1
208,19,68.70,94.80,408.20,730.90,0.8042,-1,-1,-1
208,39,1105.00,70.10,74.60,234.20,0.7490,-1,-1,-1
208,40,911.50,115.30,127.10,227.70,0.8135,-1,-1,-1
208,6,1019.20,94.30,64.20,234.50,0.6953,-1,-1,-1
208,4,506.30,212.50,170.80,604.40,0.8789,-1,-1,-1
208,42,753.20,67.50,56.10,188.80,0.4358,-1,-1,-1
208,3,353.00,59.70,133.60,240.90,0.5098,-1,-1,-1
208,73,880.70,69.20,70.50,191.60,0.3979,-1,-1,-1
208,62,1058.50,59.20,53.50,203.80,0.4600,-1,-1,-1
208,7,1768.30,110.20,94.40,200.00,0.8340,-1,-1,-1
208,41,820.50,84.10,61.40,219.90,0.6245,-1,-1,-1
208,64,1694.80,124.50,98.90,200.80,0.8535,-1,-1,-1
209,2,1277.00,64.70,66.80,190.30,0.6494,-1,-1,-1
209,37,719.70,59.40,65.40,191.90,0.3979,-1,-1,-1
209,38,1195.50,71.00,69.50,184.90,0.8271,-1,-1,-1
209,19,87.20,95.80,398.30,730.10,0.8623,-1,-1,-1
209,39,1107.90,76.50,71.90,226.80,0.7026,-1,-1,-1
209,40,915.60,114.70,123.80,226.70,0.8081,-1,-1,-1
209,6,1020.50,94.10,65.00,234.40,0.7104,-1,-1,-1
209,4,491.80,212.70,172.40,602.40,0.8818,-1,-1,-1
209,42,744.80,68.00,55.40,188.30,0.1592,-1,-1,-1
209,73,884.00,68.90,71.00,192.80,0.2081,-1,-1,-1
209,62,1061.50,59.80,50.90,193.90,0.2861,-1,-1,-1
209,69,781.50,68.30,52.20,188.10,0.4341,-1,-1,-1
209,41,820.90,76.40,64.20,228.10,0.6772,-1,-1,-1
209,64,1669.70,120.00,98.20,200.80,0.8535,-1,-1,-1
209,58,40.20,172.60,80.60,300.40,0.7705,-1,-1,-1
210,2,1274.00,63.80,66.90,190.20,0.7446,-1,-1,-1
210,37,731.30,65.90,64.30,190.20,0.4658,-1,-1,-1
210,38,1195.00,71.70,68.10,181.30,0.8442,-1,-1,-1
210,19,102.30,95.10,389.80,733.70,0.8691,-1,-1,-1
210,39,1108.40,72.50,72.10,229.60,0.6514,-1,-1,-1
210,40,917.20,114.90,120.20,224.80,0.8354,-1,-1,-1
210,6,1022.20,91.80,65.80,237.00,0.7227,-1,-1,-1
210,4,483.70,212.60,172.00,600.70,0.8110,-1,-1,-1
210,42,750.20,69.90,53.90,185.40,0.2310,-1,-1,-1
210,73,884.50,68.70,70.30,191.90,0.3970,-1,-1,-1
210,62,1058.70,59.40,51.70,196.40,0.4065,-1,-1,-1
210,69,782.40,68.20,51.70,186.60,0.1901,-1,-1,-1
210,64,1637.60,110.60,97.20,200.60,0.8906,-1,-1,-1
210,18,8.40,154.70,50.00,104.10,0.4065,-1,-1,-1
210,52,797.40,64.10,92.20,238.80,0.7334,-1,-1,-1
210,3,347.40,62.70,114.50,212.60,0.6909,-1,-1,-1
211,2,1275.00,63.50,67.70,190.90,0.7627,-1,-1,-1
211,37,738.90,59.60,67.30,198.20,0.4844,-1,-1,-1
211,38,1194.50,71.10,67.90,180.70,0.8525,-1,-1,-1
211,19,104.10,98.70,375.90,728.60,0.7041,-1,-1,-1
211,39,1109.10,66.60,73.00,234.30,0.5273,-1,-1,-1
211,40,916.30,113.80,118.60,226.70,0.8442,-1,-1,-1
211,6,1030.30,103.10,64.30,228.10,0.6602,-1,-1,-1
211,4,522.60,212.60,166.90,584.80,0.4668,-1,-1,-1
211,73,888.20,71.60,68.30,187.20,0.3804,-1,-1,-1
211,62,1056.10,58.20,51.00,190.90,0.3218,-1,-1,-1
211,64,1599.90,103.40,95.60,199.90,0.8423,-1,-1,-1
211,61,1872.80,113.60,46.40,161.80,0.4746,-1,-1,-1
211,18,2.70,152.90,60.80,126.30,0.7188,-1,-1,-1
211,52,790.60,63.70,91.10,237.40,0.7295,-1,-1,-1
211,3,350.80,62.70,102.40,195.70,0.6387,-1,-1,-1
211,13,855.10,59.70,58.20,185.20,0.4187,-1,-1,-1
211,15,1021.50,59.00,101.00,276.80,0.3914,-1,-1,-1
211,58,87.10,152.80,53.20,178.50,0.7393,-1,-1,-1
212,2,1274.20,62.90,68.30,191.20,0.7280,-1,-1,-1
212,37,744.70,66.80,62.50,189.30,0.2466,-1,-1,-1
212,38,1195.40,71.50,67.50,179.70,0.8218,-1,-1,-1
212,19,118.10,103.60,361.10,720.00,0.8989,-1,-1,-1
212,39,1106.20,64.40,72.80,236.90,0.6733,-1,-1,-1
212,40,913.50,113.90,116.80,230.50,0.6670,-1,-1,-1
212,6,1033.50,102.90,66.40,232.20,0.8423,-1,-1,-1
212,4,510.00,211.40,169.70,594.30,0.7847,-1,-1,-1
212,73,900.10,72.00,49.50,132.30,0.1289,-1,-1,-1
212,62,1059.00,58.70,42.20,152.20,0.1196,-1,-1,-1
212,61,1872.50,112.10,47.00,163.50,0.4619,-1,-1,-1
212,18,1.20,152.20,64.20,132.90,0.7417,-1,-1,-1
212,52,785.20,63.40,78.70,209.40,0.2075,-1,-1,-1
212,3,352.30,64.20,98.80,194.70,0.6416,-1,-1,-1
212,79,965.50,62.50,57.40,192.60,0.4873,-1,-1,-1
212,51,1141.90,65.30,57.40,176.60,0.5708,-1,-1,-1
212,58,95.30,151.00,49.00,150.10,0.7471,-1,-1,-1
212,60,151.60,143.90,91.50,251.50,0.6548,-1,-1,-1
212,41,819.60,75.50,55.50,191.90,0.3311,-1,-1,-1
212,42,738.60,68.80,54.60,186.90,0.3721,-1,-1,-1
212,69,782.80,63.90,51.50,186.90,0.4475,-1,-1,-1
213,2,1284.30,64.20,53.70,145.90,0.5869,-1,-1,-1
213,37,747.10,67.20,61.20,188.50,0.3887,-1,-1,-1
213,38,1196.90,71.70,66.90,178.90,0.7871,-1,-1,-1
213,19,114.70,105.20,353.90,716.90,0.8311,-1,-1,-1
213,39,1106.40,73.50,69.10,228.10,0.6943,-1,-1,-1
213,40,912.70,114.60,111.40,227.70,0.7256,-1,-1,-1
213,6,1041.80,108.90,66.80,228.20,0.8594,-1,-1,-1
213,4,514.60,213.90,172.90,594.80,0.7129,-1,-1,-1
213,73,891.20,72.00,65.20,174.10,0.5420,-1,-1,-1
213,62,1062.30,59.60,30.20,100.10,0.5215,-1,-1,-1
213,61,1872.30,110.80,47.40,164.80,0.3684,-1,-1,-1
213,18,0.00,150.90,67.20,141.80,0.6299,-1,-1,-1
213,52,784.20,61.70,80.30,217.80,0.2379,-1,-1,-1
213,3,352.90,64.30,96.00,195.00,0.6768,-1,-1,-1
213,51,1145.00,64.90,59.60,183.40,0.6309,-1,-1,-1
213,41,814.60,77.10,62.30,214.50,0.4639,-1,-1,-1
213,42,736.80,66.90,55.20,187.90,0.1536,-1,-1,-1
213,69,784.80,62.60,51.90,189.60,0.2712,-1,-1,-1
213,66,1518.90,87.10,81.80,191.10,0.8516,-1,-1,-1
213,43,994.00,67.60,49.10,192.20,0.5068,-1,-1,-1
214,2,1277.00,63.70,66.10,178.10,0.7241,-1,-1,-1
214,37,750.80,69.90,58.60,185.10,0.1550,-1,-1,-1
214,38,1197.50,71.30,66.40,178.60,0.7944,-1,-1,-1
214,19,64.40,107.60,360.00,715.90,0.8188,-1,-1,-1
214,39,1107.10,69.10,69.30,232.10,0.7139,-1,-1,-1
214,40,918.20,115.50,106.60,225.50,0.6626,-1,-1,-1
214,6,1042.40,114.50,67.70,224.70,0.8286,-1,-1,-1
214,4,500.80,214.30,174.60,596.00,0.5850,-1,-1,-1
214,73,889.50,70.70,69.30,185.30,0.6245,-1,-1,-1
214,61,1872.80,113.80,46.40,161.30,0.4065,-1,-1,-1
214,18,1.60,148.80,63.40,130.00,0.2878,-1,-1,-1
214,3,353.40,63.40,93.40,195.00,0.6704,-1,-1,-1
214,51,1146.30,66.40,59.70,184.90,0.6323,-1,-1,-1
214,41,817.90,79.60,63.60,218.20,0.6094,-1,-1,-1
214,42,735.00,66.10,56.40,189.20,0.5928,-1,-1,-1
214,69,787.80,71.90,49.50,181.70,0.4590,-1,-1,-1
214,66,1506.80,75.40,82.10,194.00,0.8359,-1,-1,-1
214,43,987.50,63.20,49.70,195.80,0.1268,-1,-1,-1
214,89,615.90,50.30,50.80,206.90,0.8042,-1,-1,-1
214,79,967.50,60.60,59.30,198.50,0.2861,-1,-1,-1
214,58,95.90,149.30,48.50,134.00,0.6250,-1,-1,-1
215,2,1276.20,63.70,70.00,185.70,0.8257,-1,-1,-1
215,37,749.70,67.20,59.90,188.60,0.6235,-1,-1,-1
215,38,1198.70,71.00,66.10,178.60,0.8037,-1,-1,-1
215,19,88.10,105.80,357.30,718.10,0.7378,-1,-1,-1
215,39,1108.50,69.90,68.20,231.50,0.5981,-1,-1,-1
215,40,928.20,117.50,101.90,223.50,0.7432,-1,-1,-1
215,4,493.50,214.40,174.90,597.00,0.6343,-1,-1,-1
215,73,885.40,69.80,70.90,190.30,0.5049,-1,-1,-1
215,18,0.00,149.30,67.80,141.90,0.7500,-1,-1,-1
215,3,353.80,62.50,90.80,194.20,0.6299,-1,-1,-1
215,51,1149.10,67.10,59.20,184.80,0.6084,-1,-1,-1
215,41,816.00,81.50,64.70,219.20,0.5820,-1,-1,-1
215,69,785.50,70.30,50.00,184.80,0.2974,-1,-1,-1
215,66,1483.90,71.40,80.00,193.10,0.8198,-1,-1,-1
215,79,969.00,61.20,58.50,194.60,0.3184,-1,-1,-1
215,58,94.00,149.40,54.80,141.40,0.7026,-1,-1,-1
215,87,566.60,59.10,55.20,211.80,0.7646,-1,-1,-1
215,15,1039.20,95.00,91.70,246.50,0.7471,-1,-1,-1
216,2,1287.50,63.10,69.80,187.60,0.7031,-1,-1,-1
216,37,764.90,68.50,59.80,188.30,0.4600,-1,-1,-1
216,38,1199.10,70.90,66.00,179.10,0.8003,-1,-1,-1
216,19,124.30,106.10,346.70,714.00,0.8228,-1,-1,-1
216,39,1110.90,83.50,64.00,218.30,0.5581,-1,-1,-1
216,40,932.30,117.90,99.30,223.40,0.7627,-1,-1,-1
216,4,496.50,215.00,175.80,595.70,0.6289,-1,-1,-1
216,73,886.80,69.40,71.40,192.90,0.4514,-1,-1,-1
216,18,0.00,149.20,68.60,145.80,0.7505,-1,-1,-1
216,3,355.20,63.00,88.10,192.40,0.5547,-1,-1,-1
216,51,1150.20,67.80,58.60,184.30,0.5908,-1,-1,-1
216,41,816.60,85.70,64.30,216.30,0.6177,-1,-1,-1
216,69,785.50,68.20,49.50,185.10,0.3794,-1,-1,-1
216,66,1468.30,67.90,76.90,192.00,0.8018,-1,-1,-1
216,79,969.70,62.70,50.00,162.20,0.1733,-1,-1,-1
216,58,91.10,149.10,60.20,146.40,0.8242,-1,-1,-1
216,84,650.50,60.80,68.80,187.50,0.7808,-1,-1,-1
216,15,1048.60,101.70,87.40,241.50,0.5898,-1,-1,-1
216,6,1036.40,72.90,64.10,207.50,0.5796,-1,-1,-1
216,61,1872.30,111.00,47.40,164.70,0.4648,-1,-1,-1
216,42,738.90,62.00,58.60,191.20,0.3584,-1,-1,-1
216,89,605.60,58.10,50.70,196.20,0.7305,-1,-1,-1
217,2,1302.10,65.50,70.10,186.30,0.8657,-1,-1,-1
217,37,764.00,69.00,60.20,188.70,0.3416,-1,-1,-1
217,38,1199.30,71.60,65.70,178.60,0.7808,-1,-1,-1
217,19,153.30,104.50,335.20,714.60,0.8452,-1,-1,-1
217,39,1112.90,87.60,62.30,213.30,0.6309,-1,-1,-1
217,40,939.20,117.40,97.40,222.50,0.7920,-1,-1,-1
217,4,490.50,215.50,174.70,595.50,0.7500,-1,-1,-1
217,73,875.10,69.40,73.30,194.00,0.1025,-1,-1,-1
217,18,0.00,148.10,69.60,150.90,0.7671,-1,-1,-1
217,3,359.40,63.00,80.30,176.00,0.5039,-1,-1,-1
217,51,1147.10,71.90,56.70,179.10,0.5898,-1,-1,-1
217,41,812.80,74.70,68.30,229.00,0.6299,-1,-1,-1
217,69,783.10,67.30,49.10,186.10,0.2379,-1,-1,-1
217,66,1442.00,68.70,75.80,189.80,0.8477,-1,-1,-1
217,58,89.20,149.70,63.70,147.60,0.8223,-1,-1,-1
217,84,666.30,50.70,74.10,201.60,0.7026,-1,-1,-1
217,15,1054.50,104.90,84.00,234.10,0.6460,-1,-1,-1
217,105,510.90,60.90,88.80,165.90,0.7773,-1,-1,-1
217,6,1033.40,65.20,62.70,199.50,0.5581,-1,-1,-1
217,61,1872.40,110.60,47.20,163.50,0.4678,-1,-1,-1
217,42,740.10,68.30,57.10,185.10,0.1877,-1,-1,-1
217,89,618.90,54.50,52.20,195.50,0.7358,-1,-1,-1
217,56,443.00,109.90,119.20,217.40,0.7734,-1,-1,-1
217,13,859.40,63.10,59.70,189.00,0.3025,-1,-1,-1
218,2,1309.90,64.70,68.60,185.80,0.1260,-1,-1,-1
218,37,770.40,69.50,58.50,187.60,0.2344,-1,-1,-1
218,38,1197.90,70.80,66.50,180.50,0.8003,-1,-1,-1
218,19,161.40,106.60,315.00,698.60,0.7251,-1,-1,-1
218,39,1111.20,72.40,66.40,229.10,0.6245,-1,-1,-1
218,40,939.10,118.40,96.00,221.10,0.8408,-1,-1,-1
218,4,487.00,215.70,173.50,594.80,0.7827,-1,-1,-1
218,73,879.90,71.60,71.30,190.80,0.3452,-1,-1,-1
218,18,0.00,149.50,67.20,142.10,0.7280,-1,-1,-1
218,3,356.80,63.50,83.90,187.00,0.4805,-1,-1,-1
218,41,809.00,67.20,71.70,236.70,0.7080,-1,-1,-1
218,66,1425.10,68.30,72.70,189.10,0.7534,-1,-1,-1
218,58,86.90,148.80,67.30,149.60,0.8154,-1,-1,-1
218,15,1039.90,81.40,91.50,257.70,0.5088,-1,-1,-1
218,61,1872.20,108.50,47.60,164.70,0.4158,-1,-1,-1
218,42,743.00,68.70,58.00,185.30,0.3711,-1,-1,-1
218,89,637.60,51.10,54.30,200.60,0.6611,-1,-1,-1
218,9,967.50,62.20,59.70,87.00,0.3784,-1,-1,-1
218,56,450.20,84.10,102.00,192.50,0.7178,-1,-1,-1
218,13,867.00,71.60,55.60,180.50,0.3015,-1,-1,-1
218,87,589.50,49.90,56.50,206.00,0.6670,-1,-1,-1
219,38,1199.50,70.70,66.40,180.20,0.7993,-1,-1,-1
219,19,167.90,103.40,305.90,703.60,0.7349,-1,-1,-1
219,39,1113.50,80.50,64.10,220.40,0.6133,-1,-1,-1
219,40,935.10,117.20,95.30,222.40,0.7983,-1,-1,-1
219,4,486.60,215.70,174.10,595.10,0.8086,-1,-1,-1
219,73,883.50,73.40,71.00,188.20,0.4358,-1,-1,-1
219,18,0.00,150.90,69.10,147.60,0.7705,-1,-1,-1
219,3,362.20,62.90,77.10,173.20,0.3276,-1,-1,-1
219,41,805.90,68.90,72.30,235.10,0.7041,-1,-1,-1
219,66,1405.40,69.10,70.80,187.70,0.8159,-1,-1,-1
219,58,86.10,149.30,69.90,149.70,0.8101,-1,-1,-1
219,15,1035.50,86.20,90.70,254.70,0.6436,-1,-1,-1
219,61,1872.30,108.90,47.40,164.30,0.4524,-1,-1,-1
219,42,749.40,64.20,58.40,191.40,0.3794,-1,-1,-1
219,9,972.10,61.80,60.00,87.90,0.3149,-1,-1,-1
219,63,392.10,118.20,97.20,206.80,0.5332,-1,-1,-1
219,87,602.60,40.80,59.70,216.60,0.6968,-1,-1,-1
219,69,782.50,66.00,49.10,189.60,0.2910,-1,-1,-1
219,84,690.80,78.80,60.60,165.70,0.6260,-1,-1,-1
220,38,1204.90,70.50,66.60,180.20,0.7744,-1,-1,-1
220,19,177.20,103.70,297.00,703.50,0.8550,-1,-1,-1
220,39,1114.60,86.00,62.80,214.60,0.6289,-1,-1,-1
220,40,940.90,117.10,95.10,224.00,0.8291,-1,-1,-1
220,4,495.30,215.10,177.90,595.30,0.8198,-1,-1,-1
220,73,880.80,72.30,71.00,188.60,0.5859,-1,-1,-1
220,18,0.00,151.80,69.10,148.60,0.7686,-1,-1,-1
220,3,360.40,62.30,81.10,186.00,0.5859,-1,-1,-1
220,41,808.60,71.50,71.70,232.40,0.6724,-1,-1,-1
220,66,1388.80,68.10,69.20,188.20,0.6802,-1,-1,-1
220,58,84.30,148.80,72.50,150.90,0.7847,-1,-1,-1
220,15,1035.70,95.20,89.20,246.50,0.6929,-1,-1,-1
220,61,1871.70,106.50,48.30,168.40,0.5205,-1,-1,-1
220,42,734.40,60.00,60.90,195.30,0.6494,-1,-1,-1
220,9,969.00,62.10,58.90,86.10,0.4302,-1,-1,-1
220,87,585.00,38.10,61.40,219.00,0.6636,-1,-1,-1
220,69,785.80,67.40,48.40,188.00,0.4282,-1,-1,-1
220,105,509.10,49.50,97.50,183.70,0.5303,-1,-1,-1
221,38,1209.40,71.40,65.70,178.90,0.7676,-1,-1,-1
221,19,181.60,106.80,286.40,701.00,0.7720,-1,-1,-1
221,39,1114.60,86.30,63.00,213.80,0.6030,-1,-1,-1
221,40,936.60,116.80,95.10,224.00,0.7852,-1,-1,-1
221,4,491.40,216.90,177.70,593.90,0.8145,-1,-1,-1
221,73,883.10,73.70,70.40,187.30,0.5659,-1,-1,-1
221,18,0.40,152.50,66.90,139.50,0.6841,-1,-1,-1
221,3,361.50,62.50,81.90,191.60,0.6626,-1,-1,-1
221,41,812.90,79.90,70.80,222.40,0.6636,-1,-1,-1
221,66,1398.70,68.10,66.80,185.10,0.7178,-1,-1,-1
221,58,83.00,149.90,73.20,148.70,0.5479,-1,-1,-1
221,15,1035.40,103.30,87.10,238.10,0.7017,-1,-1,-1
221,61,1872.10,109.10,47.80,165.40,0.4006,-1,-1,-1
221,42,739.50,63.80,59.80,190.90,0.1074,-1,-1,-1
221,9,964.90,61.70,58.80,85.80,0.2194,-1,-1,-1
221,87,599.00,64.10,53.60,185.20,0.2281,-1,-1,-1
221,69,787.20,68.20,47.80,186.50,0.1937,-1,-1,-1
221,105,531.00,53.50,91.20,174.20,0.7407,-1,-1,-1
221,101,161.20,178.50,71.30,263.30,0.6250,-1,-1,-1
221,56,459.70,47.80,102.70,199.60,0.6406,-1,-1,-1
221,84,680.50,55.10,72.20,198.00,0.7852,-1,-1,-1
222,38,1214.10,71.50,65.20,179.00,0.7861,-1,-1,-1
222,19,183.70,109.50,277.10,700.60,0.7710,-1,-1,-1
222,39,1113.50,80.80,64.30,218.40,0.6279,-1,-1,-1
222,40,933.90,116.20,95.10,222.80,0.8936,-1,-1,-1
222,4,491.20,218.10,177.40,592.30,0.8135,-1,-1,-1
222,73,886.70,77.20,69.80,183.60,0.5659,-1,-1,-1
222,18,0.00,152.60,61.50,133.70,0.4016,-1,-1,-1
222,3,360.30,62.40,81.80,194.40,0.4426,-1,-1,-1
222,41,815.80,80.80,71.00,221.60,0.6030,-1,-1,-1
222,66,1410.10,66.40,67.50,186.60,0.8081,-1,-1,-1
222,58,87.10,154.40,77.30,158.80,0.1755,-1,-1,-1
222,15,1031.90,85.40,93.10,257.40,0.6167,-1,-1,-1
222,61,1871.90,108.00,48.10,166.80,0.4065,-1,-1,-1
222,42,746.90,68.20,58.60,188.10,0.2095,-1,-1,-1
222,9,965.10,62.60,60.10,87.80,0.3140,-1,-1,-1
222,87,591.10,72.40,51.70,175.50,0.6968,-1,-1,-1
222,69,791.00,67.10,46.90,183.30,0.3025,-1,-1,-1
222,105,522.80,63.10,85.00,164.20,0.6396,-1,-1,-1
222,101,171.20,181.30,69.80,253.20,0.6782,-1,-1,-1
222,56,442.20,44.80,110.70,225.00,0.7520,-1,-1,-1
222,60,46.60,179.10,119.60,315.20,0.8877,-1,-1,-1
222,2,1327.10,64.10,71.60,188.10,0.6577,-1,-1,-1
222,89,654.30,49.40,60.30,210.80,0.7476,-1,-1,-1
223,38,1220.10,71.50,65.20,178.60,0.8267,-1,-1,-1
223,19,186.70,112.00,267.70,695.40,0.8013,-1,-1,-1
223,39,1112.60,75.10,65.70,224.40,0.6450,-1,-1,-1
223,40,928.60,116.30,95.70,223.40,0.8486,-1,-1,-1
223,4,488.40,217.50,176.60,592.70,0.8193,-1,-1,-1
223,73,884.50,75.50,70.60,184.80,0.6538,-1,-1,-1
223,18,0.00,153.60,65.30,140.10,0.4534,-1,-1,-1
223,3,361.40,62.60,79.20,192.70,0.2207,-1,-1,-1
223,41,813.80,76.90,72.30,225.30,0.6299,-1,-1,-1
223,66,1422.60,65.10,67.50,188.90,0.8159,-1,-1,-1
223,58,82.80,151.90,74.00,149.20,0.3276,-1,-1,-1
223,15,1029.00,77.30,96.60,269.10,0.6152,-1,-1,-1
223,61,1871.90,108.30,48.10,167.00,0.5039,-1,-1,-1
223,42,742.90,68.00,58.80,188.20,0.4331,-1,-1,-1
223,9,964.90,62.60,63.40,93.10,0.1974,-1,-1,-1
223,69,785.80,67.80,47.80,186.50,0.3337,-1,-1,-1
223,105,538.90,70.50,80.00,157.60,0.6250,-1,-1,-1
223,56,458.20,60.80,101.90,215.00,0.4639,-1,-1,-1
223,60,73.40,195.60,108.30,275.60,0.8188,-1,-1,-1
223,2,1317.90,68.70,68.60,183.50,0.8052,-1,-1,-1
223,89,636.20,51.90,61.90,210.00,0.7471,-1,-1,-1
223,63,406.40,65.30,105.20,227.20,0.6538,-1,-1,-1
224,38,1224.60,70.70,65.60,179.70,0.8340,-1,-1,-1
224,19,192.20,108.60,260.60,695.40,0.8198,-1,-1,-1
224,39,1113.90,81.70,64.00,217.90,0.6792,-1,-1,-1
224,40,927.10,115.00,96.80,225.50,0.7974,-1,-1,-1
224,4,488.60,217.70,176.80,592.50,0.8501,-1,-1,-1
224,73,886.80,74.70,71.60,185.80,0.4465,-1,-1,-1
224,18,5.60,152.10,58.00,117.60,0.3381,-1,-1,-1
224,3,362.30,62.10,94.90,234.70,0.4863,-1,-1,-1
224,41,813.10,78.10,72.60,224.00,0.6689,-1,-1,-1
224,66,1432.60,64.90,67.20,189.10,0.8242,-1,-1,-1
224,58,80.90,151.80,75.90,149.70,0.7788,-1,-1,-1
224,15,1031.80,85.50,93.00,261.10,0.6167,-1,-1,-1
224,61,1872.00,109.60,48.00,166.60,0.4707,-1,-1,-1
224,42,732.20,66.90,57.40,183.60,0.4766,-1,-1,-1
224,9,966.00,62.30,64.20,94.90,0.2466,-1,-1,-1
224,69,784.90,68.10,47.00,184.40,0.2466,-1,-1,-1
224,105,531.40,73.10,76.30,152.10,0.7339,-1,-1,-1
224,60,23.50,198.20,108.60,273.90,0.8848,-1,-1,-1
224,2,1309.90,70.50,67.20,182.20,0.7925,-1,-1,-1
224,63,425.00,88.60,107.40,234.80,0.6196,-1,-1,-1
224,6,1031.30,51.60,66.20,213.10,0.4282,-1,-1,-1
224,87,601.30,74.50,63.10,205.50,0.7710,-1,-1,-1
225,38,1230.30,72.20,65.40,178.00,0.8135,-1,-1,-1
225,19,190.30,105.70,258.60,702.00,0.8789,-1,-1,-1
225,39,1114.70,89.00,62.70,210.50,0.6416,-1,-1,-1
225,40,929.80,114.60,97.60,226.90,0.8936,-1,-1,-1
225,4,497.00,218.80,180.40,592.30,0.8677,-1,-1,-1
225,73,886.80,74.60,71.80,185.60,0.4131,-1,-1,-1
225,18,1.50,152.60,65.70,133.30,0.6602,-1,-1,-1
225,3,376.30,94.70,100.00,249.20,0.6216,-1,-1,-1
225,41,812.30,78.20,72.80,223.70,0.6602,-1,-1,-1
225,66,1436.50,64.30,67.10,190.20,0.8232,-1,-1,-1
225,58,80.30,151.90,76.90,148.80,0.8345,-1,-1,-1
225,15,1032.80,93.80,89.60,248.80,0.6704,-1,-1,-1
225,61,1871.30,112.00,47.40,162.60,0.4092,-1,-1,-1
225,42,740.30,67.40,58.70,186.30,0.4922,-1,-1,-1
225,9,967.20,62.00,61.00,90.30,0.3857,-1,-1,-1
225,69,787.10,68.50,45.70,182.10,0.2554,-1,-1,-1
225,105,522.30,76.60,75.00,152.70,0.6426,-1,-1,-1
225,2,1296.70,70.40,69.20,183.00,0.7861,-1,-1,-1
225,6,1032.70,53.50,65.30,212.50,0.3364,-1,-1,-1
225,87,583.30,87.30,66.20,209.50,0.7544,-1,-1,-1
225,84,693.80,62.00,66.40,184.70,0.6299,-1,-1,-1
225,56,450.60,72.40,87.40,188.50,0.4341,-1,-1,-1
226,38,1229.90,71.80,64.40,176.40,0.8086,-1,-1,-1
226,19,187.70,104.60,254.50,706.50,0.7983,-1,-1,-1
226,39,1116.50,86.00,63.20,212.50,0.6611,-1,-1,-1
226,40,927.90,113.60,96.80,225.00,0.8901,-1,-1,-1
226,4,490.10,215.30,183.60,598.10,0.8228,-1,-1,-1
226,73,883.50,74.20,72.40,186.80,0.5688,-1,-1,-1
226,18,1.40,152.60,65.60,132.20,0.6772,-1,-1,-1
226,3,362.50,117.60,105.70,270.70,0.5601,-1,-1,-1
226,41,811.20,76.40,73.50,225.60,0.5410,-1,-1,-1
226,66,1437.30,64.20,66.60,190.50,0.8442,-1,-1,-1
226,58,80.80,152.50,78.30,147.90,0.8130,-1,-1,-1
226,15,1043.50,98.30,86.90,245.20,0.6260,-1,-1,-1
226,61,1872.40,112.10,46.50,159.20,0.4475,-1,-1,-1
226,42,743.10,69.00,59.60,186.70,0.6758,-1,-1,-1
226,9,962.80,61.40,61.20,89.90,0.2330,-1,-1,-1
226,105,532.50,109.40,63.20,122.20,0.7114,-1,-1,-1
226,2,1282.60,69.60,70.30,183.60,0.8433,-1,-1,-1
226,6,1033.20,51.30,65.90,210.00,0.4524,-1,-1,-1
226,56,436.20,80.20,86.50,189.70,0.7461,-1,-1,-1
226,89,663.90,59.90,56.60,189.50,0.7832,-1,-1,-1
227,38,1226.40,70.60,64.40,177.60,0.7798,-1,-1,-1
227,19,157.80,101.90,262.80,739.10,0.8159,-1,-1,-1
227,39,1115.40,78.90,64.90,219.50,0.6577,-1,-1,-1
227,40,928.30,113.50,97.30,225.20,0.8901,-1,-1,-1
227,4,489.50,212.90,183.60,600.40,0.6436,-1,-1,-1
227,73,882.60,73.80,72.00,187.00,0.6680,-1,-1,-1
227,18,1.00,152.60,66.30,133.40,0.6416,-1,-1,-1
227,3,349.80,142.60,104.40,270.70,0.6919,-1,-1,-1
227,41,812.30,75.20,73.70,227.30,0.6167,-1,-1,-1
227,66,1436.30,64.40,66.20,190.60,0.8271,-1,-1,-1
227,58,80.00,152.30,79.30,147.50,0.7739,-1,-1,-1
227,15,1046.80,97.20,86.00,246.80,0.6460,-1,-1,-1
227,61,1872.20,109.70,47.30,161.70,0.4292,-1,-1,-1
227,42,748.10,69.50,59.20,187.50,0.3867,-1,-1,-1
227,9,964.40,61.80,62.10,91.30,0.3604,-1,-1,-1
227,2,1274.20,70.20,69.00,182.60,0.6636,-1,-1,-1
227,6,1033.20,51.60,66.60,208.60,0.3784,-1,-1,-1
227,56,424.10,90.40,86.30,192.90,0.4922,-1,-1,-1
227,89,646.40,60.30,58.50,189.70,0.7056,-1,-1,-1
227,63,460.40,148.80,106.40,236.10,0.5850,-1,-1,-1
227,69,784.60,69.60,46.10,184.20,0.3486,-1,-1,-1
227,84,710.70,72.90,65.90,179.20,0.6489,-1,-1,-1
228,38,1225.10,70.70,64.20,177.60,0.8013,-1,-1,-1
228,19,93.10,96.90,277.40,761.20,0.8477,-1,-1,-1
228,39,1114.80,75.40,65.90,224.20,0.6377,-1,-1,-1
228,40,929.90,115.00,97.50,224.30,0.8452,-1,-1,-1
228,4,494.60,213.40,180.30,599.90,0.7910,-1,-1,-1
228,73,880.70,73.50,71.90,188.10,0.6621,-1,-1,-1
228,18,1.60,152.20,64.10,128.00,0.5000,-1,-1,-1
228,41,812.50,71.30,73.20,230.10,0.6196,-1,-1,-1
228,66,1435.70,64.30,65.50,190.40,0.8037,-1,-1,-1
228,15,1043.70,100.60,84.30,241.60,0.6226,-1,-1,-1
228,61,1872.00,109.50,47.90,163.80,0.4514,-1,-1,-1
228,42,742.60,68.40,59.70,185.70,0.3372,-1,-1,-1
228,9,966.20,61.70,61.00,89.70,0.4072,-1,-1,-1
228,2,1274.00,69.00,70.70,185.10,0.7363,-1,-1,-1
228,56,410.60,151.60,104.20,236.20,0.8315,-1,-1,-1
228,89,668.20,66.30,58.30,187.40,0.6479,-1,-1,-1
228,69,783.50,69.50,46.20,186.10,0.4072,-1,-1,-1
228,84,723.80,71.60,64.20,177.10,0.1749,-1,-1,-1
228,45,302.10,169.10,90.20,280.20,0.7529,-1,-1,-1
228,87,589.80,61.30,63.20,199.70,0.7974,-1,-1,-1
229,38,1224.60,70.90,64.10,177.80,0.7983,-1,-1,-1
229,19,21.20,113.40,295.00,817.30,0.9180,-1,-1,-1
229,39,1115.00,83.40,63.50,215.80,0.6611,-1,-1,-1
229,40,930.80,117.30,97.00,222.40,0.8638,-1,-1,-1
229,4,493.40,215.60,180.80,603.60,0.9014,-1,-1,-1
229,73,880.80,72.60,71.30,188.20,0.6895,-1,-1,-1
229,18,0.00,153.70,54.10,108.50,0.1783,-1,-1,-1
229,41,814.60,70.80,74.80,231.50,0.6943,-1,-1,-1
229,66,1436.50,64.00,65.20,190.50,0.8242,-1,-1,-1
229,15,1041.90,108.70,82.80,237.60,0.7007,-1,-1,-1
229,61,1871.90,111.00,48.10,164.60,0.5439,-1,-1,-1
229,42,748.70,69.00,59.50,187.70,0.5059,-1,-1,-1
229,9,961.40,62.30,63.50,93.10,0.3303,-1,-1,-1
229,2,1272.20,69.20,70.00,184.20,0.6387,-1,-1,-1
229,89,658.50,65.60,60.10,192.10,0.7773,-1,-1,-1
229,69,784.00,69.40,45.50,185.90,0.2180,-1,-1,-1
229,87,571.40,54.40,60.20,186.20,0.6704,-1,-1,-1
229,51,1159.50,66.30,55.40,178.20,0.4893,-1,-1,-1
229,3,340.90,175.50,110.70,280.60,0.8467,-1,-1,-1
229,6,1036.50,52.80,67.20,209.80,0.3416,-1,-1,-1
229,63,456.40,147.30,91.90,207.30,0.6416,-1,-1,-1
230,38,1225.10,71.60,63.50,177.30,0.7100,-1,-1,-1
230,19,0.00,97.30,293.40,911.10,0.8862,-1,-1,-1
230,39,1112.10,71.60,66.30,227.50,0.6816,-1,-1,-1
230,40,927.80,115.70,97.50,224.10,0.8921,-1,-1,-1
230,4,492.20,216.40,185.30,605.50,0.8936,-1,-1,-1
230,73,880.60,73.80,69.60,186.30,0.6040,-1,-1,-1
230,41,814.00,66.50,75.20,234.60,0.7041,-1,-1,-1
230,66,1437.10,64.80,64.60,189.60,0.7900,-1,-1,-1
230,15,1042.10,111.90,81.30,233.40,0.6646,-1,-1,-1
230,61,1870.70,109.30,48.60,165.40,0.4368,-1,-1,-1
230,42,747.90,68.80,59.30,187.60,0.4331,-1,-1,-1
230,9,963.30,61.90,65.10,96.60,0.2338,-1,-1,-1
230,2,1272.90,69.20,70.20,184.00,0.5767,-1,-1,-1
230,89,659.70,70.80,57.10,185.80,0.3804,-1,-1,-1
230,69,784.60,67.60,45.50,187.40,0.3389,-1,-1,-1
230,91,254.60,173.40,88.20,301.60,0.7847,-1,-1,-1
230,51,1158.90,65.30,56.20,178.80,0.3398,-1,-1,-1
230,3,353.20,158.70,91.50,235.10,0.6094,-1,-1,-1
230,6,1038.60,53.20,65.60,203.40,0.4187,-1,-1,-1
230,101,186.70,169.90,68.70,242.50,0.3989,-1,-1,-1
230,105,507.10,53.30,104.30,208.10,0.8110,-1,-1,-1
230,56,417.40,161.70,92.30,211.90,0.6113,-1,-1,-1
231,38,1226.70,72.60,63.30,176.10,0.6895,-1,-1,-1
231,19,0.00,179.20,237.80,870.20,0.8628,-1,-1,-1
231,39,1109.40,67.60,66.80,232.00,0.6714,-1,-1,-1
231,40,930.70,114.60,95.50,224.80,0.8091,-1,-1,-1
231,4,491.90,215.30,190.20,607.50,0.8501,-1,-1,-1
231,73,882.80,77.20,68.30,183.30,0.6792,-1,-1,-1
231,41,816.20,74.70,72.50,225.90,0.6714,-1,-1,-1
231,66,1437.40,65.00,64.30,189.70,0.7983,-1,-1,-1
231,15,1041.80,117.30,80.50,229.70,0.6626,-1,-1,-1
231,61,1871.60,111.00,48.10,164.00,0.5176,-1,-1,-1
231,42,746.10,67.90,59.50,188.80,0.6489,-1,-1,-1
231,9,966.20,60.40,61.30,89.70,0.1848,-1,-1,-1
231,2,1270.70,69.70,69.30,183.40,0.7153,-1,-1,-1
231,69,784.90,68.80,45.30,187.80,0.3630,-1,-1,-1
231,51,1153.80,66.80,55.30,176.70,0.4006,-1,-1,-1
231,6,1038.00,59.20,63.70,194.30,0.1842,-1,-1,-1
231,81,615.50,68.20,68.00,207.00,0.7104,-1,-1,-1
231,27,969.00,60.40,66.00,197.60,0.3604,-1,-1,-1
231,101,144.60,166.10,96.50,300.20,0.8706,-1,-1,-1
231,105,496.40,56.30,107.00,220.40,0.8145,-1,-1,-1
231,56,401.80,175.40,89.90,211.70,0.8398,-1,-1,-1
231,45,335.20,164.00,70.80,216.70,0.6426,-1,-1,-1
231,18,3.90,153.70,53.70,105.20,0.4912,-1,-1,-1
232,38,1227.00,71.90,63.70,176.50,0.8164,-1,-1,-1
232,39,1106.40,63.90,67.10,234.40,0.7461,-1,-1,-1
232,40,925.00,113.90,93.50,225.80,0.7881,-1,-1,-1
232,4,467.60,218.60,200.80,625.80,0.9009,-1,-1,-1
232,73,885.00,79.00,67.20,181.40,0.5527,-1,-1,-1
232,41,820.00,75.40,72.60,224.60,0.7393,-1,-1,-1
232,66,1437.60,65.10,64.10,189.40,0.8101,-1,-1,-1
232,15,1038.30,117.40,80.90,227.40,0.6372,-1,-1,-1
232,61,1871.40,107.90,48.60,167.40,0.4543,-1,-1,-1
232,42,744.80,68.50,59.70,189.20,0.7051,-1,-1,-1
232,9,961.80,58.60,64.90,94.70,0.1238,-1,-1,-1
232,2,1273.40,69.70,69.00,183.60,0.7793,-1,-1,-1
232,69,786.10,70.00,44.10,184.20,0.5127,-1,-1,-1
232,51,1153.20,66.20,56.30,182.40,0.7217,-1,-1,-1
232,6,1043.00,57.60,54.50,160.40,0.3630,-1,-1,-1
232,81,607.30,89.50,67.40,204.20,0.6104,-1,-1,-1
232,27,965.30,58.50,66.50,199.10,0.4863,-1,-1,-1
232,58,80.50,152.30,80.70,147.70,0.6040,-1,-1,-1
232,87,576.20,63.10,46.50,139.80,0.4006,-1,-1,-1
232,63,470.10,90.50,94.90,218.30,0.8169,-1,-1,-1
232,89,663.20,62.50,55.70,181.80,0.7231,-1,-1,-1
232,91,296.70,181.70,66.80,226.90,0.8486,-1,-1,-1
232,3,358.70,190.40,86.00,225.50,0.7793,-1,-1,-1
233,38,1228.00,71.50,64.10,177.00,0.7983,-1,-1,-1
233,39,1106.00,61.90,67.50,237.40,0.6792,-1,-1,-1
233,40,925.00,116.70,90.50,222.90,0.7642,-1,-1,-1
233,4,403.30,220.50,215.90,659.40,0.8911,-1,-1,-1
233,73,884.90,76.50,67.60,184.00,0.5527,-1,-1,-1
233,41,814.80,79.30,71.80,219.90,0.6772,-1,-1,-1
233,66,1437.70,65.10,64.00,189.50,0.7949,-1,-1,-1
233,15,1036.30,94.00,88.60,251.50,0.4658,-1,-1,-1
233,61,1871.50,107.40,48.50,167.70,0.4873,-1,-1,-1
233,42,743.60,60.70,63.30,199.50,0.5728,-1,-1,-1
233,9,962.00,58.80,64.60,94.40,0.1255,-1,-1,-1
233,2,1275.10,69.60,68.70,183.70,0.7930,-1,-1,-1
233,69,787.30,68.10,44.10,183.90,0.2466,-1,-1,-1
233,51,1154.00,65.50,56.60,186.00,0.6558,-1,-1,-1
233,6,1051.40,59.00,43.30,116.40,0.1052,-1,-1,-1
233,81,589.00,107.80,69.50,210.10,0.7520,-1,-1,-1
233,27,962.20,58.70,66.80,200.60,0.5439,-1,-1,-1
233,74,362.40,62.00,74.40,192.20,0.4629,-1,-1,-1
233,58,78.40,152.50,81.90,147.20,0.6704,-1,-1,-1
233,87,562.20,76.70,60.00,183.20,0.5488,-1,-1,-1
233,63,471.70,95.30,81.90,188.30,0.7822,-1,-1,-1
233,91,319.10,205.70,64.10,214.60,0.5981,-1,-1,-1
233,18,0.00,153.40,69.50,144.70,0.7100,-1,-1,-1
234,38,1226.60,71.20,63.60,177.60,0.7695,-1,-1,-1
234,39,1110.60,75.60,64.20,224.50,0.6646,-1,-1,-1
234,40,933.30,117.40,89.70,222.10,0.8506,-1,-1,-1
234,4,328.70,228.00,237.40,728.00,0.8989,-1,-1,-1
234,73,882.00,76.70,68.60,183.90,0.4282,-1,-1,-1
234,41,810.20,76.60,72.80,222.10,0.6680,-1,-1,-1
234,66,1437.90,65.80,63.70,188.60,0.7891,-1,-1,-1
234,15,1036.70,108.50,84.20,237.10,0.6318,-1,-1,-1
234,61,1872.00,109.40,48.00,163.80,0.4397,-1,-1,-1
234,42,745.00,63.20,62.60,196.60,0.6479,-1,-1,-1
234,9,967.30,60.60,68.80,103.80,0.1913,-1,-1,-1
234,2,1272.20,70.00,67.80,183.50,0.7373,-1,-1,-1
234,69,788.70,67.00,44.30,186.90,0.1949,-1,-1,-1
234,51,1160.50,69.80,59.10,194.00,0.6406,-1,-1,-1
234,6,1053.70,58.20,40.50,99.50,0.1890,-1,-1,-1
234,81,566.40,127.40,72.80,218.10,0.6836,-1,-1,-1
234,27,973.00,60.70,59.30,179.00,0.1937,-1,-1,-1
234,74,362.60,61.30,70.30,181.70,0.3711,-1,-1,-1
234,58,77.10,152.40,82.70,147.10,0.4292,-1,-1,-1
234,63,446.20,106.90,92.40,215.90,0.7476,-1,-1,-1
234,83,260.90,204.10,83.20,240.00,0.7017,-1,-1,-1
234,18,0.00,153.30,70.40,147.20,0.6943,-1,-1,-1
234,105,508.70,91.20,97.80,212.60,0.6069,-1,-1,-1
235,38,1230.40,72.30,61.70,175.40,0.5264,-1,-1,-1
235,39,1113.00,84.40,61.70,215.50,0.7178,-1,-1,-1
235,40,941.70,115.10,90.70,224.30,0.8403,-1,-1,-1
235,4,259.20,222.80,257.50,790.70,0.8813,-1,-1,-1
235,73,886.20,77.20,70.10,184.10,0.4436,-1,-1,-1
235,41,801.90,73.40,74.40,225.30,0.6929,-1,-1,-1
235,66,1437.90,65.40,63.70,188.90,0.7866,-1,-1,-1
235,15,1039.20,115.00,82.80,231.80,0.5659,-1,-1,-1
235,61,1872.00,110.50,48.00,164.00,0.3887,-1,-1,-1
235,42,746.20,67.60,61.00,191.40,0.5332,-1,-1,-1
235,9,970.30,61.00,65.50,98.70,0.1836,-1,-1,-1
235,2,1271.10,72.30,65.60,180.60,0.3550,-1,-1,-1
235,51,1156.30,68.80,59.70,196.90,0.1289,-1,-1,-1
235,81,546.80,149.40,75.80,227.10,0.7202,-1,-1,-1
235,74,362.10,63.10,71.60,185.90,0.2942,-1,-1,-1
235,58,76.60,153.70,83.10,146.40,0.5610,-1,-1,-1
235,63,426.00,122.70,96.40,229.90,0.7778,-1,-1,-1
235,18,0.00,152.80,70.40,148.40,0.5830,-1,-1,-1
235,105,501.40,109.20,94.10,212.50,0.5010,-1,-1,-1
235,101,167.40,201.90,90.50,272.40,0.7852,-1,-1,-1
235,89,678.90,49.60,61.30,201.70,0.6133,-1,-1,-1
236,38,1234.00,97.10,52.60,150.20,0.1672,-1,-1,-1
236,39,1112.90,88.50,60.80,211.00,0.7168,-1,-1,-1
236,40,945.90,115.70,90.00,223.60,0.8311,-1,-1,-1
236,4,151.80,223.10,278.50,832.40,0.8843,-1,-1,-1
236,73,892.10,75.20,70.10,186.40,0.4331,-1,-1,-1
236,41,798.60,71.30,75.40,228.60,0.6602,-1,-1,-1
236,66,1437.00,65.10,63.70,189.20,0.7925,-1,-1,-1
236,15,1043.00,118.40,80.40,228.30,0.5850,-1,-1,-1
236,61,1871.80,110.30,48.20,165.50,0.4331,-1,-1,-1
236,42,749.80,67.30,60.40,191.10,0.3594,-1,-1,-1
236,9,975.00,61.50,69.10,105.40,0.2886,-1,-1,-1
236,2,1271.50,72.00,65.30,181.20,0.6162,-1,-1,-1
236,51,1152.50,69.10,64.10,219.00,0.1144,-1,-1,-1
236,81,522.50,172.50,79.10,234.80,0.7241,-1,-1,-1
236,74,368.30,61.80,63.00,162.90,0.1082,-1,-1,-1
236,58,84.80,152.40,66.70,108.20,0.2161,-1,-1,-1
236,18,0.00,152.60,68.90,145.80,0.5195,-1,-1,-1
236,89,664.50,48.10,63.10,204.60,0.7612,-1,-1,-1
236,56,378.90,158.30,104.80,254.10,0.8525,-1,-1,-1
236,87,559.50,54.60,62.80,189.60,0.6060,-1,-1,-1
237,38,1231.50,74.30,59.80,174.30,0.3098,-1,-1,-1
237,39,1111.70,79.30,62.70,218.30,0.7251,-1,-1,-1
237,40,944.90,116.30,88.90,223.10,0.8394,-1,-1,-1
237,4,52.90,234.90,282.60,838.10,0.9331,-1,-1,-1
237,73,894.90,74.10,69.90,187.20,0.4609,-1,-1,-1
237,41,797.70,72.10,76.10,227.40,0.6665,-1,-1,-1
237,66,1435.60,65.10,63.70,189.50,0.8140,-1,-1,-1
237,15,1041.90,119.10,79.60,227.40,0.6030,-1,-1,-1
237,61,1872.20,112.10,47.70,163.00,0.4216,-1,-1,-1
237,42,754.30,71.60,58.70,187.30,0.2494,-1,-1,-1
237,9,974.30,61.10,67.50,104.40,0.3381,-1,-1,-1
237,2,1274.60,70.50,65.30,182.40,0.7188,-1,-1,-1
237,51,1153.30,67.50,57.60,197.50,0.5332,-1,-1,-1
237,81,495.80,191.20,81.70,240.70,0.7500,-1,-1,-1
237,74,369.10,61.60,66.00,170.20,0.3530,-1,-1,-1
237,58,77.30,154.00,83.70,135.60,0.5215,-1,-1,-1
237,18,5.00,153.10,56.80,109.90,0.4177,-1,-1,-1
237,89,643.70,45.00,66.60,211.30,0.6909,-1,-1,-1
237,87,544.10,48.70,66.00,198.80,0.7148,-1,-1,-1
237,3,347.90,185.00,97.50,254.00,0.7612,-1,-1,-1
237,27,976.10,60.70,60.50,183.20,0.3235,-1,-1,-1
237,63,439.10,145.30,90.40,225.70,0.6494,-1,-1,-1
238,39,1114.00,82.90,61.90,214.10,0.6665,-1,-1,-1
238,40,945.80,116.00,88.80,223.40,0.8677,-1,-1,-1
238,4,0.00,238.30,260.30,839.40,0.8530,-1,-1,-1
238,73,887.20,71.90,72.40,190.80,0.4534,-1,-1,-1
238,41,798.60,74.20,75.10,225.10,0.7319,-1,-1,-1
238,66,1435.10,64.80,63.70,189.80,0.8115,-1,-1,-1
238,15,1040.40,118.90,79.50,224.30,0.7485,-1,-1,-1
238,61,1872.10,110.80,47.80,163.20,0.4045,-1,-1,-1
238,42,748.50,70.80,59.10,187.10,0.3774,-1,-1,-1
238,9,973.20,61.20,64.40,101.10,0.1993,-1,-1,-1
238,2,1275.10,69.70,64.80,183.50,0.6323,-1,-1,-1
238,51,1152.00,65.60,56.10,192.80,0.5273,-1,-1,-1
238,74,364.30,61.40,72.70,188.90,0.4873,-1,-1,-1
238,58,74.80,153.80,87.90,142.40,0.7231,-1,-1,-1
238,18,0.00,151.50,68.60,138.40,0.5840,-1,-1,-1
238,89,620.80,40.00,68.80,218.20,0.7939,-1,-1,-1
238,87,523.50,44.20,69.80,211.70,0.7202,-1,-1,-1
238,63,441.80,180.40,96.30,241.30,0.7710,-1,-1,-1
238,64,1203.70,137.20,91.50,216.70,0.6538,-1,-1,-1
238,13,890.40,73.60,58.20,187.10,0.3630,-1,-1,-1
238,83,290.60,185.30,90.40,260.10,0.8496,-1,-1,-1
239,39,1113.20,85.70,62.00,213.20,0.7432,-1,-1,-1
239,40,946.50,116.30,88.90,224.20,0.8335,-1,-1,-1
239,73,884.30,71.10,72.40,190.00,0.4331,-1,-1,-1
239,41,799.00,74.00,74.70,224.70,0.7544,-1,-1,-1
239,66,1433.10,64.80,63.50,190.00,0.8062,-1,-1,-1
239,15,1037.90,118.60,80.20,222.50,0.7358,-1,-1,-1
239,61,1872.10,110.20,47.80,163.40,0.5254,-1,-1,-1
239,42,743.40,70.90,58.10,183.50,0.6021,-1,-1,-1
239,9,973.10,60.90,62.50,98.50,0.2134,-1,-1,-1
239,2,1280.40,69.50,64.30,182.70,0.5581,-1,-1,-1
239,51,1154.10,65.40,55.40,193.50,0.2502,-1,-1,-1
239,74,368.90,61.50,65.50,168.10,0.5688,-1,-1,-1
239,58,74.60,154.20,89.90,145.30,0.8174,-1,-1,-1
239,18,0.00,152.00,71.00,146.50,0.7256,-1,-1,-1
239,89,598.70,38.50,69.60,221.70,0.7520,-1,-1,-1
239,87,497.30,39.40,73.10,221.10,0.7725,-1,-1,-1
239,64,1208.90,148.30,87.90,219.40,0.7280,-1,-1,-1
239,13,880.60,71.60,59.10,184.90,0.1987,-1,-1,-1
239,101,221.00,188.90,95.90,269.30,0.8110,-1,-1,-1
239,56,373.80,195.70,102.40,251.80,0.6758,-1,-1,-1
239,3,345.80,205.30,89.10,246.10,0.4543,-1,-1,-1
240,39,1111.60,80.60,63.60,219.30,0.7212,-1,-1,-1
240,40,947.80,116.90,87.70,223.80,0.8359,-1,-1,-1
240,41,799.50,75.30,73.90,223.00,0.7773,-1,-1,-1
240,66,1429.80,65.50,62.60,188.20,0.8154,-1,-1,-1
240,15,1035.60,115.30,84.30,232.30,0.6982,-1,-1,-1
240,61,1871.90,109.20,48.10,164.90,0.5215,-1,-1,-1
240,42,753.50,68.60,58.70,187.20,0.5547,-1,-1,-1
240,9,971.30,58.20,62.30,97.10,0.4102,-1,-1,-1
240,2,1280.50,68.70,64.00,181.70,0.6406,-1,-1,-1
240,51,1153.40,65.90,54.10,188.40,0.6216,-1,-1,-1
240,74,364.20,61.40,73.00,188.80,0.6187,-1,-1,-1
240,58,71.10,154.10,89.40,146.10,0.5688,-1,-1,-1
240,18,0.00,152.20,68.60,138.40,0.5928,-1,-1,-1
240,89,588.10,46.80,70.60,224.90,0.7725,-1,-1,-1
240,87,473.40,42.10,76.40,232.00,0.8755,-1,-1,-1
240,64,1202.10,158.80,92.20,229.30,0.1204,-1,-1,-1
240,13,881.90,72.00,61.20,186.60,0.6523,-1,-1,-1
240,38,1214.40,55.90,69.90,199.20,0.5479,-1,-1,-1
240,83,314.80,195.80,90.80,262.90,0.5630,-1,-1,-1
241,39,1111.40,74.50,65.40,225.30,0.6841,-1,-1,-1
241,40,948.50,116.90,86.90,223.20,0.8335,-1,-1,-1
241,41,801.70,76.60,73.60,221.80,0.7393,-1,-1,-1
241,66,1429.60,66.00,62.10,186.60,0.7456,-1,-1,-1
241,15,1033.10,113.40,87.10,237.50,0.7974,-1,-1,-1
241,61,1872.00,109.10,48.00,163.80,0.4707,-1,-1,-1
241,42,756.20,67.40,59.70,190.50,0.5571,-1,-1,-1
241,9,968.60,58.70,65.20,102.20,0.3008,-1,-1,-1
241,2,1283.60,67.90,58.80,165.90,0.5107,-1,-1,-1
241,51,1157.10,67.00,51.70,182.10,0.6196,-1,-1,-1
241,74,361.90,61.30,74.50,195.40,0.5659,-1,-1,-1
241,58,76.10,154.70,89.20,145.70,0.2798,-1,-1,-1
241,89,575.80,57.70,72.10,231.20,0.6533,-1,-1,-1
241,87,454.80,47.30,78.30,238.30,0.8384,-1,-1,-1
241,38,1206.00,53.10,68.90,199.30,0.5908,-1,-1,-1
241,73,880.40,63.80,74.00,196.90,0.6123,-1,-1,-1
241,101,232.70,200.10,92.20,271.00,0.5498,-1,-1,-1
242,39,1108.00,69.70,66.90,229.80,0.7285,-1,-1,-1
242,40,945.40,117.00,87.20,223.90,0.8755,-1,-1,-1
242,41,799.90,74.60,74.90,224.80,0.7471,-1,-1,-1
242,66,1436.40,66.00,62.30,187.10,0.7891,-1,-1,-1
242,15,1032.10,107.60,89.30,241.70,0.6895,-1,-1,-1
242,61,1871.70,108.60,48.30,166.00,0.5195,-1,-1,-1
242,42,754.10,69.00,58.70,188.80,0.5737,-1,-1,-1
242,9,971.80,59.30,61.80,97.30,0.2213,-1,-1,-1
242,2,1283.30,67.10,62.80,176.70,0.4824,-1,-1,-1
242,51,1153.60,65.70,51.50,182.60,0.5820,-1,-1,-1
242,74,360.80,61.20,75.00,199.40,0.5566,-1,-1,-1
242,58,71.80,154.60,85.70,141.90,0.2480,-1,-1,-1
242,89,556.00,72.20,71.70,230.40,0.8604,-1,-1,-1
242,87,465.60,61.80,69.70,207.60,0.4990,-1,-1,-1
242,38,1208.20,52.70,69.50,198.80,0.3989,-1,-1,-1
242,116,1280.40,194.30,75.30,229.60,0.6895,-1,-1,-1
242,127,646.60,68.40,64.30,182.00,0.7905,-1,-1,-1
242,73,877.10,64.10,73.20,196.00,0.6030,-1,-1,-1
242,45,424.30,67.10,78.00,230.70,0.7773,-1,-1,-1
242,18,0.00,151.80,70.30,147.50,0.3433,-1,-1,-1
243,39,1106.80,68.90,67.20,231.20,0.7847,-1,-1,-1
243,40,945.20,116.80,87.30,224.40,0.8682,-1,-1,-1
243,41,800.40,75.60,75.00,223.90,0.7285,-1,-1,-1
243,66,1453.30,66.00,63.40,186.70,0.7256,-1,-1,-1
243,15,1033.60,111.90,88.30,236.90,0.7202,-1,-1,-1
243,61,1872.00,109.30,48.00,164.50,0.5322,-1,-1,-1
243,42,752.30,69.70,57.90,188.00,0.4756,-1,-1,-1
243,9,971.80,59.70,63.00,99.50,0.3674,-1,-1,-1
243,2,1283.40,68.10,64.80,182.30,0.7490,-1,-1,-1
243,51,1153.10,67.00,51.80,183.50,0.7417,-1,-1,-1
243,74,360.50,60.70,74.90,202.30,0.6733,-1,-1,-1
243,58,75.00,154.70,87.50,144.10,0.6738,-1,-1,-1
243,89,537.00,85.30,74.00,237.60,0.8638,-1,-1,-1
243,38,1211.40,52.40,71.00,198.70,0.5410,-1,-1,-1
243,116,1308.70,197.20,77.10,234.70,0.7861,-1,-1,-1
243,127,622.50,66.00,66.50,189.10,0.7583,-1,-1,-1
243,78,1243.90,54.70,45.40,194.20,0.3730,-1,-1,-1
243,55,1031.00,56.50,78.20,211.80,0.3950,-1,-1,-1
243,45,418.40,70.60,80.10,241.40,0.7324,-1,-1,-1
243,18,6.50,151.00,55.80,104.10,0.4187,-1,-1,-1
243,13,889.10,71.70,63.00,188.50,0.6343,-1,-1,-1
244,39,1107.60,69.10,66.80,231.50,0.7520,-1,-1,-1
244,40,945.70,117.00,87.10,223.80,0.8677,-1,-1,-1
244,41,796.10,71.00,77.10,228.90,0.7568,-1,-1,-1
244,66,1473.90,65.80,63.20,187.10,0.6841,-1,-1,-1
244,15,1033.20,105.70,90.00,240.50,0.7734,-1,-1,-1
244,61,1871.80,108.40,48.20,165.90,0.5195,-1,-1,-1
244,42,753.70,67.20,57.90,188.50,0.3887,-1,-1,-1
244,9,971.40,60.30,64.30,102.50,0.3584,-1,-1,-1
244,2,1278.80,68.70,66.00,183.70,0.6602,-1,-1,-1
244,51,1154.70,66.70,52.40,185.10,0.7646,-1,-1,-1
244,74,369.10,68.70,91.40,248.10,0.6060,-1,-1,-1
244,58,74.80,154.80,88.80,145.80,0.7646,-1,-1,-1
244,38,1209.40,52.30,71.20,198.40,0.5962,-1,-1,-1
244,116,1341.40,202.10,77.50,235.90,0.7739,-1,-1,-1
244,127,591.00,60.60,69.40,197.80,0.7705,-1,-1,-1
244,78,1237.50,54.20,45.80,195.20,0.4216,-1,-1,-1
244,55,1031.70,57.00,78.20,212.70,0.4207,-1,-1,-1
244,18,0.00,152.80,68.70,133.20,0.7334,-1,-1,-1
244,59,1208.10,57.80,52.80,192.80,0.3933,-1,-1,-1
244,105,496.60,114.80,98.80,236.00,0.8125,-1,-1,-1
244,73,879.90,68.60,71.30,191.30,0.4932,-1,-1,-1
245,39,1106.80,67.70,66.90,232.30,0.7241,-1,-1,-1
245,40,947.00,117.20,86.80,223.70,0.8608,-1,-1,-1
245,41,793.90,69.30,78.10,230.90,0.7563,-1,-1,-1
245,66,1484.40,68.20,63.40,183.20,0.7251,-1,-1,-1
245,15,1032.90,104.80,90.90,241.10,0.7363,-1,-1,-1
245,61,1872.30,110.30,47.50,162.40,0.4055,-1,-1,-1
245,42,748.30,62.50,58.50,192.90,0.3914,-1,-1,-1
245,9,965.60,59.70,66.20,104.50,0.1155,-1,-1,-1
245,2,1277.90,69.10,66.60,184.70,0.6626,-1,-1,-1
245,51,1154.60,66.20,53.10,186.20,0.8130,-1,-1,-1
245,74,358.20,84.50,97.10,267.50,0.7251,-1,-1,-1
245,58,75.50,154.70,89.40,145.80,0.8042,-1,-1,-1
245,38,1209.00,52.30,71.50,198.00,0.6011,-1,-1,-1
245,116,1378.80,203.10,82.40,247.80,0.8018,-1,-1,-1
245,127,562.50,57.20,71.60,204.10,0.7129,-1,-1,-1
245,78,1239.00,54.90,45.50,194.20,0.3442,-1,-1,-1
245,55,1031.60,56.60,76.50,207.40,0.1871,-1,-1,-1
245,18,0.00,152.70,69.80,138.10,0.7637,-1,-1,-1
245,59,1208.30,58.90,52.40,191.30,0.3025,-1,-1,-1
245,105,480.60,127.80,100.10,247.60,0.8442,-1,-1,-1
245,73,880.70,71.50,70.80,188.50,0.7153,-1,-1,-1
245,101,268.30,130.50,73.00,209.10,0.8276,-1,-1,-1
246,39,1106.30,67.60,66.40,231.60,0.7407,-1,-1,-1
246,40,952.00,116.40,86.60,223.80,0.8140,-1,-1,-1
246,41,801.00,67.40,78.50,231.70,0.7402,-1,-1,-1
246,66,1493.60,69.60,62.70,179.10,0.7593,-1,-1,-1
246,15,1039.40,102.50,89.90,240.10,0.7163,-1,-1,-1
246,61,1872.20,110.20,47.60,162.50,0.4177,-1,-1,-1
246,42,751.60,61.90,58.90,195.20,0.4036,-1,-1,-1
246,9,969.40,61.00,62.70,98.50,0.2546,-1,-1,-1
246,2,1279.30,68.50,67.40,185.80,0.6646,-1,-1,-1
246,51,1154.00,66.10,53.40,186.90,0.7993,-1,-1,-1
246,74,330.70,115.00,96.10,262.40,0.8652,-1,-1,-1
246,58,74.60,155.20,89.50,145.80,0.7549,-1,-1,-1
246,38,1211.20,53.90,71.00,195.10,0.3767,-1,-1,-1
246,116,1422.90,207.00,86.70,259.10,0.8193,-1,-1,-1
246,127,552.00,67.90,73.20,209.00,0.7925,-1,-1,-1
246,78,1238.70,57.50,45.10,191.70,0.3530,-1,-1,-1
246,55,1032.60,57.20,77.30,210.20,0.3381,-1,-1,-1
246,18,0.00,151.90,69.70,139.70,0.7251,-1,-1,-1
246,59,1208.80,62.70,51.40,188.00,0.3032,-1,-1,-1
246,73,881.70,71.50,70.20,188.30,0.4688,-1,-1,-1
246,63,442.30,163.00,96.70,250.10,0.8232,-1,-1,-1
247,39,1106.70,66.70,66.00,232.00,0.7388,-1,-1,-1
247,40,957.20,116.70,86.70,224.70,0.8115,-1,-1,-1
247,41,807.70,65.60,78.50,233.50,0.7949,-1,-1,-1
247,66,1498.70,71.40,62.70,178.80,0.7456,-1,-1,-1
247,15,1034.70,106.60,90.00,238.70,0.6167,-1,-1,-1
247,61,1876.80,108.80,43.20,162.10,0.3098,-1,-1,-1
247,42,738.50,59.80,58.30,194.60,0.5908,-1,-1,-1
247,9,968.00,61.20,62.10,95.60,0.2861,-1,-1,-1
247,2,1278.40,69.30,67.60,185.30,0.7041,-1,-1,-1
247,51,1153.90,66.50,53.30,186.40,0.7959,-1,-1,-1
247,58,53.20,165.70,114.70,195.10,0.6934,-1,-1,-1
247,38,1210.90,57.20,71.00,193.70,0.7227,-1,-1,-1
247,116,1481.60,209.90,91.90,270.10,0.8101,-1,-1,-1
247,127,544.80,80.10,75.40,216.40,0.7808,-1,-1,-1
247,18,0.00,152.60,70.30,144.20,0.7251,-1,-1,-1
247,59,1214.70,73.80,48.70,177.10,0.1089,-1,-1,-1
247,73,882.10,69.60,70.80,190.50,0.6919,-1,-1,-1
247,69,776.70,63.60,47.60,193.40,0.5176,-1,-1,-1
247,83,398.20,177.00,90.80,256.00,0.8867,-1,-1,-1
247,101,268.30,134.80,89.00,258.80,0.7812,-1,-1,-1
248,39,1108.30,69.20,65.00,230.10,0.6953,-1,-1,-1
248,40,960.60,117.80,84.80,223.20,0.7842,-1,-1,-1
248,41,810.40,69.30,77.20,230.60,0.7983,-1,-1,-1
248,66,1510.60,72.50,64.30,178.50,0.7373,-1,-1,-1
248,15,1039.70,95.30,92.30,249.30,0.5815,-1,-1,-1
248,42,746.80,59.00,57.10,195.40,0.2180,-1,-1,-1
248,9,969.50,61.20,62.90,96.80,0.4785,-1,-1,-1
248,2,1279.60,70.50,67.50,184.30,0.7373,-1,-1,-1
248,51,1153.70,66.70,53.60,185.90,0.7739,-1,-1,-1
248,58,65.80,160.50,99.30,167.60,0.7310,-1,-1,-1
248,38,1211.70,58.60,71.30,193.30,0.4717,-1,-1,-1
248,116,1540.20,208.80,98.60,289.00,0.8457,-1,-1,-1
248,127,538.60,95.70,76.10,220.00,0.7871,-1,-1,-1
248,18,0.00,153.10,70.70,146.50,0.6104,-1,-1,-1
248,73,881.20,69.70,70.30,189.90,0.4368,-1,-1,-1
248,69,768.20,63.80,49.50,194.30,0.4072,-1,-1,-1
248,101,245.30,148.90,89.50,258.80,0.7549,-1,-1,-1
248,74,325.70,163.70,97.40,270.20,0.8208,-1,-1,-1
249,39,1109.70,84.40,61.00,215.30,0.7178,-1,-1,-1
249,40,962.50,119.10,84.70,221.40,0.8105,-1,-1,-1
249,41,810.60,72.70,76.40,226.50,0.7471,-1,-1,-1
249,66,1533.90,73.00,64.60,176.90,0.8291,-1,-1,-1
249,15,1043.60,103.00,89.10,243.30,0.7241,-1,-1,-1
249,42,752.50,67.90,54.70,188.10,0.3286,-1,-1,-1
249,9,967.40,61.50,60.50,94.60,0.4358,-1,-1,-1
249,2,1279.90,70.60,67.80,184.20,0.7017,-1,-1,-1
249,51,1153.50,66.20,54.00,186.30,0.7939,-1,-1,-1
249,58,68.80,157.90,90.60,153.50,0.6021,-1,-1,-1
249,38,1214.10,59.00,71.20,192.80,0.7114,-1,-1,-1
249,116,1607.00,208.10,103.40,304.00,0.8682,-1,-1,-1
249,127,530.30,112.50,76.20,221.70,0.7847,-1,-1,-1
249,18,0.00,153.60,70.40,146.50,0.7417,-1,-1,-1
249,73,869.10,69.30,68.80,188.70,0.1630,-1,-1,-1
249,69,772.00,67.30,47.70,190.60,0.2247,-1,-1,-1
249,101,255.60,163.50,97.80,276.70,0.8330,-1,-1,-1
249,13,891.30,73.80,63.10,186.50,0.4475,-1,-1,-1
250,39,1107.20,73.30,63.60,226.10,0.7017,-1,-1,-1
250,40,960.30,118.90,85.40,221.50,0.8413,-1,-1,-1
250,41,809.00,73.50,76.40,226.00,0.7349,-1,-1,-1
250,66,1554.50,73.70,64.50,176.10,0.8477,-1,-1,-1
250,15,1045.20,104.70,85.60,239.00,0.7476,-1,-1,-1
250,42,755.80,68.50,55.50,188.10,0.6299,-1,-1,-1
250,9,971.00,61.80,58.80,92.50,0.4121,-1,-1,-1
250,2,1280.90,70.10,68.10,184.60,0.7153,-1,-1,-1
250,51,1153.40,66.80,54.20,185.90,0.7812,-1,-1,-1
250,58,47.10,172.90,138.00,241.80,0.7520,-1,-1,-1
250,38,1215.90,59.30,71.40,193.20,0.7017,-1,-1,-1
250,116,1684.90,205.80,109.20,320.90,0.8809,-1,-1,-1
250,127,518.50,134.80,76.90,224.50,0.8506,-1,-1,-1
250,18,0.00,154.10,68.60,143.50,0.6245,-1,-1,-1
250,13,888.20,73.50,64.10,185.90,0.5830,-1,-1,-1
251,44,1358.20,173.20,87.00,243.80,0.8794,-1,-1,-1
251,41,1316.20,161.90,63.00,234.10,0.8193,-1,-1,-1
251,60,1431.00,112.90,66.00,183.70,0.8140,-1,-1,-1
251,7,338.20,123.40,70.60,170.20,0.7695,-1,-1,-1
251,20,1749.00,87.00,96.00,235.50,0.7446,-1,-1,-1
251,45,1206.80,162.00,72.00,227.20,0.6982,-1,-1,-1
251,40,1668.00,14.80,66.00,190.00,0.6592,-1,-1,-1
251,51,799.50,130.50,60.00,117.40,0.6567,-1,-1,-1
251,11,140.60,114.80,58.20,130.40,0.6396,-1,-1,-1
251,12,710.20,117.20,52.60,134.20,0.6333,-1,-1,-1
251,4,280.10,125.10,51.00,116.60,0.6167,-1,-1,-1
251,58,921.00,130.10,73.50,129.40,0.6069,-1,-1,-1
251,6,1255.50,63.70,57.00,162.40,0.5889,-1,-1,-1
251,64,465.40,112.60,54.70,140.20,0.5640,-1,-1,-1
251,3,552.80,154.10,70.40,153.80,0.5527,-1,-1,-1
251,62,409.50,124.70,61.50,133.50,0.5205,-1,-1,-1
251,46,1339.50,34.30,57.00,161.10,0.4785,-1,-1,-1
251,37,635.20,140.60,52.60,159.00,0.4658,-1,-1,-1
251,2,1462.50,24.40,69.00,172.10,0.4216,-1,-1,-1
251,63,1010.20,79.20,46.60,136.40,0.4102,-1,-1,-1
251,43,1579.50,24.40,57.00,160.10,0.3604,-1,-1,-1
251,52,519.80,132.00,44.20,113.60,0.3408,-1,-1,-1
251,18,0.30,185.60,119.30,334.50,0.3091,-1,-1,-1
251,36,1206.00,87.90,43.50,121.30,0.3074,-1,-1,-1
251,13,1150.50,33.60,39.00,132.30,0.2974,-1,-1,-1
251,42,1303.50,65.80,39.00,116.10,0.2510,-1,-1,-1
251,15,1818.00,22.90,72.00,212.00,0.2502,-1,-1,-1
252,44,1363.60,179.40,90.60,254.50,0.7925,-1,-1,-1
252,41,1311.10,160.40,66.80,248.30,0.7017,-1,-1,-1
252,60,1424.60,126.90,69.70,194.50,0.7832,-1,-1,-1
252,7,337.50,123.70,71.00,171.60,0.7305,-1,-1,-1
252,20,1734.90,111.70,98.10,240.10,0.8203,-1,-1,-1
252,45,1198.80,159.30,77.50,243.60,0.8086,-1,-1,-1
252,40,1673.30,15.00,65.80,189.40,0.6343,-1,-1,-1
252,51,780.90,126.60,60.70,119.30,0.5981,-1,-1,-1
252,11,122.10,114.30,58.10,130.60,0.5747,-1,-1,-1
252,12,699.90,114.70,49.80,127.10,0.1853,-1,-1,-1
252,6,1253.80,67.00,56.50,160.40,0.4436,-1,-1,-1
252,3,556.30,158.40,72.50,158.30,0.5962,-1,-1,-1
252,62,427.30,120.60,61.00,132.90,0.4990,-1,-1,-1
252,46,1337.60,34.50,60.80,171.90,0.4207,-1,-1,-1
252,37,645.60,139.30,55.90,168.80,0.7461,-1,-1,-1
252,2,1466.80,24.50,68.20,170.50,0.3557,-1,-1,-1
252,43,1582.40,27.00,56.40,159.00,0.1461,-1,-1,-1
252,18,0.00,188.90,118.90,334.80,0.5244,-1,-1,-1
252,36,1203.30,85.00,42.40,117.90,0.1603,-1,-1,-1
252,42,1301.70,62.10,40.00,119.40,0.1078,-1,-1,-1
252,15,1833.60,16.20,64.20,189.30,0.2069,-1,-1,-1
253,44,1372.20,161.20,101.10,284.80,0.7710,-1,-1,-1
253,41,1312.90,168.70,68.90,254.20,0.7031,-1,-1,-1
253,7,345.30,125.70,70.50,169.70,0.3123,-1,-1,-1
253,20,1732.50,141.50,100.80,246.90,0.7754,-1,-1,-1
253,45,1197.50,162.90,81.70,257.70,0.7271,-1,-1,-1
253,40,1669.50,15.40,65.80,189.60,0.6074,-1,-1,-1
253,12,707.00,120.20,45.90,117.50,0.1592,-1,-1,-1
253,6,1256.90,68.30,56.70,161.30,0.4814,-1,-1,-1
253,3,557.60,160.40,75.00,164.30,0.7231,-1,-1,-1
253,46,1336.40,35.40,63.20,179.20,0.4551,-1,-1,-1
253,37,657.20,134.50,60.20,182.50,0.5938,-1,-1,-1
253,2,1467.40,24.00,68.30,171.50,0.3999,-1,-1,-1
253,18,0.00,206.10,116.00,388.30,0.4922,-1,-1,-1
253,36,1203.30,87.50,43.60,121.60,0.1779,-1,-1,-1
253,42,1299.80,57.20,43.30,129.80,0.1229,-1,-1,-1
253,15,1843.20,12.80,71.00,208.80,0.6577,-1,-1,-1
254,44,1402.20,173.80,103.70,291.60,0.8223,-1,-1,-1
254,41,1305.60,176.50,72.10,261.80,0.7988,-1,-1,-1
254,7,334.60,124.60,70.20,170.10,0.6235,-1,-1,-1
254,20,1737.60,168.70,103.90,254.60,0.7339,-1,-1,-1
254,45,1190.90,169.70,86.80,271.50,0.8018,-1,-1,-1
254,40,1670.60,15.10,65.60,189.70,0.5879,-1,-1,-1
254,6,1255.10,67.60,57.70,163.50,0.4368,-1,-1,-1
254,3,568.10,162.90,78.90,173.30,0.7422,-1,-1,-1
254,46,1336.80,38.00,62.40,177.40,0.4678,-1,-1,-1
254,37,669.90,144.90,60.10,182.00,0.6558,-1,-1,-1
254,2,1466.90,23.70,67.30,170.30,0.5215,-1,-1,-1
254,18,0.00,169.80,121.30,449.00,0.5776,-1,-1,-1
254,36,1202.20,80.60,46.30,129.60,0.3066,-1,-1,-1
254,42,1302.30,59.10,41.50,125.40,0.2012,-1,-1,-1
254,15,1857.90,14.20,59.90,175.50,0.1783,-1,-1,-1
254,101,1863.50,119.80,55.40,255.50,0.6782,-1,-1,-1
254,4,287.70,116.00,58.10,134.10,0.4187,-1,-1,-1
254,58,900.60,114.90,78.50,139.10,0.4006,-1,-1,-1
254,64,461.20,109.60,57.30,146.40,0.5186,-1,-1,-1
254,51,764.70,128.70,64.90,128.10,0.5908,-1,-1,-1
255,44,1423.20,182.00,107.50,302.50,0.8818,-1,-1,-1
255,41,1310.30,181.90,78.20,280.00,0.7710,-1,-1,-1
255,7,327.10,123.50,70.40,171.20,0.6670,-1,-1,-1
255,20,1755.10,185.30,108.10,263.50,0.7026,-1,-1,-1
255,45,1190.20,173.00,92.80,290.80,0.7861,-1,-1,-1
255,40,1672.20,14.90,65.40,189.60,0.4331,-1,-1,-1
255,6,1253.30,65.30,59.30,167.40,0.4824,-1,-1,-1
255,3,584.10,165.70,81.80,181.90,0.8062,-1,-1,-1
255,46,1337.90,37.20,58.00,165.20,0.5000,-1,-1,-1
255,37,681.10,151.00,62.40,188.30,0.7690,-1,-1,-1
255,2,1465.90,23.90,66.40,168.90,0.5640,-1,-1,-1
255,18,0.00,196.00,113.70,431.20,0.5420,-1,-1,-1
255,36,1200.10,76.20,49.60,138.80,0.3989,-1,-1,-1
255,15,1856.40,28.80,55.20,159.20,0.1968,-1,-1,-1
255,101,1856.20,109.50,55.00,252.30,0.5156,-1,-1,-1
255,56,1407.00,49.20,61.80,139.60,0.4417,-1,-1,-1
255,4,281.60,113.60,58.30,135.40,0.5786,-1,-1,-1
255,58,883.10,123.80,72.00,127.00,0.4514,-1,-1,-1
255,13,1137.60,30.30,41.50,141.30,0.5381,-1,-1,-1
255,43,1559.20,26.90,58.50,164.70,0.5630,-1,-1,-1
256,44,1454.90,187.60,112.80,314.90,0.9121,-1,-1,-1
256,41,1321.80,188.30,85.30,301.50,0.7324,-1,-1,-1
256,7,322.40,119.60,71.20,174.60,0.5786,-1,-1,-1
256,45,1196.10,173.90,100.10,313.90,0.7178,-1,-1,-1
256,40,1669.30,15.00,65.70,190.20,0.5020,-1,-1,-1
256,6,1252.40,62.10,57.20,159.90,0.2925,-1,-1,-1
256,3,594.00,168.70,87.00,194.30,0.7305,-1,-1,-1
256,46,1338.40,35.70,56.30,160.20,0.5029,-1,-1,-1
256,37,690.20,153.30,66.10,198.10,0.8057,-1,-1,-1
256,2,1466.70,23.70,64.80,166.00,0.4485,-1,-1,-1
256,36,1198.70,77.10,54.10,152.90,0.3896,-1,-1,-1
256,15,1865.70,33.20,43.10,119.70,0.1571,-1,-1,-1
256,56,1397.50,59.10,61.30,138.90,0.4707,-1,-1,-1
256,4,284.70,111.70,55.90,131.60,0.2153,-1,-1,-1
256,19,1691.60,174.40,117.20,236.10,0.8057,-1,-1,-1
256,79,1521.30,34.70,43.10,146.90,0.4263,-1,-1,-1
256,43,1558.80,26.70,58.60,164.70,0.4504,-1,-1,-1
256,52,508.40,120.60,46.40,119.90,0.5029,-1,-1,-1
256,60,1404.10,168.80,83.00,232.50,0.6885,-1,-1,-1
257,44,1481.70,193.10,119.50,330.60,0.8945,-1,-1,-1
257,41,1334.50,191.30,92.90,324.60,0.7939,-1,-1,-1
257,7,323.50,128.70,67.40,166.60,0.7075,-1,-1,-1
257,45,1202.80,182.90,105.80,332.10,0.7251,-1,-1,-1
257,40,1666.20,15.60,65.90,189.70,0.4292,-1,-1,-1
257,6,1257.00,62.30,52.00,142.90,0.4766,-1,-1,-1
257,3,608.50,172.70,90.00,203.40,0.6929,-1,-1,-1
257,46,1335.70,39.50,61.40,176.00,0.5078,-1,-1,-1
257,37,705.40,156.50,70.10,209.30,0.8271,-1,-1,-1
257,2,1468.30,24.50,64.90,167.90,0.3157,-1,-1,-1
257,36,1197.30,75.50,58.60,167.00,0.4639,-1,-1,-1
257,56,1387.10,62.80,62.40,142.50,0.1105,-1,-1,-1
257,4,287.00,125.60,57.70,138.50,0.5698,-1,-1,-1
257,19,1688.10,187.70,117.80,237.40,0.8008,-1,-1,-1
257,43,1553.40,29.30,56.90,159.50,0.5469,-1,-1,-1
257,66,243.90,112.90,51.90,126.00,0.6440,-1,-1,-1
257,60,1416.40,173.40,86.30,242.60,0.5049,-1,-1,-1
257,62,448.70,114.20,53.80,119.20,0.3970,-1,-1,-1
257,58,864.60,126.50,72.70,129.40,0.7148,-1,-1,-1
258,44,1518.70,200.90,128.00,349.00,0.8950,-1,-1,-1
258,41,1363.80,198.80,99.20,344.40,0.7339,-1,-1,-1
258,7,327.10,138.80,62.30,155.20,0.6479,-1,-1,-1
258,45,1209.10,186.70,115.10,358.30,0.7349,-1,-1,-1
258,40,1667.40,16.80,65.50,188.40,0.3389,-1,-1,-1
258,6,1254.50,62.60,58.50,161.00,0.5850,-1,-1,-1
258,3,624.50,172.50,98.20,220.40,0.8164,-1,-1,-1
258,46,1334.50,37.70,61.80,178.70,0.4141,-1,-1,-1
258,37,727.60,162.20,73.60,217.90,0.8315,-1,-1,-1
258,2,1467.40,24.40,63.70,163.70,0.5479,-1,-1,-1
258,36,1194.80,67.80,62.40,179.30,0.4834,-1,-1,-1
258,4,275.90,129.80,60.70,145.00,0.6841,-1,-1,-1
258,19,1702.10,199.00,124.60,250.80,0.8457,-1,-1,-1
258,43,1545.80,24.80,59.80,168.00,0.4707,-1,-1,-1
258,60,1433.20,181.00,91.80,260.40,0.4543,-1,-1,-1
258,74,1119.00,56.60,32.40,114.00,0.3748,-1,-1,-1
258,75,0.00,192.10,79.80,159.80,0.5479,-1,-1,-1
258,76,0.00,246.50,64.80,369.30,0.4534,-1,-1,-1
258,64,469.50,115.80,47.20,121.40,0.3730,-1,-1,-1
258,52,514.60,120.90,43.00,112.80,0.6226,-1,-1,-1
259,44,1564.80,213.60,136.20,371.50,0.8262,-1,-1,-1
259,41,1391.70,202.10,108.20,370.00,0.8076,-1,-1,-1
259,7,328.00,138.00,62.70,156.50,0.5610,-1,-1,-1
259,45,1228.60,188.30,124.60,390.50,0.8267,-1,-1,-1
259,40,1670.60,17.10,64.00,185.00,0.3550,-1,-1,-1
259,6,1253.90,61.50,62.10,172.20,0.4016,-1,-1,-1
259,3,640.50,180.00,100.30,227.00,0.8853,-1,-1,-1
259,46,1334.80,36.60,58.40,169.90,0.1376,-1,-1,-1
259,37,748.10,165.90,78.60,231.10,0.8901,-1,-1,-1
259,2,1468.50,24.40,64.60,167.10,0.5000,-1,-1,-1
259,36,1195.10,66.10,63.10,182.10,0.4475,-1,-1,-1
259,43,1546.30,27.30,58.60,166.70,0.2466,-1,-1,-1
259,74,1117.30,55.30,32.80,115.20,0.4824,-1,-1,-1
259,75,0.00,190.90,79.80,159.70,0.5322,-1,-1,-1
259,76,0.00,224.70,60.90,312.80,0.3738,-1,-1,-1
259,78,1729.30,63.90,101.20,212.70,0.7637,-1,-1,-1
259,87,563.50,110.10,37.90,138.20,0.6885,-1,-1,-1
259,52,506.40,120.50,42.10,111.10,0.5757,-1,-1,-1
259,11,108.60,112.00,53.20,120.10,0.5342,-1,-1,-1
259,20,1784.50,210.10,113.30,269.90,0.8418,-1,-1,-1
259,66,245.10,132.70,61.30,149.00,0.7231,-1,-1,-1
259,62,447.10,110.30,54.00,121.40,0.3604,-1,-1,-1
260,44,1602.10,224.70,149.30,400.00,0.9180,-1,-1,-1
260,41,1427.70,208.90,119.20,402.10,0.8208,-1,-1,-1
260,7,332.30,136.80,63.20,158.10,0.6406,-1,-1,-1
260,45,1252.00,195.60,132.70,418.60,0.8433,-1,-1,-1
260,40,1669.90,15.70,65.20,189.10,0.4485,-1,-1,-1
260,6,1252.50,62.20,63.90,178.10,0.4272,-1,-1,-1
260,3,660.40,187.20,106.10,239.90,0.8516,-1,-1,-1
260,46,1329.80,39.20,71.50,212.20,0.3398,-1,-1,-1
260,37,768.10,170.10,83.60,245.70,0.8726,-1,-1,-1
260,2,1466.30,23.50,66.00,171.50,0.5972,-1,-1,-1
260,36,1197.30,70.40,61.10,177.60,0.5449,-1,-1,-1
260,43,1550.90,26.60,58.00,165.90,0.3887,-1,-1,-1
260,74,1115.80,51.90,33.70,118.10,0.4805,-1,-1,-1
260,75,0.60,189.00,78.90,156.80,0.3530,-1,-1,-1
260,76,0.00,206.90,68.70,387.20,0.4524,-1,-1,-1
260,78,1716.10,56.90,105.50,222.80,0.7671,-1,-1,-1
260,81,176.20,111.80,55.80,126.30,0.5000,-1,-1,-1
260,20,1818.40,253.80,97.10,231.20,0.7271,-1,-1,-1
260,66,232.10,138.00,64.90,157.00,0.7661,-1,-1,-1
260,79,1516.30,28.30,42.80,145.90,0.3167,-1,-1,-1
260,64,484.00,121.80,42.20,109.30,0.4971,-1,-1,-1
261,41,1463.80,214.20,129.90,432.90,0.8389,-1,-1,-1
261,7,338.70,134.90,63.40,159.00,0.6362,-1,-1,-1
261,45,1258.10,206.20,145.50,448.20,0.8423,-1,-1,-1
261,40,1668.80,15.10,65.30,190.60,0.4863,-1,-1,-1
261,6,1253.90,67.70,62.50,174.70,0.3914,-1,-1,-1
261,3,675.70,191.00,113.20,258.00,0.8501,-1,-1,-1
261,46,1333.40,38.80,65.30,194.80,0.5430,-1,-1,-1
261,37,793.10,175.30,88.70,259.90,0.9106,-1,-1,-1
261,2,1465.50,23.30,66.40,172.60,0.6011,-1,-1,-1
261,36,1197.30,70.50,60.10,177.40,0.5059,-1,-1,-1
261,43,1558.00,23.50,59.50,170.20,0.5410,-1,-1,-1
261,74,1115.30,51.80,34.10,119.30,0.4688,-1,-1,-1
261,75,0.00,183.30,79.60,158.80,0.2837,-1,-1,-1
261,76,0.00,208.30,71.50,402.50,0.1772,-1,-1,-1
261,78,1704.10,48.00,105.00,223.40,0.6934,-1,-1,-1
261,66,206.70,137.00,68.80,167.10,0.7432,-1,-1,-1
261,91,146.50,111.70,48.30,122.90,0.3804,-1,-1,-1
261,98,526.50,114.30,45.00,124.50,0.6372,-1,-1,-1
261,79,1517.80,23.80,43.30,148.00,0.3657,-1,-1,-1
261,64,483.50,125.30,46.00,117.00,0.5146,-1,-1,-1
261,19,1678.50,234.50,206.90,421.60,0.8818,-1,-1,-1
261,11,106.50,104.60,53.50,123.20,0.2720,-1,-1,-1
262,41,1522.90,227.50,142.10,465.40,0.8584,-1,-1,-1
262,7,349.40,144.90,59.00,148.50,0.4243,-1,-1,-1
262,45,1293.80,220.40,160.30,489.60,0.8726,-1,-1,-1
262,40,1666.90,15.30,64.30,187.10,0.1294,-1,-1,-1
262,6,1254.00,73.60,53.00,144.80,0.2037,-1,-1,-1
262,3,696.30,199.20,122.00,277.30,0.8223,-1,-1,-1
262,46,1333.90,37.50,62.80,188.50,0.5991,-1,-1,-1
262,37,821.90,179.60,95.70,279.60,0.8511,-1,-1,-1
262,2,1466.20,24.80,65.60,171.80,0.4854,-1,-1,-1
262,36,1198.60,75.20,57.20,171.40,0.5234,-1,-1,-1
262,43,1568.30,21.40,60.60,172.70,0.5908,-1,-1,-1
262,74,1115.00,50.70,34.50,120.20,0.5820,-1,-1,-1
262,75,3.50,189.20,77.30,154.00,0.3503,-1,-1,-1
262,76,0.00,210.50,77.80,402.20,0.5786,-1,-1,-1
262,78,1697.90,37.60,91.90,195.90,0.5205,-1,-1,-1
262,66,185.50,138.80,72.20,174.00,0.7861,-1,-1,-1
262,79,1519.10,20.20,43.90,151.00,0.3503,-1,-1,-1
262,19,1703.50,249.10,216.50,463.90,0.8994,-1,-1,-1
262,11,106.30,103.80,55.20,126.70,0.3530,-1,-1,-1
262,52,507.20,109.50,47.90,125.20,0.7378,-1,-1,-1
262,62,444.40,112.80,57.10,128.40,0.7124,-1,-1,-1
263,7,357.20,156.70,54.50,136.70,0.4495,-1,-1,-1
263,45,1316.00,239.10,182.00,541.00,0.7949,-1,-1,-1
263,6,1251.90,75.70,48.10,127.90,0.1456,-1,-1,-1
263,3,707.60,207.10,129.40,296.50,0.8442,-1,-1,-1
263,46,1334.60,37.10,61.90,187.40,0.5806,-1,-1,-1
263,37,853.30,185.90,103.00,300.70,0.8770,-1,-1,-1
263,2,1466.50,22.30,66.30,174.40,0.5361,-1,-1,-1
263,36,1199.20,76.60,55.90,169.00,0.5439,-1,-1,-1
263,43,1571.10,21.40,61.50,174.30,0.7686,-1,-1,-1
263,74,1113.90,50.30,34.70,120.80,0.5830,-1,-1,-1
263,75,2.70,193.80,76.00,151.00,0.4495,-1,-1,-1
263,76,0.00,224.70,69.70,388.20,0.6558,-1,-1,-1
263,78,1680.10,39.80,93.00,198.70,0.6001,-1,-1,-1
263,66,161.50,139.30,75.80,183.70,0.7568,-1,-1,-1
263,79,1525.90,20.40,43.70,150.30,0.4746,-1,-1,-1
263,14,1248.70,161.60,89.80,192.90,0.6494,-1,-1,-1
263,88,290.20,117.30,39.30,107.50,0.3867,-1,-1,-1
263,52,498.70,107.90,48.50,126.00,0.7227,-1,-1,-1
263,87,551.70,126.80,34.60,122.90,0.5400,-1,-1,-1
263,44,1617.30,251.60,189.20,509.50,0.8730,-1,-1,-1
263,20,1809.70,315.50,110.30,428.80,0.7417,-1,-1,-1
264,7,361.80,165.80,51.10,127.40,0.1082,-1,-1,-1
264,45,1362.00,263.60,206.40,604.70,0.8203,-1,-1,-1
264,6,1250.60,76.10,41.30,108.80,0.1326,-1,-1,-1
264,3,728.90,217.00,142.30,324.00,0.8804,-1,-1,-1
264,46,1334.40,36.30,61.40,188.10,0.6426,-1,-1,-1
264,37,884.70,195.40,111.40,324.30,0.9160,-1,-1,-1
264,2,1468.00,23.70,65.70,173.60,0.6470,-1,-1,-1
264,36,1201.00,79.90,54.20,164.50,0.5273,-1,-1,-1
264,43,1573.20,21.80,61.70,173.50,0.3774,-1,-1,-1
264,74,1115.00,51.40,34.90,121.00,0.5283,-1,-1,-1
264,75,0.00,182.70,81.80,166.70,0.4331,-1,-1,-1
264,76,0.00,246.60,64.30,366.40,0.4844,-1,-1,-1
264,78,1666.30,20.70,95.30,206.40,0.6841,-1,-1,-1
264,66,142.60,140.10,80.40,191.30,0.8130,-1,-1,-1
264,14,1241.40,167.90,94.80,204.20,0.7563,-1,-1,-1
264,88,276.20,114.40,39.30,107.30,0.5708,-1,-1,-1
264,52,504.70,119.00,48.60,125.90,0.4331,-1,-1,-1
264,94,593.50,116.90,46.10,113.60,0.5728,-1,-1,-1
264,10,647.20,123.00,47.30,123.30,0.6670,-1,-1,-1
264,83,692.90,123.80,47.00,118.80,0.5430,-1,-1,-1
264,87,551.80,134.50,33.40,115.90,0.4766,-1,-1,-1
264,19,1675.10,275.60,244.90,569.90,0.8979,-1,-1,-1
264,62,463.20,112.90,53.10,121.30,0.5352,-1,-1,-1
265,7,359.50,150.60,57.00,143.10,0.1738,-1,-1,-1
265,3,750.20,232.00,151.80,348.30,0.8828,-1,-1,-1
265,46,1333.50,35.60,61.00,188.80,0.4495,-1,-1,-1
265,37,919.00,204.70,122.00,353.40,0.9224,-1,-1,-1
265,2,1466.30,24.60,64.10,171.50,0.5000,-1,-1,-1
265,36,1205.30,81.00,54.20,163.70,0.5962,-1,-1,-1
265,43,1568.80,20.00,62.30,175.70,0.6416,-1,-1,-1
265,74,1115.00,50.40,35.80,124.20,0.4561,-1,-1,-1
265,75,0.70,192.90,78.30,156.20,0.4158,-1,-1,-1
265,76,0.00,279.10,59.80,333.70,0.6416,-1,-1,-1
265,78,1665.20,15.70,93.50,205.00,0.6968,-1,-1,-1
265,66,114.20,141.20,83.40,199.80,0.8413,-1,-1,-1
265,14,1237.10,164.80,103.00,223.20,0.7734,-1,-1,-1
265,88,265.20,112.80,39.60,108.10,0.5957,-1,-1,-1
265,52,506.10,126.30,46.10,119.10,0.1447,-1,-1,-1
265,94,604.00,125.80,47.50,117.20,0.6011,-1,-1,-1
265,10,650.30,125.20,45.20,117.40,0.6670,-1,-1,-1
265,83,694.80,123.80,46.50,117.90,0.5430,-1,-1,-1
265,19,1695.20,305.60,224.80,635.40,0.7305,-1,-1,-1
265,62,468.10,117.50,56.60,126.90,0.2407,-1,-1,-1
265,58,824.30,118.10,67.30,125.00,0.6436,-1,-1,-1
266,7,362.50,147.50,57.90,145.90,0.2637,-1,-1,-1
266,3,779.00,249.20,168.60,385.30,0.8799,-1,-1,-1
266,46,1333.80,35.70,60.50,188.80,0.5293,-1,-1,-1
266,37,954.60,216.80,133.70,386.60,0.8994,-1,-1,-1
266,2,1466.70,25.10,63.30,170.80,0.5806,-1,-1,-1
266,36,1206.70,80.30,54.70,164.60,0.5601,-1,-1,-1
266,43,1569.00,20.30,62.70,176.90,0.6943,-1,-1,-1
266,75,1.30,196.20,76.40,151.90,0.5244,-1,-1,-1
266,76,0.00,291.10,60.50,321.10,0.6558,-1,-1,-1
266,78,1677.30,10.80,93.60,206.30,0.7422,-1,-1,-1
266,66,77.30,142.70,88.60,209.30,0.8223,-1,-1,-1
266,14,1237.20,172.70,108.10,235.40,0.7891,-1,-1,-1
266,88,257.80,111.90,39.10,106.20,0.6343,-1,-1,-1
266,10,649.90,124.00,45.00,116.80,0.5850,-1,-1,-1
266,19,1624.30,345.90,295.70,677.00,0.7505,-1,-1,-1
266,62,470.60,119.70,52.90,122.60,0.3354,-1,-1,-1
266,106,578.90,124.30,35.30,115.10,0.5767,-1,-1,-1
266,138,0.00,121.30,37.40,113.10,0.4456,-1,-1,-1
266,35,328.50,124.00,57.90,167.10,0.4368,-1,-1,-1
266,58,796.60,117.00,64.90,123.80,0.7710,-1,-1,-1
266,12,712.20,123.30,50.80,126.40,0.7051,-1,-1,-1
266,79,1517.60,13.40,51.20,174.20,0.4727,-1,-1,-1
266,20,1780.20,392.90,139.80,561.20,0.6299,-1,-1,-1
266,87,550.10,119.80,31.50,108.60,0.4072,-1,-1,-1
267,7,354.10,152.40,57.90,142.10,0.4561,-1,-1,-1
267,3,810.20,269.10,182.60,423.90,0.9370,-1,-1,-1
267,46,1335.20,35.10,59.80,187.10,0.6450,-1,-1,-1
267,37,998.90,228.60,149.00,430.20,0.9131,-1,-1,-1
267,2,1467.50,24.90,61.80,170.40,0.4785,-1,-1,-1
267,36,1206.20,83.40,52.90,159.60,0.2991,-1,-1,-1
267,43,1572.60,21.30,61.70,174.60,0.6738,-1,-1,-1
267,75,0.00,196.10,65.20,155.50,0.1526,-1,-1,-1
267,76,0.00,252.10,63.30,359.30,0.4263,-1,-1,-1
267,78,1686.70,8.10,92.50,207.20,0.7881,-1,-1,-1
267,66,39.90,143.20,92.50,219.50,0.8345,-1,-1,-1
267,14,1245.30,182.00,112.30,245.80,0.8101,-1,-1,-1
267,88,246.50,113.10,38.20,103.30,0.6069,-1,-1,-1
267,10,657.50,130.50,44.10,115.40,0.2101,-1,-1,-1
267,19,1655.80,452.80,264.20,615.60,0.6450,-1,-1,-1
267,138,0.50,118.50,42.40,113.60,0.1901,-1,-1,-1
267,35,334.90,129.50,56.60,163.50,0.1097,-1,-1,-1
267,58,776.30,112.10,63.00,126.10,0.6523,-1,-1,-1
267,12,722.40,124.40,47.30,119.40,0.5571,-1,-1,-1
267,79,1514.30,12.50,52.30,177.50,0.5459,-1,-1,-1
267,98,535.50,118.10,45.40,124.50,0.4609,-1,-1,-1
267,74,1114.90,49.20,35.20,123.20,0.3657,-1,-1,-1
267,83,694.00,122.40,47.20,120.40,0.5962,-1,-1,-1
268,7,349.30,133.40,65.70,162.70,0.6074,-1,-1,-1
268,3,844.10,293.50,207.90,480.70,0.9067,-1,-1,-1
268,46,1338.70,38.50,55.50,172.40,0.7075,-1,-1,-1
268,37,1049.20,243.40,167.60,483.30,0.9092,-1,-1,-1
268,2,1469.90,24.80,61.10,170.50,0.4302,-1,-1,-1
268,36,1200.70,70.70,56.70,173.10,0.3433,-1,-1,-1
268,76,0.40,303.70,58.30,307.70,0.3577,-1,-1,-1
268,78,1689.70,9.30,89.50,203.70,0.6577,-1,-1,-1
268,66,8.30,147.20,93.60,221.40,0.5879,-1,-1,-1
268,14,1275.40,196.40,115.80,254.40,0.8384,-1,-1,-1
268,88,239.10,115.60,36.30,98.60,0.5039,-1,-1,-1
268,10,654.00,126.10,44.70,117.50,0.5225,-1,-1,-1
268,58,754.30,112.20,59.00,122.80,0.6216,-1,-1,-1
268,12,725.90,125.40,43.50,115.50,0.4495,-1,-1,-1
268,79,1514.30,11.90,52.20,179.40,0.2128,-1,-1,-1
268,100,1248.10,78.30,70.30,172.40,0.6748,-1,-1,-1
268,84,399.80,113.60,55.70,131.00,0.5566,-1,-1,-1
268,74,1115.00,50.80,37.00,129.00,0.1242,-1,-1,-1
268,83,696.10,122.40,46.60,119.80,0.6724,-1,-1,-1
268,13,1100.50,55.90,40.20,131.80,0.5059,-1,-1,-1
268,52,502.20,112.20,50.20,128.90,0.4961,-1,-1,-1
268,94,627.50,136.70,44.70,109.40,0.5757,-1,-1,-1
269,7,345.50,122.20,70.90,173.10,0.5322,-1,-1,-1
269,3,883.50,321.90,231.80,543.60,0.9004,-1,-1,-1
269,46,1338.90,40.80,57.30,178.40,0.6636,-1,-1,-1
269,37,1123.90,266.40,188.20,541.60,0.9150,-1,-1,-1
269,2,1469.10,25.10,60.20,169.70,0.5234,-1,-1,-1
269,36,1194.10,54.60,61.50,188.90,0.5410,-1,-1,-1
269,76,0.00,221.80,68.40,389.10,0.5840,-1,-1,-1
269,78,1694.90,8.50,88.60,203.60,0.7168,-1,-1,-1
269,14,1322.00,207.70,122.00,270.00,0.8501,-1,-1,-1
269,88,226.50,112.40,38.30,101.90,0.6372,-1,-1,-1
269,10,651.50,123.90,45.20,118.30,0.6885,-1,-1,-1
269,58,739.10,110.80,57.30,124.00,0.3867,-1,-1,-1
269,79,1513.10,9.70,52.20,180.60,0.2666,-1,-1,-1
269,100,1245.50,79.10,69.70,171.60,0.6226,-1,-1,-1
269,74,1115.00,51.00,35.70,123.00,0.6206,-1,-1,-1
269,83,697.90,122.50,46.30,119.50,0.6919,-1,-1,-1
269,40,1663.50,21.90,60.20,177.90,0.4351,-1,-1,-1
269,62,479.40,111.30,54.30,129.20,0.3293,-1,-1,-1
270,7,344.50,114.10,74.00,181.30,0.5879,-1,-1,-1
270,3,937.20,358.50,273.90,638.50,0.8286,-1,-1,-1
270,46,1337.80,41.90,58.20,180.40,0.5566,-1,-1,-1
270,37,1212.40,296.80,216.80,621.50,0.8926,-1,-1,-1
270,2,1468.20,24.80,60.00,170.60,0.6655,-1,-1,-1
270,36,1202.60,68.50,57.30,176.10,0.4551,-1,-1,-1
270,76,0.00,203.40,74.80,411.90,0.5039,-1,-1,-1
270,78,1703.30,7.90,87.60,203.10,0.7930,-1,-1,-1
270,14,1372.80,221.80,127.90,287.10,0.7690,-1,-1,-1
270,88,209.20,112.70,37.70,99.40,0.6885,-1,-1,-1
270,10,648.00,123.50,44.80,116.70,0.6704,-1,-1,-1
270,79,1515.30,9.80,53.10,182.30,0.6396,-1,-1,-1
270,100,1246.50,78.00,70.50,174.40,0.6895,-1,-1,-1
270,74,1115.70,51.10,35.80,121.90,0.5747,-1,-1,-1
270,83,698.40,121.70,46.50,120.50,0.6289,-1,-1,-1
270,40,1667.70,21.70,59.70,178.60,0.6226,-1,-1,-1
270,62,465.30,109.20,54.00,128.30,0.5962,-1,-1,-1
270,63,1002.50,101.60,44.10,124.50,0.4736,-1,-1,-1
270,101,1795.20,7.40,48.80,205.90,0.7446,-1,-1,-1
270,106,578.10,129.50,34.20,110.50,0.4446,-1,-1,-1
270,12,732.10,118.70,44.70,120.20,0.4475,-1,-1,-1
271,7,342.60,120.10,71.30,175.30,0.5776,-1,-1,-1
271,3,1039.20,407.40,283.70,652.00,0.9121,-1,-1,-1
271,46,1336.10,40.50,59.20,183.60,0.6704,-1,-1,-1
271,2,1468.40,24.40,59.90,171.60,0.6069,-1,-1,-1
271,36,1205.00,73.50,55.00,171.50,0.5303,-1,-1,-1
271,76,0.00,198.50,75.00,416.70,0.4417,-1,-1,-1
271,78,1704.10,9.60,84.00,198.50,0.7056,-1,-1,-1
271,14,1430.80,236.30,120.50,267.50,0.7256,-1,-1,-1
271,88,197.90,111.50,38.30,100.10,0.6592,-1,-1,-1
271,10,642.00,124.30,44.30,114.90,0.6299,-1,-1,-1
271,79,1515.00,8.10,53.90,184.20,0.6001,-1,-1,-1
271,100,1242.90,73.20,72.00,179.40,0.7148,-1,-1,-1
271,74,1116.60,58.40,33.50,113.20,0.4893,-1,-1,-1
271,83,698.00,121.60,46.10,120.40,0.5630,-1,-1,-1
271,40,1666.90,23.60,57.80,174.50,0.3276,-1,-1,-1
271,62,450.60,111.40,51.10,122.40,0.6816,-1,-1,-1
271,101,1794.60,6.30,52.20,205.20,0.6548,-1,-1,-1
271,106,567.70,126.30,34.70,111.80,0.6104,-1,-1,-1
271,12,732.30,118.20,43.60,118.10,0.2081,-1,-1,-1
271,45,1416.40,361.20,248.30,709.40,0.9312,-1,-1,-1
272,7,342.40,118.10,72.40,177.90,0.5708,-1,-1,-1
272,46,1335.00,40.30,59.40,184.40,0.6387,-1,-1,-1
272,2,1466.00,27.30,57.90,167.30,0.5581,-1,-1,-1
272,36,1205.60,79.70,52.70,164.90,0.4514,-1,-1,-1
272,76,1.20,252.90,67.20,359.50,0.2018,-1,-1,-1
272,78,1699.50,16.30,78.40,190.40,0.6318,-1,-1,-1
272,14,1482.40,246.40,147.40,326.90,0.8735,-1,-1,-1
272,88,182.90,111.10,38.10,98.80,0.5718,-1,-1,-1
272,79,1515.20,9.20,53.50,182.40,0.5830,-1,-1,-1
272,100,1243.60,70.90,73.00,183.40,0.7075,-1,-1,-1
272,74,1111.20,48.90,43.10,140.00,0.6665,-1,-1,-1
272,83,688.20,126.50,44.30,115.40,0.6636,-1,-1,-1
272,40,1663.40,25.70,57.40,172.30,0.3425,-1,-1,-1
272,62,435.60,114.50,48.10,115.60,0.6592,-1,-1,-1
272,101,1792.10,3.40,53.30,207.80,0.6953,-1,-1,-1
272,106,559.50,128.30,33.90,108.20,0.6206,-1,-1,-1
272,109,0.30,131.80,24.60,84.60,0.3218,-1,-1,-1
272,89,234.50,112.50,44.80,121.00,0.4971,-1,-1,-1
272,45,1361.10,470.00,253.30,610.00,0.8965,-1,-1,-1
272,87,531.40,106.40,31.40,107.10,0.6030,-1,-1,-1
272,75,1.10,195.10,75.10,153.50,0.4436,-1,-1,-1
272,19,1610.60,442.30,296.60,637.70,0.9082,-1,-1,-1
272,58,712.70,124.40,52.10,116.10,0.4941,-1,-1,-1
273,46,1335.70,40.60,59.30,185.40,0.7227,-1,-1,-1
273,2,1468.20,24.50,57.90,170.40,0.5381,-1,-1,-1
273,36,1206.30,78.60,52.90,165.20,0.6333,-1,-1,-1
273,76,0.00,236.80,66.30,374.10,0.3523,-1,-1,-1
273,78,1696.00,17.80,75.90,188.60,0.6558,-1,-1,-1
273,14,1553.30,258.80,166.00,372.40,0.8975,-1,-1,-1
273,88,168.80,114.30,36.60,94.80,0.6748,-1,-1,-1
273,79,1516.10,9.00,53.70,182.80,0.2878,-1,-1,-1
273,100,1244.60,73.60,71.90,182.60,0.6870,-1,-1,-1
273,83,693.10,124.80,47.00,124.00,0.1176,-1,-1,-1
273,40,1659.60,23.50,58.30,176.60,0.2274,-1,-1,-1
273,101,1791.40,0.30,55.60,211.80,0.5850,-1,-1,-1
273,106,553.70,124.20,34.40,109.10,0.1399,-1,-1,-1
273,109,0.10,127.40,25.10,86.40,0.2637,-1,-1,-1
273,89,240.00,111.20,44.80,121.10,0.3577,-1,-1,-1
273,92,595.90,120.20,51.70,117.80,0.6724,-1,-1,-1
273,75,2.50,196.60,74.80,151.80,0.5020,-1,-1,-1
273,19,1577.40,595.70,263.30,484.30,0.8345,-1,-1,-1
273,58,699.20,123.30,56.40,128.10,0.4990,-1,-1,-1
273,35,352.10,140.60,54.80,155.40,0.6567,-1,-1,-1
273,84,407.50,113.80,47.30,112.20,0.6123,-1,-1,-1
273,13,1080.10,55.90,46.80,150.50,0.5068,-1,-1,-1
273,52,499.20,104.10,42.00,110.00,0.6689,-1,-1,-1
273,94,667.20,125.40,47.20,118.00,0.5601,-1,-1,-1
273,12,739.80,114.80,41.10,112.60,0.2991,-1,-1,-1
274,46,1336.40,38.90,59.30,186.60,0.6953,-1,-1,-1
274,2,1468.40,24.00,57.20,171.10,0.5581,-1,-1,-1
274,36,1204.50,77.50,53.10,166.20,0.6069,-1,-1,-1
274,76,0.00,266.40,61.20,345.50,0.4055,-1,-1,-1
274,14,1634.80,275.10,186.20,418.40,0.8735,-1,-1,-1
274,79,1513.60,8.50,53.60,184.00,0.5679,-1,-1,-1
274,100,1245.70,76.20,70.10,179.60,0.7192,-1,-1,-1
274,83,700.80,123.80,44.80,117.90,0.4495,-1,-1,-1
274,101,1792.60,0.50,57.70,212.60,0.6377,-1,-1,-1
274,106,554.60,124.70,27.40,85.80,0.1761,-1,-1,-1
274,109,0.00,122.20,24.40,95.20,0.1694,-1,-1,-1
274,89,243.60,104.20,42.40,115.20,0.1038,-1,-1,-1
274,75,1.50,195.40,76.70,155.50,0.5601,-1,-1,-1
274,35,354.70,144.50,53.30,150.70,0.1456,-1,-1,-1
274,12,741.60,113.40,40.50,112.30,0.3950,-1,-1,-1
274,81,167.50,117.40,51.70,116.80,0.5039,-1,-1,-1
274,10,648.50,126.30,47.70,126.00,0.5010,-1,-1,-1
274,7,337.40,123.90,70.10,171.30,0.5879,-1,-1,-1
274,74,1116.80,52.40,45.00,145.30,0.4941,-1,-1,-1
275,46,1337.30,37.70,59.10,187.30,0.6235,-1,-1,-1
275,2,1468.70,24.70,56.50,170.60,0.5981,-1,-1,-1
275,36,1202.90,81.30,52.00,162.70,0.5361,-1,-1,-1
275,76,0.00,279.60,57.00,332.10,0.4131,-1,-1,-1
275,79,1514.70,7.90,53.80,185.00,0.5659,-1,-1,-1
275,100,1246.00,73.50,69.70,179.70,0.6992,-1,-1,-1
275,83,698.20,122.00,44.20,116.00,0.3604,-1,-1,-1
275,101,1789.30,1.20,58.30,211.90,0.6270,-1,-1,-1
275,109,0.00,127.70,23.70,88.60,0.3694,-1,-1,-1
275,75,1.70,196.30,76.80,155.40,0.5620,-1,-1,-1
275,35,358.00,124.40,58.60,168.90,0.2031,-1,-1,-1
275,12,746.00,121.50,46.20,121.10,0.6479,-1,-1,-1
275,81,182.60,112.20,51.40,117.50,0.6758,-1,-1,-1
275,10,649.20,127.30,44.00,116.60,0.6704,-1,-1,-1
275,7,336.10,120.90,71.20,172.40,0.7065,-1,-1,-1
275,74,1120.60,55.00,39.60,126.40,0.3115,-1,-1,-1
275,91,137.70,110.40,48.30,121.20,0.6245,-1,-1,-1
275,41,1780.90,334.50,139.10,464.80,0.8643,-1,-1,-1
275,98,554.00,120.80,42.90,116.20,0.7476,-1,-1,-1
275,40,1664.70,23.60,59.30,182.20,0.3242,-1,-1,-1
275,92,595.00,126.10,54.80,125.60,0.5947,-1,-1,-1
275,13,1083.50,74.00,43.70,141.70,0.4397,-1,-1,-1
276,46,1337.80,35.10,59.60,189.70,0.6372,-1,-1,-1
276,2,1468.20,25.10,55.50,169.60,0.3757,-1,-1,-1
276,36,1200.90,78.60,53.30,166.00,0.5947,-1,-1,-1
276,76,0.00,261.00,57.80,349.60,0.1260,-1,-1,-1
276,79,1515.10,8.80,53.50,184.00,0.4514,-1,-1,-1
276,100,1248.10,73.00,69.60,181.20,0.6748,-1,-1,-1
276,83,699.30,119.00,48.80,127.20,0.5620,-1,-1,-1
276,101,1789.50,1.60,59.90,212.20,0.6436,-1,-1,-1
276,109,0.00,124.40,26.00,90.90,0.2791,-1,-1,-1
276,75,1.20,196.00,76.70,154.80,0.2050,-1,-1,-1
276,12,742.50,116.30,43.80,115.90,0.6162,-1,-1,-1
276,10,637.10,126.40,42.70,113.70,0.6792,-1,-1,-1
276,7,332.30,117.20,72.00,176.70,0.7676,-1,-1,-1
276,74,1119.50,54.20,42.70,130.50,0.6206,-1,-1,-1
276,98,544.60,116.10,47.00,128.30,0.4216,-1,-1,-1
276,62,430.20,109.10,41.00,100.00,0.6406,-1,-1,-1
276,78,1682.80,16.10,75.00,188.90,0.6768,-1,-1,-1
276,88,124.00,115.80,43.40,111.50,0.4504,-1,-1,-1
276,89,263.50,101.90,41.40,111.90,0.5962,-1,-1,-1
277,46,1337.60,33.70,58.70,187.00,0.4980,-1,-1,-1
277,2,1469.00,25.00,55.10,170.30,0.6450,-1,-1,-1
277,36,1201.80,79.30,52.50,164.80,0.5010,-1,-1,-1
277,76,0.00,218.90,68.80,390.30,0.1913,-1,-1,-1
277,79,1514.70,11.00,52.50,180.70,0.4980,-1,-1,-1
277,100,1248.60,73.30,68.20,178.60,0.6899,-1,-1,-1
277,101,1791.30,2.40,61.10,212.00,0.6426,-1,-1,-1
277,109,1.00,122.40,26.70,92.10,0.3794,-1,-1,-1
277,75,0.70,196.10,76.40,154.20,0.2043,-1,-1,-1
277,12,740.90,113.60,42.90,114.60,0.5796,-1,-1,-1
277,10,627.20,127.20,40.40,109.20,0.5039,-1,-1,-1
277,7,328.70,117.70,71.00,175.00,0.7476,-1,-1,-1
277,74,1116.10,53.10,40.80,125.10,0.1063,-1,-1,-1
277,98,545.10,119.40,43.70,120.80,0.6782,-1,-1,-1
277,78,1681.70,16.90,73.60,187.60,0.5869,-1,-1,-1
277,89,276.90,108.90,35.30,96.10,0.4475,-1,-1,-1
277,64,501.50,123.50,50.30,127.00,0.6577,-1,-1,-1
277,11,85.00,106.80,51.60,118.60,0.3218,-1,-1,-1
277,63,999.00,111.90,47.90,131.30,0.3657,-1,-1,-1
277,58,644.00,129.90,54.20,118.40,0.4863,-1,-1,-1
277,84,411.00,107.50,41.60,98.30,0.4167,-1,-1,-1
277,94,687.40,123.70,46.80,113.50,0.3496,-1,-1,-1
277,40,1640.40,20.20,61.70,185.10,0.6816,-1,-1,-1
277,13,1092.40,79.50,40.90,124.00,0.4436,-1,-1,-1
278,46,1338.10,33.00,59.10,189.10,0.6748,-1,-1,-1
278,2,1470.70,25.20,54.20,168.70,0.6162,-1,-1,-1
278,36,1204.30,80.40,52.00,164.40,0.4756,-1,-1,-1
278,76,0.00,214.50,66.10,396.10,0.1097,-1,-1,-1
278,79,1512.30,10.60,52.70,182.20,0.5381,-1,-1,-1
278,100,1244.20,73.80,67.80,178.30,0.6934,-1,-1,-1
278,101,1788.10,2.20,61.50,212.50,0.6577,-1,-1,-1
278,109,2.60,120.40,27.50,93.50,0.5264,-1,-1,-1
278,75,2.80,198.90,74.40,148.90,0.3604,-1,-1,-1
278,12,740.40,113.50,41.80,112.20,0.6299,-1,-1,-1
278,7,337.40,130.70,66.10,163.80,0.7100,-1,-1,-1
278,74,1115.40,53.70,38.90,119.00,0.5391,-1,-1,-1
278,98,544.30,113.70,44.80,124.10,0.7129,-1,-1,-1
278,78,1683.70,17.60,72.40,186.30,0.6714,-1,-1,-1
278,117,240.90,101.90,41.50,111.00,0.5312,-1,-1,-1
278,121,155.80,104.30,47.50,101.50,0.4795,-1,-1,-1
278,11,75.80,105.50,50.20,120.30,0.1172,-1,-1,-1
278,40,1634.60,19.20,63.20,185.00,0.6621,-1,-1,-1
278,13,1077.90,87.60,41.70,119.50,0.7295,-1,-1,-1
278,92,595.90,128.90,52.00,118.60,0.7461,-1,-1,-1
279,46,1338.40,33.70,59.10,190.50,0.7407,-1,-1,-1
279,2,1470.70,26.20,53.10,165.40,0.5449,-1,-1,-1
279,36,1205.50,80.10,51.20,163.20,0.4561,-1,-1,-1
279,76,0.00,217.40,68.20,393.70,0.3667,-1,-1,-1
279,79,1511.00,11.50,52.10,181.70,0.4912,-1,-1,-1
279,100,1243.40,78.50,66.90,178.30,0.7266,-1,-1,-1
279,101,1787.90,2.70,61.80,212.10,0.6299,-1,-1,-1
279,109,3.20,120.10,27.20,91.10,0.5039,-1,-1,-1
279,75,8.40,198.40,74.10,149.50,0.4148,-1,-1,-1
279,12,739.90,113.20,41.40,111.70,0.6533,-1,-1,-1
279,7,340.70,138.30,62.90,157.60,0.7285,-1,-1,-1
279,74,1114.00,53.60,38.40,117.30,0.6152,-1,-1,-1
279,98,543.90,111.50,49.30,131.10,0.7349,-1,-1,-1
279,78,1684.60,16.60,71.90,187.60,0.6362,-1,-1,-1
279,117,231.10,102.40,40.50,107.80,0.5391,-1,-1,-1
279,11,81.80,126.90,42.00,95.00,0.1672,-1,-1,-1
279,40,1631.30,17.70,64.40,184.70,0.5728,-1,-1,-1
279,122,279.90,119.90,61.40,168.80,0.7319,-1,-1,-1
279,118,656.60,122.80,46.70,114.80,0.5908,-1,-1,-1
279,92,604.00,126.90,48.80,112.80,0.6968,-1,-1,-1
279,81,187.30,111.60,40.40,94.40,0.4648,-1,-1,-1
279,62,419.30,126.40,49.30,115.20,0.7002,-1,-1,-1
280,46,1338.60,34.90,58.80,190.00,0.7026,-1,-1,-1
280,2,1471.30,27.50,52.60,166.20,0.5815,-1,-1,-1
280,36,1204.30,77.10,52.20,165.70,0.5859,-1,-1,-1
280,76,0.00,219.40,66.60,391.90,0.5620,-1,-1,-1
280,79,1515.70,11.30,52.30,181.30,0.5137,-1,-1,-1
280,100,1243.80,75.60,67.20,181.30,0.7593,-1,-1,-1
280,101,1790.30,2.20,63.00,212.90,0.6318,-1,-1,-1
280,109,1.80,119.20,26.70,89.00,0.3081,-1,-1,-1
280,12,740.00,113.40,41.20,111.30,0.5537,-1,-1,-1
280,7,334.60,136.00,63.60,159.60,0.7637,-1,-1,-1
280,74,1114.40,52.70,38.40,118.10,0.4131,-1,-1,-1
280,98,543.00,115.30,46.70,124.60,0.6372,-1,-1,-1
280,78,1687.60,16.80,70.50,187.00,0.5806,-1,-1,-1
280,117,212.30,104.80,63.50,168.30,0.7910,-1,-1,-1
280,40,1630.40,20.20,64.30,182.60,0.5488,-1,-1,-1
280,118,649.20,120.80,46.90,115.30,0.6875,-1,-1,-1
280,92,601.80,125.00,48.70,113.40,0.7964,-1,-1,-1
280,86,115.10,106.30,44.90,105.10,0.3503,-1,-1,-1
280,43,1576.00,81.30,43.40,115.60,0.5039,-1,-1,-1
280,35,380.80,124.70,44.60,125.40,0.7104,-1,-1,-1
280,64,500.60,129.60,46.70,114.70,0.7280,-1,-1,-1
281,46,1339.70,35.10,58.70,188.80,0.5991,-1,-1,-1
281,2,1470.50,25.40,53.30,168.80,0.5786,-1,-1,-1
281,36,1205.40,79.50,51.50,164.50,0.6001,-1,-1,-1
281,76,0.00,220.70,64.70,390.20,0.5059,-1,-1,-1
281,79,1515.90,12.60,52.20,180.20,0.5381,-1,-1,-1
281,100,1244.90,78.30,65.50,179.00,0.7202,-1,-1,-1
281,101,1791.00,2.30,64.00,213.10,0.6426,-1,-1,-1
281,109,0.00,121.40,30.20,102.00,0.1049,-1,-1,-1
281,12,737.50,114.00,40.10,110.90,0.3979,-1,-1,-1
281,7,330.90,133.80,64.00,161.60,0.6665,-1,-1,-1
281,74,1114.50,56.40,36.60,113.70,0.1152,-1,-1,-1
281,98,533.20,112.50,46.80,124.60,0.7104,-1,-1,-1
281,78,1687.80,16.70,70.00,187.60,0.6450,-1,-1,-1
281,40,1630.30,17.80,66.00,184.80,0.7075,-1,-1,-1
281,118,640.90,119.20,47.00,115.90,0.7090,-1,-1,-1
281,69,1425.10,40.80,47.80,149.00,0.6655,-1,-1,-1
281,55,844.50,122.70,46.80,132.70,0.4678,-1,-1,-1
281,43,1569.10,43.40,56.80,152.90,0.5195,-1,-1,-1
281,91,140.50,113.80,72.30,172.70,0.7847,-1,-1,-1
281,89,302.10,100.30,36.50,97.20,0.3337,-1,-1,-1
281,63,988.80,112.40,49.50,130.90,0.4902,-1,-1,-1
281,58,588.70,125.60,49.20,111.80,0.6040,-1,-1,-1
281,75,11.50,191.70,76.80,155.10,0.3345,-1,-1,-1
281,62,439.60,130.90,49.60,111.30,0.8242,-1,-1,-1
282,46,1341.10,35.50,58.70,189.40,0.6611,-1,-1,-1
282,2,1471.30,24.50,53.50,170.50,0.7129,-1,-1,-1
282,36,1205.90,81.20,51.00,163.00,0.6665,-1,-1,-1
282,76,1.30,222.20,67.90,388.50,0.5068,-1,-1,-1
282,79,1517.90,14.20,52.20,178.40,0.5244,-1,-1,-1
282,100,1245.10,77.90,64.30,177.80,0.7520,-1,-1,-1
282,101,1791.10,2.20,64.70,213.20,0.6323,-1,-1,-1
282,109,0.00,126.80,31.00,105.20,0.1136,-1,-1,-1
282,12,741.30,114.20,40.10,112.50,0.4854,-1,-1,-1
282,7,320.90,136.90,62.70,157.50,0.5991,-1,-1,-1
282,98,523.30,112.60,46.60,123.00,0.6826,-1,-1,-1
282,78,1688.40,17.70,68.80,187.00,0.5991,-1,-1,-1
282,40,1632.50,20.60,66.30,182.70,0.4785,-1,-1,-1
282,118,632.50,119.50,46.80,115.40,0.6953,-1,-1,-1
282,69,1421.10,32.60,50.00,156.40,0.5610,-1,-1,-1
282,43,1565.40,28.80,62.10,167.10,0.7168,-1,-1,-1
282,27,1157.40,53.20,44.40,127.00,0.5176,-1,-1,-1
282,127,773.70,121.70,46.20,132.40,0.5312,-1,-1,-1
282,58,580.30,125.00,47.80,111.60,0.6816,-1,-1,-1
282,75,16.60,195.30,72.80,147.40,0.2147,-1,-1,-1
282,83,705.70,126.20,52.10,130.70,0.3979,-1,-1,-1
282,121,152.00,105.50,43.80,94.70,0.3804,-1,-1,-1
282,81,187.70,104.20,43.00,101.00,0.5117,-1,-1,-1
282,35,401.80,126.70,42.20,113.80,0.7529,-1,-1,-1
283,46,1341.10,37.40,57.70,187.00,0.6396,-1,-1,-1
283,2,1473.00,25.10,53.60,170.40,0.6460,-1,-1,-1
283,36,1199.40,81.00,52.30,161.50,0.6436,-1,-1,-1
283,76,1.80,221.90,68.30,388.70,0.4233,-1,-1,-1
283,79,1522.40,15.00,52.70,178.30,0.3850,-1,-1,-1
283,100,1246.70,77.00,63.80,179.10,0.7090,-1,-1,-1
283,101,1791.00,2.90,65.30,212.80,0.6084,-1,-1,-1
283,12,739.90,116.20,45.20,127.30,0.4580,-1,-1,-1
283,78,1689.90,18.20,68.00,187.10,0.6050,-1,-1,-1
283,40,1637.30,20.20,66.50,184.30,0.4971,-1,-1,-1
283,118,620.10,120.60,45.80,113.70,0.6206,-1,-1,-1
283,69,1416.60,39.10,51.40,161.20,0.5273,-1,-1,-1
283,43,1567.70,22.40,64.30,174.90,0.7227,-1,-1,-1
283,127,770.30,121.30,45.60,130.90,0.1471,-1,-1,-1
283,58,571.30,124.50,46.70,110.10,0.7192,-1,-1,-1
283,73,1098.90,73.10,43.20,136.80,0.4253,-1,-1,-1
283,121,146.70,107.70,40.50,88.40,0.3486,-1,-1,-1
283,81,195.30,106.40,41.50,99.30,0.4292,-1,-1,-1
283,42,1307.50,57.20,43.10,131.00,0.3611,-1,-1,-1
283,13,1066.20,78.30,45.00,130.50,0.4026,-1,-1,-1
283,122,292.30,140.10,55.30,150.60,0.5020,-1,-1,-1
283,86,110.10,106.10,39.70,93.50,0.3638,-1,-1,-1
283,64,502.90,114.50,50.30,120.70,0.6934,-1,-1,-1
284,46,1340.00,36.60,57.50,187.30,0.7378,-1,-1,-1
284,2,1472.60,25.60,52.90,169.00,0.6533,-1,-1,-1
284,36,1198.20,70.60,55.30,170.80,0.2847,-1,-1,-1
284,76,0.20,225.00,67.50,385.60,0.5244,-1,-1,-1
284,79,1530.20,14.20,54.50,180.60,0.6440,-1,-1,-1
284,100,1247.10,78.10,63.10,178.40,0.7075,-1,-1,-1
284,101,1791.70,3.40,66.10,212.10,0.6396,-1,-1,-1
284,12,739.40,115.10,47.10,132.20,0.3667,-1,-1,-1
284,78,1690.70,17.50,67.30,187.50,0.6895,-1,-1,-1
284,40,1635.40,20.50,66.30,183.60,0.5889,-1,-1,-1
284,69,1404.00,40.10,54.50,170.60,0.4717,-1,-1,-1
284,43,1574.40,19.80,65.30,177.50,0.7310,-1,-1,-1
284,58,558.60,124.60,46.00,109.20,0.7583,-1,-1,-1
284,73,1102.10,65.60,43.90,139.30,0.3132,-1,-1,-1
284,67,899.20,143.10,49.00,113.60,0.5581,-1,-1,-1
284,42,1304.60,51.50,42.70,134.20,0.2751,-1,-1,-1
284,13,1057.50,89.20,48.30,134.10,0.5640,-1,-1,-1
284,122,267.30,142.90,57.10,151.60,0.7271,-1,-1,-1
284,64,494.20,112.60,51.10,120.50,0.6060,-1,-1,-1
284,92,606.90,121.90,56.80,131.10,0.7490,-1,-1,-1
284,55,864.10,145.90,40.10,112.50,0.5708,-1,-1,-1
284,7,315.30,127.90,48.70,121.30,0.6802,-1,-1,-1
284,75,20.40,194.00,71.50,143.50,0.3286,-1,-1,-1
284,83,705.10,116.90,52.20,134.70,0.3276,-1,-1,-1
285,46,1338.80,36.60,57.00,186.40,0.4824,-1,-1,-1
285,2,1470.20,25.80,55.00,168.80,0.7627,-1,-1,-1
285,36,1205.20,74.50,54.10,169.40,0.4609,-1,-1,-1
285,76,6.00,226.30,55.20,301.60,0.6216,-1,-1,-1
285,79,1537.90,28.50,51.50,169.10,0.5283,-1,-1,-1
285,100,1246.60,78.60,62.10,177.00,0.7139,-1,-1,-1
285,101,1789.90,3.00,66.50,212.60,0.6216,-1,-1,-1
285,78,1689.10,17.50,66.80,188.10,0.6895,-1,-1,-1
285,40,1628.90,21.60,65.90,182.70,0.5796,-1,-1,-1
285,69,1390.80,50.80,53.60,167.70,0.7100,-1,-1,-1
285,43,1578.80,19.70,64.20,178.00,0.2974,-1,-1,-1
285,58,545.00,124.20,45.40,109.50,0.4111,-1,-1,-1
285,42,1304.60,49.90,43.70,137.70,0.1188,-1,-1,-1
285,122,271.40,126.40,48.00,125.60,0.5688,-1,-1,-1
285,64,481.00,112.90,50.70,119.50,0.7031,-1,-1,-1
285,55,865.50,148.80,38.00,105.50,0.4941,-1,-1,-1
285,75,24.70,194.60,71.50,142.70,0.1956,-1,-1,-1
285,10,605.40,124.50,40.30,108.40,0.5610,-1,-1,-1
285,94,738.90,116.00,44.90,111.10,0.5479,-1,-1,-1
285,74,1117.00,57.00,36.10,112.40,0.4932,-1,-1,-1
285,121,143.30,103.60,45.10,99.70,0.3721,-1,-1,-1
286,46,1334.70,36.70,56.20,187.40,0.3877,-1,-1,-1
286,2,1474.20,30.00,54.00,165.90,0.4121,-1,-1,-1
286,36,1205.70,73.20,54.30,170.70,0.4485,-1,-1,-1
286,76,9.80,226.00,51.70,269.20,0.7295,-1,-1,-1
286,100,1248.00,79.50,61.60,176.40,0.6724,-1,-1,-1
286,101,1786.40,3.70,66.40,212.30,0.6626,-1,-1,-1
286,78,1688.50,14.40,66.80,190.50,0.6113,-1,-1,-1
286,40,1625.60,23.50,63.60,180.90,0.5806,-1,-1,-1
286,69,1371.80,61.50,56.00,174.40,0.5498,-1,-1,-1
286,43,1573.60,10.80,67.70,188.60,0.5947,-1,-1,-1
286,58,523.80,122.50,48.50,119.00,0.1949,-1,-1,-1
286,64,467.70,109.80,51.30,120.60,0.6187,-1,-1,-1
286,75,38.00,229.80,56.20,108.40,0.1619,-1,-1,-1
286,94,741.80,114.90,43.90,110.50,0.6636,-1,-1,-1
286,74,1116.00,56.20,36.70,114.60,0.5908,-1,-1,-1
286,88,0.00,118.40,39.40,105.90,0.4197,-1,-1,-1
286,117,176.90,139.10,61.90,160.30,0.4697,-1,-1,-1
286,118,582.00,122.60,44.30,108.90,0.6504,-1,-1,-1
286,127,780.80,139.00,41.70,118.50,0.5117,-1,-1,-1
286,86,105.30,106.70,39.50,93.90,0.3225,-1,-1,-1
286,13,1049.50,99.90,45.30,126.30,0.4253,-1,-1,-1
287,46,1335.10,49.00,59.90,197.90,0.5962,-1,-1,-1
287,2,1475.10,26.50,56.80,170.60,0.6836,-1,-1,-1
287,36,1206.60,78.70,52.90,165.80,0.6450,-1,-1,-1
287,76,9.60,210.60,54.70,275.10,0.6611,-1,-1,-1
287,100,1249.40,80.60,60.60,175.30,0.6670,-1,-1,-1
287,101,1783.20,3.90,66.20,212.00,0.6826,-1,-1,-1
287,78,1690.10,13.40,67.10,191.70,0.5957,-1,-1,-1
287,40,1627.20,23.40,63.20,180.80,0.4854,-1,-1,-1
287,43,1574.70,14.30,66.70,185.60,0.5156,-1,-1,-1
287,64,470.40,111.70,54.00,127.40,0.5488,-1,-1,-1
287,75,40.40,243.00,51.30,96.60,0.1376,-1,-1,-1
287,74,1114.50,54.50,37.20,115.60,0.6875,-1,-1,-1
287,39,1423.20,46.70,53.40,145.20,0.6060,-1,-1,-1
287,118,562.20,124.10,43.70,107.30,0.2200,-1,-1,-1
287,127,784.30,142.60,39.00,111.00,0.4102,-1,-1,-1
287,91,128.90,138.30,70.80,157.30,0.7568,-1,-1,-1
287,63,986.40,129.00,51.50,133.70,0.6377,-1,-1,-1
287,62,434.90,111.80,51.90,120.60,0.5947,-1,-1,-1
287,109,0.00,131.50,29.10,98.80,0.3008,-1,-1,-1
287,98,519.90,124.30,39.10,103.60,0.4814,-1,-1,-1
287,81,200.20,116.80,46.10,108.80,0.6758,-1,-1,-1
287,12,744.80,118.20,50.40,137.60,0.4727,-1,-1,-1
287,10,595.40,128.70,44.20,114.00,0.3914,-1,-1,-1
288,46,1337.90,39.00,56.00,182.80,0.2983,-1,-1,-1
288,2,1476.00,25.90,57.70,170.90,0.6577,-1,-1,-1
288,36,1205.00,80.60,52.20,164.00,0.6387,-1,-1,-1
288,76,9.50,215.40,55.10,267.10,0.6470,-1,-1,-1
288,100,1251.90,80.00,60.30,174.30,0.6289,-1,-1,-1
288,101,1785.60,3.30,67.00,212.60,0.6699,-1,-1,-1
288,78,1688.50,11.70,67.70,193.80,0.5796,-1,-1,-1
288,40,1627.00,24.50,62.70,180.30,0.4590,-1,-1,-1
288,43,1565.00,18.40,63.00,177.60,0.6206,-1,-1,-1
288,75,40.90,245.00,52.10,95.70,0.3032,-1,-1,-1
288,74,1114.40,53.10,38.50,118.60,0.5889,-1,-1,-1
288,39,1412.40,44.80,56.20,153.00,0.6816,-1,-1,-1
288,118,550.10,119.40,49.50,120.30,0.5098,-1,-1,-1
288,149,943.60,135.80,46.60,130.40,0.6602,-1,-1,-1
288,62,427.40,117.00,54.30,121.50,0.6714,-1,-1,-1
288,109,1.30,125.30,29.20,97.10,0.3701,-1,-1,-1
288,81,201.00,107.60,47.00,115.20,0.2108,-1,-1,-1
288,12,741.50,114.10,50.00,139.40,0.4707,-1,-1,-1
288,10,590.50,122.60,46.20,119.70,0.6479,-1,-1,-1
288,27,1162.20,37.50,48.40,140.80,0.3452,-1,-1,-1
288,67,896.40,129.20,55.10,129.70,0.6235,-1,-1,-1
288,83,711.60,135.80,49.30,118.50,0.3694,-1,-1,-1
288,58,502.40,121.30,42.30,105.80,0.5107,-1,-1,-1
289,46,1335.00,40.10,56.50,183.10,0.5571,-1,-1,-1
289,2,1476.00,26.30,57.70,169.60,0.6836,-1,-1,-1
289,36,1207.20,80.20,52.40,164.90,0.5244,-1,-1,-1
289,76,10.50,220.80,56.10,261.50,0.6440,-1,-1,-1
289,100,1251.80,81.50,58.30,170.30,0.5107,-1,-1,-1
289,101,1787.30,2.60,67.70,213.30,0.6245,-1,-1,-1
289,78,1694.60,15.30,66.40,188.80,0.5566,-1,-1,-1
289,40,1621.30,25.80,62.00,177.50,0.3557,-1,-1,-1
289,75,42.20,247.60,51.90,93.00,0.2134,-1,-1,-1
289,74,1114.00,52.90,37.70,118.80,0.4727,-1,-1,-1
289,39,1410.90,51.10,59.70,162.90,0.7944,-1,-1,-1
289,149,946.80,140.60,43.50,120.50,0.6621,-1,-1,-1
289,109,0.00,126.10,25.60,92.80,0.2056,-1,-1,-1
289,81,200.30,103.70,39.30,99.40,0.4893,-1,-1,-1
289,12,741.50,114.70,43.70,122.20,0.4475,-1,-1,-1
289,27,1163.10,35.20,48.40,143.90,0.3025,-1,-1,-1
289,67,896.00,135.40,55.00,128.70,0.6323,-1,-1,-1
289,83,710.60,140.70,45.70,111.80,0.2037,-1,-1,-1
289,58,487.60,119.70,42.90,106.30,0.3647,-1,-1,-1
289,79,1553.90,26.40,52.30,168.20,0.6621,-1,-1,-1
289,121,129.10,109.00,51.70,114.80,0.5869,-1,-1,-1
289,98,518.60,117.50,45.20,121.50,0.4397,-1,-1,-1
290,46,1336.30,39.80,55.90,180.80,0.6270,-1,-1,-1
290,2,1474.90,27.20,57.80,168.40,0.6406,-1,-1,-1
290,36,1200.70,66.00,57.10,178.80,0.4707,-1,-1,-1
290,76,9.10,217.10,58.90,266.60,0.6724,-1,-1,-1
290,100,1259.40,118.20,56.30,162.50,0.5000,-1,-1,-1
290,101,1780.10,3.80,69.80,211.10,0.6479,-1,-1,-1
290,78,1706.80,17.70,66.20,184.70,0.7471,-1,-1,-1
290,40,1627.40,23.10,63.40,179.40,0.4187,-1,-1,-1
290,39,1408.50,64.40,59.80,162.70,0.5459,-1,-1,-1
290,81,192.30,103.00,35.60,89.90,0.6245,-1,-1,-1
290,12,741.60,114.90,40.90,114.40,0.5420,-1,-1,-1
290,67,889.30,140.10,51.70,122.10,0.4436,-1,-1,-1
290,58,467.00,117.00,43.30,108.30,0.2018,-1,-1,-1
290,79,1549.50,25.50,51.90,168.60,0.4785,-1,-1,-1
290,73,1115.20,41.90,46.40,146.30,0.4111,-1,-1,-1
290,92,640.20,137.00,51.20,115.80,0.6870,-1,-1,-1
290,122,268.30,110.30,45.80,117.90,0.6558,-1,-1,-1
290,86,103.80,102.50,49.30,118.40,0.5312,-1,-1,-1
290,118,534.70,121.70,48.00,117.10,0.6416,-1,-1,-1
291,46,1337.20,39.00,57.00,184.60,0.7178,-1,-1,-1
291,2,1473.90,26.50,57.00,167.80,0.5225,-1,-1,-1
291,36,1202.70,74.90,56.80,178.70,0.4216,-1,-1,-1
291,76,6.90,196.60,64.60,287.60,0.5718,-1,-1,-1
291,100,1243.60,137.30,59.30,167.80,0.7861,-1,-1,-1
291,101,1779.40,5.60,70.60,208.10,0.5566,-1,-1,-1
291,78,1724.60,24.40,63.60,176.10,0.5850,-1,-1,-1
291,40,1628.10,22.80,65.10,180.20,0.3738,-1,-1,-1
291,39,1408.60,78.50,62.50,169.90,0.7627,-1,-1,-1
291,12,742.40,116.20,39.30,109.80,0.5947,-1,-1,-1
291,58,449.90,113.70,45.50,114.90,0.1063,-1,-1,-1
291,79,1552.90,23.30,53.90,170.10,0.6680,-1,-1,-1
291,144,343.60,115.10,49.20,113.80,0.6665,-1,-1,-1
291,92,648.70,142.20,48.20,108.20,0.4932,-1,-1,-1
291,7,296.20,116.40,49.00,120.40,0.5688,-1,-1,-1
291,64,457.60,109.70,56.20,129.20,0.5601,-1,-1,-1
291,127,792.30,133.90,46.60,126.60,0.4570,-1,-1,-1
291,10,604.00,136.90,46.10,112.70,0.7051,-1,-1,-1
291,74,1097.40,52.90,44.60,137.20,0.5029,-1,-1,-1
291,98,513.10,115.60,46.00,120.80,0.7305,-1,-1,-1
292,46,1337.70,40.90,56.90,184.10,0.6704,-1,-1,-1
292,2,1471.90,27.20,58.00,167.50,0.6426,-1,-1,-1
292,36,1202.70,121.90,57.40,178.50,0.5029,-1,-1,-1
292,76,6.20,206.10,63.60,277.60,0.6387,-1,-1,-1
292,100,1244.40,99.30,61.30,175.30,0.7373,-1,-1,-1
292,101,1784.50,4.70,72.20,210.00,0.5566,-1,-1,-1
292,78,1733.10,25.10,63.00,175.50,0.7056,-1,-1,-1
292,40,1642.80,23.40,64.70,180.50,0.5908,-1,-1,-1
292,39,1411.30,92.20,63.50,172.70,0.7886,-1,-1,-1
292,12,750.40,128.90,43.60,119.10,0.5698,-1,-1,-1
292,58,438.50,112.50,47.30,121.90,0.1105,-1,-1,-1
292,79,1560.70,25.10,53.30,170.30,0.5459,-1,-1,-1
292,144,344.40,114.50,50.10,114.90,0.6030,-1,-1,-1
292,143,12.00,188.70,62.80,157.20,0.4961,-1,-1,-1
292,64,462.90,110.70,53.80,125.00,0.4902,-1,-1,-1
292,127,798.50,137.70,44.30,121.00,0.6533,-1,-1,-1
292,10,614.10,141.00,44.10,107.30,0.6426,-1,-1,-1
292,138,62.30,102.70,45.00,115.50,0.5078,-1,-1,-1
292,62,424.40,113.50,56.80,124.60,0.6978,-1,-1,-1
292,122,258.30,113.30,46.70,118.70,0.6001,-1,-1,-1
293,46,1338.80,39.30,57.20,184.90,0.6680,-1,-1,-1
293,2,1475.00,26.60,58.50,166.60,0.5601,-1,-1,-1
293,36,1189.00,139.70,59.40,179.40,0.5137,-1,-1,-1
293,76,2.40,204.40,64.00,279.60,0.6655,-1,-1,-1
293,100,1246.40,88.30,60.70,174.20,0.7339,-1,-1,-1
293,101,1788.90,9.90,71.80,206.00,0.5610,-1,-1,-1
293,78,1732.10,23.90,62.60,175.10,0.6670,-1,-1,-1
293,40,1645.00,22.10,65.40,183.60,0.4697,-1,-1,-1
293,39,1415.30,110.10,65.10,177.90,0.7705,-1,-1,-1
293,12,752.20,128.00,45.10,124.60,0.4282,-1,-1,-1
293,143,15.90,193.10,60.90,152.50,0.3794,-1,-1,-1
293,93,574.20,141.80,50.70,104.60,0.7031,-1,-1,-1
293,62,430.00,113.40,53.60,121.80,0.4873,-1,-1,-1
293,43,1567.00,20.50,60.30,174.10,0.4341,-1,-1,-1
293,83,712.60,130.20,53.00,128.10,0.5806,-1,-1,-1
293,7,295.50,110.30,47.40,114.40,0.6162,-1,-1,-1
294,46,1338.70,38.50,57.30,186.00,0.6362,-1,-1,-1
294,2,1470.60,28.70,57.90,165.10,0.2012,-1,-1,-1
294,76,2.30,214.30,62.30,269.90,0.5928,-1,-1,-1
294,100,1247.60,80.30,60.70,175.40,0.7515,-1,-1,-1
294,101,1796.20,6.30,76.40,211.80,0.8003,-1,-1,-1
294,78,1733.60,22.40,62.50,175.60,0.5981,-1,-1,-1
294,40,1637.70,23.50,64.10,181.80,0.1577,-1,-1,-1
294,39,1416.20,125.50,66.90,184.10,0.7129,-1,-1,-1
294,143,20.00,204.80,55.50,138.50,0.3191,-1,-1,-1
294,62,429.40,115.40,56.60,118.30,0.4727,-1,-1,-1
294,82,544.20,139.40,44.70,106.10,0.6909,-1,-1,-1
294,59,1205.10,82.20,58.50,152.70,0.5234,-1,-1,-1
294,43,1570.60,19.30,61.80,178.30,0.4111,-1,-1,-1
294,83,713.80,132.60,49.80,123.00,0.4197,-1,-1,-1
294,7,280.80,108.30,49.10,113.30,0.6021,-1,-1,-1
294,81,183.90,112.20,46.70,115.00,0.6030,-1,-1,-1
294,73,1116.70,52.60,37.30,118.00,0.5166,-1,-1,-1
294,98,506.90,132.20,44.10,111.80,0.5659,-1,-1,-1
295,46,1338.70,37.60,57.30,186.80,0.6968,-1,-1,-1
295,2,1469.40,29.40,56.90,163.90,0.5962,-1,-1,-1
295,76,2.40,222.50,61.20,262.80,0.6704,-1,-1,-1
295,100,1249.10,81.20,59.60,173.80,0.7456,-1,-1,-1
295,101,1822.30,11.20,74.60,207.40,0.6074,-1,-1,-1
295,78,1732.60,19.90,63.30,178.20,0.6216,-1,-1,-1
295,40,1628.50,24.60,62.40,179.40,0.3577,-1,-1,-1
295,39,1419.60,141.50,69.40,192.00,0.7710,-1,-1,-1
295,143,22.10,194.70,57.90,145.60,0.2878,-1,-1,-1
295,59,1196.30,70.50,65.80,172.10,0.4697,-1,-1,-1
295,43,1573.10,19.80,61.60,178.70,0.3674,-1,-1,-1
295,148,743.90,114.30,36.90,111.90,0.4932,-1,-1,-1
295,73,1117.60,55.90,34.00,107.40,0.4036,-1,-1,-1
295,98,510.80,138.20,41.40,104.40,0.5215,-1,-1,-1
295,13,1015.10,97.60,51.90,143.30,0.4717,-1,-1,-1
295,118,472.30,119.50,51.30,125.30,0.6494,-1,-1,-1
295,92,669.50,137.00,50.00,116.00,0.4922,-1,-1,-1
295,144,338.00,114.70,51.70,118.90,0.5176,-1,-1,-1
295,122,256.70,103.80,46.20,117.00,0.5283,-1,-1,-1
296,46,1338.70,39.20,56.30,184.10,0.5698,-1,-1,-1
296,2,1473.30,28.10,55.70,160.20,0.5498,-1,-1,-1
296,76,2.60,227.50,60.70,258.60,0.6958,-1,-1,-1
296,100,1250.40,78.10,59.80,174.50,0.7378,-1,-1,-1
296,101,1838.20,14.90,73.90,204.10,0.7446,-1,-1,-1
296,78,1733.40,22.10,63.00,176.20,0.5908,-1,-1,-1
296,40,1627.30,22.40,63.20,181.10,0.4697,-1,-1,-1
296,39,1425.10,160.50,69.60,193.10,0.7993,-1,-1,-1
296,143,22.20,193.90,57.80,144.90,0.1379,-1,-1,-1
296,59,1201.70,72.60,65.40,172.60,0.4543,-1,-1,-1
296,43,1576.50,21.20,60.50,177.50,0.2338,-1,-1,-1
296,148,743.80,114.90,36.60,110.60,0.5234,-1,-1,-1
296,73,1117.30,58.40,34.20,108.00,0.3850,-1,-1,-1
296,118,457.10,130.30,50.60,115.00,0.6001,-1,-1,-1
296,144,345.50,111.80,51.90,119.20,0.6621,-1,-1,-1
296,122,248.10,108.20,43.50,111.20,0.4514,-1,-1,-1
296,121,118.80,111.40,52.70,115.50,0.5757,-1,-1,-1
296,10,603.20,131.00,49.70,121.20,0.7026,-1,-1,-1
296,82,529.00,115.00,50.00,118.20,0.7725,-1,-1,-1
297,46,1339.10,37.50,57.00,186.40,0.7056,-1,-1,-1
297,2,1473.70,26.90,57.40,162.90,0.6235,-1,-1,-1
297,76,4.50,224.30,62.60,262.00,0.7490,-1,-1,-1
297,100,1249.90,78.90,59.80,175.40,0.6060,-1,-1,-1
297,78,1735.90,24.40,62.40,174.50,0.6436,-1,-1,-1
297,40,1627.00,28.40,61.30,175.40,0.4082,-1,-1,-1
297,39,1435.80,176.30,71.20,197.70,0.8423,-1,-1,-1
297,143,22.90,196.90,56.90,142.10,0.2153,-1,-1,-1
297,59,1200.10,69.60,66.70,176.50,0.3381,-1,-1,-1
297,148,744.30,115.20,36.50,110.10,0.5698,-1,-1,-1
297,73,1116.10,55.20,42.70,133.70,0.6636,-1,-1,-1
297,122,240.20,112.30,41.90,105.70,0.6655,-1,-1,-1
297,10,597.90,135.40,46.60,115.30,0.5859,-1,-1,-1
297,42,1302.40,50.20,41.30,132.50,0.2878,-1,-1,-1
297,149,942.80,105.90,55.50,156.00,0.4341,-1,-1,-1
297,109,0.00,140.90,21.50,89.00,0.4141,-1,-1,-1
297,86,94.30,110.10,47.10,113.10,0.5205,-1,-1,-1
297,79,1574.20,23.60,55.70,176.00,0.6611,-1,-1,-1
297,93,552.10,118.10,63.70,133.00,0.6323,-1,-1,-1
297,7,279.90,105.50,50.00,120.10,0.4341,-1,-1,-1
297,13,1004.20,140.70,67.10,180.70,0.8086,-1,-1,-1
298,46,1340.10,38.90,56.70,186.00,0.6167,-1,-1,-1
298,2,1474.70,25.80,56.30,159.20,0.5630,-1,-1,-1
298,76,4.60,223.80,63.70,262.40,0.7168,-1,-1,-1
298,100,1251.00,77.40,60.10,175.80,0.6123,-1,-1,-1
298,78,1736.00,21.30,63.60,177.40,0.6758,-1,-1,-1
298,40,1630.10,54.60,52.30,149.60,0.3459,-1,-1,-1
298,39,1450.80,183.60,74.30,206.60,0.8584,-1,-1,-1
298,143,34.60,227.70,46.20,112.00,0.1447,-1,-1,-1
298,59,1196.90,61.60,66.20,177.10,0.1471,-1,-1,-1
298,148,744.00,115.80,36.40,109.50,0.5571,-1,-1,-1
298,10,604.30,120.80,46.60,118.10,0.6748,-1,-1,-1
298,42,1303.10,48.20,41.80,136.60,0.2415,-1,-1,-1
298,79,1575.70,23.30,56.60,177.40,0.6504,-1,-1,-1
298,93,551.40,125.40,58.80,123.90,0.6196,-1,-1,-1
298,7,264.10,109.20,50.20,116.80,0.5127,-1,-1,-1
298,63,942.70,162.40,75.00,183.20,0.7505,-1,-1,-1
298,74,1096.90,73.30,44.40,136.00,0.5088,-1,-1,-1
298,58,378.30,133.80,49.40,111.10,0.6851,-1,-1,-1
298,138,74.10,118.00,40.20,103.40,0.3831,-1,-1,-1
298,82,524.10,124.20,51.20,120.70,0.7212,-1,-1,-1
299,46,1339.10,39.00,56.20,184.30,0.6699,-1,-1,-1
299,2,1472.60,26.50,57.80,164.00,0.6343,-1,-1,-1
299,76,2.70,226.40,63.40,259.60,0.6250,-1,-1,-1
299,100,1251.20,76.80,60.80,177.10,0.7041,-1,-1,-1
299,78,1736.00,21.10,63.90,177.50,0.6714,-1,-1,-1
299,40,1626.90,28.60,59.80,174.90,0.5757,-1,-1,-1
299,39,1476.80,187.10,78.20,219.00,0.8647,-1,-1,-1
299,59,1202.80,69.80,64.20,172.60,0.5479,-1,-1,-1
299,148,743.60,114.70,36.90,110.70,0.6001,-1,-1,-1
299,42,1302.60,49.00,41.40,134.80,0.2153,-1,-1,-1
299,79,1574.70,23.40,57.90,178.20,0.7114,-1,-1,-1
299,7,257.60,109.60,48.00,112.50,0.3887,-1,-1,-1
299,58,367.60,121.90,51.20,118.30,0.2031,-1,-1,-1
299,82,523.40,135.70,45.40,107.70,0.4707,-1,-1,-1
299,98,491.20,127.80,49.10,119.00,0.6577,-1,-1,-1
299,144,337.60,125.60,51.40,118.30,0.4912,-1,-1,-1
299,73,1116.30,56.10,37.90,118.70,0.5117,-1,-1,-1
299,122,220.70,111.40,45.00,111.00,0.5796,-1,-1,-1
300,46,1339.10,40.00,55.30,181.70,0.6772,-1,-1,-1
300,2,1476.90,27.40,59.10,166.20,0.5537,-1,-1,-1
300,76,4.50,226.40,64.40,259.40,0.6665,-1,-1,-1
300,100,1252.90,77.30,60.60,174.90,0.6943,-1,-1,-1
300,78,1735.30,19.30,65.30,179.60,0.6982,-1,-1,-1
300,40,1627.00,33.20,58.00,170.80,0.5459,-1,-1,-1
300,39,1507.50,192.10,81.40,228.90,0.8369,-1,-1,-1
300,59,1197.40,55.90,69.40,188.30,0.6343,-1,-1,-1
300,148,745.00,115.50,39.20,117.30,0.6206,-1,-1,-1
300,42,1304.00,44.30,42.10,141.00,0.1962,-1,-1,-1
300,79,1576.70,22.60,57.40,178.10,0.5029,-1,-1,-1
300,98,490.80,135.00,44.70,109.00,0.6011,-1,-1,-1
300,144,324.00,136.60,49.30,108.50,0.5518,-1,-1,-1
300,73,1115.30,54.30,37.40,118.00,0.5537,-1,-1,-1
300,64,449.20,130.90,49.80,114.10,0.6802,-1,-1,-1
300,81,191.30,111.20,46.40,114.20,0.7505,-1,-1,-1
300,92,687.30,119.70,49.10,115.70,0.7007,-1,-1,-1
301,47,1749.00,32.60,66.00,190.20,0.8369,-1,-1,-1
301,64,285.00,37.90,103.50,212.20,0.8369,-1,-1,-1
301,13,756.80,0.00,42.00,130.00,0.8037,-1,-1,-1
301,37,642.80,0.20,52.40,119.40,0.7324,-1,-1,-1
301,9,795.00,130.50,90.00,100.50,0.7256,-1,-1,-1
301,15,1794.00,84.00,108.00,246.80,0.7241,-1,-1,-1
301,41,1305.00,59.20,90.00,249.40,0.7129,-1,-1,-1
301,2,885.00,23.20,45.00,158.10,0.7124,-1,-1,-1
301,81,1675.50,18.90,51.00,144.20,0.6050,-1,-1,-1
301,42,1529.20,0.90,42.80,134.50,0.5918,-1,-1,-1
301,16,707.20,138.30,66.00,95.30,0.5850,-1,-1,-1
301,10,1438.50,2.20,60.00,134.90,0.5479,-1,-1,-1
301,18,1878.00,12.80,42.00,110.70,0.5469,-1,-1,-1
301,48,1569.00,4.20,30.00,95.00,0.5312,-1,-1,-1
301,20,1492.50,7.00,46.50,128.20,0.3784,-1,-1,-1
301,49,1435.50,1.40,33.00,130.60,0.3748,-1,-1,-1
301,43,1478.20,0.90,31.60,129.20,0.3354,-1,-1,-1
301,50,1560.00,111.00,90.00,85.50,0.3208,-1,-1,-1
302,47,1761.60,23.70,66.80,192.10,0.7505,-1,-1,-1
302,64,243.60,49.60,99.80,204.10,0.8804,-1,-1,-1
302,13,756.80,0.00,41.90,129.50,0.8125,-1,-1,-1
302,37,637.80,0.10,50.70,115.10,0.6440,-1,-1,-1
302,9,795.10,130.70,89.80,100.10,0.7305,-1,-1,-1
302,15,1788.50,70.20,106.00,242.80,0.8169,-1,-1,-1
302,41,1301.70,57.50,91.40,253.70,0.7266,-1,-1,-1
302,2,885.00,23.40,45.00,157.70,0.7129,-1,-1,-1
302,81,1694.20,17.70,50.10,140.70,0.4824,-1,-1,-1
302,42,1529.70,1.20,42.50,133.70,0.6426,-1,-1,-1
302,16,705.60,137.60,66.10,95.40,0.7690,-1,-1,-1
302,10,1441.00,2.60,60.20,134.80,0.5381,-1,-1,-1
302,18,1876.40,14.10,42.60,112.40,0.1639,-1,-1,-1
302,48,1570.20,2.10,30.20,95.20,0.4092,-1,-1,-1
302,20,1492.70,3.10,47.40,130.40,0.3774,-1,-1,-1
302,49,1431.90,2.10,32.40,127.90,0.4082,-1,-1,-1
302,43,1481.40,2.30,31.70,129.90,0.2886,-1,-1,-1
302,50,1559.60,110.70,90.80,86.10,0.4465,-1,-1,-1
303,47,1775.10,20.90,62.90,180.70,0.5254,-1,-1,-1
303,13,756.20,0.00,41.90,129.40,0.8052,-1,-1,-1
303,37,634.10,0.70,47.70,108.10,0.5728,-1,-1,-1
303,9,795.60,130.50,90.00,100.50,0.6636,-1,-1,-1
303,15,1786.40,58.40,100.90,231.00,0.6899,-1,-1,-1
303,41,1304.50,56.10,91.80,254.40,0.8125,-1,-1,-1
303,2,890.20,24.40,44.00,154.60,0.7769,-1,-1,-1
303,42,1530.80,1.70,42.70,134.20,0.6270,-1,-1,-1
303,16,707.20,137.80,66.40,95.40,0.7446,-1,-1,-1
303,10,1443.30,2.80,60.10,134.60,0.5776,-1,-1,-1
303,18,1879.80,13.10,37.70,98.70,0.1919,-1,-1,-1
303,48,1568.00,2.30,30.40,95.80,0.3674,-1,-1,-1
303,20,1494.10,4.90,47.20,130.50,0.1796,-1,-1,-1
303,49,1431.60,2.20,32.80,128.40,0.4844,-1,-1,-1
303,43,1484.40,2.60,32.60,132.80,0.3389,-1,-1,-1
303,50,1564.60,111.20,90.10,85.50,0.3577,-1,-1,-1
303,7,1243.00,88.30,76.90,220.90,0.5312,-1,-1,-1
304,47,1789.90,17.70,61.20,173.90,0.5947,-1,-1,-1
304,13,757.20,0.00,42.10,129.90,0.7988,-1,-1,-1
304,37,625.00,0.90,42.90,96.50,0.4883,-1,-1,-1
304,9,778.80,130.60,88.50,99.80,0.4233,-1,-1,-1
304,15,1790.30,77.90,95.30,218.10,0.7690,-1,-1,-1
304,41,1306.50,56.70,91.10,252.70,0.8159,-1,-1,-1
304,42,1529.70,1.70,42.80,134.50,0.5747,-1,-1,-1
304,16,707.20,138.80,66.40,95.30,0.8057,-1,-1,-1
304,10,1439.20,4.00,59.10,132.60,0.6489,-1,-1,-1
304,18,1884.00,14.50,34.80,91.20,0.1842,-1,-1,-1
304,48,1567.30,1.10,30.40,95.10,0.2861,-1,-1,-1
304,20,1494.90,4.20,47.50,131.90,0.2043,-1,-1,-1
304,49,1433.40,2.00,32.80,128.40,0.5293,-1,-1,-1
304,43,1488.60,2.30,33.10,132.80,0.3821,-1,-1,-1
304,50,1564.30,112.50,89.10,84.30,0.2959,-1,-1,-1
304,7,1240.70,88.60,76.20,219.10,0.6494,-1,-1,-1
304,6,147.30,39.20,97.60,211.60,0.8442,-1,-1,-1
304,58,1879.10,82.10,39.80,276.70,0.5581,-1,-1,-1
305,47,1815.80,16.60,60.20,169.30,0.7056,-1,-1,-1
305,13,757.30,0.20,42.40,130.20,0.8408,-1,-1,-1
305,9,788.40,130.50,89.10,100.30,0.7739,-1,-1,-1
305,41,1304.00,55.70,90.30,251.90,0.8013,-1,-1,-1
305,42,1530.70,1.50,42.90,134.30,0.6069,-1,-1,-1
305,10,1437.40,2.70,59.80,133.80,0.6533,-1,-1,-1
305,18,1877.80,15.70,39.20,101.90,0.1136,-1,-1,-1
305,48,1568.10,0.20,30.70,95.50,0.3091,-1,-1,-1
305,20,1493.10,7.00,46.10,127.20,0.4534,-1,-1,-1
305,49,1434.70,1.20,33.50,130.90,0.4775,-1,-1,-1
305,43,1489.40,3.40,32.10,127.50,0.3425,-1,-1,-1
305,50,1566.30,112.40,88.80,83.90,0.4102,-1,-1,-1
305,7,1242.20,87.70,78.40,224.70,0.6680,-1,-1,-1
305,6,106.90,30.40,95.20,206.10,0.8657,-1,-1,-1
305,58,1870.10,44.50,41.40,284.40,0.5737,-1,-1,-1
305,36,1479.20,1.80,35.60,127.80,0.4207,-1,-1,-1
305,32,1192.70,125.40,57.80,84.70,0.4446,-1,-1,-1
306,47,1836.60,12.90,62.30,170.30,0.6768,-1,-1,-1
306,13,757.30,0.30,42.60,130.50,0.8467,-1,-1,-1
306,9,790.70,130.70,89.40,100.00,0.8062,-1,-1,-1
306,41,1301.60,54.10,89.90,252.20,0.8467,-1,-1,-1
306,42,1528.90,1.60,42.90,133.70,0.6636,-1,-1,-1
306,10,1439.70,1.80,60.60,134.40,0.6162,-1,-1,-1
306,48,1568.80,1.50,30.00,92.50,0.2720,-1,-1,-1
306,20,1492.10,12.80,44.20,121.30,0.4639,-1,-1,-1
306,49,1436.10,0.30,34.00,132.40,0.5649,-1,-1,-1
306,43,1487.30,7.00,31.70,124.70,0.3293,-1,-1,-1
306,50,1559.40,112.20,88.60,84.60,0.3269,-1,-1,-1
306,7,1229.90,87.20,78.10,223.60,0.8701,-1,-1,-1
306,6,63.60,23.90,93.40,201.00,0.8203,-1,-1,-1
306,58,1876.00,82.10,33.50,226.00,0.6538,-1,-1,-1
306,36,1476.80,1.10,35.80,128.90,0.3621,-1,-1,-1
306,32,1188.70,125.30,57.90,84.70,0.2681,-1,-1,-1
306,40,947.40,30.30,58.80,162.20,0.6699,-1,-1,-1
306,39,1501.90,12.90,37.90,119.50,0.4006,-1,-1,-1
306,16,707.40,137.70,67.20,95.80,0.7549,-1,-1,-1
307,47,1845.60,11.90,74.40,237.90,0.6802,-1,-1,-1
307,13,757.10,0.20,43.00,130.70,0.8594,-1,-1,-1
307,9,795.30,130.40,89.50,100.20,0.7725,-1,-1,-1
307,41,1300.50,51.40,90.30,254.20,0.8682,-1,-1,-1
307,42,1529.20,1.20,43.00,134.70,0.6362,-1,-1,-1
307,10,1439.30,1.40,61.30,134.70,0.6978,-1,-1,-1
307,48,1569.10,2.80,29.60,89.80,0.1412,-1,-1,-1
307,20,1488.30,13.40,42.90,117.80,0.2854,-1,-1,-1
307,49,1436.60,0.00,34.10,132.00,0.5796,-1,-1,-1
307,43,1486.00,6.30,32.50,126.60,0.3757,-1,-1,-1
307,7,1218.90,87.80,77.60,222.40,0.7920,-1,-1,-1
307,6,8.30,18.50,92.60,199.30,0.8770,-1,-1,-1
307,36,1477.00,0.50,36.10,130.40,0.2766,-1,-1,-1
307,40,964.90,34.50,60.00,165.80,0.6885,-1,-1,-1
307,39,1501.00,11.80,38.80,122.30,0.4243,-1,-1,-1
307,16,707.80,137.40,67.60,96.50,0.7969,-1,-1,-1
307,18,1875.10,13.40,41.90,107.90,0.3831,-1,-1,-1
308,47,1856.60,38.20,63.40,223.30,0.8003,-1,-1,-1
308,13,755.80,0.10,43.50,130.70,0.8306,-1,-1,-1
308,9,796.40,130.20,89.60,100.70,0.7051,-1,-1,-1
308,41,1300.50,48.70,90.70,256.90,0.8643,-1,-1,-1
308,42,1529.80,0.70,42.70,133.80,0.5859,-1,-1,-1
308,10,1441.50,1.80,56.90,124.80,0.2344,-1,-1,-1
308,48,1568.50,1.80,30.90,93.60,0.4854,-1,-1,-1
308,49,1433.70,0.30,34.00,130.00,0.6680,-1,-1,-1
308,43,1491.20,5.70,27.70,104.60,0.1105,-1,-1,-1
308,7,1217.40,89.80,76.40,219.90,0.8037,-1,-1,-1
308,36,1482.40,1.50,28.00,100.40,0.1152,-1,-1,-1
308,40,973.20,37.00,60.40,166.40,0.8062,-1,-1,-1
308,39,1498.60,10.10,37.50,118.00,0.1285,-1,-1,-1
308,16,707.40,137.30,67.30,96.20,0.6372,-1,-1,-1
308,18,1879.30,13.40,37.20,94.00,0.5127,-1,-1,-1
308,50,1562.70,111.30,88.60,85.00,0.6426,-1,-1,-1
309,47,1859.60,29.80,60.40,223.50,0.7334,-1,-1,-1
309,13,755.70,0.00,43.90,130.70,0.8101,-1,-1,-1
309,9,795.80,130.30,89.50,100.50,0.6567,-1,-1,-1
309,41,1301.20,49.20,89.50,255.90,0.5957,-1,-1,-1
309,42,1530.70,0.60,42.70,134.30,0.6772,-1,-1,-1
309,10,1440.10,2.60,59.70,130.70,0.6782,-1,-1,-1
309,48,1570.30,2.60,31.40,94.10,0.6426,-1,-1,-1
309,49,1430.40,1.50,34.30,129.50,0.6030,-1,-1,-1
309,7,1219.50,86.00,77.50,223.60,0.7476,-1,-1,-1
309,40,956.20,40.10,61.00,167.10,0.7720,-1,-1,-1
309,39,1496.10,11.90,38.30,120.00,0.3503,-1,-1,-1
309,16,708.00,137.20,67.20,96.10,0.4707,-1,-1,-1
309,18,1882.60,12.60,32.00,78.50,0.2910,-1,-1,-1
309,50,1563.50,110.90,88.50,85.00,0.5342,-1,-1,-1
309,20,1479.00,4.40,44.50,124.30,0.3657,-1,-1,-1
310,47,1862.30,32.00,57.70,205.80,0.7881,-1,-1,-1
310,13,756.60,0.00,44.20,130.70,0.8423,-1,-1,-1
310,9,795.70,130.80,89.20,100.10,0.6982,-1,-1,-1
310,41,1300.90,50.90,89.20,255.60,0.8330,-1,-1,-1
310,42,1529.90,1.10,43.00,134.20,0.7256,-1,-1,-1
310,10,1438.80,4.10,60.30,131.40,0.7153,-1,-1,-1
310,48,1571.00,3.80,31.50,93.40,0.6279,-1,-1,-1
310,49,1431.40,1.90,34.10,128.10,0.5947,-1,-1,-1
310,7,1219.40,67.70,86.10,247.10,0.4187,-1,-1,-1
310,39,1494.90,10.40,39.40,123.00,0.3979,-1,-1,-1
310,16,707.80,137.50,67.00,96.00,0.5410,-1,-1,-1
310,50,1563.70,111.40,88.60,85.00,0.4417,-1,-1,-1
310,20,1480.10,3.30,45.20,126.70,0.4026,-1,-1,-1
310,2,919.90,43.10,49.50,170.70,0.7476,-1,-1,-1
311,47,1864.40,20.80,55.60,201.30,0.7456,-1,-1,-1
311,13,756.30,0.00,44.60,130.70,0.8252,-1,-1,-1
311,9,796.20,131.10,89.00,99.90,0.7090,-1,-1,-1
311,41,1301.20,51.20,88.40,255.10,0.8276,-1,-1,-1
311,42,1528.00,0.60,44.30,135.40,0.6982,-1,-1,-1
311,10,1437.70,4.10,60.80,132.30,0.7031,-1,-1,-1
311,48,1571.20,4.00,31.70,92.70,0.5488,-1,-1,-1
311,49,1431.50,1.00,34.50,129.20,0.6196,-1,-1,-1
311,7,1220.70,79.60,82.70,236.60,0.7598,-1,-1,-1
311,39,1494.30,8.90,40.30,125.10,0.3933,-1,-1,-1
311,16,708.20,137.60,66.90,96.00,0.6836,-1,-1,-1
311,50,1560.70,111.90,88.70,84.50,0.3804,-1,-1,-1
311,20,1477.50,2.60,44.70,127.90,0.3767,-1,-1,-1
312,47,1870.80,16.20,49.20,192.30,0.4941,-1,-1,-1
312,13,756.70,0.00,44.80,130.70,0.8130,-1,-1,-1
312,9,792.10,131.00,87.40,99.80,0.6875,-1,-1,-1
312,41,1300.40,50.40,87.80,255.80,0.7798,-1,-1,-1
312,42,1528.30,0.40,44.70,135.30,0.6895,-1,-1,-1
312,10,1438.10,2.10,62.40,134.50,0.6704,-1,-1,-1
312,48,1571.00,3.10,32.20,93.40,0.6084,-1,-1,-1
312,49,1433.20,0.30,35.40,132.50,0.5708,-1,-1,-1
312,7,1220.60,84.70,80.90,230.50,0.4932,-1,-1,-1
312,39,1494.50,10.90,40.00,123.20,0.3108,-1,-1,-1
312,16,707.90,137.90,66.70,96.00,0.7520,-1,-1,-1
312,50,1558.40,111.80,87.00,84.70,0.3459,-1,-1,-1
312,20,1475.20,1.90,44.20,128.80,0.3811,-1,-1,-1
312,52,839.90,45.70,85.40,175.00,0.7725,-1,-1,-1
313,13,756.70,0.00,45.10,130.80,0.8345,-1,-1,-1
313,9,791.90,131.30,86.10,99.50,0.6123,-1,-1,-1
313,41,1301.60,52.30,86.70,254.70,0.8384,-1,-1,-1
313,42,1528.20,0.30,45.30,135.50,0.7188,-1,-1,-1
313,10,1439.50,0.90,63.40,135.60,0.6851,-1,-1,-1
313,48,1572.10,3.70,32.10,92.60,0.5601,-1,-1,-1
313,49,1434.80,0.00,34.80,130.80,0.6680,-1,-1,-1
313,7,1220.20,86.60,80.10,228.20,0.4648,-1,-1,-1
313,39,1494.20,9.80,40.70,124.60,0.3540,-1,-1,-1
313,16,708.00,137.50,66.80,96.20,0.6538,-1,-1,-1
313,50,1540.10,111.70,90.80,85.20,0.3794,-1,-1,-1
313,20,1473.40,1.40,44.00,130.80,0.3757,-1,-1,-1
313,52,840.60,47.30,85.40,176.10,0.8345,-1,-1,-1
313,40,968.80,46.30,78.70,211.60,0.8657,-1,-1,-1
314,13,756.60,0.00,45.40,130.90,0.8223,-1,-1,-1
314,9,790.90,131.30,84.50,99.40,0.5479,-1,-1,-1
314,41,1302.50,55.00,85.40,251.90,0.7920,-1,-1,-1
314,42,1528.50,0.30,45.40,135.20,0.7129,-1,-1,-1
314,10,1437.70,0.40,63.50,136.40,0.6680,-1,-1,-1
314,48,1573.60,6.00,31.90,91.10,0.4253,-1,-1,-1
314,49,1434.80,0.00,34.80,131.60,0.5547,-1,-1,-1
314,7,1233.60,89.10,77.90,224.80,0.5020,-1,-1,-1
314,39,1493.20,10.40,40.80,123.80,0.2546,-1,-1,-1
314,16,707.80,137.60,66.70,96.30,0.6772,-1,-1,-1
314,50,1554.50,112.20,90.10,84.50,0.3638,-1,-1,-1
314,20,1474.40,0.20,42.80,131.20,0.2050,-1,-1,-1
314,52,830.00,47.40,83.90,175.60,0.7739,-1,-1,-1
314,51,1865.70,16.40,54.30,122.10,0.6934,-1,-1,-1
315,13,756.10,0.00,45.60,130.90,0.8516,-1,-1,-1
315,41,1300.70,54.80,85.20,251.90,0.6621,-1,-1,-1
315,42,1527.50,0.60,45.20,134.60,0.6523,-1,-1,-1
315,10,1437.20,0.50,63.20,136.20,0.6748,-1,-1,-1
315,48,1575.50,4.80,33.00,91.80,0.7090,-1,-1,-1
315,49,1434.80,0.00,34.70,131.80,0.5371,-1,-1,-1
315,7,1233.40,89.80,77.70,224.70,0.5688,-1,-1,-1
315,39,1492.60,14.30,39.30,119.30,0.3091,-1,-1,-1
315,16,709.00,136.70,67.20,96.70,0.2644,-1,-1,-1
315,50,1559.80,111.80,90.40,84.90,0.4072,-1,-1,-1
315,20,1475.50,2.10,41.00,128.70,0.1089,-1,-1,-1
315,52,798.60,37.50,101.20,213.00,0.6621,-1,-1,-1
315,51,1865.00,13.50,55.00,125.30,0.6611,-1,-1,-1
316,13,756.50,0.00,43.40,123.30,0.7114,-1,-1,-1
316,41,1299.20,54.30,84.90,252.40,0.7363,-1,-1,-1
316,42,1528.10,0.60,45.10,134.20,0.7339,-1,-1,-1
316,10,1438.10,0.70,62.90,136.20,0.6436,-1,-1,-1
316,48,1574.10,3.50,33.60,93.00,0.7075,-1,-1,-1
316,49,1434.70,0.00,34.80,132.20,0.5859,-1,-1,-1
316,7,1234.30,90.20,77.50,224.00,0.5391,-1,-1,-1
316,39,1488.30,10.60,40.90,124.80,0.3730,-1,-1,-1
316,16,683.90,65.20,119.40,180.30,0.8286,-1,-1,-1
316,50,1562.20,111.90,89.70,84.10,0.4407,-1,-1,-1
316,20,1478.40,1.60,41.50,132.40,0.1505,-1,-1,-1
316,51,1865.20,15.00,54.80,124.60,0.6680,-1,-1,-1
316,9,796.40,131.40,84.90,99.50,0.6919,-1,-1,-1
317,13,755.40,0.00,45.00,127.70,0.8364,-1,-1,-1
317,41,1301.10,52.30,86.80,256.90,0.8418,-1,-1,-1
317,42,1527.90,0.30,45.50,134.40,0.7441,-1,-1,-1
317,10,1436.60,0.90,62.50,135.80,0.7231,-1,-1,-1
317,48,1574.30,5.40,34.40,93.80,0.6270,-1,-1,-1
317,49,1434.90,0.20,34.40,131.30,0.5806,-1,-1,-1
317,7,1237.50,89.70,76.80,224.10,0.4824,-1,-1,-1
317,39,1486.80,10.10,41.40,126.20,0.6636,-1,-1,-1
317,50,1558.20,112.20,87.20,83.70,0.3933,-1,-1,-1
317,51,1865.30,16.10,54.70,124.20,0.7285,-1,-1,-1
317,84,833.30,46.00,57.20,148.00,0.6602,-1,-1,-1
317,9,792.80,130.80,83.60,99.90,0.4795,-1,-1,-1
318,13,755.00,0.00,45.60,129.20,0.8384,-1,-1,-1
318,41,1303.80,53.50,86.50,256.40,0.8340,-1,-1,-1
318,42,1528.10,1.10,45.50,133.80,0.7505,-1,-1,-1
318,10,1435.80,1.40,61.90,135.20,0.6724,-1,-1,-1
318,48,1575.30,4.10,34.70,94.60,0.6104,-1,-1,-1
318,49,1433.10,1.40,34.00,127.80,0.6318,-1,-1,-1
318,7,1237.20,90.40,76.50,223.30,0.7319,-1,-1,-1
318,39,1484.70,6.30,42.80,130.20,0.6084,-1,-1,-1
318,50,1550.90,112.00,90.50,84.20,0.4321,-1,-1,-1
318,51,1865.40,15.70,54.60,123.90,0.7769,-1,-1,-1
318,84,833.10,44.00,63.80,165.00,0.8442,-1,-1,-1
318,9,795.30,130.90,83.60,99.80,0.5879,-1,-1,-1
318,16,704.80,112.90,84.80,123.80,0.7871,-1,-1,-1
319,13,754.80,0.00,45.90,130.00,0.8286,-1,-1,-1
319,41,1307.20,54.20,86.60,256.20,0.8296,-1,-1,-1
319,42,1527.80,0.90,45.80,133.90,0.7993,-1,-1,-1
319,10,1436.30,2.80,61.00,133.30,0.6704,-1,-1,-1
319,48,1575.90,4.40,34.40,93.40,0.6758,-1,-1,-1
319,49,1432.10,1.40,34.50,126.30,0.6582,-1,-1,-1
319,7,1235.60,91.10,76.40,222.50,0.6309,-1,-1,-1
319,39,1483.40,5.20,44.40,131.30,0.5918,-1,-1,-1
319,50,1553.80,112.10,87.90,83.80,0.4065,-1,-1,-1
319,51,1865.40,15.80,54.60,124.10,0.7471,-1,-1,-1
319,84,817.40,34.70,69.10,178.80,0.7007,-1,-1,-1
319,9,798.60,131.80,82.90,98.30,0.4883,-1,-1,-1
319,89,1437.00,0.00,41.10,133.80,0.4148,-1,-1,-1
319,16,711.80,131.90,71.80,102.10,0.6387,-1,-1,-1
320,13,754.20,0.00,45.80,129.90,0.8018,-1,-1,-1
320,41,1307.00,55.10,86.70,255.40,0.8315,-1,-1,-1
320,42,1525.40,1.20,47.00,135.00,0.6196,-1,-1,-1
320,10,1438.10,5.50,60.50,131.20,0.6772,-1,-1,-1
320,48,1573.90,3.70,34.70,93.80,0.4912,-1,-1,-1
320,49,1434.70,0.50,34.70,126.90,0.6680,-1,-1,-1
320,7,1237.70,91.00,75.90,222.80,0.6992,-1,-1,-1
320,39,1480.70,9.70,43.70,126.50,0.3276,-1,-1,-1
320,50,1560.50,112.30,87.70,83.20,0.4016,-1,-1,-1
320,51,1865.30,15.20,54.70,124.60,0.7661,-1,-1,-1
320,9,799.20,131.20,83.80,99.00,0.6318,-1,-1,-1
320,16,714.70,137.10,68.50,95.30,0.6958,-1,-1,-1
321,13,745.50,0.00,58.00,166.70,0.7563,-1,-1,-1
321,41,1306.90,55.30,86.70,255.30,0.8135,-1,-1,-1
321,42,1524.40,1.30,48.10,135.10,0.6362,-1,-1,-1
321,10,1437.40,4.60,61.00,132.20,0.6558,-1,-1,-1
321,48,1572.40,2.50,36.20,96.30,0.5225,-1,-1,-1
321,49,1434.60,0.10,35.00,127.60,0.6216,-1,-1,-1
321,7,1235.40,90.70,76.80,223.00,0.6152,-1,-1,-1
321,39,1481.60,5.70,45.60,130.50,0.2114,-1,-1,-1
321,50,1554.00,112.70,89.80,83.00,0.3459,-1,-1,-1
321,51,1865.30,15.00,54.70,124.70,0.7153,-1,-1,-1
321,9,799.40,131.20,84.20,99.30,0.7363,-1,-1,-1
321,16,714.60,138.40,68.40,93.30,0.4971,-1,-1,-1
322,13,751.20,0.00,51.10,146.50,0.8232,-1,-1,-1
322,41,1306.00,54.90,86.40,254.80,0.8286,-1,-1,-1
322,42,1524.70,1.20,48.80,135.70,0.6318,-1,-1,-1
322,10,1439.00,4.60,60.50,132.20,0.6782,-1,-1,-1
322,48,1574.10,2.00,36.30,96.70,0.5728,-1,-1,-1
322,49,1433.30,0.00,35.60,128.30,0.6426,-1,-1,-1
322,7,1232.60,90.50,78.10,223.10,0.6626,-1,-1,-1
322,39,1483.30,10.00,45.60,127.10,0.5557,-1,-1,-1
322,50,1560.00,112.70,89.60,82.70,0.3098,-1,-1,-1
322,51,1865.20,14.80,54.80,125.40,0.7251,-1,-1,-1
322,9,798.90,131.20,84.50,99.10,0.7461,-1,-1,-1
322,16,713.90,138.30,69.70,93.80,0.4036,-1,-1,-1
323,13,754.00,0.00,47.70,136.30,0.8027,-1,-1,-1
323,41,1306.70,54.90,86.30,255.50,0.8271,-1,-1,-1
323,42,1527.10,1.50,48.30,135.10,0.7217,-1,-1,-1
323,10,1446.40,3.20,60.60,135.90,0.6050,-1,-1,-1
323,48,1571.90,1.70,38.00,100.10,0.4805,-1,-1,-1
323,49,1431.40,0.00,36.70,128.80,0.6470,-1,-1,-1
323,7,1231.40,90.70,78.80,222.90,0.5757,-1,-1,-1
323,39,1486.70,4.70,46.10,128.50,0.5273,-1,-1,-1
323,50,1557.00,112.60,88.00,83.40,0.4158,-1,-1,-1
323,51,1865.50,15.40,54.50,124.40,0.7656,-1,-1,-1
323,9,798.50,131.20,84.90,99.10,0.7505,-1,-1,-1
323,16,714.30,139.00,70.30,93.10,0.5479,-1,-1,-1
323,64,70.80,57.20,101.50,206.80,0.8677,-1,-1,-1
324,13,755.00,0.00,46.30,132.40,0.8154,-1,-1,-1
324,41,1306.20,54.10,85.70,255.70,0.8276,-1,-1,-1
324,42,1528.90,1.50,48.50,136.10,0.6699,-1,-1,-1
324,10,1449.10,5.00,58.80,135.20,0.5850,-1,-1,-1
324,48,1576.70,4.80,35.10,93.60,0.5205,-1,-1,-1
324,7,1236.90,92.70,77.20,221.70,0.6807,-1,-1,-1
324,39,1487.10,5.80,45.10,127.90,0.4092,-1,-1,-1
324,50,1556.50,112.60,86.30,83.70,0.4226,-1,-1,-1
324,51,1867.10,16.10,52.90,128.10,0.5928,-1,-1,-1
324,9,798.20,131.00,85.40,99.20,0.7637,-1,-1,-1
324,16,714.40,139.20,71.10,93.00,0.7568,-1,-1,-1
324,89,1435.50,3.00,39.10,126.40,0.6353,-1,-1,-1
325,13,755.40,0.00,45.90,131.10,0.8203,-1,-1,-1
325,41,1305.10,53.70,85.30,255.80,0.8306,-1,-1,-1
325,42,1530.50,1.20,48.60,136.30,0.6514,-1,-1,-1
325,10,1449.20,3.20,58.00,137.00,0.5010,-1,-1,-1
325,48,1576.60,4.50,34.00,91.60,0.5518,-1,-1,-1
325,7,1236.60,92.90,75.30,220.50,0.6934,-1,-1,-1
325,39,1494.40,9.50,43.40,122.30,0.4534,-1,-1,-1
325,50,1543.40,112.20,91.70,84.40,0.5137,-1,-1,-1
325,51,1873.50,21.80,46.50,134.60,0.5156,-1,-1,-1
325,9,798.50,130.70,85.70,99.50,0.7744,-1,-1,-1
325,16,713.70,139.50,71.90,92.90,0.7734,-1,-1,-1
325,112,1407.30,1.50,42.60,124.40,0.5195,-1,-1,-1
325,89,1437.30,3.40,39.70,124.90,0.5205,-1,-1,-1
325,20,1467.20,1.30,43.20,134.70,0.2869,-1,-1,-1
326,13,755.50,0.00,45.90,130.70,0.7754,-1,-1,-1
326,41,1305.70,53.30,85.10,255.40,0.8271,-1,-1,-1
326,42,1532.30,1.50,47.70,135.10,0.6050,-1,-1,-1
326,10,1446.40,2.20,57.30,137.10,0.7310,-1,-1,-1
326,48,1576.40,2.90,33.80,92.20,0.5669,-1,-1,-1
326,7,1232.20,90.10,75.20,222.60,0.8169,-1,-1,-1
326,39,1495.60,8.90,44.90,126.00,0.2935,-1,-1,-1
326,50,1530.80,111.90,95.10,84.90,0.4102,-1,-1,-1
326,51,1859.10,32.90,55.10,128.60,0.6655,-1,-1,-1
326,9,798.50,130.60,86.10,99.90,0.7939,-1,-1,-1
326,16,713.20,139.70,72.60,92.80,0.7939,-1,-1,-1
326,112,1397.00,3.50,41.60,121.50,0.4971,-1,-1,-1
326,89,1438.20,3.10,40.10,125.00,0.1556,-1,-1,-1
327,13,755.60,0.00,45.80,130.40,0.8242,-1,-1,-1
327,41,1313.30,52.00,84.20,255.10,0.7871,-1,-1,-1
327,42,1537.70,1.30,46.40,132.90,0.5908,-1,-1,-1
327,10,1441.80,2.40,56.20,136.30,0.8164,-1,-1,-1
327,48,1577.30,2.00,33.80,92.70,0.6206,-1,-1,-1
327,7,1221.90,85.40,76.70,226.10,0.7598,-1,-1,-1
327,39,1500.60,9.70,45.20,126.10,0.5020,-1,-1,-1
327,50,1535.60,111.90,95.20,84.80,0.3115,-1,-1,-1
327,51,1863.90,22.20,53.50,124.50,0.6040,-1,-1,-1
327,9,799.00,130.70,86.20,99.90,0.7808,-1,-1,-1
327,16,713.20,140.10,73.40,92.70,0.7739,-1,-1,-1
327,112,1385.90,3.30,42.30,123.60,0.4026,-1,-1,-1
327,81,1809.50,43.80,47.00,121.90,0.7227,-1,-1,-1
327,20,1478.60,2.80,42.00,129.30,0.4756,-1,-1,-1
328,13,755.60,0.00,45.80,130.20,0.8184,-1,-1,-1
328,41,1313.10,25.30,92.90,279.60,0.6826,-1,-1,-1
328,42,1541.40,0.50,44.50,127.80,0.5537,-1,-1,-1
328,10,1439.30,2.60,55.30,136.80,0.7324,-1,-1,-1
328,48,1576.80,3.70,33.50,91.10,0.5078,-1,-1,-1
328,7,1228.50,87.20,76.00,224.30,0.8628,-1,-1,-1
328,39,1505.30,10.20,44.60,125.40,0.5303,-1,-1,-1
328,50,1532.50,111.40,99.40,85.10,0.4417,-1,-1,-1
328,51,1864.50,19.00,53.30,123.50,0.7559,-1,-1,-1
328,9,797.50,130.50,86.70,100.10,0.7861,-1,-1,-1
328,16,712.50,140.10,74.10,92.80,0.8306,-1,-1,-1
328,20,1480.70,5.10,40.60,123.90,0.2466,-1,-1,-1
328,15,1759.60,42.80,56.90,124.40,0.5796,-1,-1,-1
329,13,755.50,0.00,45.80,130.20,0.8369,-1,-1,-1
329,41,1293.60,36.70,89.00,261.60,0.8301,-1,-1,-1
329,42,1536.60,0.90,46.00,129.90,0.6426,-1,-1,-1
329,10,1441.00,1.40,55.50,138.40,0.7832,-1,-1,-1
329,48,1576.50,4.90,33.60,90.50,0.4795,-1,-1,-1
329,7,1227.50,88.10,75.90,222.60,0.6187,-1,-1,-1
329,39,1504.00,13.70,43.50,122.70,0.4331,-1,-1,-1
329,50,1545.20,112.10,95.10,83.90,0.3821,-1,-1,-1
329,51,1862.20,18.00,52.30,121.90,0.7041,-1,-1,-1
329,9,797.40,130.60,86.80,99.90,0.7661,-1,-1,-1
329,16,711.50,139.90,74.80,93.20,0.7471,-1,-1,-1
329,27,1727.00,45.90,51.20,122.50,0.7642,-1,-1,-1
330,13,755.00,0.00,45.90,130.10,0.8330,-1,-1,-1
330,42,1535.10,1.30,45.90,130.90,0.2673,-1,-1,-1
330,10,1444.00,2.80,54.90,137.10,0.7720,-1,-1,-1
330,48,1573.80,2.90,34.70,95.10,0.5400,-1,-1,-1
330,7,1217.10,87.50,75.10,223.20,0.3794,-1,-1,-1
330,39,1507.20,19.30,41.50,118.60,0.4785,-1,-1,-1
330,50,1552.60,112.00,94.30,84.20,0.4006,-1,-1,-1
330,51,1860.00,18.70,50.60,120.00,0.7031,-1,-1,-1
330,9,799.20,131.80,86.20,99.00,0.7363,-1,-1,-1
330,16,710.40,139.30,75.50,93.60,0.7642,-1,-1,-1
330,49,1433.30,0.00,37.00,128.90,0.3074,-1,-1,-1
330,112,1367.00,4.10,42.00,122.70,0.4302,-1,-1,-1
331,13,754.90,0.00,45.90,130.20,0.8242,-1,-1,-1
331,42,1526.80,1.30,47.50,132.50,0.3557,-1,-1,-1
331,10,1445.30,4.30,54.40,136.00,0.7583,-1,-1,-1
331,48,1572.80,2.10,35.10,95.90,0.5400,-1,-1,-1
331,7,1208.70,40.50,88.90,269.80,0.7402,-1,-1,-1
331,39,1507.10,12.70,43.30,125.30,0.4971,-1,-1,-1
331,50,1554.00,113.30,90.90,83.20,0.4912,-1,-1,-1
331,51,1862.70,16.70,51.00,121.80,0.7031,-1,-1,-1
331,9,799.70,129.60,88.30,101.50,0.7373,-1,-1,-1
331,16,710.90,138.60,76.50,94.30,0.8066,-1,-1,-1
331,49,1431.00,0.00,37.80,126.10,0.4658,-1,-1,-1
331,112,1368.40,3.40,43.30,123.30,0.4609,-1,-1,-1
332,13,755.30,0.00,46.10,130.20,0.8296,-1,-1,-1
332,42,1526.20,0.50,46.90,132.30,0.5195,-1,-1,-1
332,10,1444.50,2.00,54.80,137.80,0.7163,-1,-1,-1
332,48,1574.60,3.60,30.90,84.00,0.1598,-1,-1,-1
332,7,1211.20,64.00,79.90,243.10,0.7734,-1,-1,-1
332,39,1501.30,8.30,44.60,129.70,0.5332,-1,-1,-1
332,50,1555.20,110.60,90.20,84.90,0.4341,-1,-1,-1
332,51,1860.10,16.80,58.30,139.50,0.6748,-1,-1,-1
332,9,800.80,132.50,86.30,98.70,0.7168,-1,-1,-1
332,16,710.30,138.40,76.90,94.60,0.7988,-1,-1,-1
332,49,1434.50,0.00,37.60,127.50,0.3032,-1,-1,-1
332,112,1373.20,4.30,43.40,123.80,0.4697,-1,-1,-1
332,12,1848.80,869.10,71.20,206.40,0.6885,-1,-1,-1
333,13,754.90,0.00,46.10,130.30,0.8403,-1,-1,-1
333,42,1525.70,0.40,49.30,140.60,0.1836,-1,-1,-1
333,10,1446.00,1.80,55.30,138.10,0.6816,-1,-1,-1
333,48,1570.20,1.70,39.50,111.70,0.4619,-1,-1,-1
333,7,1216.40,71.50,76.20,227.20,0.7686,-1,-1,-1
333,39,1499.30,3.30,44.70,132.30,0.5332,-1,-1,-1
333,50,1559.50,111.70,90.10,84.40,0.5312,-1,-1,-1
333,51,1862.20,15.70,54.90,129.40,0.6689,-1,-1,-1
333,9,800.40,133.10,86.10,98.50,0.6479,-1,-1,-1
333,16,709.90,138.50,77.90,95.20,0.6934,-1,-1,-1
333,49,1434.60,0.00,37.80,129.10,0.3684,-1,-1,-1
333,112,1376.10,3.80,44.60,124.40,0.4226,-1,-1,-1
333,12,1835.80,757.80,84.20,317.70,0.4775,-1,-1,-1
333,126,1350.60,1.90,72.00,126.50,0.3831,-1,-1,-1
333,32,1092.10,6.10,124.30,202.00,0.8237,-1,-1,-1
333,64,0.00,11.30,78.30,177.20,0.7593,-1,-1,-1
333,81,1811.10,27.50,58.10,137.40,0.8418,-1,-1,-1
334,13,755.20,0.00,46.20,130.30,0.8184,-1,-1,-1
334,42,1534.60,2.40,43.60,126.20,0.1466,-1,-1,-1
334,10,1448.80,3.00,53.00,130.40,0.5830,-1,-1,-1
334,48,1571.30,1.20,37.20,104.90,0.6567,-1,-1,-1
334,7,1212.90,73.10,73.60,216.80,0.7905,-1,-1,-1
334,50,1559.50,112.10,87.30,83.90,0.2869,-1,-1,-1
334,51,1859.00,15.00,53.70,126.00,0.7402,-1,-1,-1
334,9,799.90,133.90,85.70,97.80,0.6582,-1,-1,-1
334,16,710.10,138.70,78.10,95.10,0.6235,-1,-1,-1
334,49,1434.80,0.00,37.60,126.50,0.4717,-1,-1,-1
334,126,1350.20,1.70,71.90,126.10,0.2568,-1,-1,-1
334,32,1077.40,23.80,107.10,188.00,0.7153,-1,-1,-1
334,15,1761.50,6.30,69.70,158.50,0.7280,-1,-1,-1
335,13,755.30,0.00,46.20,130.20,0.8164,-1,-1,-1
335,42,1527.40,0.80,46.20,131.50,0.6494,-1,-1,-1
335,10,1440.20,28.50,55.20,135.40,0.5439,-1,-1,-1
335,48,1575.40,1.70,36.90,100.50,0.6235,-1,-1,-1
335,7,1196.30,64.40,71.00,212.20,0.5747,-1,-1,-1
335,50,1557.30,111.50,86.60,84.80,0.3667,-1,-1,-1
335,51,1857.20,16.50,52.50,122.90,0.6841,-1,-1,-1
335,9,800.80,135.70,84.30,96.10,0.7153,-1,-1,-1
335,16,709.20,138.70,78.10,94.70,0.5518,-1,-1,-1
335,126,1350.60,1.60,73.10,127.80,0.1268,-1,-1,-1
335,114,1509.10,111.20,127.60,85.30,0.3328,-1,-1,-1
335,27,1716.20,23.50,59.90,142.20,0.8394,-1,-1,-1
335,12,1825.00,709.30,95.00,359.50,0.5757,-1,-1,-1
336,13,755.40,0.00,46.20,130.10,0.7788,-1,-1,-1
336,42,1522.50,0.60,47.90,132.50,0.6177,-1,-1,-1
336,10,1442.70,11.30,55.70,137.70,0.7407,-1,-1,-1
336,48,1581.90,4.60,34.80,93.80,0.5420,-1,-1,-1
336,7,1186.70,57.20,69.30,207.00,0.7559,-1,-1,-1
336,50,1562.40,111.30,86.40,84.80,0.4302,-1,-1,-1
336,51,1855.50,17.00,52.10,121.30,0.7637,-1,-1,-1
336,9,801.10,136.60,83.90,95.70,0.7646,-1,-1,-1
336,16,709.30,139.10,78.20,94.30,0.7598,-1,-1,-1
336,114,1512.70,110.60,128.20,85.60,0.2751,-1,-1,-1
336,20,1487.90,3.10,41.70,126.90,0.2854,-1,-1,-1
336,49,1436.10,0.00,37.50,129.70,0.3337,-1,-1,-1
337,13,755.50,0.20,46.00,129.60,0.7827,-1,-1,-1
337,42,1521.40,0.20,49.60,133.50,0.5283,-1,-1,-1
337,10,1443.80,4.70,55.70,138.20,0.7695,-1,-1,-1
337,48,1579.80,4.80,35.10,94.40,0.6011,-1,-1,-1
337,7,1174.40,52.80,64.20,189.20,0.7139,-1,-1,-1
337,50,1561.10,112.40,84.70,83.80,0.3794,-1,-1,-1
337,51,1856.40,15.00,53.10,122.90,0.5938,-1,-1,-1
337,9,801.30,137.00,83.60,95.20,0.7178,-1,-1,-1
337,16,710.00,139.40,78.40,94.30,0.7075,-1,-1,-1
337,114,1509.60,111.30,127.80,85.30,0.3477,-1,-1,-1
337,20,1486.50,2.90,43.30,127.90,0.1956,-1,-1,-1
337,49,1435.40,0.00,36.30,128.10,0.2712,-1,-1,-1
337,126,1366.00,3.00,70.20,125.70,0.4197,-1,-1,-1
338,13,754.90,0.10,46.20,130.00,0.7964,-1,-1,-1
338,42,1532.60,0.00,48.80,131.40,0.4590,-1,-1,-1
338,10,1443.80,2.50,55.50,138.10,0.7505,-1,-1,-1
338,48,1574.60,10.20,47.90,127.30,0.5947,-1,-1,-1
338,7,1159.20,42.50,63.30,188.20,0.7686,-1,-1,-1
338,50,1555.50,111.00,88.30,85.40,0.1399,-1,-1,-1
338,51,1857.10,15.90,52.70,121.70,0.6611,-1,-1,-1
338,9,801.30,136.70,83.50,95.10,0.7363,-1,-1,-1
338,16,709.80,139.20,78.40,93.90,0.6250,-1,-1,-1
338,114,1508.20,111.10,128.30,85.70,0.2798,-1,-1,-1
338,20,1483.10,3.20,44.70,128.30,0.1545,-1,-1,-1
338,49,1433.60,0.00,35.90,126.30,0.3638,-1,-1,-1
338,132,1325.00,594.50,350.00,481.00,0.8916,-1,-1,-1
338,35,963.00,30.70,50.10,182.10,0.7910,-1,-1,-1
338,126,1362.50,1.90,70.20,126.60,0.1582,-1,-1,-1
338,41,1292.60,36.80,51.10,149.70,0.7754,-1,-1,-1
339,13,754.70,0.00,46.20,129.90,0.8125,-1,-1,-1
339,10,1444.70,1.30,55.60,138.70,0.7349,-1,-1,-1
339,48,1576.80,7.70,41.00,108.50,0.6260,-1,-1,-1
339,7,1149.50,36.70,62.10,187.00,0.8262,-1,-1,-1
339,50,1556.60,108.90,91.20,86.60,0.3584,-1,-1,-1
339,51,1856.70,14.40,53.90,123.00,0.6978,-1,-1,-1
339,9,801.30,137.00,83.50,95.00,0.7612,-1,-1,-1
339,16,710.00,139.10,78.90,94.10,0.5381,-1,-1,-1
339,114,1524.40,106.40,134.10,88.90,0.1252,-1,-1,-1
339,20,1478.80,3.10,43.30,127.70,0.1016,-1,-1,-1
339,49,1434.70,0.00,35.30,125.30,0.3594,-1,-1,-1
339,132,1226.80,598.80,345.70,475.50,0.8975,-1,-1,-1
339,35,952.00,29.80,50.90,183.70,0.7358,-1,-1,-1
339,126,1361.30,1.60,70.20,127.30,0.1466,-1,-1,-1
340,13,754.00,0.00,46.20,130.10,0.8125,-1,-1,-1
340,10,1443.60,2.80,53.60,132.80,0.6177,-1,-1,-1
340,48,1578.60,4.30,37.90,100.60,0.6934,-1,-1,-1
340,7,1138.40,31.40,61.10,182.30,0.8081,-1,-1,-1
340,50,1553.80,104.00,94.70,90.90,0.1456,-1,-1,-1
340,51,1855.10,15.60,53.30,121.40,0.6655,-1,-1,-1
340,9,798.80,134.70,85.50,97.10,0.6416,-1,-1,-1
340,16,709.10,139.20,79.00,94.20,0.5547,-1,-1,-1
340,114,1508.80,104.40,134.80,89.90,0.1536,-1,-1,-1
340,20,1475.60,13.60,50.90,144.00,0.8115,-1,-1,-1
340,49,1431.20,0.00,35.90,125.40,0.1180,-1,-1,-1
340,132,1128.20,604.30,329.50,455.00,0.7925,-1,-1,-1
340,35,942.60,31.60,52.10,186.80,0.7295,-1,-1,-1
340,126,1368.50,1.90,69.20,127.80,0.2878,-1,-1,-1
340,42,1538.10,0.00,47.60,128.00,0.6050,-1,-1,-1
341,13,754.40,0.00,46.20,130.10,0.8135,-1,-1,-1
341,10,1429.10,5.60,63.90,155.80,0.7568,-1,-1,-1
341,48,1578.30,3.30,36.60,96.90,0.6460,-1,-1,-1
341,7,1126.50,33.40,60.70,177.10,0.5698,-1,-1,-1
341,51,1855.00,16.40,56.10,131.50,0.4814,-1,-1,-1
341,9,796.60,132.20,86.80,98.10,0.7080,-1,-1,-1
341,16,708.40,138.50,79.80,95.00,0.6343,-1,-1,-1
341,114,1516.50,103.90,136.40,90.20,0.5010,-1,-1,-1
341,20,1477.00,5.70,49.50,139.20,0.2310,-1,-1,-1
341,132,1161.00,730.00,254.60,339.20,0.8608,-1,-1,-1
341,35,936.00,36.10,51.30,183.00,0.7358,-1,-1,-1
341,126,1372.80,2.40,67.30,127.50,0.3157,-1,-1,-1
341,90,1185.20,125.90,93.20,87.20,0.4590,-1,-1,-1
341,83,1875.50,23.40,38.00,132.10,0.5610,-1,-1,-1
341,42,1539.10,0.00,47.70,128.10,0.6387,-1,-1,-1
341,39,1503.60,5.10,43.70,131.70,0.3877,-1,-1,-1
341,32,1068.70,47.90,71.50,129.70,0.6187,-1,-1,-1
342,13,754.00,0.00,46.30,130.10,0.7969,-1,-1,-1
342,10,1436.30,2.80,59.80,146.70,0.7808,-1,-1,-1
342,48,1578.60,3.90,35.40,94.30,0.6748,-1,-1,-1
342,7,1117.70,39.80,59.10,170.50,0.7568,-1,-1,-1
342,51,1851.90,16.90,57.50,135.70,0.6323,-1,-1,-1
342,9,795.90,131.40,88.10,99.20,0.7559,-1,-1,-1
342,16,707.90,138.00,80.10,95.60,0.6733,-1,-1,-1
342,114,1525.20,105.20,136.00,88.60,0.2698,-1,-1,-1
342,20,1480.20,3.80,46.60,130.70,0.3999,-1,-1,-1
342,35,936.50,34.80,52.00,184.70,0.7241,-1,-1,-1
342,126,1359.80,7.00,79.40,152.30,0.7798,-1,-1,-1
342,90,1187.20,126.10,91.10,85.30,0.6592,-1,-1,-1
342,83,1873.20,26.50,35.60,123.00,0.1399,-1,-1,-1
342,42,1539.00,0.00,48.50,130.50,0.6094,-1,-1,-1
342,39,1502.10,3.10,44.90,132.10,0.2473,-1,-1,-1
342,32,1052.70,38.10,75.40,147.10,0.8301,-1,-1,-1
343,13,753.90,0.00,46.30,130.10,0.7944,-1,-1,-1
343,10,1438.90,1.80,57.30,141.70,0.7842,-1,-1,-1
343,48,1578.30,2.80,35.70,95.20,0.6841,-1,-1,-1
343,7,1111.40,47.60,56.30,161.60,0.7808,-1,-1,-1
343,9,795.80,131.30,88.20,99.00,0.7563,-1,-1,-1
343,16,708.30,138.10,80.00,95.40,0.5688,-1,-1,-1
343,114,1533.90,104.90,136.40,88.80,0.1032,-1,-1,-1
343,20,1481.80,4.40,44.70,124.40,0.3174,-1,-1,-1
343,35,941.00,32.40,53.50,187.40,0.6406,-1,-1,-1
343,90,1188.10,126.50,89.90,84.20,0.6396,-1,-1,-1
343,83,1871.10,18.80,35.10,120.90,0.6460,-1,-1,-1
343,42,1541.80,0.00,47.10,127.90,0.5796,-1,-1,-1
343,39,1495.30,4.60,44.10,129.50,0.1541,-1,-1,-1
343,19,703.50,557.80,544.80,514.00,0.8076,-1,-1,-1
343,81,1820.30,31.90,50.70,121.70,0.6851,-1,-1,-1
344,13,753.80,0.00,46.40,130.30,0.7910,-1,-1,-1
344,10,1438.20,1.80,55.70,139.60,0.7563,-1,-1,-1
344,48,1577.90,1.30,36.40,97.00,0.5283,-1,-1,-1
344,7,1100.40,54.10,54.90,156.00,0.7969,-1,-1,-1
344,9,795.90,130.70,89.00,99.80,0.7671,-1,-1,-1
344,16,708.10,138.50,79.60,94.80,0.5293,-1,-1,-1
344,114,1525.00,106.40,136.30,88.00,0.3032,-1,-1,-1
344,20,1483.30,6.50,42.30,118.80,0.3015,-1,-1,-1
344,35,940.80,33.20,53.90,186.70,0.7944,-1,-1,-1
344,90,1187.80,126.30,89.50,84.00,0.6196,-1,-1,-1
344,42,1540.20,0.00,47.80,130.00,0.6260,-1,-1,-1
344,19,634.30,488.70,561.80,537.20,0.8066,-1,-1,-1
344,62,1386.90,2.10,40.20,126.80,0.4426,-1,-1,-1
344,81,1804.40,32.80,51.60,122.40,0.7432,-1,-1,-1
344,41,1272.50,24.10,53.50,152.50,0.8364,-1,-1,-1
344,51,1853.90,16.00,53.50,125.70,0.7739,-1,-1,-1
345,13,754.30,0.00,46.30,130.20,0.7778,-1,-1,-1
345,10,1436.90,1.30,54.30,138.50,0.7500,-1,-1,-1
345,48,1577.90,1.70,36.40,97.20,0.6567,-1,-1,-1
345,7,1079.30,62.50,52.40,148.30,0.8418,-1,-1,-1
345,9,796.30,130.20,89.50,100.40,0.7129,-1,-1,-1
345,16,706.20,139.40,78.30,94.10,0.5659,-1,-1,-1
345,114,1524.40,104.80,140.70,89.50,0.2886,-1,-1,-1
345,35,938.80,35.20,54.10,184.90,0.7432,-1,-1,-1
345,90,1159.50,46.40,168.70,163.50,0.5830,-1,-1,-1
345,42,1539.80,0.00,47.60,129.30,0.6870,-1,-1,-1
345,19,563.20,423.70,548.10,533.40,0.8877,-1,-1,-1
345,62,1384.70,0.50,40.00,126.60,0.3057,-1,-1,-1
345,51,1855.00,18.30,51.50,120.20,0.7500,-1,-1,-1
345,15,1763.30,18.70,61.80,137.30,0.7104,-1,-1,-1
345,39,1500.00,3.50,44.70,132.60,0.5518,-1,-1,-1
346,13,754.20,0.00,45.90,129.00,0.7363,-1,-1,-1
346,10,1437.50,3.50,52.50,135.80,0.7432,-1,-1,-1
346,48,1577.80,1.30,36.50,98.20,0.7114,-1,-1,-1
346,7,1058.70,63.60,51.60,148.30,0.7759,-1,-1,-1
346,9,795.30,129.90,90.10,101.10,0.6860,-1,-1,-1
346,16,708.10,139.80,77.90,93.20,0.3452,-1,-1,-1
346,114,1525.10,103.50,144.20,90.70,0.2744,-1,-1,-1
346,35,939.40,35.20,54.70,184.90,0.7490,-1,-1,-1
346,90,1124.60,26.60,168.10,167.00,0.8735,-1,-1,-1
346,42,1537.20,0.00,48.40,130.00,0.6724,-1,-1,-1
346,19,517.00,370.00,484.40,481.40,0.8604,-1,-1,-1
346,62,1387.10,1.70,40.60,127.70,0.4717,-1,-1,-1
346,51,1854.90,18.10,51.80,120.20,0.7861,-1,-1,-1
346,15,1755.30,28.60,55.30,129.80,0.7983,-1,-1,-1
346,39,1499.70,7.90,43.60,128.20,0.4446,-1,-1,-1
347,13,757.50,26.40,49.00,135.90,0.6436,-1,-1,-1
347,10,1441.40,4.60,52.60,135.00,0.7500,-1,-1,-1
347,48,1578.10,1.50,35.90,97.30,0.7295,-1,-1,-1
347,7,1043.50,58.50,52.70,153.40,0.7500,-1,-1,-1
347,9,796.00,131.20,89.10,99.80,0.7163,-1,-1,-1
347,114,1522.30,108.20,137.60,86.50,0.4397,-1,-1,-1
347,35,939.00,34.90,55.40,185.60,0.7778,-1,-1,-1
347,42,1538.40,0.00,48.30,129.60,0.6724,-1,-1,-1
347,19,431.40,324.20,516.30,530.00,0.7886,-1,-1,-1
347,62,1386.70,2.10,41.00,128.50,0.3821,-1,-1,-1
347,51,1854.90,17.70,51.80,120.00,0.7266,-1,-1,-1
347,15,1738.10,30.90,54.30,127.70,0.7944,-1,-1,-1
347,39,1501.20,9.90,43.00,126.40,0.6494,-1,-1,-1
347,45,32.60,20.10,73.30,193.60,0.8452,-1,-1,-1
347,53,1187.80,127.10,90.40,83.50,0.7051,-1,-1,-1
347,84,708.80,44.10,73.50,189.40,0.5898,-1,-1,-1
348,13,755.60,10.30,47.60,132.20,0.7959,-1,-1,-1
348,10,1446.10,3.20,54.20,136.70,0.7808,-1,-1,-1
348,48,1578.20,1.00,35.70,97.80,0.7192,-1,-1,-1
348,7,1024.60,38.20,59.60,174.80,0.5400,-1,-1,-1
348,9,799.10,133.10,87.10,97.40,0.7007,-1,-1,-1
348,114,1519.10,111.90,133.10,83.00,0.4727,-1,-1,-1
348,35,937.50,35.50,55.50,184.20,0.7432,-1,-1,-1
348,42,1538.80,0.00,48.30,129.90,0.6592,-1,-1,-1
348,62,1386.50,1.90,41.20,128.60,0.3867,-1,-1,-1
348,51,1853.60,16.40,52.50,121.10,0.6621,-1,-1,-1
348,39,1499.60,8.10,44.00,127.60,0.6636,-1,-1,-1
348,45,59.10,15.70,70.80,187.10,0.7417,-1,-1,-1
348,53,1187.90,127.30,90.20,83.30,0.7080,-1,-1,-1
348,84,685.30,39.40,66.20,170.20,0.7217,-1,-1,-1
348,27,1703.50,33.20,55.10,128.30,0.8311,-1,-1,-1
348,49,1434.60,0.00,37.10,126.60,0.5322,-1,-1,-1
348,32,1024.80,29.00,80.10,167.20,0.3025,-1,-1,-1
348,16,706.90,138.10,80.10,95.70,0.5049,-1,-1,-1
349,13,754.40,3.80,46.90,130.70,0.8354,-1,-1,-1
349,10,1444.90,4.20,54.70,136.20,0.7515,-1,-1,-1
349,48,1578.60,2.10,34.90,96.70,0.7129,-1,-1,-1
349,9,801.30,133.60,87.20,98.00,0.7583,-1,-1,-1
349,114,1524.90,112.60,133.60,81.70,0.1382,-1,-1,-1
349,35,940.50,31.60,57.50,187.90,0.6416,-1,-1,-1
349,42,1539.10,0.00,48.00,129.00,0.6372,-1,-1,-1
349,62,1386.40,2.40,41.40,128.60,0.3877,-1,-1,-1
349,51,1854.30,17.10,52.40,120.50,0.7393,-1,-1,-1
349,39,1501.50,14.70,42.30,120.90,0.5312,-1,-1,-1
349,45,89.40,8.50,69.10,182.50,0.8584,-1,-1,-1
349,53,1188.10,127.50,89.80,83.10,0.7490,-1,-1,-1
349,27,1686.50,33.20,55.80,128.50,0.8174,-1,-1,-1
349,49,1432.30,0.00,38.10,127.90,0.4485,-1,-1,-1
349,16,707.60,138.60,80.20,95.50,0.5088,-1,-1,-1
350,13,754.40,1.30,46.70,130.20,0.8164,-1,-1,-1
350,10,1442.20,2.80,55.40,137.60,0.7324,-1,-1,-1
350,48,1579.90,2.60,34.20,96.10,0.7031,-1,-1,-1
350,9,801.80,133.70,86.90,97.60,0.7671,-1,-1,-1
350,114,1526.20,111.40,133.40,82.40,0.1082,-1,-1,-1
350,35,939.20,34.30,57.20,185.10,0.6934,-1,-1,-1
350,42,1539.10,0.10,48.10,130.20,0.6772,-1,-1,-1
350,62,1383.50,0.80,40.90,127.50,0.3225,-1,-1,-1
350,51,1853.60,17.50,52.20,120.50,0.6680,-1,-1,-1
350,39,1502.40,15.20,42.40,121.30,0.5430,-1,-1,-1
350,45,120.90,4.70,67.90,178.80,0.8535,-1,-1,-1
350,53,1187.90,127.20,90.20,83.50,0.7402,-1,-1,-1
350,27,1667.10,33.20,58.50,134.60,0.7256,-1,-1,-1
350,49,1432.50,0.00,38.60,131.00,0.3867,-1,-1,-1
350,16,709.10,138.90,80.20,95.20,0.5591,-1,-1,-1
350,7,992.90,47.70,55.80,166.10,0.5566,-1,-1,-1
