1,1,1566.00,795.00,354.00,279.00,0.9346,-1,-1,-1
1,58,879.00,396.00,189.00,504.00,0.9038,-1,-1,-1
1,24,1714.50,189.80,135.00,201.00,0.8867,-1,-1,-1
1,2,366.90,154.10,40.30,148.10,0.8169,-1,-1,-1
1,36,1070.20,351.80,136.60,456.00,0.7974,-1,-1,-1
1,3,984.00,185.60,105.00,186.00,0.7949,-1,-1,-1
1,4,1539.00,140.20,78.00,188.30,0.7710,-1,-1,-1
1,5,1347.00,145.80,84.00,182.30,0.7256,-1,-1,-1
1,6,433.50,246.00,67.50,90.80,0.7212,-1,-1,-1
1,7,1188.00,126.90,66.00,163.50,0.7192,-1,-1,-1
1,8,1265.20,125.10,70.60,163.50,0.7041,-1,-1,-1
1,9,501.40,233.20,67.50,89.70,0.6934,-1,-1,-1
1,10,1459.50,142.10,69.00,165.00,0.6567,-1,-1,-1
1,11,926.20,148.10,46.60,171.80,0.6440,-1,-1,-1
1,12,1665.00,171.40,90.00,169.80,0.6133,-1,-1,-1
1,33,1644.00,143.80,60.00,161.30,0.5649,-1,-1,-1
1,13,1432.50,139.90,45.00,147.70,0.5264,-1,-1,-1
1,14,735.80,206.40,63.00,70.50,0.4590,-1,-1,-1
1,55,950.20,130.50,58.60,186.70,0.4590,-1,-1,-1
1,27,1327.50,138.20,51.00,144.70,0.4331,-1,-1,-1
1,15,129.80,142.70,48.50,132.40,0.4158,-1,-1,-1
1,16,711.80,117.60,34.40,108.20,0.3286,-1,-1,-1
1,17,1050.00,105.80,48.00,126.30,0.3132,-1,-1,-1
1,18,685.10,118.30,33.00,102.90,0.3108,-1,-1,-1
1,19,762.40,112.10,26.60,107.10,0.2651,-1,-1,-1
2,1,1566.80,723.40,353.20,350.60,0.4932,-1,-1,-1
2,58,899.80,360.70,173.40,462.50,0.8584,-1,-1,-1
2,2,367.60,154.40,40.20,147.80,0.8135,-1,-1,-1
2,3,949.30,192.10,104.10,185.40,0.7847,-1,-1,-1
2,4,1514.80,135.80,76.90,185.50,0.5918,-1,-1,-1
2,5,1355.90,132.10,72.70,158.90,0.6782,-1,-1,-1
2,6,433.30,245.70,67.90,91.40,0.7598,-1,-1,-1
2,7,1168.30,123.50,63.70,158.00,0.7441,-1,-1,-1
2,8,1256.80,126.00,66.60,154.30,0.5830,-1,-1,-1
2,9,501.20,233.60,67.20,89.30,0.6699,-1,-1,-1
2,10,1449.80,138.50,67.60,162.40,0.5283,-1,-1,-1
2,11,926.20,153.70,45.30,166.80,0.5166,-1,-1,-1
2,12,1643.00,184.10,102.80,193.90,0.7378,-1,-1,-1
2,13,1421.90,138.70,44.00,144.40,0.6436,-1,-1,-1
2,14,736.20,206.80,62.80,70.10,0.5215,-1,-1,-1
2,27,1315.60,143.60,59.20,167.80,0.6406,-1,-1,-1
2,15,129.30,142.90,50.00,136.60,0.7500,-1,-1,-1
2,16,713.10,117.20,34.50,108.20,0.3459,-1,-1,-1
2,17,1047.80,105.80,48.50,128.00,0.4387,-1,-1,-1
2,18,685.80,118.10,33.00,103.10,0.3389,-1,-1,-1
2,19,762.40,112.30,26.30,105.60,0.2415,-1,-1,-1
3,1,1475.90,598.60,444.10,474.30,0.9229,-1,-1,-1
3,2,382.30,154.70,40.10,145.50,0.6860,-1,-1,-1
3,3,973.10,192.10,119.40,214.80,0.8950,-1,-1,-1
3,4,1486.40,134.10,75.90,183.10,0.8262,-1,-1,-1
3,5,1351.90,129.00,68.20,150.90,0.5029,-1,-1,-1
3,6,435.60,246.20,67.30,90.30,0.7153,-1,-1,-1
3,7,1145.80,120.60,61.30,152.20,0.6558,-1,-1,-1
3,8,1265.40,131.60,72.20,167.80,0.7529,-1,-1,-1
3,9,501.80,233.00,67.00,89.30,0.5547,-1,-1,-1
3,10,1433.40,133.40,66.20,159.70,0.6060,-1,-1,-1
3,11,914.40,188.90,53.30,195.30,0.6982,-1,-1,-1
3,12,1664.70,168.40,89.20,169.70,0.6689,-1,-1,-1
3,13,1413.70,135.90,42.50,139.90,0.3701,-1,-1,-1
3,14,736.10,206.80,62.50,69.80,0.5371,-1,-1,-1
3,15,129.20,142.60,50.40,137.60,0.7910,-1,-1,-1
3,16,713.50,117.00,34.60,108.50,0.3999,-1,-1,-1
3,17,1040.40,104.20,47.50,125.80,0.4922,-1,-1,-1
3,18,686.30,117.40,32.80,103.00,0.3320,-1,-1,-1
3,19,762.90,112.00,26.40,106.00,0.2274,-1,-1,-1
3,21,1590.50,170.30,87.80,180.80,0.8159,-1,-1,-1
3,55,958.20,126.80,59.20,188.70,0.4243,-1,-1,-1
4,1,1379.40,607.80,540.60,466.10,0.9316,-1,-1,-1
4,2,394.90,154.30,40.30,143.80,0.7725,-1,-1,-1
4,3,939.60,196.00,126.70,230.60,0.8916,-1,-1,-1
4,4,1464.50,131.90,75.10,181.20,0.7441,-1,-1,-1
4,5,1345.80,127.50,65.00,145.20,0.6479,-1,-1,-1
4,6,434.80,247.80,66.20,88.90,0.7456,-1,-1,-1
4,7,1133.60,116.80,58.30,146.00,0.6094,-1,-1,-1
4,8,1251.70,128.30,71.20,167.60,0.7114,-1,-1,-1
4,9,498.30,232.90,67.60,89.80,0.6699,-1,-1,-1
4,10,1414.10,130.10,64.70,157.70,0.4756,-1,-1,-1
4,12,1656.60,159.50,84.00,161.80,0.6216,-1,-1,-1
4,13,1404.60,131.10,42.80,141.40,0.1896,-1,-1,-1
4,14,736.00,207.00,62.50,69.70,0.4639,-1,-1,-1
4,15,129.00,142.80,50.20,137.30,0.7910,-1,-1,-1
4,16,712.60,114.10,35.60,111.00,0.4141,-1,-1,-1
4,17,1038.70,103.20,45.90,122.10,0.6943,-1,-1,-1
4,18,686.30,116.70,32.90,103.70,0.3960,-1,-1,-1
4,19,762.40,112.40,26.60,107.20,0.2379,-1,-1,-1
4,21,1606.10,164.70,81.00,167.90,0.6841,-1,-1,-1
4,24,1731.30,177.60,130.00,197.40,0.7471,-1,-1,-1
4,27,1304.70,114.80,58.30,165.80,0.6689,-1,-1,-1
5,1,1451.20,535.70,468.80,538.30,0.9302,-1,-1,-1
5,2,420.30,153.50,40.80,144.30,0.7178,-1,-1,-1
5,4,1451.30,129.50,73.70,177.20,0.7598,-1,-1,-1
5,5,1338.00,123.80,62.70,141.90,0.7378,-1,-1,-1
5,6,434.10,246.50,67.20,90.30,0.6724,-1,-1,-1
5,7,1123.10,125.40,59.00,147.70,0.7256,-1,-1,-1
5,8,1225.50,118.10,71.40,169.50,0.7178,-1,-1,-1
5,9,499.00,232.40,67.30,89.50,0.6655,-1,-1,-1
5,10,1400.10,127.50,63.20,155.40,0.5962,-1,-1,-1
5,14,733.50,206.50,63.10,70.80,0.3425,-1,-1,-1
5,15,129.20,143.00,50.00,137.10,0.7695,-1,-1,-1
5,16,711.60,114.40,35.70,110.90,0.3557,-1,-1,-1
5,17,1040.00,103.00,44.60,118.90,0.4912,-1,-1,-1
5,18,685.80,116.80,33.00,104.30,0.3496,-1,-1,-1
5,19,763.20,111.20,26.60,107.70,0.1807,-1,-1,-1
5,21,1594.40,151.80,79.10,165.20,0.6567,-1,-1,-1
5,69,1846.10,157.10,73.90,212.60,0.7441,-1,-1,-1
5,24,1758.50,176.50,119.00,182.90,0.7695,-1,-1,-1
5,27,1298.20,120.00,53.00,150.50,0.6733,-1,-1,-1
5,33,1652.70,154.80,60.10,160.60,0.6582,-1,-1,-1
5,11,886.50,207.10,66.80,240.50,0.9043,-1,-1,-1
5,55,945.30,125.80,58.30,187.80,0.4863,-1,-1,-1
6,4,1434.50,130.60,69.50,168.70,0.5254,-1,-1,-1
6,5,1332.80,120.40,61.30,140.40,0.7241,-1,-1,-1
6,6,433.70,244.60,68.40,91.90,0.6943,-1,-1,-1
6,7,1115.50,114.00,53.50,134.40,0.5156,-1,-1,-1
6,8,1203.10,116.00,66.80,160.20,0.6699,-1,-1,-1
6,9,499.60,232.40,67.70,89.80,0.6626,-1,-1,-1
6,10,1393.30,125.90,60.90,151.00,0.6782,-1,-1,-1
6,15,130.20,142.80,49.80,137.30,0.7656,-1,-1,-1
6,16,711.40,116.50,35.30,109.40,0.3877,-1,-1,-1
6,17,1048.60,101.70,43.40,116.80,0.4893,-1,-1,-1
6,18,685.20,117.10,32.70,103.80,0.3416,-1,-1,-1
6,19,762.30,111.00,26.80,108.50,0.2458,-1,-1,-1
6,21,1585.60,143.50,79.70,168.20,0.7231,-1,-1,-1
6,24,1745.70,176.90,126.10,195.40,0.8452,-1,-1,-1
6,27,1288.90,119.50,50.70,142.60,0.6646,-1,-1,-1
6,37,156.30,429.80,221.60,547.30,0.8931,-1,-1,-1
6,81,1728.30,176.20,52.20,160.80,0.6504,-1,-1,-1
6,63,1167.30,110.40,38.40,139.40,0.6895,-1,-1,-1
6,33,1643.60,156.20,57.40,155.00,0.1561,-1,-1,-1
6,55,943.60,126.00,57.90,188.10,0.5806,-1,-1,-1
6,36,1101.20,399.50,154.00,503.80,0.9224,-1,-1,-1
6,12,1651.80,164.30,91.80,180.20,0.7583,-1,-1,-1
7,4,1436.50,144.60,67.90,165.00,0.7793,-1,-1,-1
7,5,1328.30,118.80,59.50,137.90,0.8013,-1,-1,-1
7,6,434.00,244.90,68.00,91.50,0.7988,-1,-1,-1
7,7,1109.30,108.70,49.80,125.90,0.6582,-1,-1,-1
7,9,500.90,232.50,67.80,90.00,0.7471,-1,-1,-1
7,10,1388.80,120.90,60.60,151.30,0.7363,-1,-1,-1
7,15,130.40,142.60,49.60,137.60,0.8037,-1,-1,-1
7,16,710.90,114.70,36.10,110.80,0.4941,-1,-1,-1
7,17,1031.40,125.40,53.30,139.60,0.8452,-1,-1,-1
7,18,685.80,117.00,32.60,103.90,0.4805,-1,-1,-1
7,19,761.40,111.70,26.30,106.80,0.2487,-1,-1,-1
7,21,1576.40,140.90,79.80,169.30,0.5962,-1,-1,-1
7,27,1281.70,126.50,45.90,129.40,0.7148,-1,-1,-1
7,81,1708.60,177.20,63.10,193.30,0.8262,-1,-1,-1
7,63,1176.90,114.40,40.60,146.40,0.6494,-1,-1,-1
7,33,1623.00,160.50,65.80,177.00,0.7241,-1,-1,-1
7,55,942.60,124.90,57.70,189.10,0.7529,-1,-1,-1
7,42,1548.00,138.40,54.00,162.30,0.6982,-1,-1,-1
7,39,903.60,153.50,54.00,168.30,0.5688,-1,-1,-1
7,12,1651.60,168.80,85.90,172.10,0.6177,-1,-1,-1
7,58,881.60,414.60,196.80,515.40,0.9326,-1,-1,-1
8,4,1409.20,148.80,65.20,158.30,0.6768,-1,-1,-1
8,5,1325.60,118.60,56.50,132.90,0.7695,-1,-1,-1
8,6,434.20,245.20,67.60,91.00,0.7598,-1,-1,-1
8,7,1106.40,102.40,48.30,123.00,0.5527,-1,-1,-1
8,9,494.50,232.70,67.10,90.60,0.5059,-1,-1,-1
8,10,1382.70,118.50,57.90,146.70,0.3337,-1,-1,-1
8,15,128.20,142.50,49.60,137.50,0.8218,-1,-1,-1
8,16,711.20,117.20,35.40,108.20,0.5566,-1,-1,-1
8,18,686.40,117.20,32.20,103.00,0.5352,-1,-1,-1
8,19,760.40,111.20,26.30,106.90,0.2153,-1,-1,-1
8,21,1556.70,150.40,81.60,173.10,0.7153,-1,-1,-1
8,27,1278.50,123.90,44.70,125.40,0.6538,-1,-1,-1
8,63,1188.90,105.60,37.10,133.40,0.4148,-1,-1,-1
8,33,1613.30,166.80,62.50,169.60,0.4561,-1,-1,-1
8,55,940.40,123.50,57.40,190.50,0.6377,-1,-1,-1
8,42,1548.10,144.60,51.50,155.10,0.5850,-1,-1,-1
8,39,896.10,153.80,54.20,169.00,0.5757,-1,-1,-1
8,12,1637.70,169.00,92.80,185.80,0.8159,-1,-1,-1
8,20,487.50,157.00,48.30,130.90,0.5630,-1,-1,-1
8,14,735.20,205.90,63.20,70.90,0.6909,-1,-1,-1
8,69,1858.00,138.20,62.00,201.40,0.7104,-1,-1,-1
9,5,1325.40,113.90,55.70,132.40,0.8330,-1,-1,-1
9,7,1102.70,96.00,46.60,121.20,0.1884,-1,-1,-1
9,9,496.80,230.50,66.30,92.30,0.2487,-1,-1,-1
9,10,1371.60,132.90,60.30,155.40,0.7612,-1,-1,-1
9,15,126.90,143.10,49.50,136.90,0.8193,-1,-1,-1
9,16,711.70,117.50,35.50,107.90,0.6074,-1,-1,-1
9,18,687.00,117.20,32.00,102.80,0.5195,-1,-1,-1
9,19,761.40,112.80,25.80,105.10,0.2637,-1,-1,-1
9,21,1565.00,158.50,76.70,167.20,0.5869,-1,-1,-1
9,27,1274.80,122.60,43.60,122.60,0.7500,-1,-1,-1
9,33,1613.40,166.40,66.20,181.00,0.7017,-1,-1,-1
9,55,942.80,123.60,57.20,190.80,0.6196,-1,-1,-1
9,42,1523.30,153.10,57.40,171.20,0.8013,-1,-1,-1
9,39,901.60,151.50,54.60,171.20,0.6069,-1,-1,-1
9,56,1437.50,122.10,65.00,166.80,0.6978,-1,-1,-1
9,14,735.30,205.90,63.60,71.10,0.6860,-1,-1,-1
9,69,1845.40,134.00,74.60,207.00,0.6665,-1,-1,-1
9,2,478.40,161.10,35.90,121.10,0.6030,-1,-1,-1
10,5,1323.10,115.70,53.00,127.50,0.6655,-1,-1,-1
10,7,1094.20,97.90,40.30,106.90,0.1105,-1,-1,-1
10,9,500.20,232.50,65.50,90.90,0.6978,-1,-1,-1
10,10,1355.40,138.10,59.10,152.80,0.8037,-1,-1,-1
10,15,128.40,143.40,49.30,136.70,0.8125,-1,-1,-1
10,16,711.90,115.40,36.50,109.80,0.5449,-1,-1,-1
10,18,687.00,117.30,31.80,103.00,0.4961,-1,-1,-1
10,19,762.60,112.50,25.90,105.50,0.2949,-1,-1,-1
10,21,1570.70,159.50,78.80,174.30,0.7847,-1,-1,-1
10,27,1271.70,117.00,44.40,124.60,0.6768,-1,-1,-1
10,55,944.60,123.90,56.60,191.20,0.6919,-1,-1,-1
10,39,908.70,156.70,53.30,166.90,0.6533,-1,-1,-1
10,56,1435.90,123.80,61.10,156.90,0.6714,-1,-1,-1
10,14,735.60,206.40,63.20,70.70,0.6582,-1,-1,-1
10,69,1837.00,137.40,75.30,192.00,0.4619,-1,-1,-1
10,76,1023.80,111.20,24.50,87.90,0.4207,-1,-1,-1
10,77,1649.60,164.00,47.60,148.90,0.4272,-1,-1,-1
10,37,186.40,500.90,230.60,571.90,0.9297,-1,-1,-1
10,20,467.50,163.60,50.30,135.80,0.7378,-1,-1,-1
11,9,502.20,233.00,64.90,89.80,0.7612,-1,-1,-1
11,10,1333.70,136.10,57.30,149.40,0.5957,-1,-1,-1
11,15,129.00,143.70,49.10,136.40,0.7925,-1,-1,-1
11,16,711.30,113.90,37.20,111.40,0.5059,-1,-1,-1
11,18,687.00,117.30,31.60,102.70,0.5698,-1,-1,-1
11,19,763.60,111.90,25.90,106.00,0.3201,-1,-1,-1
11,21,1551.30,160.00,76.60,172.10,0.7515,-1,-1,-1
11,27,1272.80,107.90,45.80,128.90,0.7319,-1,-1,-1
11,55,947.80,128.50,54.30,186.00,0.6226,-1,-1,-1
11,39,912.10,157.30,52.90,165.90,0.5859,-1,-1,-1
11,56,1421.80,122.70,71.30,182.90,0.6021,-1,-1,-1
11,14,735.50,205.80,63.50,71.00,0.5547,-1,-1,-1
11,69,1849.40,139.40,70.60,208.20,0.7988,-1,-1,-1
11,76,1023.30,110.50,25.00,88.90,0.3950,-1,-1,-1
11,77,1647.30,162.00,48.50,150.60,0.3201,-1,-1,-1
11,80,1106.00,101.10,41.60,130.30,0.6152,-1,-1,-1
11,20,455.10,166.80,41.80,109.40,0.7026,-1,-1,-1
11,24,1776.50,185.40,117.90,190.40,0.7192,-1,-1,-1
11,4,1374.30,124.00,55.50,135.30,0.6226,-1,-1,-1
11,6,434.00,245.20,68.00,91.40,0.7192,-1,-1,-1
11,42,1508.90,159.90,53.50,159.60,0.6807,-1,-1,-1
12,9,503.00,233.20,64.50,88.90,0.7471,-1,-1,-1
12,10,1316.00,132.20,55.70,144.80,0.7686,-1,-1,-1
12,15,129.20,143.80,48.90,136.20,0.8228,-1,-1,-1
12,16,711.40,115.50,36.80,109.70,0.5098,-1,-1,-1
12,18,686.30,117.30,31.50,102.60,0.5391,-1,-1,-1
12,21,1538.60,158.00,74.50,171.30,0.7363,-1,-1,-1
12,27,1274.90,109.70,43.30,122.90,0.6968,-1,-1,-1
12,55,947.00,126.10,53.60,187.90,0.4233,-1,-1,-1
12,39,916.80,159.60,51.90,163.20,0.5962,-1,-1,-1
12,56,1426.00,118.60,65.00,166.50,0.6084,-1,-1,-1
12,14,713.90,164.10,117.80,138.10,0.8574,-1,-1,-1
12,69,1841.80,144.80,78.20,209.90,0.8677,-1,-1,-1
12,76,1022.60,110.80,25.10,88.60,0.4341,-1,-1,-1
12,77,1639.60,161.70,48.70,151.00,0.4475,-1,-1,-1
12,80,1100.00,101.90,39.20,122.40,0.6011,-1,-1,-1
12,82,1587.30,155.90,54.60,156.20,0.4961,-1,-1,-1
12,83,1136.50,99.40,32.50,115.30,0.3989,-1,-1,-1
12,84,1062.70,106.50,22.60,88.00,0.3496,-1,-1,-1
12,6,433.50,245.00,68.00,91.40,0.7217,-1,-1,-1
12,42,1479.40,157.40,53.60,155.40,0.7769,-1,-1,-1
13,9,503.60,233.90,64.20,88.30,0.7778,-1,-1,-1
13,10,1298.60,128.50,53.60,140.10,0.7256,-1,-1,-1
13,15,129.00,143.90,48.90,136.10,0.8330,-1,-1,-1
13,18,685.60,117.10,29.70,95.90,0.1427,-1,-1,-1
13,21,1516.90,159.50,72.00,164.70,0.7925,-1,-1,-1
13,27,1278.60,115.40,39.20,112.60,0.3630,-1,-1,-1
13,55,948.70,146.30,47.30,167.50,0.5718,-1,-1,-1
13,39,920.00,156.50,52.40,166.00,0.6836,-1,-1,-1
13,56,1427.80,140.40,61.30,157.00,0.4785,-1,-1,-1
13,76,1022.30,110.90,25.30,88.30,0.4658,-1,-1,-1
13,77,1642.20,158.00,50.00,154.40,0.6748,-1,-1,-1
13,80,1098.30,101.60,37.90,118.40,0.6611,-1,-1,-1
13,82,1580.00,155.70,54.40,155.50,0.7583,-1,-1,-1
13,83,1135.00,98.80,30.80,109.20,0.5928,-1,-1,-1
13,84,1064.10,106.20,23.30,90.40,0.3850,-1,-1,-1
13,6,433.60,244.50,68.40,92.00,0.7598,-1,-1,-1
13,81,1694.00,193.10,57.60,172.40,0.8013,-1,-1,-1
13,19,762.40,109.70,26.70,109.00,0.3630,-1,-1,-1
13,20,432.80,168.10,46.70,121.70,0.6592,-1,-1,-1
13,24,1786.60,163.00,119.20,197.40,0.8945,-1,-1,-1
13,4,1345.50,132.80,63.80,156.20,0.8159,-1,-1,-1
14,9,503.00,234.50,64.30,87.90,0.7754,-1,-1,-1
14,10,1283.20,125.40,51.70,135.90,0.7754,-1,-1,-1
14,15,129.10,143.90,49.00,136.30,0.8286,-1,-1,-1
14,18,686.00,117.90,30.90,99.80,0.4514,-1,-1,-1
14,21,1493.00,154.50,68.70,160.90,0.7847,-1,-1,-1
14,55,949.90,149.30,46.00,164.50,0.4697,-1,-1,-1
14,39,922.50,154.10,52.70,167.50,0.6250,-1,-1,-1
14,56,1430.70,121.20,60.10,152.90,0.1144,-1,-1,-1
14,76,1021.00,111.20,25.70,88.50,0.4456,-1,-1,-1
14,80,1097.70,103.70,35.90,111.60,0.5352,-1,-1,-1
14,82,1574.70,153.10,55.40,157.90,0.7568,-1,-1,-1
14,83,1133.00,94.20,30.90,109.20,0.3774,-1,-1,-1
14,84,1065.00,105.80,23.70,91.10,0.3667,-1,-1,-1
14,6,433.70,244.70,68.50,92.20,0.7485,-1,-1,-1
14,89,1724.50,133.50,72.40,174.20,0.8062,-1,-1,-1
14,90,736.80,206.00,61.50,70.50,0.6689,-1,-1,-1
14,19,762.30,110.50,26.40,108.70,0.3032,-1,-1,-1
14,20,426.50,167.90,48.70,128.30,0.7104,-1,-1,-1
14,24,1774.80,158.20,116.00,196.80,0.8916,-1,-1,-1
14,4,1320.10,132.60,64.20,160.20,0.7739,-1,-1,-1
14,36,1174.50,349.50,128.40,396.00,0.9038,-1,-1,-1
14,12,1628.20,180.70,85.10,171.20,0.7939,-1,-1,-1
14,16,711.90,119.40,35.80,106.10,0.6094,-1,-1,-1
15,9,502.50,234.70,64.90,88.30,0.7686,-1,-1,-1
15,10,1266.30,123.60,48.40,129.50,0.6567,-1,-1,-1
15,15,128.90,144.00,48.90,136.20,0.8442,-1,-1,-1
15,18,686.60,117.80,31.40,101.90,0.5293,-1,-1,-1
15,55,954.70,132.60,52.20,181.40,0.6167,-1,-1,-1
15,39,922.20,156.50,51.90,166.00,0.5796,-1,-1,-1
15,76,1019.40,111.80,26.00,87.50,0.4746,-1,-1,-1
15,80,1096.00,102.90,34.10,106.10,0.5449,-1,-1,-1
15,82,1569.10,153.60,55.10,156.10,0.5449,-1,-1,-1
15,83,1126.20,93.40,31.00,109.00,0.4226,-1,-1,-1
15,84,1063.30,106.00,23.30,89.40,0.3738,-1,-1,-1
15,6,434.30,245.00,67.40,90.80,0.7241,-1,-1,-1
15,89,1707.20,130.60,71.00,171.00,0.7256,-1,-1,-1
15,90,736.50,206.20,61.70,70.50,0.7051,-1,-1,-1
15,19,761.40,111.50,26.20,107.20,0.3523,-1,-1,-1
15,20,415.30,168.90,56.60,149.20,0.8013,-1,-1,-1
15,24,1764.50,153.00,110.70,192.60,0.8838,-1,-1,-1
15,4,1294.80,126.80,63.90,162.10,0.7500,-1,-1,-1
15,3,1544.60,143.80,47.60,155.90,0.6094,-1,-1,-1
15,16,712.10,119.90,35.80,105.50,0.6187,-1,-1,-1
15,13,1334.80,108.60,36.40,118.40,0.5352,-1,-1,-1
15,33,1594.90,181.00,58.60,160.60,0.7949,-1,-1,-1
15,2,559.20,145.70,56.10,188.30,0.7832,-1,-1,-1
15,42,1456.10,146.90,55.00,156.90,0.8125,-1,-1,-1
15,77,1645.80,146.80,53.20,164.20,0.7422,-1,-1,-1
16,9,467.20,175.70,111.90,159.40,0.8574,-1,-1,-1
16,10,1254.50,121.80,47.60,130.30,0.1639,-1,-1,-1
16,15,128.40,144.20,48.60,135.90,0.8433,-1,-1,-1
16,18,686.80,117.50,31.60,103.50,0.5049,-1,-1,-1
16,55,948.80,126.90,53.00,187.40,0.1830,-1,-1,-1
16,39,924.30,135.70,58.10,185.60,0.5708,-1,-1,-1
16,76,1018.30,111.90,26.20,86.40,0.5488,-1,-1,-1
16,80,1099.00,102.30,33.30,103.70,0.3811,-1,-1,-1
16,82,1553.80,166.10,56.10,156.00,0.7871,-1,-1,-1
16,83,1125.40,101.60,28.40,98.90,0.2323,-1,-1,-1
16,84,1063.10,106.60,22.40,86.10,0.1246,-1,-1,-1
16,6,436.30,245.50,67.90,90.50,0.5566,-1,-1,-1
16,89,1691.00,129.70,67.50,163.00,0.7422,-1,-1,-1
16,90,736.10,206.50,61.70,70.50,0.6870,-1,-1,-1
16,19,760.40,110.80,26.40,107.30,0.4727,-1,-1,-1
16,20,407.70,168.10,61.10,159.40,0.8296,-1,-1,-1
16,24,1748.50,147.10,104.70,185.90,0.8901,-1,-1,-1
16,4,1269.60,124.90,61.60,157.30,0.6040,-1,-1,-1
16,16,711.70,119.10,36.30,106.50,0.6206,-1,-1,-1
16,93,1403.50,114.90,46.60,139.80,0.7485,-1,-1,-1
16,13,1329.20,104.10,34.10,108.80,0.1619,-1,-1,-1
16,42,1441.40,140.70,53.90,154.80,0.6802,-1,-1,-1
16,77,1645.60,147.80,53.80,164.10,0.7217,-1,-1,-1
16,58,837.90,378.60,163.70,426.30,0.9072,-1,-1,-1
17,9,483.80,204.20,88.70,125.00,0.6929,-1,-1,-1
17,15,128.00,144.30,48.40,135.80,0.8452,-1,-1,-1
17,18,685.80,118.70,30.90,101.20,0.4514,-1,-1,-1
17,39,931.10,127.60,60.80,190.60,0.6680,-1,-1,-1
17,76,1019.00,112.90,26.20,84.90,0.5098,-1,-1,-1
17,80,1095.30,104.80,31.80,99.40,0.5137,-1,-1,-1
17,83,1131.10,104.20,27.30,94.20,0.4534,-1,-1,-1
17,84,1062.60,106.80,22.90,88.40,0.1422,-1,-1,-1
17,89,1676.30,128.30,64.20,155.90,0.7163,-1,-1,-1
17,90,735.90,206.50,61.90,70.50,0.6953,-1,-1,-1
17,19,761.70,112.60,26.20,105.80,0.4814,-1,-1,-1
17,20,402.80,156.40,72.60,189.80,0.7583,-1,-1,-1
17,24,1738.00,141.10,99.20,180.20,0.8892,-1,-1,-1
17,4,1249.30,119.40,60.50,155.70,0.8086,-1,-1,-1
17,16,711.10,115.70,37.40,110.10,0.6187,-1,-1,-1
17,93,1389.50,111.00,46.10,138.40,0.5747,-1,-1,-1
17,13,1319.10,120.50,40.90,131.30,0.7256,-1,-1,-1
17,42,1419.20,136.40,52.70,152.00,0.7363,-1,-1,-1
17,77,1644.30,147.00,54.50,165.10,0.7393,-1,-1,-1
17,64,1066.90,117.70,34.60,94.80,0.4756,-1,-1,-1
17,3,1551.90,146.90,47.60,156.10,0.3108,-1,-1,-1
17,33,1574.90,159.70,59.20,157.60,0.7861,-1,-1,-1
18,9,495.40,222.60,73.60,102.80,0.7769,-1,-1,-1
18,15,127.90,144.30,48.20,135.70,0.8394,-1,-1,-1
18,18,685.30,118.50,30.90,100.20,0.4045,-1,-1,-1
18,39,923.70,147.50,54.50,172.70,0.5659,-1,-1,-1
18,76,1019.10,112.10,26.60,85.60,0.4475,-1,-1,-1
18,83,1127.60,109.10,26.90,90.00,0.3821,-1,-1,-1
18,84,1063.10,106.60,22.80,88.00,0.2983,-1,-1,-1
18,89,1663.40,125.00,56.50,137.90,0.3694,-1,-1,-1
18,90,736.10,206.90,61.50,70.00,0.6567,-1,-1,-1
18,19,762.00,113.00,26.30,105.80,0.4148,-1,-1,-1
18,20,394.10,162.40,68.40,176.90,0.8423,-1,-1,-1
18,24,1723.10,136.30,95.10,174.50,0.8838,-1,-1,-1
18,4,1233.10,120.60,56.80,147.30,0.6470,-1,-1,-1
18,16,710.60,112.80,38.30,113.20,0.5659,-1,-1,-1
18,93,1381.70,107.70,41.90,125.80,0.1260,-1,-1,-1
18,13,1320.10,109.60,37.80,121.10,0.6895,-1,-1,-1
18,42,1396.30,131.80,52.30,150.20,0.7500,-1,-1,-1
18,77,1639.00,146.10,54.30,166.30,0.7002,-1,-1,-1
18,64,1077.00,116.70,33.60,91.80,0.5117,-1,-1,-1
18,3,1546.90,140.60,48.60,158.00,0.7051,-1,-1,-1
18,33,1572.00,156.90,60.30,155.20,0.8037,-1,-1,-1
18,5,1288.80,128.40,53.30,134.50,0.6919,-1,-1,-1
18,69,1853.70,146.40,66.30,226.80,0.8027,-1,-1,-1
18,21,1479.10,161.10,61.10,143.90,0.6929,-1,-1,-1
18,55,952.40,125.60,54.50,190.30,0.6426,-1,-1,-1
18,6,434.10,246.20,67.80,90.70,0.7544,-1,-1,-1
19,9,499.90,229.70,67.70,93.70,0.7925,-1,-1,-1
19,15,128.40,144.40,47.90,135.70,0.8228,-1,-1,-1
19,18,684.30,118.60,31.40,100.90,0.4775,-1,-1,-1
19,39,919.10,154.20,52.70,167.90,0.5117,-1,-1,-1
19,76,1019.40,111.50,27.30,86.50,0.4131,-1,-1,-1
19,83,1122.70,111.30,26.80,89.30,0.4902,-1,-1,-1
19,84,1063.70,106.30,23.00,88.70,0.3191,-1,-1,-1
19,89,1650.10,120.20,47.20,113.10,0.1361,-1,-1,-1
19,90,735.70,206.20,62.30,70.90,0.6929,-1,-1,-1
19,19,762.10,112.30,26.50,107.30,0.4407,-1,-1,-1
19,20,373.20,162.30,65.50,167.70,0.8755,-1,-1,-1
19,24,1717.60,135.20,90.00,168.50,0.7559,-1,-1,-1
19,4,1214.30,116.70,54.20,142.90,0.7407,-1,-1,-1
19,16,710.90,116.80,36.70,108.70,0.5718,-1,-1,-1
19,93,1366.40,106.50,42.80,128.60,0.4619,-1,-1,-1
19,13,1318.20,104.30,36.50,114.70,0.6084,-1,-1,-1
19,42,1385.10,129.50,50.70,145.70,0.7671,-1,-1,-1
19,77,1642.70,151.10,52.90,161.40,0.3345,-1,-1,-1
19,64,1077.50,115.80,34.00,93.40,0.4253,-1,-1,-1
19,3,1543.30,140.80,48.60,156.50,0.6704,-1,-1,-1
19,33,1571.40,156.10,62.00,154.30,0.7871,-1,-1,-1
19,5,1276.00,128.00,50.90,131.60,0.6953,-1,-1,-1
19,21,1472.80,160.40,57.40,137.50,0.7026,-1,-1,-1
19,55,951.90,123.80,55.60,192.80,0.6152,-1,-1,-1
19,6,433.20,246.30,68.00,91.00,0.8340,-1,-1,-1
19,37,235.30,482.80,227.40,530.60,0.9248,-1,-1,-1
20,9,501.00,231.60,66.60,91.60,0.7808,-1,-1,-1
20,15,128.70,144.80,45.90,130.20,0.5293,-1,-1,-1
20,18,685.40,117.80,31.70,102.90,0.4961,-1,-1,-1
20,39,916.70,155.40,51.50,166.20,0.5869,-1,-1,-1
20,76,1018.90,111.70,27.70,86.20,0.3999,-1,-1,-1
20,83,1124.60,113.00,27.10,88.30,0.3840,-1,-1,-1
20,84,1063.00,106.60,22.80,87.40,0.3115,-1,-1,-1
20,90,735.60,206.10,62.40,70.90,0.7065,-1,-1,-1
20,19,762.80,112.70,26.30,107.20,0.3208,-1,-1,-1
20,24,1722.80,136.60,84.40,161.00,0.7964,-1,-1,-1
20,16,712.10,118.70,35.90,106.50,0.6533,-1,-1,-1
20,93,1360.60,105.60,43.00,129.20,0.6626,-1,-1,-1
20,13,1321.30,100.60,36.20,112.90,0.7090,-1,-1,-1
20,42,1383.00,128.50,48.40,138.90,0.7334,-1,-1,-1
20,77,1640.40,157.40,51.70,154.90,0.3674,-1,-1,-1
20,64,1079.20,112.50,35.10,97.10,0.3293,-1,-1,-1
20,3,1539.60,141.90,49.20,157.10,0.7319,-1,-1,-1
20,33,1571.10,156.60,63.30,153.20,0.7939,-1,-1,-1
20,21,1467.50,150.70,56.70,138.00,0.6196,-1,-1,-1
20,55,951.70,122.90,56.00,193.80,0.6748,-1,-1,-1
20,6,432.90,246.60,67.60,90.40,0.8184,-1,-1,-1
20,27,1253.50,125.00,43.30,124.90,0.7241,-1,-1,-1
20,81,1670.60,177.10,66.30,197.30,0.7656,-1,-1,-1
20,10,1195.00,115.50,49.10,133.90,0.7104,-1,-1,-1
21,9,501.10,233.10,65.80,89.50,0.7471,-1,-1,-1
21,15,128.90,144.50,46.90,133.50,0.8271,-1,-1,-1
21,18,685.80,117.90,31.90,103.20,0.5469,-1,-1,-1
21,39,917.00,156.90,50.60,164.80,0.4785,-1,-1,-1
21,76,1019.30,112.20,27.80,85.70,0.3364,-1,-1,-1
21,83,1120.20,110.70,27.20,90.70,0.1086,-1,-1,-1
21,84,1062.70,106.70,22.80,88.10,0.2289,-1,-1,-1
21,90,735.60,206.10,62.50,70.90,0.7051,-1,-1,-1
21,19,763.50,112.70,26.30,107.80,0.2622,-1,-1,-1
21,24,1730.90,136.80,80.60,156.70,0.8574,-1,-1,-1
21,16,712.70,119.60,35.80,105.60,0.5908,-1,-1,-1
21,93,1355.10,104.40,42.50,126.70,0.6758,-1,-1,-1
21,13,1321.40,98.40,35.40,109.90,0.6167,-1,-1,-1
21,42,1382.70,126.70,46.90,134.20,0.6899,-1,-1,-1
21,77,1648.40,157.00,52.00,154.70,0.6733,-1,-1,-1
21,64,1081.30,112.70,34.30,95.60,0.4504,-1,-1,-1
21,3,1535.20,141.40,49.40,155.90,0.7900,-1,-1,-1
21,33,1569.90,161.60,60.20,147.00,0.1348,-1,-1,-1
21,21,1470.70,149.80,52.80,131.20,0.8101,-1,-1,-1
21,55,948.50,124.20,56.40,192.60,0.6870,-1,-1,-1
21,6,432.70,246.50,67.60,90.40,0.8193,-1,-1,-1
21,10,1185.00,112.90,47.50,132.60,0.6250,-1,-1,-1
21,12,1583.90,167.60,92.50,191.60,0.8037,-1,-1,-1
21,69,1853.80,160.80,66.20,202.00,0.8682,-1,-1,-1
21,5,1262.00,111.90,44.70,119.80,0.4922,-1,-1,-1
22,9,500.60,233.30,66.50,89.80,0.7822,-1,-1,-1
22,15,128.90,144.10,47.40,135.20,0.8384,-1,-1,-1
22,18,686.60,118.10,31.60,102.40,0.6060,-1,-1,-1
22,39,920.00,157.60,50.50,164.50,0.3201,-1,-1,-1
22,76,1018.10,111.70,28.50,86.50,0.4282,-1,-1,-1
22,83,1115.80,109.70,27.80,93.00,0.1376,-1,-1,-1
22,90,735.90,206.90,61.80,69.90,0.6782,-1,-1,-1
22,19,763.30,112.40,26.20,107.70,0.3523,-1,-1,-1
22,24,1742.50,129.00,82.70,162.10,0.7754,-1,-1,-1
22,16,712.40,120.60,35.30,104.70,0.6133,-1,-1,-1
22,93,1345.80,102.90,42.30,124.30,0.5537,-1,-1,-1
22,13,1318.80,99.60,34.60,106.50,0.6162,-1,-1,-1
22,42,1385.40,122.80,46.00,130.80,0.7456,-1,-1,-1
22,77,1640.20,158.60,52.10,152.40,0.6309,-1,-1,-1
22,64,1088.50,114.80,33.40,92.30,0.3167,-1,-1,-1
22,3,1537.10,153.70,56.60,177.00,0.7051,-1,-1,-1
22,21,1481.10,148.10,50.40,127.40,0.6167,-1,-1,-1
22,55,943.20,125.60,57.70,191.80,0.5146,-1,-1,-1
22,6,432.70,246.40,67.50,90.40,0.8306,-1,-1,-1
22,10,1170.20,114.50,45.00,125.90,0.4941,-1,-1,-1
22,5,1258.40,111.70,41.60,110.90,0.6333,-1,-1,-1
22,56,1439.20,106.30,47.30,122.60,0.6714,-1,-1,-1
22,82,1514.80,139.30,54.90,153.10,0.5898,-1,-1,-1
23,9,500.90,233.20,67.00,90.00,0.7910,-1,-1,-1
23,15,136.90,145.20,61.20,168.10,0.8638,-1,-1,-1
23,18,688.30,118.10,31.70,102.70,0.6299,-1,-1,-1
23,39,919.20,158.20,50.20,164.20,0.5830,-1,-1,-1
23,76,1015.60,112.00,27.90,86.50,0.1577,-1,-1,-1
23,83,1110.20,106.30,29.20,97.60,0.4912,-1,-1,-1
23,90,736.30,208.00,61.10,68.80,0.4980,-1,-1,-1
23,19,764.00,112.30,26.00,107.80,0.3757,-1,-1,-1
23,24,1758.60,132.90,73.50,145.70,0.4387,-1,-1,-1
23,16,713.70,121.10,35.30,105.00,0.5796,-1,-1,-1
23,93,1339.90,99.80,42.00,123.10,0.7422,-1,-1,-1
23,13,1316.60,98.70,34.20,105.30,0.3989,-1,-1,-1
23,42,1383.80,113.90,46.60,132.70,0.7422,-1,-1,-1
23,77,1634.80,155.00,52.80,152.90,0.7363,-1,-1,-1
23,55,948.90,126.30,56.80,190.80,0.7393,-1,-1,-1
23,6,432.70,246.40,67.50,90.40,0.8359,-1,-1,-1
23,5,1260.90,105.10,41.80,112.40,0.6738,-1,-1,-1
23,88,1212.00,119.40,33.60,114.80,0.6836,-1,-1,-1
23,102,673.70,119.30,22.40,97.30,0.3950,-1,-1,-1
23,56,1429.60,104.40,46.60,121.10,0.6582,-1,-1,-1
23,82,1492.40,148.90,61.50,170.90,0.7612,-1,-1,-1
23,4,1145.70,106.50,48.20,129.50,0.6655,-1,-1,-1
23,81,1700.60,181.70,69.00,186.40,0.8564,-1,-1,-1
23,84,1061.20,115.00,23.30,87.60,0.5449,-1,-1,-1
23,33,1558.20,157.90,60.00,148.50,0.6792,-1,-1,-1
24,9,500.90,233.20,67.30,89.90,0.8027,-1,-1,-1
24,15,132.50,144.90,54.10,149.60,0.8350,-1,-1,-1
24,18,688.70,117.40,32.20,103.20,0.6353,-1,-1,-1
24,39,917.90,156.60,50.10,165.10,0.6216,-1,-1,-1
24,76,1012.30,111.50,29.50,90.90,0.1348,-1,-1,-1
24,90,737.20,210.60,58.80,65.50,0.5459,-1,-1,-1
24,19,764.20,113.10,25.50,106.10,0.4016,-1,-1,-1
24,24,1755.30,135.40,76.70,151.40,0.8013,-1,-1,-1
24,16,717.50,119.60,35.20,106.70,0.5459,-1,-1,-1
24,93,1332.00,98.80,41.90,120.90,0.6460,-1,-1,-1
24,13,1309.50,98.90,33.60,103.60,0.5068,-1,-1,-1
24,42,1384.10,112.40,44.60,127.70,0.6245,-1,-1,-1
24,77,1625.30,153.80,54.00,153.10,0.6738,-1,-1,-1
24,55,950.50,125.70,56.60,191.20,0.7500,-1,-1,-1
24,6,432.60,246.20,67.70,90.60,0.8262,-1,-1,-1
24,5,1261.10,101.80,41.30,110.90,0.5649,-1,-1,-1
24,88,1199.20,111.70,34.60,117.80,0.6426,-1,-1,-1
24,102,669.80,117.70,23.00,99.90,0.3081,-1,-1,-1
24,56,1424.40,103.20,44.50,117.50,0.4785,-1,-1,-1
24,82,1484.10,140.30,56.00,157.70,0.7031,-1,-1,-1
24,4,1126.50,105.70,46.50,125.30,0.6768,-1,-1,-1
24,84,1063.10,109.50,23.90,88.90,0.3311,-1,-1,-1
24,33,1551.70,152.20,60.50,150.90,0.7671,-1,-1,-1
25,9,501.20,232.70,67.80,90.30,0.7939,-1,-1,-1
25,15,130.20,144.50,50.70,140.90,0.8237,-1,-1,-1
25,18,688.50,116.90,33.10,104.00,0.5371,-1,-1,-1
25,39,916.20,156.30,50.40,165.70,0.6592,-1,-1,-1
25,76,1013.90,118.70,29.20,88.80,0.5059,-1,-1,-1
25,90,737.10,210.90,59.30,65.60,0.5254,-1,-1,-1
25,19,764.20,112.00,25.60,107.30,0.2983,-1,-1,-1
25,24,1754.20,136.70,77.70,152.90,0.8135,-1,-1,-1
25,16,718.70,119.80,35.00,106.80,0.5215,-1,-1,-1
25,93,1325.40,97.90,41.90,119.50,0.5698,-1,-1,-1
25,13,1304.80,98.70,33.90,103.80,0.3767,-1,-1,-1
25,42,1380.90,100.80,45.20,132.30,0.2415,-1,-1,-1
25,77,1640.90,146.40,54.30,155.60,0.7642,-1,-1,-1
25,55,950.90,125.00,55.80,191.30,0.7964,-1,-1,-1
25,6,433.10,246.40,67.70,90.50,0.8145,-1,-1,-1
25,5,1261.90,100.30,40.00,107.70,0.4397,-1,-1,-1
25,88,1190.10,107.50,34.10,116.50,0.6353,-1,-1,-1
25,102,665.40,117.80,23.60,101.60,0.2274,-1,-1,-1
25,4,1111.60,105.10,44.10,121.20,0.5205,-1,-1,-1
25,84,1063.40,107.10,24.00,89.30,0.3638,-1,-1,-1
25,33,1540.60,143.40,62.60,157.20,0.8145,-1,-1,-1
25,12,1573.00,168.00,86.80,170.40,0.8237,-1,-1,-1
25,21,1463.30,125.80,59.80,150.70,0.8442,-1,-1,-1
26,9,500.80,232.30,68.20,90.40,0.7256,-1,-1,-1
26,15,129.50,144.50,49.10,137.50,0.8252,-1,-1,-1
26,18,692.80,116.90,33.00,103.50,0.5547,-1,-1,-1
26,39,909.90,154.30,52.00,168.60,0.6665,-1,-1,-1
26,76,1017.20,114.10,28.90,87.50,0.3811,-1,-1,-1
26,90,736.00,208.60,61.70,68.20,0.5361,-1,-1,-1
26,19,763.90,114.00,25.30,105.60,0.2510,-1,-1,-1
26,24,1753.80,137.70,78.00,153.00,0.8350,-1,-1,-1
26,16,718.90,118.00,35.40,108.30,0.5640,-1,-1,-1
26,93,1325.70,96.40,41.20,117.40,0.5640,-1,-1,-1
26,13,1302.50,99.20,33.40,101.50,0.5137,-1,-1,-1
26,42,1368.70,124.90,50.90,149.50,0.6807,-1,-1,-1
26,77,1644.90,145.30,54.20,155.30,0.7544,-1,-1,-1
26,55,951.00,124.00,55.70,192.00,0.7544,-1,-1,-1
26,6,433.90,247.10,67.50,89.70,0.8135,-1,-1,-1
26,5,1261.30,100.00,38.70,104.80,0.3477,-1,-1,-1
26,88,1178.30,102.10,34.40,117.60,0.6123,-1,-1,-1
26,102,659.70,117.50,24.30,103.60,0.4785,-1,-1,-1
26,84,1064.30,106.30,24.40,89.90,0.3459,-1,-1,-1
26,12,1584.70,157.20,74.90,153.60,0.6870,-1,-1,-1
26,21,1455.20,127.30,58.50,149.70,0.8271,-1,-1,-1
26,69,1834.70,156.30,80.30,219.00,0.8315,-1,-1,-1
26,3,1532.10,162.90,53.80,166.10,0.7739,-1,-1,-1
26,10,1114.90,105.90,41.10,114.70,0.4226,-1,-1,-1
27,9,500.30,231.90,69.40,92.00,0.7456,-1,-1,-1
27,15,129.10,144.80,48.50,135.80,0.8315,-1,-1,-1
27,18,692.80,116.90,32.30,103.50,0.4648,-1,-1,-1
27,39,906.60,152.90,52.40,170.50,0.7515,-1,-1,-1
27,76,1018.40,114.00,28.90,85.50,0.2959,-1,-1,-1
27,90,736.20,208.60,61.80,68.20,0.5381,-1,-1,-1
27,19,762.40,114.60,26.00,104.90,0.1949,-1,-1,-1
27,24,1753.30,137.30,78.80,154.20,0.7778,-1,-1,-1
27,16,715.60,117.30,35.40,109.00,0.4658,-1,-1,-1
27,93,1323.60,121.50,50.30,142.90,0.8125,-1,-1,-1
27,13,1298.50,98.10,32.90,98.70,0.3943,-1,-1,-1
27,42,1368.00,115.00,44.60,130.10,0.5859,-1,-1,-1
27,77,1641.10,146.90,52.80,154.50,0.7778,-1,-1,-1
27,55,949.90,123.70,55.00,191.10,0.7598,-1,-1,-1
27,6,434.30,247.90,67.20,88.90,0.7939,-1,-1,-1
27,5,1252.50,99.70,38.40,103.00,0.4233,-1,-1,-1
27,88,1167.10,100.40,33.70,115.40,0.5459,-1,-1,-1
27,102,652.60,117.40,24.90,105.00,0.4736,-1,-1,-1
27,84,1063.60,106.30,24.60,89.80,0.3025,-1,-1,-1
27,12,1580.00,152.30,71.00,149.00,0.7949,-1,-1,-1
27,21,1450.50,129.80,55.40,146.00,0.7363,-1,-1,-1
27,69,1820.40,163.90,84.20,225.00,0.7407,-1,-1,-1
27,56,1420.00,95.40,42.70,114.30,0.4717,-1,-1,-1
27,82,1473.50,153.40,57.90,157.50,0.8169,-1,-1,-1
27,33,1529.60,148.40,56.90,146.40,0.7129,-1,-1,-1
28,9,499.70,231.80,69.30,91.50,0.7305,-1,-1,-1
28,15,128.70,144.80,48.10,135.30,0.8330,-1,-1,-1
28,18,690.60,117.20,31.90,102.90,0.5352,-1,-1,-1
28,39,905.70,151.70,52.00,170.90,0.5361,-1,-1,-1
28,76,1018.50,112.70,29.60,86.40,0.4717,-1,-1,-1
28,90,736.20,208.30,62.00,68.20,0.5508,-1,-1,-1
28,19,760.90,113.90,27.10,104.60,0.3311,-1,-1,-1
28,16,713.50,119.00,35.00,108.20,0.5581,-1,-1,-1
28,93,1309.10,136.30,51.50,140.10,0.7349,-1,-1,-1
28,13,1298.40,96.00,29.30,84.10,0.1268,-1,-1,-1
28,42,1363.20,102.70,43.10,126.00,0.3774,-1,-1,-1
28,77,1629.10,146.00,51.50,150.80,0.8110,-1,-1,-1
28,55,941.80,122.00,54.10,191.20,0.4795,-1,-1,-1
28,6,433.90,248.20,67.20,88.60,0.8159,-1,-1,-1
28,88,1156.10,99.60,32.70,111.80,0.6323,-1,-1,-1
28,102,643.90,119.90,25.00,103.40,0.5547,-1,-1,-1
28,84,1063.60,106.60,24.20,87.90,0.3540,-1,-1,-1
28,12,1574.80,148.90,68.90,147.50,0.7988,-1,-1,-1
28,21,1443.70,141.90,56.80,150.60,0.8037,-1,-1,-1
28,33,1523.00,144.50,56.50,146.00,0.7925,-1,-1,-1
28,64,1107.00,100.10,38.90,108.00,0.3850,-1,-1,-1
28,81,1738.30,182.00,85.60,211.80,0.8218,-1,-1,-1
29,9,499.60,231.70,69.40,91.70,0.7114,-1,-1,-1
29,15,129.40,144.70,47.80,135.20,0.7964,-1,-1,-1
29,18,691.10,116.30,32.00,103.40,0.5601,-1,-1,-1
29,39,907.60,150.80,52.30,172.10,0.7080,-1,-1,-1
29,76,1018.50,111.30,29.90,86.90,0.3960,-1,-1,-1
29,90,737.50,211.50,59.50,64.70,0.4358,-1,-1,-1
29,19,758.50,113.10,28.20,105.50,0.2089,-1,-1,-1
29,16,715.90,118.50,35.00,108.70,0.6021,-1,-1,-1
29,13,1296.70,89.90,27.70,78.50,0.1289,-1,-1,-1
29,42,1355.40,103.60,40.00,115.90,0.5488,-1,-1,-1
29,77,1618.10,144.40,50.00,148.50,0.4766,-1,-1,-1
29,6,433.70,248.30,67.30,88.50,0.7710,-1,-1,-1
29,88,1145.70,105.80,29.50,101.60,0.3831,-1,-1,-1
29,102,638.50,120.20,26.20,103.80,0.5601,-1,-1,-1
29,84,1063.90,107.10,27.40,94.70,0.5156,-1,-1,-1
29,12,1569.20,147.40,67.70,147.40,0.6479,-1,-1,-1
29,33,1516.20,144.00,56.00,144.50,0.8403,-1,-1,-1
29,64,1107.20,100.40,39.00,106.20,0.5088,-1,-1,-1
29,24,1760.30,136.10,78.80,156.50,0.6494,-1,-1,-1
29,69,1822.60,157.20,82.90,209.90,0.7832,-1,-1,-1
29,82,1456.00,137.30,52.40,145.90,0.7861,-1,-1,-1
30,9,501.90,232.30,68.80,90.80,0.7832,-1,-1,-1
30,15,129.20,144.80,47.60,135.00,0.8135,-1,-1,-1
30,18,695.40,116.80,31.70,102.40,0.5410,-1,-1,-1
30,39,901.40,152.00,52.40,170.60,0.7847,-1,-1,-1
30,76,1017.10,111.70,29.80,86.70,0.4055,-1,-1,-1
30,90,736.90,210.60,60.70,65.90,0.5244,-1,-1,-1
30,19,756.00,112.50,28.60,105.10,0.2323,-1,-1,-1
30,16,718.70,118.50,34.60,108.40,0.5449,-1,-1,-1
30,13,1294.00,92.40,31.70,90.10,0.1974,-1,-1,-1
30,42,1346.30,104.10,37.50,108.90,0.3008,-1,-1,-1
30,77,1593.10,155.80,65.30,189.20,0.8423,-1,-1,-1
30,6,433.40,247.80,67.80,89.00,0.7988,-1,-1,-1
30,88,1139.20,101.90,29.00,99.80,0.4065,-1,-1,-1
30,102,636.40,120.30,26.90,104.50,0.4436,-1,-1,-1
30,84,1067.40,106.10,27.60,93.40,0.2095,-1,-1,-1
30,12,1560.70,145.50,64.30,144.70,0.5176,-1,-1,-1
30,33,1510.00,142.50,55.60,145.50,0.8125,-1,-1,-1
30,8,1247.30,124.80,54.20,144.50,0.6899,-1,-1,-1
30,7,1657.10,167.80,74.60,206.20,0.7793,-1,-1,-1
30,24,1756.90,137.60,78.60,154.80,0.2330,-1,-1,-1
30,82,1452.00,138.70,49.30,139.50,0.7686,-1,-1,-1
30,81,1756.80,173.20,81.80,203.50,0.6875,-1,-1,-1
31,9,501.90,232.30,68.80,90.90,0.6436,-1,-1,-1
31,15,129.00,145.00,47.40,134.80,0.7988,-1,-1,-1
31,18,697.20,117.20,31.20,101.10,0.2783,-1,-1,-1
31,39,898.60,150.80,53.50,171.00,0.6929,-1,-1,-1
31,76,1017.40,110.90,33.10,95.20,0.4863,-1,-1,-1
31,90,736.80,210.30,60.90,65.90,0.3721,-1,-1,-1
31,19,753.90,113.50,28.40,102.90,0.2323,-1,-1,-1
31,16,718.80,116.50,34.90,110.30,0.4678,-1,-1,-1
31,13,1293.90,89.30,33.20,95.00,0.1710,-1,-1,-1
31,6,433.30,246.90,68.40,89.90,0.7847,-1,-1,-1
31,88,1130.70,100.00,28.50,98.80,0.3477,-1,-1,-1
31,84,1064.90,105.50,27.50,92.10,0.3477,-1,-1,-1
31,12,1566.70,142.80,63.60,145.90,0.5928,-1,-1,-1
31,33,1503.00,141.40,54.30,143.40,0.6934,-1,-1,-1
31,7,1638.50,156.50,75.20,207.40,0.8403,-1,-1,-1
31,24,1762.50,140.30,76.70,152.00,0.6113,-1,-1,-1
31,82,1447.60,137.60,48.50,137.40,0.7163,-1,-1,-1
31,63,1714.80,161.40,60.00,180.70,0.7886,-1,-1,-1
31,2,814.10,117.90,56.90,176.70,0.7471,-1,-1,-1
31,27,1218.30,125.30,50.30,136.20,0.7598,-1,-1,-1
31,3,1530.70,160.30,60.40,186.80,0.7271,-1,-1,-1
31,69,1842.90,179.10,77.10,200.10,0.8252,-1,-1,-1
32,9,503.00,232.50,68.60,90.80,0.7886,-1,-1,-1
32,15,128.80,145.40,47.20,134.40,0.8076,-1,-1,-1
32,18,692.10,117.60,30.60,99.10,0.1316,-1,-1,-1
32,39,892.90,151.10,52.30,169.90,0.5972,-1,-1,-1
32,16,714.00,114.40,36.30,112.10,0.4580,-1,-1,-1
32,6,432.50,246.40,68.70,90.20,0.8145,-1,-1,-1
32,84,1062.80,106.10,26.80,90.30,0.3503,-1,-1,-1
32,12,1558.10,144.30,62.90,143.30,0.7500,-1,-1,-1
32,33,1484.10,148.90,65.80,173.00,0.8594,-1,-1,-1
32,7,1651.90,158.00,69.40,191.10,0.7349,-1,-1,-1
32,24,1756.40,136.90,78.40,155.00,0.6406,-1,-1,-1
32,82,1444.30,136.20,48.00,136.20,0.6870,-1,-1,-1
32,106,642.90,116.90,34.90,108.30,0.5293,-1,-1,-1
32,40,861.40,134.30,30.40,101.50,0.5869,-1,-1,-1
32,27,1204.00,118.80,50.70,139.10,0.7178,-1,-1,-1
32,69,1852.20,183.80,67.80,185.90,0.5815,-1,-1,-1
32,14,721.20,123.30,134.10,165.40,0.8262,-1,-1,-1
32,93,1295.60,134.20,48.90,133.50,0.7778,-1,-1,-1
32,64,1121.70,104.00,35.40,97.90,0.3989,-1,-1,-1
32,77,1600.50,155.50,66.40,193.40,0.6895,-1,-1,-1
32,81,1782.00,188.10,84.30,198.40,0.8037,-1,-1,-1
33,9,503.20,233.10,68.00,90.20,0.8003,-1,-1,-1
33,15,129.30,143.30,47.70,136.50,0.7847,-1,-1,-1
33,39,884.00,150.70,51.60,167.40,0.7485,-1,-1,-1
33,16,700.50,115.90,47.30,145.00,0.8076,-1,-1,-1
33,6,432.40,246.60,68.40,90.10,0.8369,-1,-1,-1
33,84,1061.60,106.50,26.30,89.40,0.3174,-1,-1,-1
33,12,1554.90,146.40,73.20,172.40,0.6816,-1,-1,-1
33,33,1491.60,143.50,57.90,152.60,0.7900,-1,-1,-1
33,7,1635.60,157.80,65.30,180.40,0.7778,-1,-1,-1
33,24,1765.40,136.30,70.30,138.90,0.4619,-1,-1,-1
33,82,1443.00,143.70,56.70,163.20,0.7363,-1,-1,-1
33,106,645.40,118.30,34.00,105.90,0.4331,-1,-1,-1
33,27,1184.20,117.40,49.40,134.40,0.7529,-1,-1,-1
33,11,834.40,136.40,37.00,103.70,0.6943,-1,-1,-1
33,89,1362.90,91.00,38.10,100.30,0.4026,-1,-1,-1
33,81,1812.40,194.40,76.60,180.60,0.7568,-1,-1,-1
33,8,1260.40,127.10,49.10,130.40,0.7568,-1,-1,-1
33,76,1011.20,112.20,31.20,88.50,0.5039,-1,-1,-1
33,19,751.90,112.00,29.30,104.30,0.2798,-1,-1,-1
33,63,1719.40,195.00,63.10,186.90,0.8203,-1,-1,-1
34,9,503.10,233.60,67.60,89.70,0.8145,-1,-1,-1
34,15,130.00,144.90,46.90,134.60,0.7778,-1,-1,-1
34,16,708.40,114.40,41.90,127.70,0.5488,-1,-1,-1
34,6,432.80,246.70,68.40,90.00,0.8076,-1,-1,-1
34,84,1061.20,106.30,26.00,89.30,0.2974,-1,-1,-1
34,33,1489.10,139.90,53.60,141.60,0.7754,-1,-1,-1
34,7,1648.00,183.30,66.50,180.00,0.7500,-1,-1,-1
34,24,1757.80,134.80,76.90,150.00,0.4707,-1,-1,-1
34,106,637.80,141.90,44.60,138.50,0.7407,-1,-1,-1
34,27,1166.10,114.30,48.10,130.30,0.6816,-1,-1,-1
34,89,1360.40,89.10,37.80,99.50,0.4648,-1,-1,-1
34,8,1244.30,127.10,46.00,122.40,0.7656,-1,-1,-1
34,76,1011.40,112.50,30.30,86.20,0.5518,-1,-1,-1
34,19,752.00,112.90,29.50,103.80,0.2323,-1,-1,-1
34,83,1075.50,109.80,30.30,99.30,0.3174,-1,-1,-1
34,21,1413.50,142.00,62.90,167.00,0.7847,-1,-1,-1
34,90,736.40,210.10,61.70,66.60,0.3850,-1,-1,-1
34,13,1280.20,91.90,36.20,103.50,0.4707,-1,-1,-1
34,2,853.50,146.60,56.50,162.60,0.8535,-1,-1,-1
34,3,1530.70,147.50,58.60,182.00,0.7671,-1,-1,-1
34,77,1588.00,154.00,62.90,179.60,0.7642,-1,-1,-1
35,9,504.00,234.60,67.00,88.40,0.7710,-1,-1,-1
35,15,130.30,145.30,46.70,134.10,0.7925,-1,-1,-1
35,16,713.30,115.30,38.40,117.30,0.5078,-1,-1,-1
35,6,432.50,246.50,68.40,90.20,0.8037,-1,-1,-1
35,84,1062.00,105.60,26.00,89.80,0.2480,-1,-1,-1
35,33,1489.40,140.60,60.30,164.50,0.6738,-1,-1,-1
35,24,1761.30,134.30,78.80,155.40,0.6714,-1,-1,-1
35,27,1154.00,108.60,46.90,129.00,0.6699,-1,-1,-1
35,89,1356.80,91.20,36.10,95.40,0.3577,-1,-1,-1
35,76,1010.90,112.10,30.20,86.00,0.5303,-1,-1,-1
35,19,752.10,135.60,25.60,82.50,0.1993,-1,-1,-1
35,83,1079.30,110.70,30.90,98.40,0.3867,-1,-1,-1
35,21,1394.00,140.20,60.10,163.60,0.6567,-1,-1,-1
35,90,737.60,211.60,60.30,64.70,0.2878,-1,-1,-1
35,77,1596.90,177.60,64.20,176.40,0.7153,-1,-1,-1
35,5,1211.10,112.80,47.20,126.30,0.6978,-1,-1,-1
35,69,1861.50,205.10,58.50,185.70,0.6143,-1,-1,-1
35,12,1550.00,137.50,75.00,180.50,0.5991,-1,-1,-1
35,11,825.50,144.20,54.50,153.20,0.7515,-1,-1,-1
35,63,1708.40,200.20,57.60,170.20,0.6406,-1,-1,-1
36,9,505.90,233.90,68.20,89.50,0.7217,-1,-1,-1
36,15,130.80,145.10,46.60,134.40,0.8101,-1,-1,-1
36,16,713.30,140.40,35.60,106.10,0.4167,-1,-1,-1
36,6,432.80,247.10,68.00,89.70,0.7485,-1,-1,-1
36,84,1058.30,104.50,25.10,88.80,0.1783,-1,-1,-1
36,33,1471.80,140.00,61.80,168.30,0.8296,-1,-1,-1
36,24,1756.60,134.90,79.90,156.50,0.7422,-1,-1,-1
36,27,1141.60,105.90,45.70,124.90,0.7695,-1,-1,-1
36,89,1352.90,96.40,32.20,84.80,0.1176,-1,-1,-1
36,76,1009.00,112.30,29.70,84.70,0.5234,-1,-1,-1
36,21,1371.80,136.70,58.00,159.30,0.7568,-1,-1,-1
36,90,736.00,208.80,62.90,67.60,0.4561,-1,-1,-1
36,77,1582.30,181.00,63.70,170.30,0.8159,-1,-1,-1
36,5,1197.50,112.90,46.10,123.40,0.7285,-1,-1,-1
36,11,812.10,144.40,58.30,163.50,0.8555,-1,-1,-1
36,81,1827.60,190.20,90.30,211.70,0.8682,-1,-1,-1
36,7,1657.30,192.30,60.20,161.80,0.8584,-1,-1,-1
36,8,1243.50,101.60,40.10,107.20,0.4697,-1,-1,-1
36,13,1283.60,85.90,37.00,105.20,0.4570,-1,-1,-1
36,3,1529.00,141.60,56.40,169.60,0.6738,-1,-1,-1
37,9,507.40,234.90,67.40,87.90,0.7051,-1,-1,-1
37,15,130.50,145.00,46.70,134.50,0.8218,-1,-1,-1
37,16,711.00,142.80,37.70,113.60,0.2401,-1,-1,-1
37,6,433.10,247.10,67.90,89.40,0.7793,-1,-1,-1
37,84,1058.20,112.00,25.10,86.90,0.4524,-1,-1,-1
37,33,1484.40,138.10,59.90,165.50,0.6494,-1,-1,-1
37,24,1756.20,134.20,81.30,157.60,0.7515,-1,-1,-1
37,27,1127.30,107.80,43.10,116.60,0.6836,-1,-1,-1
37,76,1008.00,111.20,30.00,85.40,0.4216,-1,-1,-1
37,21,1381.20,123.10,52.00,144.30,0.7227,-1,-1,-1
37,77,1599.80,186.40,60.30,159.80,0.8296,-1,-1,-1
37,5,1182.60,111.10,45.50,120.30,0.5850,-1,-1,-1
37,13,1281.40,85.40,36.90,103.30,0.5127,-1,-1,-1
37,40,865.90,120.00,33.40,110.60,0.6724,-1,-1,-1
37,82,1436.80,137.80,56.20,165.00,0.7612,-1,-1,-1
37,69,1873.10,202.60,46.90,181.20,0.6084,-1,-1,-1
37,12,1533.00,131.00,82.10,203.40,0.6772,-1,-1,-1
38,9,504.30,235.30,68.50,88.80,0.7256,-1,-1,-1
38,15,130.50,145.00,46.40,134.40,0.8110,-1,-1,-1
38,6,433.90,246.90,68.60,89.80,0.6870,-1,-1,-1
38,84,1061.30,108.20,26.90,92.20,0.3594,-1,-1,-1
38,33,1476.50,134.20,57.90,159.90,0.5640,-1,-1,-1
38,24,1767.10,134.00,75.60,147.90,0.3091,-1,-1,-1
38,27,1113.70,100.80,43.20,117.90,0.6621,-1,-1,-1
38,76,1008.50,111.20,29.50,85.00,0.3550,-1,-1,-1
38,21,1372.90,119.30,48.90,135.20,0.7515,-1,-1,-1
38,77,1585.50,184.60,57.90,152.70,0.7559,-1,-1,-1
38,5,1165.30,109.70,43.30,115.60,0.7334,-1,-1,-1
38,13,1275.10,84.60,36.00,101.00,0.3960,-1,-1,-1
38,20,486.40,149.30,51.70,146.10,0.8003,-1,-1,-1
38,56,678.60,146.80,44.40,115.90,0.5254,-1,-1,-1
38,82,1417.20,133.40,55.70,161.10,0.8125,-1,-1,-1
38,10,952.50,110.30,32.80,87.20,0.4417,-1,-1,-1
38,63,1719.80,187.10,76.40,219.60,0.8677,-1,-1,-1
38,89,1344.30,86.90,34.00,89.50,0.2690,-1,-1,-1
38,90,709.30,143.30,122.10,141.60,0.6187,-1,-1,-1
38,81,1828.70,186.80,87.80,206.70,0.7910,-1,-1,-1
38,3,1512.50,148.40,59.90,175.00,0.6870,-1,-1,-1
39,9,503.70,236.00,68.70,87.80,0.7241,-1,-1,-1
39,15,130.20,145.20,46.30,134.20,0.8062,-1,-1,-1
39,6,433.40,246.60,68.90,89.90,0.7202,-1,-1,-1
39,84,1062.00,106.60,26.60,91.00,0.3057,-1,-1,-1
39,33,1474.50,153.90,58.50,158.90,0.6826,-1,-1,-1
39,24,1759.70,134.90,78.30,151.30,0.4377,-1,-1,-1
39,27,1101.80,101.20,40.80,111.90,0.4893,-1,-1,-1
39,76,1006.20,115.10,27.40,81.70,0.1796,-1,-1,-1
39,21,1358.90,116.50,47.70,131.30,0.6738,-1,-1,-1
39,5,1153.90,108.20,41.70,111.60,0.6768,-1,-1,-1
39,20,479.60,150.10,51.00,143.40,0.7861,-1,-1,-1
39,82,1399.10,126.30,55.50,159.80,0.7568,-1,-1,-1
39,63,1748.60,198.10,72.90,203.90,0.7925,-1,-1,-1
39,89,1341.70,83.80,34.80,91.00,0.1002,-1,-1,-1
39,81,1821.90,218.10,98.10,299.50,0.6816,-1,-1,-1
39,93,1269.60,122.50,51.30,141.60,0.7363,-1,-1,-1
39,7,1670.90,180.10,78.90,208.40,0.8838,-1,-1,-1
39,12,1538.20,166.30,64.90,162.70,0.7832,-1,-1,-1
40,9,502.00,234.70,69.30,88.80,0.7349,-1,-1,-1
40,15,130.20,145.10,46.30,134.30,0.7988,-1,-1,-1
40,6,433.60,246.90,68.70,89.50,0.7529,-1,-1,-1
40,84,1062.30,106.20,26.30,89.80,0.3821,-1,-1,-1
40,33,1458.30,158.70,59.20,157.70,0.6362,-1,-1,-1
40,24,1759.60,135.70,80.10,155.10,0.6289,-1,-1,-1
40,27,1092.00,100.40,39.40,108.10,0.4785,-1,-1,-1
40,76,1003.50,116.60,29.30,86.30,0.4253,-1,-1,-1
40,21,1342.10,111.50,46.90,130.00,0.6309,-1,-1,-1
40,5,1142.80,106.80,40.40,108.20,0.6333,-1,-1,-1
40,20,478.70,151.80,52.00,146.20,0.7192,-1,-1,-1
40,82,1380.90,125.60,53.00,152.70,0.7100,-1,-1,-1
40,81,1795.70,240.90,124.30,329.20,0.8882,-1,-1,-1
40,67,948.60,111.60,40.80,85.00,0.3496,-1,-1,-1
40,93,1249.80,117.60,50.70,140.40,0.7900,-1,-1,-1
40,7,1688.70,191.00,75.70,196.80,0.8228,-1,-1,-1
40,16,704.00,132.10,48.70,145.00,0.6714,-1,-1,-1
40,3,1519.70,168.20,52.40,151.10,0.7939,-1,-1,-1
41,9,498.90,233.50,70.00,90.10,0.7378,-1,-1,-1
41,15,129.60,145.10,46.30,134.30,0.8306,-1,-1,-1
41,6,432.80,246.30,68.90,89.80,0.7139,-1,-1,-1
41,84,1062.20,105.50,26.70,90.90,0.5098,-1,-1,-1
41,33,1429.90,161.80,57.70,149.40,0.7285,-1,-1,-1
41,24,1756.70,131.70,82.60,158.70,0.7583,-1,-1,-1
41,27,1084.00,104.50,37.50,102.10,0.3647,-1,-1,-1
41,21,1329.10,107.60,46.00,129.00,0.6030,-1,-1,-1
41,5,1137.10,106.20,38.70,103.20,0.6333,-1,-1,-1
41,20,480.40,153.50,48.70,136.60,0.6387,-1,-1,-1
41,82,1359.10,121.50,52.30,150.50,0.7686,-1,-1,-1
41,67,948.60,111.70,40.80,84.80,0.5107,-1,-1,-1
41,8,1639.10,189.10,80.60,178.70,0.7612,-1,-1,-1
41,80,650.70,119.60,32.70,104.40,0.4331,-1,-1,-1
41,16,698.80,127.40,52.10,155.50,0.6558,-1,-1,-1
41,3,1499.30,170.10,51.30,143.10,0.8003,-1,-1,-1
41,102,571.30,149.30,34.70,129.90,0.6899,-1,-1,-1
41,77,1579.10,183.60,67.20,176.10,0.8413,-1,-1,-1
42,9,497.50,232.80,70.20,90.60,0.6450,-1,-1,-1
42,15,129.20,145.20,46.20,134.00,0.8286,-1,-1,-1
42,6,432.60,246.30,68.90,90.00,0.7871,-1,-1,-1
42,84,1061.20,105.10,26.70,90.60,0.4456,-1,-1,-1
42,24,1755.80,133.50,83.10,158.30,0.7808,-1,-1,-1
42,27,1078.10,109.40,35.60,97.70,0.5669,-1,-1,-1
42,21,1325.90,114.30,49.40,140.50,0.7114,-1,-1,-1
42,5,1130.10,105.10,37.50,99.60,0.5322,-1,-1,-1
42,20,481.10,153.00,45.40,125.30,0.6577,-1,-1,-1
42,80,651.80,116.60,33.50,106.60,0.4055,-1,-1,-1
42,3,1478.50,167.40,49.80,138.60,0.7227,-1,-1,-1
42,77,1595.10,182.30,64.30,167.10,0.6885,-1,-1,-1
42,42,1254.60,81.60,33.60,95.10,0.4543,-1,-1,-1
42,56,675.60,143.40,52.70,139.30,0.5332,-1,-1,-1
42,12,1537.80,175.40,69.80,172.00,0.8062,-1,-1,-1
42,76,1006.80,111.90,29.30,85.90,0.4358,-1,-1,-1
43,9,496.50,233.00,69.80,90.30,0.6523,-1,-1,-1
43,15,128.90,145.20,46.10,134.10,0.8237,-1,-1,-1
43,6,432.50,245.80,69.30,90.50,0.7471,-1,-1,-1
43,84,1060.70,105.20,26.90,91.50,0.3621,-1,-1,-1
43,24,1755.30,134.70,83.60,157.70,0.7568,-1,-1,-1
43,27,1074.40,110.30,35.90,97.70,0.6030,-1,-1,-1
43,21,1311.50,111.60,50.00,142.60,0.6909,-1,-1,-1
43,5,1128.70,103.80,37.50,99.20,0.6323,-1,-1,-1
43,20,486.60,152.60,41.80,114.10,0.6450,-1,-1,-1
43,80,648.50,115.00,34.20,108.20,0.4873,-1,-1,-1
43,3,1489.20,170.90,57.10,158.30,0.8638,-1,-1,-1
43,4,1369.80,121.50,65.40,172.00,0.7393,-1,-1,-1
43,14,734.90,208.00,65.00,67.30,0.5234,-1,-1,-1
43,42,1245.50,86.40,33.20,90.60,0.4524,-1,-1,-1
43,56,671.30,152.30,50.50,134.60,0.6792,-1,-1,-1
43,12,1533.90,163.30,67.20,172.00,0.6060,-1,-1,-1
43,76,1007.30,112.50,29.00,84.90,0.4922,-1,-1,-1
43,33,1425.50,125.50,66.70,172.50,0.5786,-1,-1,-1
44,9,494.40,232.90,70.10,90.10,0.6396,-1,-1,-1
44,15,129.20,145.40,46.20,134.00,0.8145,-1,-1,-1
44,6,432.60,245.90,69.30,90.70,0.6396,-1,-1,-1
44,84,1060.60,105.50,26.90,90.30,0.2372,-1,-1,-1
44,24,1754.90,135.10,84.20,157.70,0.7231,-1,-1,-1
44,27,1071.10,114.40,34.40,94.70,0.4697,-1,-1,-1
44,21,1293.40,107.60,50.30,144.20,0.5776,-1,-1,-1
44,5,1126.10,104.90,36.00,94.90,0.5776,-1,-1,-1
44,20,489.60,152.40,41.00,110.30,0.7363,-1,-1,-1
44,3,1471.50,168.30,57.70,159.10,0.7285,-1,-1,-1
44,14,735.30,209.80,64.00,66.30,0.3008,-1,-1,-1
44,42,1239.70,87.40,32.90,88.80,0.3667,-1,-1,-1
44,12,1520.70,161.00,66.10,170.30,0.5088,-1,-1,-1
44,76,1005.00,112.10,29.00,84.30,0.4475,-1,-1,-1
44,33,1410.50,122.70,64.10,168.60,0.5518,-1,-1,-1
44,64,1158.80,106.30,43.40,122.10,0.5918,-1,-1,-1
44,81,1816.90,344.40,103.10,359.40,0.7964,-1,-1,-1
44,82,1340.80,132.20,53.30,149.30,0.6489,-1,-1,-1
44,16,704.50,120.10,40.60,117.80,0.6094,-1,-1,-1
45,9,496.60,232.60,70.20,90.60,0.5938,-1,-1,-1
45,15,129.60,145.30,46.30,134.10,0.8037,-1,-1,-1
45,6,434.80,247.40,68.80,89.10,0.7153,-1,-1,-1
45,84,1060.20,105.90,26.60,89.50,0.2510,-1,-1,-1
45,24,1754.10,137.00,83.80,156.20,0.7065,-1,-1,-1
45,27,1072.20,115.50,34.30,94.30,0.5498,-1,-1,-1
45,21,1280.70,103.80,48.90,143.20,0.4504,-1,-1,-1
45,5,1122.20,106.60,35.10,92.70,0.4302,-1,-1,-1
45,20,486.90,152.50,47.50,127.60,0.6440,-1,-1,-1
45,3,1479.40,163.50,57.80,159.60,0.6860,-1,-1,-1
45,14,734.60,208.70,65.30,67.70,0.3684,-1,-1,-1
45,76,1001.60,111.60,29.10,84.80,0.3923,-1,-1,-1
45,64,1155.40,105.80,41.30,118.80,0.5591,-1,-1,-1
45,81,1775.40,345.80,144.60,400.20,0.8989,-1,-1,-1
45,82,1319.20,122.70,56.90,157.80,0.7124,-1,-1,-1
45,16,705.10,118.40,38.70,110.20,0.5566,-1,-1,-1
45,36,1351.00,267.00,103.30,304.40,0.8584,-1,-1,-1
45,69,1867.40,151.10,52.60,232.50,0.6235,-1,-1,-1
45,4,1380.90,149.60,48.60,127.50,0.5908,-1,-1,-1
46,9,497.80,232.20,70.00,90.80,0.7256,-1,-1,-1
46,15,129.70,145.40,46.40,134.00,0.8306,-1,-1,-1
46,6,434.10,247.30,68.80,88.80,0.7544,-1,-1,-1
46,84,1061.10,107.40,26.40,88.70,0.3887,-1,-1,-1
46,24,1754.00,134.90,85.20,158.20,0.6968,-1,-1,-1
46,21,1266.20,107.80,44.80,132.90,0.3433,-1,-1,-1
46,5,1116.70,110.60,33.20,89.60,0.3132,-1,-1,-1
46,20,485.60,152.50,50.60,136.50,0.7529,-1,-1,-1
46,3,1461.30,163.50,55.00,151.80,0.6450,-1,-1,-1
46,14,734.60,208.30,65.20,67.60,0.6021,-1,-1,-1
46,76,997.20,111.00,29.50,84.90,0.3840,-1,-1,-1
46,64,1147.20,104.00,40.00,116.60,0.5889,-1,-1,-1
46,82,1299.20,123.00,56.00,154.40,0.6636,-1,-1,-1
46,16,704.80,117.70,39.00,108.80,0.6245,-1,-1,-1
46,67,952.00,107.00,42.70,89.50,0.3452,-1,-1,-1
46,80,645.70,115.40,34.70,108.60,0.4282,-1,-1,-1
46,33,1401.20,148.50,59.40,157.60,0.7598,-1,-1,-1
47,9,497.30,232.60,70.50,91.30,0.7900,-1,-1,-1
47,15,129.80,145.30,46.30,134.10,0.8184,-1,-1,-1
47,6,432.60,246.90,69.20,89.60,0.7925,-1,-1,-1
47,84,1061.90,107.70,26.40,88.40,0.3225,-1,-1,-1
47,24,1734.70,124.80,124.30,239.90,0.6470,-1,-1,-1
47,21,1258.10,121.40,47.60,139.00,0.4824,-1,-1,-1
47,5,1113.40,114.30,31.60,86.80,0.3081,-1,-1,-1
47,20,484.40,152.70,53.10,144.20,0.7256,-1,-1,-1
47,14,735.10,209.50,63.70,66.00,0.4902,-1,-1,-1
47,76,997.00,110.10,29.70,85.10,0.3774,-1,-1,-1
47,82,1289.20,112.60,49.10,134.40,0.1144,-1,-1,-1
47,16,706.60,115.00,40.00,110.10,0.5688,-1,-1,-1
47,18,1089.60,116.30,30.90,91.10,0.4580,-1,-1,-1
47,80,645.60,117.70,34.30,106.90,0.4253,-1,-1,-1
47,12,1506.00,130.20,59.50,151.30,0.7100,-1,-1,-1
47,69,1848.70,147.00,71.30,226.10,0.7559,-1,-1,-1
47,4,1375.40,152.10,56.20,147.50,0.8145,-1,-1,-1
48,9,498.20,233.20,70.40,91.00,0.6816,-1,-1,-1
48,15,129.50,145.70,46.00,133.70,0.8027,-1,-1,-1
48,6,432.60,246.80,69.30,89.90,0.7627,-1,-1,-1
48,84,1063.10,108.00,26.50,88.50,0.4243,-1,-1,-1
48,20,483.20,153.20,53.60,146.30,0.5166,-1,-1,-1
48,14,734.60,208.90,64.50,66.90,0.5146,-1,-1,-1
48,76,998.10,109.60,29.60,84.90,0.3604,-1,-1,-1
48,16,714.20,117.20,39.20,108.10,0.6074,-1,-1,-1
48,18,1094.10,118.70,29.50,86.80,0.4504,-1,-1,-1
48,80,646.60,117.70,34.30,106.00,0.3943,-1,-1,-1
48,68,1133.60,98.10,32.90,110.30,0.4226,-1,-1,-1
48,4,1355.90,150.50,56.60,148.70,0.7886,-1,-1,-1
48,63,1806.00,161.20,74.00,212.20,0.6504,-1,-1,-1
48,93,1219.70,136.20,51.90,128.50,0.6074,-1,-1,-1
48,7,1706.10,175.70,81.70,214.00,0.7188,-1,-1,-1
48,67,954.90,106.20,42.50,90.70,0.3701,-1,-1,-1
48,33,1392.40,152.80,53.50,144.70,0.6001,-1,-1,-1
49,15,128.40,145.80,47.10,137.00,0.4321,-1,-1,-1
49,6,432.80,246.80,69.30,89.90,0.4580,-1,-1,-1
49,84,1064.80,107.90,27.10,89.20,0.4426,-1,-1,-1
49,20,110.70,196.80,59.50,146.70,0.7363,-1,-1,-1
49,14,734.30,208.60,65.10,67.60,0.6187,-1,-1,-1
49,76,997.70,109.90,29.30,84.40,0.4436,-1,-1,-1
49,16,715.80,116.90,39.30,108.70,0.5908,-1,-1,-1
49,18,1097.30,117.70,29.20,86.60,0.4534,-1,-1,-1
49,80,645.60,116.50,35.00,107.30,0.4844,-1,-1,-1
49,68,1138.50,99.90,30.80,103.30,0.1545,-1,-1,-1
49,4,1333.50,149.90,54.40,141.80,0.8286,-1,-1,-1
49,93,1207.10,139.10,50.00,122.90,0.6816,-1,-1,-1
49,7,1718.90,177.50,65.20,172.50,0.6548,-1,-1,-1
49,67,956.50,106.70,41.40,90.10,0.4436,-1,-1,-1
49,33,1381.90,150.80,51.30,138.30,0.6460,-1,-1,-1
49,8,1663.50,168.90,92.50,209.00,0.8535,-1,-1,-1
49,77,1586.50,135.80,61.70,158.10,0.8564,-1,-1,-1
49,24,1739.90,151.80,109.70,219.20,0.5947,-1,-1,-1
49,82,1261.60,108.60,52.50,144.50,0.6958,-1,-1,-1
50,15,129.20,145.60,46.30,133.90,0.6362,-1,-1,-1
50,6,433.80,247.30,69.10,89.20,0.7422,-1,-1,-1
50,84,1064.10,108.10,27.00,89.10,0.4148,-1,-1,-1
50,20,100.60,189.70,70.70,164.30,0.8657,-1,-1,-1
50,14,734.30,207.90,65.10,67.80,0.5947,-1,-1,-1
50,76,998.50,110.30,29.30,84.60,0.4590,-1,-1,-1
50,16,710.50,117.00,39.90,108.60,0.5972,-1,-1,-1
50,18,1099.80,113.30,29.30,87.50,0.1824,-1,-1,-1
50,80,645.70,116.30,35.40,107.70,0.4485,-1,-1,-1
50,68,1145.70,101.20,28.60,95.50,0.3694,-1,-1,-1
50,4,1310.30,143.40,53.30,139.10,0.8062,-1,-1,-1
50,93,1186.50,131.60,51.00,125.90,0.5796,-1,-1,-1
50,7,1712.20,167.20,72.80,189.40,0.7544,-1,-1,-1
50,67,956.70,106.10,40.60,89.90,0.3767,-1,-1,-1
50,33,1382.70,134.90,50.50,140.40,0.5518,-1,-1,-1
50,8,1639.60,163.70,91.30,207.60,0.7964,-1,-1,-1
50,24,1759.60,144.50,85.70,173.70,0.7334,-1,-1,-1
50,40,886.60,128.10,29.60,98.10,0.6621,-1,-1,-1
50,21,1232.30,134.40,42.10,120.40,0.5557,-1,-1,-1
50,9,507.50,232.70,68.40,89.60,0.4873,-1,-1,-1
51,20,988.50,11.60,102.00,308.60,0.8936,-1,-1,-1
51,12,1215.00,6.80,96.00,318.00,0.8726,-1,-1,-1
51,21,1131.00,34.10,114.00,370.10,0.8657,-1,-1,-1
51,54,1527.00,16.60,105.00,182.30,0.8296,-1,-1,-1
51,10,856.50,7.10,117.00,399.00,0.8262,-1,-1,-1
51,43,1333.50,24.40,111.00,331.50,0.8252,-1,-1,-1
51,22,725.20,19.70,87.00,278.40,0.8159,-1,-1,-1
51,23,1428.00,70.90,129.00,422.20,0.8110,-1,-1,-1
51,64,804.00,24.00,81.00,272.40,0.8086,-1,-1,-1
51,3,641.60,28.50,83.30,224.60,0.8013,-1,-1,-1
51,4,573.00,21.80,87.00,274.80,0.8003,-1,-1,-1
51,7,1086.00,20.80,82.50,293.60,0.7656,-1,-1,-1
51,24,402.80,36.40,106.40,305.20,0.7056,-1,-1,-1
51,15,1446.00,1.80,61.50,126.10,0.5859,-1,-1,-1
51,25,474.80,1.20,90.00,122.10,0.5610,-1,-1,-1
51,8,1704.00,2.80,120.00,243.20,0.3721,-1,-1,-1
51,42,1702.50,4.10,75.00,241.90,0.3149,-1,-1,-1
51,26,403.10,0.60,59.30,66.80,0.3049,-1,-1,-1
51,27,927.00,21.80,57.00,272.60,0.2659,-1,-1,-1
52,20,994.00,15.40,106.60,322.30,0.9048,-1,-1,-1
52,12,1220.00,26.30,104.20,345.00,0.8052,-1,-1,-1
52,21,1166.10,15.40,106.30,346.70,0.5557,-1,-1,-1
52,54,1554.60,13.70,99.30,173.20,0.8516,-1,-1,-1
52,10,804.50,5.50,123.40,419.20,0.8818,-1,-1,-1
52,22,723.60,18.40,87.00,279.10,0.7686,-1,-1,-1
52,23,1453.80,78.40,143.70,470.40,0.7515,-1,-1,-1
52,3,640.30,26.10,85.90,232.20,0.7754,-1,-1,-1
52,4,574.80,20.40,87.30,275.90,0.7861,-1,-1,-1
52,7,1105.70,16.70,88.70,315.00,0.8760,-1,-1,-1
52,24,426.50,40.80,108.50,311.40,0.7515,-1,-1,-1
52,25,476.30,1.20,84.90,115.10,0.1836,-1,-1,-1
52,8,1704.40,3.30,119.20,241.70,0.2629,-1,-1,-1
52,42,1702.30,2.50,75.40,243.80,0.3804,-1,-1,-1
52,26,403.00,0.80,60.80,68.50,0.2837,-1,-1,-1
52,27,909.70,27.40,63.00,299.50,0.7988,-1,-1,-1
53,20,991.50,20.50,112.00,337.80,0.8906,-1,-1,-1
53,12,1227.30,16.10,90.50,302.30,0.5273,-1,-1,-1
53,21,1170.10,16.30,111.30,362.20,0.8477,-1,-1,-1
53,22,723.40,6.00,130.40,420.40,0.7793,-1,-1,-1
53,23,1511.80,91.90,163.20,534.10,0.7847,-1,-1,-1
53,3,633.20,26.60,87.50,236.80,0.7769,-1,-1,-1
53,4,578.10,22.90,86.60,273.60,0.8110,-1,-1,-1
53,7,1099.70,18.30,91.60,325.00,0.8403,-1,-1,-1
53,24,434.40,38.80,111.60,319.70,0.8906,-1,-1,-1
53,25,474.80,0.80,79.30,107.30,0.2081,-1,-1,-1
53,8,1700.80,1.80,121.70,245.10,0.7886,-1,-1,-1
53,26,405.00,0.80,62.20,70.00,0.3123,-1,-1,-1
53,27,885.20,33.30,68.80,323.70,0.8604,-1,-1,-1
53,43,1320.80,22.80,112.90,337.10,0.8931,-1,-1,-1
53,64,811.70,35.40,85.10,288.30,0.6353,-1,-1,-1
54,20,977.30,23.20,118.10,356.10,0.8882,-1,-1,-1
54,12,1251.70,13.00,89.60,299.40,0.7832,-1,-1,-1
54,21,1167.30,18.70,124.50,403.30,0.8691,-1,-1,-1
54,23,1545.30,51.30,139.50,453.90,0.8359,-1,-1,-1
54,3,624.20,7.20,154.20,420.80,0.8110,-1,-1,-1
54,4,578.90,23.30,85.10,269.90,0.7080,-1,-1,-1
54,7,1089.60,25.10,97.70,346.10,0.8545,-1,-1,-1
54,24,428.10,36.80,113.70,324.80,0.8545,-1,-1,-1
54,25,473.90,0.50,82.80,112.20,0.3738,-1,-1,-1
54,8,1723.50,0.90,81.70,161.10,0.7378,-1,-1,-1
54,26,404.10,1.10,60.70,68.20,0.4072,-1,-1,-1
54,27,855.50,38.30,74.60,343.30,0.8975,-1,-1,-1
54,39,904.90,7.30,81.70,319.60,0.8384,-1,-1,-1
54,58,1453.10,12.00,170.60,369.10,0.7363,-1,-1,-1
54,10,773.40,35.10,91.30,311.90,0.7202,-1,-1,-1
55,20,968.90,19.20,127.10,381.90,0.9121,-1,-1,-1
55,21,1184.10,23.80,137.90,444.50,0.8936,-1,-1,-1
55,23,1594.80,34.40,148.70,475.30,0.8965,-1,-1,-1
55,3,580.50,8.20,177.70,478.00,0.8877,-1,-1,-1
55,7,1092.80,32.10,105.40,371.70,0.8965,-1,-1,-1
55,24,419.90,35.60,114.80,327.40,0.8804,-1,-1,-1
55,26,402.60,0.90,61.90,69.70,0.2637,-1,-1,-1
55,27,819.90,35.20,82.70,371.30,0.9072,-1,-1,-1
55,39,890.90,11.40,85.80,334.10,0.8628,-1,-1,-1
55,58,1436.30,10.70,192.40,418.10,0.8682,-1,-1,-1
55,10,728.50,40.10,90.80,310.60,0.8184,-1,-1,-1
55,42,1732.40,0.80,77.40,247.70,0.7500,-1,-1,-1
55,43,1302.00,14.60,107.80,325.80,0.7925,-1,-1,-1
56,20,945.60,23.00,134.50,404.20,0.9082,-1,-1,-1
56,23,1663.90,28.90,168.90,531.40,0.9077,-1,-1,-1
56,7,1088.10,35.30,114.00,396.10,0.9092,-1,-1,-1
56,24,427.00,29.80,160.70,452.30,0.8936,-1,-1,-1
56,26,403.70,1.50,61.20,68.80,0.1859,-1,-1,-1
56,27,789.50,39.80,88.20,385.30,0.8867,-1,-1,-1
56,39,864.80,19.40,91.20,353.50,0.8101,-1,-1,-1
56,58,1430.30,12.50,214.10,467.30,0.9199,-1,-1,-1
56,10,685.40,48.80,94.20,317.70,0.8252,-1,-1,-1
56,43,1268.90,24.80,154.90,465.60,0.8965,-1,-1,-1
56,54,1567.70,17.70,160.20,286.40,0.7642,-1,-1,-1
56,4,581.30,23.30,84.60,269.40,0.7031,-1,-1,-1
57,20,919.40,29.90,143.50,432.40,0.9121,-1,-1,-1
57,23,1720.20,31.20,188.50,594.50,0.9385,-1,-1,-1
57,7,1093.90,35.70,123.70,423.00,0.9302,-1,-1,-1
57,24,430.00,33.40,136.00,387.90,0.8062,-1,-1,-1
57,27,755.20,48.10,95.60,408.70,0.9014,-1,-1,-1
57,39,837.10,18.90,96.90,373.90,0.8452,-1,-1,-1
57,58,1434.30,14.20,238.40,526.60,0.8721,-1,-1,-1
57,10,645.20,52.80,99.20,332.70,0.8486,-1,-1,-1
57,54,1605.00,13.40,165.80,299.80,0.8657,-1,-1,-1
57,4,579.40,22.90,84.20,270.20,0.7686,-1,-1,-1
57,25,476.90,0.00,85.80,115.70,0.2974,-1,-1,-1
58,20,888.60,35.40,152.70,455.90,0.9160,-1,-1,-1
58,23,1777.60,112.70,142.40,607.20,0.8853,-1,-1,-1
58,7,1078.70,36.90,134.30,451.60,0.9248,-1,-1,-1
58,24,418.10,36.10,123.70,349.20,0.8574,-1,-1,-1
58,27,713.90,55.10,105.00,433.20,0.8994,-1,-1,-1
58,39,810.70,18.90,102.00,391.10,0.8237,-1,-1,-1
58,58,1392.50,26.00,285.40,634.30,0.9009,-1,-1,-1
58,10,613.10,52.00,105.50,354.50,0.8101,-1,-1,-1
58,54,1531.40,17.50,276.90,511.20,0.8594,-1,-1,-1
58,4,576.40,21.70,83.50,271.50,0.7271,-1,-1,-1
58,36,196.30,17.40,225.70,565.40,0.9165,-1,-1,-1
58,25,476.80,0.40,86.20,115.80,0.5156,-1,-1,-1
58,15,1458.80,0.20,52.20,108.80,0.6875,-1,-1,-1
58,42,1757.60,11.10,88.90,276.80,0.8350,-1,-1,-1
58,26,402.50,1.30,61.10,68.80,0.4824,-1,-1,-1
59,20,851.30,38.70,161.00,479.10,0.9048,-1,-1,-1
59,7,1066.00,41.60,148.80,494.10,0.8735,-1,-1,-1
59,24,414.10,37.40,119.20,334.00,0.8745,-1,-1,-1
59,27,674.80,58.20,115.90,459.00,0.8989,-1,-1,-1
59,39,785.40,23.80,105.90,408.50,0.4397,-1,-1,-1
59,58,1423.20,35.30,336.30,753.80,0.8906,-1,-1,-1
59,10,568.20,52.80,111.00,374.60,0.7871,-1,-1,-1
59,54,1588.80,19.40,304.20,578.80,0.6680,-1,-1,-1
59,36,111.20,35.10,240.10,602.70,0.9224,-1,-1,-1
59,25,476.90,0.50,86.00,115.20,0.6069,-1,-1,-1
59,37,1007.30,24.60,99.20,274.00,0.7583,-1,-1,-1
59,85,1419.60,0.90,37.80,98.40,0.6982,-1,-1,-1
59,71,969.90,0.80,51.00,98.20,0.4775,-1,-1,-1
59,15,1454.00,0.10,45.40,93.80,0.6655,-1,-1,-1
59,26,402.30,1.20,61.00,68.50,0.4167,-1,-1,-1
60,7,1035.20,55.40,162.90,533.30,0.9058,-1,-1,-1
60,24,412.80,37.70,118.40,329.00,0.8467,-1,-1,-1
60,10,517.70,57.60,118.30,403.30,0.8350,-1,-1,-1
60,54,1536.90,41.70,383.10,804.60,0.8110,-1,-1,-1
60,36,21.50,36.10,254.90,641.80,0.9370,-1,-1,-1
60,25,475.90,0.40,74.90,100.00,0.4475,-1,-1,-1
60,15,1439.50,1.20,46.10,93.80,0.7212,-1,-1,-1
60,26,401.90,0.80,62.20,70.30,0.4141,-1,-1,-1
60,70,1581.00,0.90,39.00,86.40,0.7212,-1,-1,-1
60,22,789.80,47.70,168.80,540.30,0.9136,-1,-1,-1
60,3,570.50,64.80,184.30,498.50,0.9165,-1,-1,-1
61,7,987.30,66.80,179.40,580.60,0.9233,-1,-1,-1
61,24,411.00,53.70,146.10,413.50,0.8252,-1,-1,-1
61,54,1584.20,155.40,335.80,836.00,0.7271,-1,-1,-1
61,36,0.00,100.80,220.60,620.20,0.9175,-1,-1,-1
61,25,472.90,0.60,81.10,108.80,0.5234,-1,-1,-1
61,15,1451.20,1.20,46.30,93.40,0.7349,-1,-1,-1
61,26,402.30,1.10,60.50,68.30,0.5815,-1,-1,-1
61,70,1563.10,0.70,44.80,99.40,0.7739,-1,-1,-1
61,78,1655.40,3.20,231.00,234.60,0.8027,-1,-1,-1
61,22,756.00,60.20,179.50,570.00,0.9160,-1,-1,-1
61,3,532.20,80.80,191.00,521.00,0.9121,-1,-1,-1
61,71,976.00,0.80,39.90,76.90,0.4158,-1,-1,-1
62,7,934.70,62.40,200.40,640.70,0.8901,-1,-1,-1
62,24,382.50,65.70,132.80,382.20,0.7471,-1,-1,-1
62,25,473.40,0.40,75.20,101.10,0.6074,-1,-1,-1
62,15,1467.30,1.20,45.70,90.40,0.7642,-1,-1,-1
62,26,401.70,0.80,62.30,70.80,0.6060,-1,-1,-1
62,78,1651.60,1.90,237.30,243.70,0.8701,-1,-1,-1
62,22,697.60,68.00,194.10,613.50,0.9175,-1,-1,-1
62,65,1010.50,31.40,214.60,302.10,0.8237,-1,-1,-1
62,38,894.70,25.40,64.00,182.40,0.5620,-1,-1,-1
62,71,973.30,0.80,43.00,83.00,0.4932,-1,-1,-1
62,64,861.00,32.80,65.60,226.60,0.6860,-1,-1,-1
62,4,582.10,21.10,82.50,273.10,0.7334,-1,-1,-1
62,39,768.50,10.40,70.40,251.00,0.8003,-1,-1,-1
62,10,447.40,87.30,157.60,528.60,0.8979,-1,-1,-1
63,24,347.10,88.40,183.70,536.40,0.8618,-1,-1,-1
63,25,435.60,1.20,156.20,220.70,0.7153,-1,-1,-1
63,15,1488.50,1.00,45.20,88.10,0.7319,-1,-1,-1
63,26,402.90,0.60,60.30,68.40,0.5527,-1,-1,-1
63,78,1650.60,1.70,236.60,247.20,0.8667,-1,-1,-1
63,65,1009.70,31.60,241.60,343.30,0.9023,-1,-1,-1
63,72,1828.70,0.90,48.20,122.00,0.7231,-1,-1,-1
63,64,882.00,32.90,44.30,135.60,0.7822,-1,-1,-1
63,39,735.50,6.90,67.50,218.60,0.5991,-1,-1,-1
63,20,804.00,84.80,228.40,673.00,0.9199,-1,-1,-1
63,85,1407.70,0.90,35.50,92.70,0.7305,-1,-1,-1
63,70,1562.40,1.30,39.70,87.50,0.4824,-1,-1,-1
63,3,560.80,78.80,234.10,646.80,0.9209,-1,-1,-1
64,24,271.80,106.20,208.40,611.60,0.9102,-1,-1,-1
64,78,1651.10,1.50,232.50,248.40,0.8608,-1,-1,-1
64,65,1012.70,32.80,265.80,382.60,0.8975,-1,-1,-1
64,72,1845.20,0.50,47.10,118.60,0.6895,-1,-1,-1
64,20,744.50,94.90,261.60,772.70,0.8931,-1,-1,-1
64,70,1575.20,1.40,38.90,85.60,0.7192,-1,-1,-1
64,3,503.90,89.00,259.70,724.70,0.9102,-1,-1,-1
64,37,959.80,27.30,101.70,284.70,0.8770,-1,-1,-1
64,38,883.70,22.70,72.60,206.00,0.8467,-1,-1,-1
64,4,597.60,21.00,60.10,184.90,0.4006,-1,-1,-1
64,10,384.10,43.40,122.80,414.20,0.7612,-1,-1,-1
65,24,305.00,104.90,262.60,778.00,0.8735,-1,-1,-1
65,78,1651.30,0.90,226.90,249.10,0.8369,-1,-1,-1
65,65,1024.80,39.50,286.60,420.10,0.8862,-1,-1,-1
65,72,1864.20,0.70,45.80,114.40,0.5991,-1,-1,-1
65,70,1578.80,2.10,38.00,84.00,0.3811,-1,-1,-1
65,12,801.90,40.00,90.60,193.90,0.8384,-1,-1,-1
65,37,981.50,28.80,105.10,298.00,0.7964,-1,-1,-1
65,38,877.90,20.20,91.90,262.30,0.8701,-1,-1,-1
65,4,593.90,21.60,47.20,139.90,0.6362,-1,-1,-1
65,22,611.70,130.00,272.90,853.60,0.8760,-1,-1,-1
65,71,977.40,0.30,50.40,97.50,0.4187,-1,-1,-1
65,39,675.60,5.60,80.10,234.60,0.7778,-1,-1,-1
65,85,1412.10,0.50,44.60,116.00,0.8252,-1,-1,-1
66,24,233.60,108.30,296.30,886.60,0.8745,-1,-1,-1
66,78,1648.10,1.30,221.10,248.50,0.8496,-1,-1,-1
66,65,1030.30,50.60,308.70,462.70,0.9028,-1,-1,-1
66,72,1879.10,0.90,40.90,111.90,0.6724,-1,-1,-1
66,70,1576.80,2.80,37.60,82.20,0.3721,-1,-1,-1
66,12,810.40,41.20,99.10,213.10,0.8286,-1,-1,-1
66,37,1006.30,32.00,110.90,319.20,0.8862,-1,-1,-1
66,38,881.50,18.30,101.60,291.20,0.8735,-1,-1,-1
66,4,592.10,22.00,44.10,128.30,0.2893,-1,-1,-1
66,8,0.00,146.90,279.20,825.90,0.9048,-1,-1,-1
66,87,738.40,19.60,77.50,270.60,0.6001,-1,-1,-1
66,59,465.30,1.00,92.00,121.10,0.3979,-1,-1,-1
66,71,977.90,0.00,51.50,99.90,0.3611,-1,-1,-1
66,39,633.70,7.80,111.40,307.60,0.8594,-1,-1,-1
66,25,472.00,5.10,157.60,235.10,0.6621,-1,-1,-1
66,15,1497.40,0.20,41.30,83.00,0.4131,-1,-1,-1
66,26,402.70,0.80,104.90,119.00,0.7305,-1,-1,-1
66,3,435.10,145.20,314.80,865.20,0.8770,-1,-1,-1
66,10,351.50,70.70,67.90,202.30,0.6655,-1,-1,-1
67,24,232.90,155.60,315.10,904.90,0.9102,-1,-1,-1
67,78,1655.10,0.80,215.10,248.20,0.7017,-1,-1,-1
67,65,1032.80,63.00,330.70,508.10,0.8843,-1,-1,-1
67,70,1579.30,2.30,37.40,82.20,0.2798,-1,-1,-1
67,12,820.30,43.70,106.20,231.60,0.8403,-1,-1,-1
67,37,1033.30,37.60,116.90,340.60,0.8403,-1,-1,-1
67,38,885.00,20.40,109.70,314.60,0.8862,-1,-1,-1
67,4,593.30,23.00,36.60,99.30,0.4619,-1,-1,-1
67,8,0.00,149.20,314.40,892.30,0.9121,-1,-1,-1
67,87,732.20,21.40,79.50,276.70,0.7544,-1,-1,-1
67,71,976.40,0.00,51.30,100.60,0.3320,-1,-1,-1
67,39,587.70,7.40,159.50,438.30,0.9253,-1,-1,-1
67,21,1220.80,20.20,98.20,348.80,0.7886,-1,-1,-1
67,25,444.10,6.80,171.00,265.40,0.8525,-1,-1,-1
67,15,1493.00,0.00,52.70,106.70,0.6758,-1,-1,-1
67,26,393.90,0.80,107.10,125.80,0.5225,-1,-1,-1
68,78,1652.40,0.90,207.40,246.70,0.7769,-1,-1,-1
68,65,1023.30,72.00,351.80,554.80,0.8789,-1,-1,-1
68,70,1579.80,1.60,38.10,83.70,0.4980,-1,-1,-1
68,12,824.50,47.90,111.80,247.80,0.8433,-1,-1,-1
68,37,1058.40,44.80,115.00,344.50,0.4072,-1,-1,-1
68,38,889.70,25.10,116.90,335.90,0.8862,-1,-1,-1
68,8,36.00,278.40,308.70,789.70,0.8657,-1,-1,-1
68,87,729.90,20.10,80.40,279.40,0.8369,-1,-1,-1
68,71,972.40,0.00,52.00,102.50,0.3540,-1,-1,-1
68,39,536.10,8.10,191.30,525.60,0.9150,-1,-1,-1
68,21,1242.50,23.40,106.80,377.40,0.8657,-1,-1,-1
68,15,1513.00,0.00,54.40,111.50,0.7656,-1,-1,-1
68,26,362.70,6.40,179.40,224.90,0.8574,-1,-1,-1
68,19,1017.80,0.20,43.70,95.30,0.4158,-1,-1,-1
68,59,468.40,0.70,92.90,122.60,0.6426,-1,-1,-1
69,78,1655.00,0.70,199.50,245.80,0.8110,-1,-1,-1
69,65,969.60,74.50,384.70,626.00,0.9004,-1,-1,-1
69,70,1587.40,2.20,35.70,79.50,0.1316,-1,-1,-1
69,12,812.30,51.70,117.20,264.50,0.7939,-1,-1,-1
69,38,870.90,32.10,124.50,356.60,0.8779,-1,-1,-1
69,87,730.90,20.20,80.80,279.60,0.8262,-1,-1,-1
69,71,969.90,0.30,50.30,100.70,0.4971,-1,-1,-1
69,39,493.40,13.40,215.10,593.00,0.9004,-1,-1,-1
69,21,1273.50,26.70,115.40,405.30,0.8828,-1,-1,-1
69,15,1535.10,0.20,54.60,110.90,0.7485,-1,-1,-1
69,26,312.70,9.30,210.80,273.40,0.9014,-1,-1,-1
69,19,1016.80,0.80,43.20,93.90,0.6104,-1,-1,-1
69,58,0.00,46.30,404.10,501.70,0.8921,-1,-1,-1
69,59,473.90,1.10,92.10,121.40,0.6636,-1,-1,-1
70,78,1661.80,0.50,193.10,246.20,0.8262,-1,-1,-1
70,65,908.90,84.20,413.30,692.90,0.9082,-1,-1,-1
70,70,1583.50,1.60,44.00,97.60,0.6851,-1,-1,-1
70,12,795.40,47.80,152.80,349.50,0.8467,-1,-1,-1
70,87,723.80,21.30,81.00,280.30,0.8286,-1,-1,-1
70,71,973.80,0.10,49.70,100.00,0.6260,-1,-1,-1
70,39,436.60,20.50,240.50,668.70,0.9219,-1,-1,-1
70,21,1326.80,30.20,127.80,443.10,0.9102,-1,-1,-1
70,26,263.80,12.10,223.70,304.20,0.8838,-1,-1,-1
70,19,1019.30,0.80,42.00,91.20,0.5400,-1,-1,-1
70,58,0.00,49.00,382.10,589.80,0.9219,-1,-1,-1
70,23,399.80,1.10,112.40,126.00,0.8252,-1,-1,-1
70,43,1160.50,72.70,143.80,444.90,0.8828,-1,-1,-1
70,98,1855.40,0.70,41.60,82.20,0.5078,-1,-1,-1
71,78,1666.40,0.60,186.70,246.30,0.7363,-1,-1,-1
71,70,1581.70,1.40,40.40,90.30,0.5659,-1,-1,-1
71,12,746.30,50.00,172.60,398.10,0.8965,-1,-1,-1
71,87,713.30,51.10,87.80,297.70,0.4495,-1,-1,-1
71,71,975.00,0.10,50.00,100.00,0.5591,-1,-1,-1
71,39,375.50,27.10,269.80,748.10,0.9297,-1,-1,-1
71,21,1367.90,32.40,139.10,476.60,0.9175,-1,-1,-1
71,26,212.90,14.30,223.20,317.90,0.8794,-1,-1,-1
71,19,1020.70,0.20,42.70,93.00,0.5215,-1,-1,-1
71,23,388.70,0.80,98.80,111.60,0.5312,-1,-1,-1
71,43,1202.80,82.30,149.80,456.70,0.9097,-1,-1,-1
71,98,1865.20,1.00,41.10,80.90,0.4697,-1,-1,-1
71,7,868.20,126.00,263.10,831.60,0.8838,-1,-1,-1
71,64,922.00,5.00,46.00,123.90,0.8452,-1,-1,-1
71,25,513.10,24.30,132.70,218.30,0.7832,-1,-1,-1
72,78,1671.40,1.00,179.80,245.60,0.8003,-1,-1,-1
72,87,678.10,59.10,119.20,403.30,0.8516,-1,-1,-1
72,71,976.20,0.00,48.60,97.80,0.1981,-1,-1,-1
72,39,296.80,27.80,303.00,842.20,0.9292,-1,-1,-1
72,21,1438.40,34.90,155.00,524.00,0.9180,-1,-1,-1
72,26,162.60,16.80,217.30,326.20,0.8433,-1,-1,-1
72,19,1019.90,0.70,43.20,94.00,0.6113,-1,-1,-1
72,43,615.10,65.30,88.30,299.00,0.8496,-1,-1,-1
72,98,1878.70,1.20,39.20,77.20,0.6196,-1,-1,-1
72,95,688.50,0.50,38.30,62.60,0.6558,-1,-1,-1
72,7,799.10,163.00,282.80,878.90,0.9043,-1,-1,-1
72,64,930.80,4.40,72.00,195.00,0.8921,-1,-1,-1
72,25,518.20,24.50,148.80,259.60,0.7808,-1,-1,-1
72,59,470.80,0.50,92.60,122.70,0.7090,-1,-1,-1
73,78,1677.80,1.40,170.30,241.60,0.7642,-1,-1,-1
73,71,987.30,0.70,51.60,97.00,0.1500,-1,-1,-1
73,39,181.90,26.40,335.50,922.40,0.9268,-1,-1,-1
73,21,1306.20,81.30,174.50,568.50,0.9136,-1,-1,-1
73,19,1020.40,0.60,43.90,96.10,0.3364,-1,-1,-1
73,43,616.90,71.70,85.40,277.90,0.5283,-1,-1,-1
73,98,1887.50,1.30,32.50,74.80,0.6738,-1,-1,-1
73,95,689.00,0.90,52.50,86.30,0.5786,-1,-1,-1
73,64,950.50,3.60,81.90,224.40,0.8892,-1,-1,-1
73,25,479.30,62.40,166.50,302.60,0.7627,-1,-1,-1
73,67,895.30,1.60,35.80,77.80,0.6460,-1,-1,-1
73,59,470.30,0.50,88.20,117.60,0.7642,-1,-1,-1
73,20,594.60,239.40,299.50,840.60,0.9321,-1,-1,-1
73,70,1582.70,1.40,39.20,86.90,0.7002,-1,-1,-1
73,12,721.90,33.10,145.60,339.70,0.8892,-1,-1,-1
73,23,401.30,0.90,110.60,124.90,0.8721,-1,-1,-1
74,78,1683.90,1.20,147.30,213.90,0.8125,-1,-1,-1
74,71,977.50,0.10,51.80,97.40,0.4893,-1,-1,-1
74,21,1642.40,49.10,198.90,648.30,0.9443,-1,-1,-1
74,43,622.40,45.50,83.60,268.30,0.8315,-1,-1,-1
74,95,694.00,0.70,58.90,96.70,0.4082,-1,-1,-1
74,64,974.00,5.00,89.00,246.30,0.9175,-1,-1,-1
74,25,427.80,71.90,230.60,429.00,0.8701,-1,-1,-1
74,67,896.10,1.20,35.80,77.80,0.6074,-1,-1,-1
74,59,472.50,0.40,83.50,111.30,0.7163,-1,-1,-1
74,54,610.90,1.10,36.40,66.20,0.3364,-1,-1,-1
74,70,1582.70,1.30,39.10,86.00,0.6680,-1,-1,-1
74,12,717.00,30.60,139.20,327.40,0.8779,-1,-1,-1
74,23,404.10,0.10,89.30,100.50,0.6802,-1,-1,-1
74,24,282.90,308.80,303.30,770.10,0.9102,-1,-1,-1
74,58,0.00,63.00,569.80,957.10,0.8882,-1,-1,-1
74,26,153.70,21.70,174.30,270.70,0.8203,-1,-1,-1
75,78,1681.90,1.30,155.60,234.60,0.8477,-1,-1,-1
75,71,973.20,0.30,53.00,99.10,0.6953,-1,-1,-1
75,21,1408.60,102.00,222.90,717.90,0.9028,-1,-1,-1
75,43,632.30,38.10,83.30,265.50,0.8755,-1,-1,-1
75,64,1004.60,8.40,93.30,262.20,0.8989,-1,-1,-1
75,67,894.50,1.00,36.00,78.00,0.5981,-1,-1,-1
75,59,470.70,0.40,87.50,117.80,0.6826,-1,-1,-1
75,54,611.60,1.10,37.60,68.00,0.6113,-1,-1,-1
75,70,1580.80,1.60,38.90,85.40,0.6968,-1,-1,-1
75,12,707.50,28.30,140.00,333.80,0.8906,-1,-1,-1
75,23,402.10,0.40,105.50,119.00,0.8101,-1,-1,-1
75,56,514.60,23.10,140.10,252.50,0.8423,-1,-1,-1
75,36,830.00,24.90,61.70,218.60,0.8789,-1,-1,-1
75,24,301.60,141.50,258.50,668.90,0.8853,-1,-1,-1
75,26,144.40,23.30,188.80,304.40,0.8667,-1,-1,-1
76,78,1692.10,1.50,140.50,215.90,0.7656,-1,-1,-1
76,71,971.00,0.40,52.60,98.60,0.6899,-1,-1,-1
76,43,637.60,37.30,84.30,267.90,0.8574,-1,-1,-1
76,64,1036.50,10.20,98.80,281.30,0.9150,-1,-1,-1
76,67,897.40,1.10,32.60,70.30,0.2705,-1,-1,-1
76,59,470.90,0.40,83.30,113.00,0.7148,-1,-1,-1
76,54,611.00,0.90,38.40,69.50,0.6738,-1,-1,-1
76,70,1580.90,1.30,39.20,85.60,0.7148,-1,-1,-1
76,12,721.20,28.00,137.40,335.50,0.8545,-1,-1,-1
76,23,400.40,0.20,111.50,126.30,0.8506,-1,-1,-1
76,56,496.00,27.90,147.90,268.60,0.8618,-1,-1,-1
76,36,854.60,27.90,65.00,229.20,0.8906,-1,-1,-1
76,27,720.00,32.80,54.60,275.30,0.7378,-1,-1,-1
76,58,1493.50,143.90,398.00,923.70,0.9126,-1,-1,-1
76,39,146.70,85.90,288.00,784.80,0.9272,-1,-1,-1
76,19,1018.10,1.00,42.70,93.40,0.6523,-1,-1,-1
77,78,1685.00,1.50,148.60,237.80,0.8843,-1,-1,-1
77,71,971.40,0.40,52.90,99.20,0.7104,-1,-1,-1
77,43,633.40,40.40,85.10,268.50,0.8828,-1,-1,-1
77,59,471.90,0.40,80.80,110.20,0.6733,-1,-1,-1
77,54,609.80,1.00,38.40,69.40,0.6177,-1,-1,-1
77,70,1580.80,1.30,39.50,85.50,0.7056,-1,-1,-1
77,12,733.10,28.80,132.60,334.70,0.8394,-1,-1,-1
77,23,399.80,0.40,112.50,128.10,0.8394,-1,-1,-1
77,56,487.20,32.70,151.20,278.00,0.8218,-1,-1,-1
77,36,883.90,29.80,70.10,244.60,0.8813,-1,-1,-1
77,27,716.20,35.10,57.20,285.10,0.7925,-1,-1,-1
77,58,1605.00,215.50,315.00,857.90,0.8711,-1,-1,-1
77,39,27.20,121.40,307.10,843.30,0.9419,-1,-1,-1
77,19,1019.50,1.10,42.10,92.50,0.6333,-1,-1,-1
77,37,1103.40,18.20,102.40,306.40,0.9009,-1,-1,-1
77,26,143.40,25.00,187.50,314.00,0.8916,-1,-1,-1
78,78,1703.20,1.50,150.90,247.20,0.8638,-1,-1,-1
78,71,972.10,0.30,52.90,98.70,0.5186,-1,-1,-1
78,43,628.80,36.70,86.80,274.50,0.8618,-1,-1,-1
78,59,475.50,0.50,75.50,102.40,0.6826,-1,-1,-1
78,54,607.50,0.80,39.00,70.50,0.4609,-1,-1,-1
78,70,1580.00,1.40,39.20,85.50,0.7217,-1,-1,-1
78,12,733.20,27.50,129.00,335.70,0.7949,-1,-1,-1
78,23,397.90,0.40,113.10,129.90,0.8359,-1,-1,-1
78,56,492.40,33.80,153.20,283.10,0.8638,-1,-1,-1
78,36,914.20,33.10,75.90,262.20,0.9028,-1,-1,-1
78,27,710.70,32.60,59.60,292.20,0.8906,-1,-1,-1
78,39,0.00,263.80,246.00,732.60,0.9209,-1,-1,-1
78,19,1020.90,0.80,42.00,92.80,0.5830,-1,-1,-1
78,10,832.10,0.50,67.40,194.20,0.8271,-1,-1,-1
78,37,1135.40,19.30,106.40,320.20,0.9043,-1,-1,-1
78,26,145.70,24.40,182.80,316.80,0.8813,-1,-1,-1
79,78,1739.60,1.40,155.70,253.90,0.9160,-1,-1,-1
79,71,979.40,0.00,42.90,76.80,0.1451,-1,-1,-1
79,43,1192.30,29.10,117.90,353.80,0.9102,-1,-1,-1
79,59,473.70,0.50,79.80,108.50,0.7090,-1,-1,-1
79,54,607.80,0.80,39.10,69.90,0.4873,-1,-1,-1
79,70,1580.70,1.50,39.10,85.50,0.7363,-1,-1,-1
79,12,730.00,29.20,125.30,333.10,0.8110,-1,-1,-1
79,23,399.30,0.50,112.90,130.00,0.8384,-1,-1,-1
79,56,492.10,28.70,157.40,295.00,0.8594,-1,-1,-1
79,36,944.40,35.30,82.80,282.30,0.9009,-1,-1,-1
79,27,703.30,34.70,61.90,298.60,0.8467,-1,-1,-1
79,19,1021.40,0.80,43.00,96.10,0.4148,-1,-1,-1
79,10,840.70,1.00,70.50,202.90,0.8423,-1,-1,-1
79,26,148.20,24.50,177.50,317.40,0.8818,-1,-1,-1
79,42,0.00,87.80,132.20,333.30,0.8755,-1,-1,-1
79,85,1725.20,1.10,42.20,66.80,0.5107,-1,-1,-1
80,78,1730.60,6.30,143.40,241.10,0.8892,-1,-1,-1
80,43,1221.00,28.30,122.90,370.40,0.9082,-1,-1,-1
80,59,471.90,0.60,83.10,113.80,0.7939,-1,-1,-1
80,54,608.00,0.70,39.00,69.60,0.3530,-1,-1,-1
80,70,1581.60,1.50,39.70,85.40,0.7080,-1,-1,-1
80,12,731.30,35.80,120.90,330.70,0.8184,-1,-1,-1
80,23,400.90,0.50,112.10,129.10,0.8584,-1,-1,-1
80,56,496.20,26.00,160.30,306.90,0.7378,-1,-1,-1
80,36,981.10,41.20,89.60,301.60,0.9028,-1,-1,-1
80,27,703.50,35.00,63.20,300.70,0.8516,-1,-1,-1
80,10,847.40,1.50,73.80,212.60,0.8604,-1,-1,-1
80,26,150.40,24.10,173.10,318.20,0.8867,-1,-1,-1
80,42,6.00,82.20,136.70,320.40,0.8945,-1,-1,-1
80,85,1725.00,1.20,42.20,67.00,0.6206,-1,-1,-1
80,22,937.30,2.80,65.80,200.10,0.8394,-1,-1,-1
80,67,897.30,0.30,35.30,76.00,0.3567,-1,-1,-1
81,78,1730.20,8.50,135.60,233.00,0.8804,-1,-1,-1
81,43,1261.20,30.30,134.60,397.10,0.9287,-1,-1,-1
81,59,473.70,0.50,77.90,106.00,0.7080,-1,-1,-1
81,54,609.60,0.90,36.40,64.70,0.3503,-1,-1,-1
81,70,1580.00,1.30,39.80,85.40,0.7256,-1,-1,-1
81,12,731.80,32.90,120.30,337.60,0.7695,-1,-1,-1
81,23,399.50,0.70,111.40,129.10,0.8477,-1,-1,-1
81,56,488.90,26.70,160.00,310.60,0.8608,-1,-1,-1
81,36,1021.60,45.80,98.20,325.20,0.8921,-1,-1,-1
81,27,706.50,37.60,63.90,301.50,0.7441,-1,-1,-1
81,10,845.90,1.70,77.80,225.10,0.8604,-1,-1,-1
81,26,152.40,23.70,169.20,318.90,0.8804,-1,-1,-1
81,42,38.80,80.70,128.50,302.00,0.8745,-1,-1,-1
81,85,1724.80,1.10,42.40,67.20,0.5747,-1,-1,-1
81,22,951.60,4.80,72.10,217.70,0.8735,-1,-1,-1
81,67,898.40,0.40,35.40,77.10,0.2576,-1,-1,-1
81,19,1023.50,0.50,43.20,96.10,0.4668,-1,-1,-1
82,78,1745.30,11.40,130.00,229.10,0.8804,-1,-1,-1
82,43,1308.10,34.90,144.20,422.30,0.9238,-1,-1,-1
82,59,471.90,0.50,73.80,100.90,0.5400,-1,-1,-1
82,54,611.30,0.90,30.70,53.00,0.3523,-1,-1,-1
82,70,1581.20,1.30,40.30,85.40,0.6919,-1,-1,-1
82,12,713.70,31.80,124.10,351.70,0.8535,-1,-1,-1
82,23,397.00,0.50,110.90,129.90,0.8218,-1,-1,-1
82,56,476.10,27.00,161.10,318.00,0.8682,-1,-1,-1
82,36,1066.50,53.60,109.00,355.70,0.9180,-1,-1,-1
82,27,685.40,42.10,64.70,306.20,0.7861,-1,-1,-1
82,10,843.90,1.90,80.70,234.60,0.8608,-1,-1,-1
82,26,154.50,23.80,165.10,318.10,0.8804,-1,-1,-1
82,42,82.00,76.90,121.40,284.80,0.8604,-1,-1,-1
82,85,1724.90,1.10,42.20,67.10,0.6333,-1,-1,-1
82,22,974.90,5.90,77.50,233.60,0.8994,-1,-1,-1
82,67,898.10,0.40,34.80,76.00,0.2698,-1,-1,-1
82,65,768.80,3.00,91.70,210.40,0.8350,-1,-1,-1
83,78,1769.60,12.90,128.30,230.40,0.8862,-1,-1,-1
83,43,1374.50,42.60,155.90,451.50,0.9126,-1,-1,-1
83,59,469.80,0.10,71.10,98.90,0.6875,-1,-1,-1
83,54,612.50,0.90,30.80,52.30,0.4045,-1,-1,-1
83,70,1581.50,1.20,40.60,85.70,0.7349,-1,-1,-1
83,12,701.60,36.50,126.00,359.90,0.8477,-1,-1,-1
83,23,398.70,0.50,110.80,130.30,0.8584,-1,-1,-1
83,56,467.90,26.30,161.40,325.90,0.8496,-1,-1,-1
83,36,1116.50,59.20,121.80,391.30,0.9165,-1,-1,-1
83,27,666.30,47.10,67.60,314.70,0.7559,-1,-1,-1
83,10,852.10,2.00,83.60,243.50,0.8818,-1,-1,-1
83,26,156.40,23.70,161.70,318.10,0.8838,-1,-1,-1
83,42,109.50,70.00,116.50,275.20,0.8525,-1,-1,-1
83,85,1724.80,1.00,42.40,67.50,0.6533,-1,-1,-1
83,22,987.10,6.80,83.40,249.80,0.9175,-1,-1,-1
83,65,772.50,8.10,95.70,221.00,0.7671,-1,-1,-1
83,71,972.50,0.00,42.50,75.80,0.4072,-1,-1,-1
84,78,1798.70,18.00,121.30,230.00,0.8838,-1,-1,-1
84,43,1453.50,43.50,175.50,502.40,0.9238,-1,-1,-1
84,59,469.50,0.30,66.20,92.90,0.2854,-1,-1,-1
84,54,610.30,0.90,36.60,62.60,0.5879,-1,-1,-1
84,12,694.20,36.60,129.50,371.50,0.8906,-1,-1,-1
84,23,395.30,0.40,109.60,131.00,0.8394,-1,-1,-1
84,56,440.50,31.00,167.90,339.90,0.9014,-1,-1,-1
84,36,1179.90,68.80,136.80,434.60,0.9229,-1,-1,-1
84,27,644.60,48.80,70.90,324.50,0.8340,-1,-1,-1
84,10,865.80,1.70,87.00,253.60,0.8906,-1,-1,-1
84,26,157.80,23.90,158.60,317.70,0.8975,-1,-1,-1
84,42,116.80,68.20,113.70,270.70,0.8516,-1,-1,-1
84,85,1722.60,1.00,42.50,67.60,0.6714,-1,-1,-1
84,22,1001.10,7.30,89.60,268.30,0.9116,-1,-1,-1
84,65,770.70,12.30,104.80,243.00,0.8584,-1,-1,-1
84,71,971.10,0.00,49.10,90.00,0.5098,-1,-1,-1
85,59,476.00,0.80,76.10,106.00,0.6968,-1,-1,-1
85,54,609.30,1.10,38.50,66.00,0.6494,-1,-1,-1
85,12,679.80,39.20,137.20,396.00,0.8804,-1,-1,-1
85,23,390.70,0.10,93.00,114.60,0.6968,-1,-1,-1
85,56,403.60,31.30,171.50,353.30,0.8867,-1,-1,-1
85,36,1250.40,77.90,153.40,481.60,0.9219,-1,-1,-1
85,27,616.30,52.40,77.20,339.80,0.6885,-1,-1,-1
85,10,878.40,3.70,91.00,266.40,0.8994,-1,-1,-1
85,26,159.60,23.80,155.90,317.80,0.8906,-1,-1,-1
85,42,115.50,67.80,112.60,269.70,0.8584,-1,-1,-1
85,85,1724.00,0.90,42.30,67.30,0.6426,-1,-1,-1
85,22,1006.60,10.70,96.40,286.40,0.9150,-1,-1,-1
85,43,1520.00,46.40,197.40,568.90,0.9219,-1,-1,-1
85,65,766.40,14.30,110.20,256.20,0.8574,-1,-1,-1
85,71,974.90,0.10,51.00,95.30,0.5352,-1,-1,-1
85,70,1581.70,1.40,40.70,85.60,0.7471,-1,-1,-1
86,59,474.40,0.80,83.20,116.00,0.7808,-1,-1,-1
86,54,608.10,1.40,39.90,68.80,0.6523,-1,-1,-1
86,12,668.90,43.30,146.30,411.80,0.8945,-1,-1,-1
86,23,402.10,0.20,97.00,117.90,0.6094,-1,-1,-1
86,56,369.40,36.50,174.40,370.30,0.8315,-1,-1,-1
86,36,1332.60,88.40,176.90,549.60,0.9263,-1,-1,-1
86,10,887.00,5.30,96.30,282.20,0.8628,-1,-1,-1
86,26,161.40,24.00,152.90,316.70,0.8906,-1,-1,-1
86,42,113.80,66.80,112.50,270.80,0.8701,-1,-1,-1
86,85,1724.50,0.90,42.40,67.40,0.6377,-1,-1,-1
86,22,1017.90,13.40,103.80,307.50,0.9072,-1,-1,-1
86,65,762.90,13.00,111.80,261.00,0.7305,-1,-1,-1
86,71,977.10,0.20,51.60,98.10,0.6001,-1,-1,-1
86,70,1581.70,1.30,40.80,85.50,0.7378,-1,-1,-1
86,21,1675.10,54.10,220.80,681.70,0.9180,-1,-1,-1
86,43,549.90,52.50,113.90,350.30,0.8960,-1,-1,-1
87,59,471.80,0.90,82.70,116.30,0.6851,-1,-1,-1
87,54,608.30,1.20,40.00,69.10,0.6870,-1,-1,-1
87,12,663.50,44.70,154.80,430.90,0.9004,-1,-1,-1
87,23,405.20,0.40,103.20,124.50,0.8413,-1,-1,-1
87,56,331.90,45.20,178.40,387.00,0.8994,-1,-1,-1
87,36,1413.30,97.90,196.30,609.30,0.9062,-1,-1,-1
87,10,898.90,5.90,100.10,295.20,0.8711,-1,-1,-1
87,26,162.70,24.30,150.50,316.20,0.8916,-1,-1,-1
87,42,111.50,66.30,112.30,271.30,0.8667,-1,-1,-1
87,85,1729.60,1.00,36.70,58.60,0.4148,-1,-1,-1
87,22,1030.90,16.60,113.70,335.00,0.9097,-1,-1,-1
87,65,767.20,9.70,121.70,287.60,0.8027,-1,-1,-1
87,71,978.60,0.20,51.50,99.10,0.4893,-1,-1,-1
87,70,1579.70,1.30,40.90,85.60,0.7192,-1,-1,-1
87,21,1580.90,57.30,305.70,894.50,0.8989,-1,-1,-1
87,43,522.60,57.50,119.30,367.20,0.9058,-1,-1,-1
87,19,1021.20,0.40,40.60,89.60,0.4456,-1,-1,-1
87,27,594.70,87.80,67.80,296.40,0.3684,-1,-1,-1
88,59,475.20,0.70,82.80,115.30,0.7231,-1,-1,-1
88,54,608.70,1.20,39.50,68.60,0.5908,-1,-1,-1
88,12,674.70,46.40,167.60,459.70,0.9141,-1,-1,-1
88,23,396.00,0.80,103.20,127.20,0.7334,-1,-1,-1
88,56,267.50,46.50,186.60,412.80,0.8945,-1,-1,-1
88,36,1355.70,66.30,269.30,814.10,0.8555,-1,-1,-1
88,10,909.20,6.50,105.20,311.00,0.8721,-1,-1,-1
88,26,164.10,24.10,149.00,317.20,0.8535,-1,-1,-1
88,42,109.80,66.60,111.90,271.40,0.8726,-1,-1,-1
88,85,1726.30,1.00,40.60,64.90,0.5479,-1,-1,-1
88,22,1066.60,19.70,122.40,361.00,0.9092,-1,-1,-1
88,65,773.00,11.20,121.00,290.10,0.7739,-1,-1,-1
88,71,979.70,0.20,51.40,100.40,0.3784,-1,-1,-1
88,70,1580.80,1.30,41.10,85.50,0.7026,-1,-1,-1
88,21,1596.20,99.60,287.30,837.70,0.9136,-1,-1,-1
88,43,481.40,63.40,127.50,392.30,0.9043,-1,-1,-1
88,87,854.40,10.40,59.40,234.00,0.7378,-1,-1,-1
88,95,665.90,0.30,54.80,61.40,0.4961,-1,-1,-1
88,19,1021.50,0.60,41.30,93.30,0.4321,-1,-1,-1
88,27,581.10,65.10,81.60,340.60,0.8564,-1,-1,-1
89,59,475.60,0.70,85.60,118.90,0.7271,-1,-1,-1
89,54,609.20,1.30,39.60,69.00,0.6074,-1,-1,-1
89,12,684.60,54.80,180.70,489.70,0.9199,-1,-1,-1
89,23,402.40,0.70,101.30,123.50,0.2949,-1,-1,-1
89,56,216.90,45.30,196.70,440.50,0.8604,-1,-1,-1
89,10,920.60,6.50,111.10,329.50,0.8667,-1,-1,-1
89,42,109.50,66.70,111.60,271.70,0.8691,-1,-1,-1
89,85,1725.40,0.90,41.70,66.70,0.6567,-1,-1,-1
89,22,1118.40,23.40,102.30,291.90,0.8330,-1,-1,-1
89,65,798.20,17.00,95.20,225.80,0.5620,-1,-1,-1
89,70,1580.40,1.50,40.80,85.30,0.7769,-1,-1,-1
89,21,1663.30,214.70,256.70,817.00,0.9106,-1,-1,-1
89,43,442.50,70.70,136.80,421.30,0.8936,-1,-1,-1
89,87,869.60,35.70,55.50,218.50,0.8101,-1,-1,-1
89,95,675.40,0.60,56.00,62.90,0.5088,-1,-1,-1
89,19,1023.50,0.70,41.80,93.30,0.4736,-1,-1,-1
89,27,569.70,60.90,93.30,372.20,0.8931,-1,-1,-1
90,59,476.80,1.10,86.50,119.40,0.7319,-1,-1,-1
90,54,609.20,1.30,40.00,69.50,0.6250,-1,-1,-1
90,12,681.90,57.30,198.40,533.80,0.9229,-1,-1,-1
90,23,405.80,0.80,102.70,123.90,0.8228,-1,-1,-1
90,56,159.80,55.50,211.10,476.30,0.9116,-1,-1,-1
90,10,926.10,7.40,118.70,351.70,0.8965,-1,-1,-1
90,42,114.00,67.00,83.80,201.60,0.5352,-1,-1,-1
90,85,1725.00,0.90,42.20,67.50,0.6167,-1,-1,-1
90,65,806.80,24.40,101.80,238.90,0.5796,-1,-1,-1
90,70,1581.10,1.20,41.00,85.70,0.6875,-1,-1,-1
90,43,414.20,74.40,144.60,444.50,0.9160,-1,-1,-1
90,87,863.30,20.80,62.70,245.10,0.7227,-1,-1,-1
90,95,685.20,1.00,65.10,73.70,0.5601,-1,-1,-1
90,19,1020.20,0.80,44.10,98.50,0.4141,-1,-1,-1
90,27,560.60,67.10,104.40,398.80,0.8638,-1,-1,-1
90,20,1021.80,39.30,314.10,712.20,0.8965,-1,-1,-1
90,24,190.80,23.00,58.90,126.50,0.6416,-1,-1,-1
90,37,1210.50,28.30,142.80,439.50,0.8691,-1,-1,-1
91,59,472.40,1.10,86.70,121.00,0.6602,-1,-1,-1
91,54,608.90,1.20,39.70,69.20,0.6768,-1,-1,-1
91,12,663.90,57.10,216.90,576.50,0.9219,-1,-1,-1
91,23,405.40,1.10,105.60,126.70,0.8442,-1,-1,-1
91,56,96.90,69.70,228.80,521.00,0.8936,-1,-1,-1
91,10,943.60,9.90,90.60,263.30,0.7378,-1,-1,-1
91,85,1726.60,0.90,42.70,67.60,0.5938,-1,-1,-1
91,65,796.70,25.40,107.50,251.70,0.8101,-1,-1,-1
91,70,1581.20,1.30,41.50,85.90,0.6870,-1,-1,-1
91,43,364.30,80.20,152.90,468.20,0.9136,-1,-1,-1
91,87,880.40,48.40,60.00,234.30,0.7671,-1,-1,-1
91,95,695.80,0.60,62.60,71.60,0.5757,-1,-1,-1
91,27,537.30,76.60,115.60,429.00,0.8770,-1,-1,-1
91,20,933.20,33.10,283.00,642.90,0.9229,-1,-1,-1
91,15,671.60,0.90,31.80,59.10,0.4961,-1,-1,-1
91,37,1242.80,31.80,156.10,475.90,0.9272,-1,-1,-1
91,26,177.10,24.50,103.00,215.70,0.8369,-1,-1,-1
92,59,472.50,1.00,84.10,118.10,0.7017,-1,-1,-1
92,54,608.60,1.10,39.50,69.00,0.6748,-1,-1,-1
92,12,654.50,63.80,240.50,633.20,0.9092,-1,-1,-1
92,23,405.20,0.90,107.60,128.60,0.8838,-1,-1,-1
92,56,27.50,76.50,248.00,573.10,0.9355,-1,-1,-1
92,10,985.40,15.90,92.80,263.70,0.7075,-1,-1,-1
92,85,1725.30,0.80,42.90,67.90,0.5718,-1,-1,-1
92,65,815.90,25.10,86.80,199.30,0.7568,-1,-1,-1
92,70,1581.10,1.10,41.90,86.10,0.6899,-1,-1,-1
92,95,699.00,1.00,77.10,89.60,0.6841,-1,-1,-1
92,27,513.00,85.70,129.90,463.70,0.9136,-1,-1,-1
92,20,856.40,35.60,243.50,555.30,0.8906,-1,-1,-1
92,15,666.20,1.10,33.90,63.10,0.5010,-1,-1,-1
92,37,1311.10,36.50,172.80,522.00,0.9375,-1,-1,-1
92,112,777.70,0.50,43.00,89.20,0.6895,-1,-1,-1
92,26,162.20,23.60,135.90,292.20,0.8545,-1,-1,-1
92,24,264.20,94.30,198.60,530.90,0.9043,-1,-1,-1
92,42,130.00,67.00,57.30,127.90,0.6826,-1,-1,-1
93,59,475.80,1.00,83.50,115.50,0.7422,-1,-1,-1
93,54,610.20,1.40,39.40,68.90,0.6792,-1,-1,-1
93,12,643.20,79.90,274.70,715.30,0.9092,-1,-1,-1
93,23,401.60,0.70,107.60,129.20,0.8315,-1,-1,-1
93,56,0.00,82.10,228.10,615.50,0.9429,-1,-1,-1
93,10,983.80,20.70,132.70,380.50,0.9058,-1,-1,-1
93,85,1724.90,0.90,42.80,67.90,0.5869,-1,-1,-1
93,70,1581.30,1.20,41.50,84.90,0.7017,-1,-1,-1
93,95,707.80,0.50,78.10,91.90,0.4495,-1,-1,-1
93,27,486.50,97.70,148.10,514.80,0.9038,-1,-1,-1
93,20,794.30,33.00,153.90,349.80,0.7031,-1,-1,-1
93,15,660.50,1.00,38.80,72.40,0.5640,-1,-1,-1
93,112,787.40,0.40,44.50,92.40,0.4177,-1,-1,-1
93,24,206.80,104.30,208.20,568.50,0.9150,-1,-1,-1
93,71,972.50,21.00,57.40,111.50,0.5928,-1,-1,-1
93,87,884.00,27.20,97.40,383.10,0.7793,-1,-1,-1
94,59,476.00,0.90,86.40,118.70,0.8135,-1,-1,-1
94,54,609.10,1.40,39.40,68.90,0.7217,-1,-1,-1
94,12,620.10,112.40,308.80,792.50,0.9170,-1,-1,-1
94,23,402.10,0.80,107.20,128.60,0.8506,-1,-1,-1
94,56,0.00,165.90,171.70,613.30,0.8818,-1,-1,-1
94,10,991.50,18.60,155.20,450.20,0.9106,-1,-1,-1
94,85,1724.80,0.90,42.60,67.60,0.6245,-1,-1,-1
94,70,1581.30,1.30,41.50,85.10,0.7612,-1,-1,-1
94,27,443.00,111.40,168.90,572.60,0.9023,-1,-1,-1
94,20,734.30,25.60,114.90,256.30,0.6523,-1,-1,-1
94,15,648.30,0.90,50.90,94.70,0.6860,-1,-1,-1
94,112,797.40,0.60,52.30,107.90,0.6113,-1,-1,-1
94,24,138.60,120.60,225.10,617.40,0.9209,-1,-1,-1
94,71,989.00,25.70,51.40,93.80,0.7188,-1,-1,-1
94,87,886.50,29.50,111.80,433.30,0.8931,-1,-1,-1
94,36,1551.50,77.30,247.70,730.30,0.9282,-1,-1,-1
94,26,173.00,24.20,109.30,233.50,0.8726,-1,-1,-1
94,42,111.70,66.30,72.90,162.00,0.7861,-1,-1,-1
95,59,475.60,0.80,87.30,119.20,0.8564,-1,-1,-1
95,54,610.00,1.10,39.20,68.80,0.7090,-1,-1,-1
95,12,573.50,123.10,351.20,896.30,0.9077,-1,-1,-1
95,23,402.70,1.00,105.70,126.50,0.8477,-1,-1,-1
95,10,1005.00,17.70,169.90,500.10,0.8867,-1,-1,-1
95,85,1724.60,0.90,42.80,68.00,0.6470,-1,-1,-1
95,70,1581.20,1.40,41.70,85.40,0.7188,-1,-1,-1
95,27,398.30,125.30,195.90,652.00,0.9136,-1,-1,-1
95,20,680.10,23.50,99.90,217.40,0.7925,-1,-1,-1
95,15,646.70,0.70,52.60,97.40,0.5332,-1,-1,-1
95,112,805.90,0.90,69.00,143.10,0.8037,-1,-1,-1
95,24,68.50,135.10,248.70,681.90,0.9312,-1,-1,-1
95,87,889.10,35.20,127.20,484.30,0.8882,-1,-1,-1
95,25,879.50,19.50,72.50,124.50,0.6133,-1,-1,-1
95,67,976.70,0.70,53.60,76.70,0.5928,-1,-1,-1
95,36,1647.50,87.90,270.00,819.10,0.9380,-1,-1,-1
95,26,169.10,24.30,133.60,289.30,0.8931,-1,-1,-1
95,42,114.50,64.30,77.80,167.40,0.7441,-1,-1,-1
96,59,475.50,0.70,88.60,120.30,0.7949,-1,-1,-1
96,54,608.00,1.30,37.90,68.10,0.3108,-1,-1,-1
96,12,465.00,146.40,372.50,920.50,0.8525,-1,-1,-1
96,23,402.80,0.90,106.30,127.00,0.8516,-1,-1,-1
96,10,1030.10,17.90,187.60,561.20,0.8853,-1,-1,-1
96,85,1726.40,0.80,43.20,68.00,0.6299,-1,-1,-1
96,70,1581.10,1.40,41.90,85.70,0.7378,-1,-1,-1
96,27,319.60,143.70,229.60,754.90,0.8608,-1,-1,-1
96,112,820.90,1.00,78.40,164.40,0.8101,-1,-1,-1
96,24,0.00,163.10,257.20,738.40,0.9385,-1,-1,-1
96,87,891.90,45.90,143.50,528.60,0.9116,-1,-1,-1
96,25,877.10,18.70,78.40,135.20,0.7393,-1,-1,-1
96,67,983.30,0.20,49.10,70.30,0.1376,-1,-1,-1
96,26,167.00,24.10,138.90,306.30,0.8691,-1,-1,-1
96,42,103.80,64.00,109.90,240.00,0.8677,-1,-1,-1
96,21,1760.10,342.90,159.90,634.50,0.7241,-1,-1,-1
96,95,706.80,1.10,116.70,142.50,0.4358,-1,-1,-1
97,59,475.20,0.80,89.50,120.70,0.8271,-1,-1,-1
97,12,353.70,208.70,369.40,871.30,0.8960,-1,-1,-1
97,23,403.90,1.00,106.40,126.90,0.8618,-1,-1,-1
97,10,1050.60,28.60,207.00,626.80,0.9141,-1,-1,-1
97,85,1372.80,1.90,61.10,139.10,0.8901,-1,-1,-1
97,70,1580.90,1.30,42.30,85.80,0.7148,-1,-1,-1
97,112,832.70,1.30,87.00,185.40,0.8638,-1,-1,-1
97,24,184.60,24.20,86.30,180.70,0.8882,-1,-1,-1
97,87,891.90,45.30,163.20,587.40,0.9204,-1,-1,-1
97,25,878.40,19.40,86.20,149.40,0.7739,-1,-1,-1
97,42,98.00,63.90,119.30,265.80,0.8203,-1,-1,-1
97,21,573.80,14.50,157.10,355.00,0.8994,-1,-1,-1
97,95,702.80,1.60,130.40,166.20,0.8359,-1,-1,-1
97,22,1221.30,61.90,118.80,327.50,0.8403,-1,-1,-1
97,19,1024.90,0.70,40.90,92.10,0.3225,-1,-1,-1
98,59,473.70,0.80,89.60,120.80,0.7642,-1,-1,-1
98,12,214.60,286.80,374.40,793.20,0.9219,-1,-1,-1
98,23,405.20,1.10,107.60,127.80,0.8735,-1,-1,-1
98,10,1085.10,43.20,229.40,702.60,0.9028,-1,-1,-1
98,85,1725.00,1.00,43.20,67.80,0.6436,-1,-1,-1
98,70,1581.00,1.30,42.10,85.70,0.7349,-1,-1,-1
98,112,846.20,1.20,90.40,195.30,0.8203,-1,-1,-1
98,24,0.00,277.30,172.70,781.90,0.4351,-1,-1,-1
98,87,887.50,52.30,186.20,648.70,0.9160,-1,-1,-1
98,25,875.80,22.50,92.00,160.40,0.7925,-1,-1,-1
98,42,98.20,63.80,123.80,278.70,0.8779,-1,-1,-1
98,21,554.40,11.20,152.20,345.00,0.8711,-1,-1,-1
98,95,707.20,2.10,136.70,182.00,0.8535,-1,-1,-1
98,3,1043.00,43.20,98.00,149.60,0.5786,-1,-1,-1
98,64,1284.90,63.40,119.90,328.20,0.8779,-1,-1,-1
98,71,1008.10,43.80,53.20,98.20,0.5146,-1,-1,-1
98,67,989.40,0.00,43.30,62.00,0.2698,-1,-1,-1
98,26,168.00,24.60,141.00,314.90,0.8882,-1,-1,-1
99,59,470.30,0.80,87.40,119.50,0.5352,-1,-1,-1
99,12,107.50,458.40,312.00,621.60,0.8003,-1,-1,-1
99,23,405.50,1.10,107.90,127.40,0.8813,-1,-1,-1
99,10,1140.70,43.40,260.50,799.20,0.9204,-1,-1,-1
99,85,1724.60,1.00,43.20,68.00,0.6450,-1,-1,-1
99,70,1579.90,1.20,42.30,86.10,0.7031,-1,-1,-1
99,112,852.40,0.90,94.60,208.30,0.7041,-1,-1,-1
99,87,906.30,56.20,214.60,729.70,0.9341,-1,-1,-1
99,25,881.10,24.00,117.90,206.50,0.8296,-1,-1,-1
99,42,98.50,64.00,124.40,283.30,0.8682,-1,-1,-1
99,21,521.30,12.70,141.70,322.60,0.8779,-1,-1,-1
99,95,710.20,3.10,145.00,202.90,0.8594,-1,-1,-1
99,3,1067.60,47.90,108.80,166.70,0.7598,-1,-1,-1
99,67,983.80,0.50,57.50,83.30,0.3811,-1,-1,-1
99,26,169.50,24.80,139.80,315.90,0.8892,-1,-1,-1
99,15,611.50,36.60,104.60,200.80,0.7910,-1,-1,-1
99,54,608.30,1.10,38.50,68.60,0.5371,-1,-1,-1
100,23,401.80,0.90,107.20,127.30,0.8564,-1,-1,-1
100,10,1199.70,55.60,292.80,906.20,0.8828,-1,-1,-1
100,85,1724.50,1.00,43.10,68.00,0.5859,-1,-1,-1
100,70,1580.40,0.80,42.60,86.20,0.6582,-1,-1,-1
100,112,855.00,1.20,93.70,211.70,0.1919,-1,-1,-1
100,87,922.50,75.30,253.60,846.80,0.9077,-1,-1,-1
100,25,864.80,26.40,154.90,275.50,0.8647,-1,-1,-1
100,42,99.20,64.20,123.40,283.70,0.8701,-1,-1,-1
100,21,487.30,13.50,131.90,301.60,0.8384,-1,-1,-1
100,95,722.40,5.30,147.90,216.40,0.8691,-1,-1,-1
100,3,1101.50,53.40,113.40,174.50,0.8804,-1,-1,-1
100,67,978.90,0.30,64.70,95.10,0.5361,-1,-1,-1
100,26,170.30,24.90,138.70,316.70,0.8882,-1,-1,-1
100,15,610.20,42.10,111.70,220.60,0.8496,-1,-1,-1
100,54,609.50,1.20,38.40,68.80,0.5859,-1,-1,-1
100,22,1268.20,97.90,79.80,200.00,0.8433,-1,-1,-1
101,58,145.60,319.10,282.60,415.50,0.9341,-1,-1,-1
101,23,1287.00,549.80,339.00,523.40,0.9248,-1,-1,-1
101,21,1529.20,426.00,294.80,648.00,0.9160,-1,-1,-1
101,43,1000.50,291.00,270.00,609.80,0.9126,-1,-1,-1
101,25,1457.20,334.30,240.80,348.20,0.8867,-1,-1,-1
101,24,1171.50,256.30,229.50,432.20,0.8813,-1,-1,-1
101,36,606.80,420.80,245.20,559.40,0.8271,-1,-1,-1
101,7,958.50,188.60,82.50,257.60,0.8135,-1,-1,-1
101,8,288.00,156.40,77.60,189.00,0.7393,-1,-1,-1
101,10,359.60,156.90,81.00,201.40,0.7393,-1,-1,-1
101,20,1299.80,129.20,66.00,157.10,0.7241,-1,-1,-1
101,3,1039.50,196.90,126.00,117.70,0.6919,-1,-1,-1
101,78,1245.80,135.90,55.40,135.00,0.6699,-1,-1,-1
101,12,0.20,157.70,64.30,214.10,0.6626,-1,-1,-1
101,53,1000.50,103.10,45.00,137.30,0.5947,-1,-1,-1
101,38,1062.00,106.90,45.00,149.20,0.5879,-1,-1,-1
101,64,47.30,154.10,57.10,180.00,0.5342,-1,-1,-1
101,28,936.00,99.60,24.00,66.30,0.5059,-1,-1,-1
101,22,1102.50,116.10,48.00,102.90,0.4158,-1,-1,-1
101,27,659.60,105.80,31.50,76.40,0.4148,-1,-1,-1
101,54,1161.80,146.30,63.00,124.50,0.3594,-1,-1,-1
101,4,1528.50,163.50,93.00,249.00,0.3496,-1,-1,-1
101,29,753.80,105.30,26.20,63.40,0.3269,-1,-1,-1
101,19,1600.50,109.50,42.00,132.00,0.2917,-1,-1,-1
101,39,1491.80,142.60,131.20,302.20,0.2910,-1,-1,-1
102,23,1280.70,550.10,338.60,522.50,0.9478,-1,-1,-1
102,21,1526.40,431.20,293.30,644.10,0.9146,-1,-1,-1
102,25,1444.70,263.50,234.60,341.60,0.8403,-1,-1,-1
102,24,1092.10,276.70,314.10,596.60,0.8638,-1,-1,-1
102,36,619.10,486.50,251.10,573.80,0.8330,-1,-1,-1
102,7,922.70,182.10,81.20,253.10,0.8555,-1,-1,-1
102,8,326.10,154.40,73.30,178.60,0.7939,-1,-1,-1
102,10,390.20,152.20,77.80,193.90,0.7900,-1,-1,-1
102,20,1317.90,142.00,63.60,151.00,0.8159,-1,-1,-1
102,3,956.40,190.70,228.40,216.00,0.8296,-1,-1,-1
102,78,1225.20,131.80,54.90,133.80,0.6309,-1,-1,-1
102,12,5.30,144.00,54.00,180.00,0.1128,-1,-1,-1
102,53,998.70,103.00,46.00,140.30,0.6260,-1,-1,-1
102,64,38.30,168.10,64.70,203.40,0.6929,-1,-1,-1
102,28,936.50,99.20,24.30,67.20,0.4844,-1,-1,-1
102,22,1090.20,110.60,64.80,140.00,0.1294,-1,-1,-1
102,54,1153.60,144.10,62.40,123.60,0.6943,-1,-1,-1
102,27,1792.50,419.80,120.90,574.40,0.6611,-1,-1,-1
102,29,751.60,106.00,26.00,62.60,0.3667,-1,-1,-1
102,19,1599.70,111.00,41.00,128.70,0.3235,-1,-1,-1
103,23,1290.70,552.80,337.50,519.70,0.9224,-1,-1,-1
103,21,1524.70,432.70,293.10,641.70,0.9097,-1,-1,-1
103,24,1139.20,277.80,329.50,630.90,0.6245,-1,-1,-1
103,7,887.80,176.90,76.10,236.40,0.8760,-1,-1,-1
103,8,337.60,153.00,72.50,178.70,0.4990,-1,-1,-1
103,10,424.80,150.10,73.60,183.10,0.6318,-1,-1,-1
103,20,1346.60,142.70,64.20,152.30,0.7939,-1,-1,-1
103,3,924.50,184.50,235.30,226.50,0.8574,-1,-1,-1
103,28,936.10,99.20,24.20,67.00,0.3567,-1,-1,-1
103,22,1108.00,129.70,60.30,130.90,0.6494,-1,-1,-1
103,27,1791.60,413.30,127.20,604.90,0.7725,-1,-1,-1
103,29,752.00,105.00,26.70,64.40,0.2255,-1,-1,-1
103,19,1599.20,111.20,41.50,130.40,0.3066,-1,-1,-1
103,42,46.80,285.60,132.70,520.10,0.9043,-1,-1,-1
103,56,273.60,130.30,54.30,139.10,0.5947,-1,-1,-1
103,57,312.60,114.90,34.50,111.90,0.3657,-1,-1,-1
103,38,1063.60,107.60,45.90,151.30,0.6704,-1,-1,-1
103,4,1511.70,137.20,118.30,319.00,0.8193,-1,-1,-1
104,23,1308.90,553.30,338.20,519.20,0.9385,-1,-1,-1
104,21,1523.50,447.40,287.60,627.80,0.9194,-1,-1,-1
104,7,854.80,168.60,73.60,227.60,0.8916,-1,-1,-1
104,8,353.00,147.80,69.20,170.90,0.7100,-1,-1,-1
104,10,455.10,144.60,71.50,177.80,0.8286,-1,-1,-1
104,20,1373.10,139.00,68.30,162.30,0.8237,-1,-1,-1
104,28,936.50,99.30,24.10,66.60,0.3730,-1,-1,-1
104,22,1103.20,134.80,57.20,125.40,0.4197,-1,-1,-1
104,27,1782.80,321.40,137.20,736.90,0.4961,-1,-1,-1
104,29,752.00,105.10,26.80,64.60,0.1968,-1,-1,-1
104,42,37.80,313.80,140.80,546.20,0.9141,-1,-1,-1
104,56,274.00,129.70,54.60,140.00,0.6406,-1,-1,-1
104,57,312.80,115.70,34.40,111.40,0.4495,-1,-1,-1
104,15,69.10,168.50,86.60,173.80,0.7363,-1,-1,-1
104,38,1073.20,107.40,45.60,150.70,0.4148,-1,-1,-1
104,4,1528.20,135.90,118.80,323.50,0.8110,-1,-1,-1
104,58,125.60,334.50,334.10,500.70,0.8745,-1,-1,-1
104,43,1033.60,445.30,266.80,609.40,0.7544,-1,-1,-1
104,25,1377.80,276.40,230.90,337.70,0.8564,-1,-1,-1
104,12,3.00,139.40,51.20,169.70,0.5205,-1,-1,-1
104,53,998.50,103.50,45.90,140.30,0.5698,-1,-1,-1
104,54,1162.60,129.60,62.80,125.70,0.7544,-1,-1,-1
105,23,1299.10,550.90,341.50,521.00,0.9351,-1,-1,-1
105,21,1529.70,444.10,288.60,631.40,0.9243,-1,-1,-1
105,7,829.80,162.40,69.30,213.70,0.8804,-1,-1,-1
105,8,370.40,143.70,65.10,162.50,0.7769,-1,-1,-1
105,10,483.10,140.60,68.80,171.00,0.6704,-1,-1,-1
105,20,1397.40,132.00,69.00,164.60,0.7964,-1,-1,-1
105,28,936.10,99.10,24.10,66.60,0.3584,-1,-1,-1
105,29,751.10,105.00,26.90,64.50,0.2705,-1,-1,-1
105,42,11.90,281.10,130.30,504.20,0.9102,-1,-1,-1
105,56,275.10,130.90,54.00,138.80,0.6387,-1,-1,-1
105,57,313.90,115.60,34.50,111.70,0.4092,-1,-1,-1
105,15,83.10,166.30,83.20,167.90,0.6602,-1,-1,-1
105,38,1080.80,108.00,46.20,151.60,0.7168,-1,-1,-1
105,4,1550.50,135.00,101.00,277.20,0.7871,-1,-1,-1
105,65,921.70,170.40,70.00,200.60,0.8218,-1,-1,-1
105,37,413.00,145.50,63.20,165.50,0.7656,-1,-1,-1
105,70,1030.20,133.60,48.00,114.60,0.6582,-1,-1,-1
105,58,108.60,385.00,361.00,547.10,0.9243,-1,-1,-1
105,43,1030.70,526.60,242.40,550.70,0.8975,-1,-1,-1
105,53,998.80,103.50,45.30,139.50,0.5767,-1,-1,-1
105,39,1470.50,174.80,114.80,265.90,0.8843,-1,-1,-1
106,23,1307.40,550.10,344.50,521.60,0.9331,-1,-1,-1
106,21,1536.90,440.70,291.10,635.90,0.9058,-1,-1,-1
106,7,806.80,155.50,67.90,208.00,0.8682,-1,-1,-1
106,8,383.30,140.40,63.20,157.70,0.8350,-1,-1,-1
106,10,503.50,137.00,66.30,165.00,0.8384,-1,-1,-1
106,20,1409.50,130.90,66.50,159.20,0.8110,-1,-1,-1
106,28,936.10,99.70,23.90,65.90,0.5659,-1,-1,-1
106,29,750.70,105.30,26.60,64.10,0.1422,-1,-1,-1
106,56,275.00,129.60,53.80,138.10,0.4707,-1,-1,-1
106,57,313.80,115.00,34.90,112.90,0.4387,-1,-1,-1
106,15,104.60,162.60,81.20,165.00,0.7090,-1,-1,-1
106,38,1088.10,109.50,45.20,148.40,0.7153,-1,-1,-1
106,4,1542.50,135.00,112.60,312.80,0.8340,-1,-1,-1
106,65,890.80,167.50,66.90,190.40,0.8384,-1,-1,-1
106,37,433.50,142.50,61.70,161.60,0.8252,-1,-1,-1
106,70,1045.10,132.50,48.70,116.80,0.6724,-1,-1,-1
106,58,112.20,349.20,329.40,503.80,0.9175,-1,-1,-1
106,43,1071.40,564.10,230.00,515.90,0.8604,-1,-1,-1
106,53,1000.60,103.30,46.00,141.00,0.7153,-1,-1,-1
106,39,1465.40,177.00,111.70,261.40,0.8745,-1,-1,-1
106,12,0.00,131.20,41.10,175.70,0.5708,-1,-1,-1
107,23,1322.70,552.70,343.40,519.50,0.9302,-1,-1,-1
107,21,1539.20,440.40,290.70,636.60,0.8296,-1,-1,-1
107,7,783.90,152.40,63.80,194.50,0.8628,-1,-1,-1
107,8,400.00,137.70,60.30,151.60,0.8052,-1,-1,-1
107,10,521.70,134.40,63.30,157.10,0.6646,-1,-1,-1
107,20,1407.90,128.90,63.30,151.90,0.8135,-1,-1,-1
107,28,936.00,99.80,23.90,66.00,0.3354,-1,-1,-1
107,29,751.40,105.60,26.50,63.60,0.2227,-1,-1,-1
107,56,275.80,147.70,67.60,172.80,0.7847,-1,-1,-1
107,57,313.70,114.90,34.30,111.10,0.3850,-1,-1,-1
107,15,114.30,171.50,80.90,163.40,0.6533,-1,-1,-1
107,38,1097.30,108.90,45.90,149.90,0.7900,-1,-1,-1
107,4,1540.30,133.10,116.10,326.00,0.8286,-1,-1,-1
107,65,860.60,162.30,63.00,179.20,0.8691,-1,-1,-1
107,37,449.30,138.00,59.80,156.90,0.7568,-1,-1,-1
107,43,1110.30,566.50,229.00,513.50,0.8760,-1,-1,-1
107,53,1001.50,102.70,45.70,141.50,0.5566,-1,-1,-1
107,39,1455.50,176.40,110.40,261.70,0.8657,-1,-1,-1
107,36,647.90,412.20,257.50,581.90,0.9116,-1,-1,-1
107,27,1752.90,315.30,149.60,702.90,0.7627,-1,-1,-1
107,25,1262.10,306.80,246.10,367.60,0.7285,-1,-1,-1
108,23,1336.30,548.70,344.90,523.20,0.9209,-1,-1,-1
108,21,1538.10,441.20,288.00,633.90,0.7793,-1,-1,-1
108,7,757.30,150.90,60.90,183.50,0.8442,-1,-1,-1
108,8,409.90,136.10,59.60,149.90,0.7393,-1,-1,-1
108,10,533.70,128.50,62.00,154.30,0.8086,-1,-1,-1
108,20,1401.10,126.50,60.90,146.70,0.7910,-1,-1,-1
108,28,937.00,99.30,24.00,66.40,0.3621,-1,-1,-1
108,56,294.10,151.80,68.60,174.80,0.8384,-1,-1,-1
108,15,133.90,172.10,78.30,157.30,0.7739,-1,-1,-1
108,38,1097.40,108.40,46.70,151.50,0.7900,-1,-1,-1
108,4,1551.60,132.60,102.60,285.60,0.8423,-1,-1,-1
108,65,827.10,156.00,62.20,173.80,0.8638,-1,-1,-1
108,37,464.90,134.80,58.10,152.40,0.8003,-1,-1,-1
108,43,1133.40,561.40,231.10,518.60,0.8882,-1,-1,-1
108,53,1001.60,103.50,45.00,140.70,0.6260,-1,-1,-1
108,39,1454.60,176.00,110.00,262.60,0.8657,-1,-1,-1
108,73,969.50,128.10,37.40,107.30,0.6621,-1,-1,-1
108,71,1234.70,113.60,26.60,81.30,0.3328,-1,-1,-1
108,36,735.00,351.40,278.20,633.10,0.8110,-1,-1,-1
108,27,1774.60,435.10,124.90,571.80,0.8296,-1,-1,-1
108,24,1244.60,452.90,294.80,581.60,0.5620,-1,-1,-1
108,42,0.00,330.20,151.90,625.70,0.6323,-1,-1,-1
109,23,1346.30,543.40,347.90,528.90,0.9092,-1,-1,-1
109,21,1542.90,439.40,284.70,630.80,0.5688,-1,-1,-1
109,7,736.80,145.20,59.00,176.30,0.8657,-1,-1,-1
109,8,423.20,135.30,56.90,143.60,0.8184,-1,-1,-1
109,10,549.20,124.80,61.40,152.80,0.8125,-1,-1,-1
109,28,937.40,99.10,23.90,65.90,0.2006,-1,-1,-1
109,56,316.80,150.20,68.40,173.30,0.8608,-1,-1,-1
109,15,156.60,166.20,77.70,157.00,0.5767,-1,-1,-1
109,38,1099.60,107.70,47.30,152.30,0.7725,-1,-1,-1
109,4,1544.70,132.20,112.90,317.40,0.8574,-1,-1,-1
109,65,807.20,152.30,59.40,165.80,0.8413,-1,-1,-1
109,37,475.40,128.50,57.40,151.10,0.8193,-1,-1,-1
109,43,1131.70,555.70,234.90,524.30,0.7847,-1,-1,-1
109,53,1001.00,103.30,44.90,140.80,0.6934,-1,-1,-1
109,39,1457.10,175.20,109.10,262.80,0.8594,-1,-1,-1
109,71,1238.10,113.50,26.80,81.30,0.4543,-1,-1,-1
109,27,1774.50,365.70,108.90,486.40,0.8496,-1,-1,-1
109,72,275.30,130.10,50.80,139.30,0.7612,-1,-1,-1
109,67,1174.20,124.40,36.00,66.50,0.3452,-1,-1,-1
109,24,1239.80,456.60,301.20,610.70,0.6011,-1,-1,-1
109,42,9.90,319.90,187.20,715.70,0.9189,-1,-1,-1
109,70,1063.20,122.70,46.20,111.30,0.7202,-1,-1,-1
110,23,1351.60,543.30,348.10,529.60,0.9004,-1,-1,-1
110,21,1555.90,439.20,281.20,629.30,0.5830,-1,-1,-1
110,7,720.40,141.70,57.00,169.30,0.7583,-1,-1,-1
110,8,431.50,133.50,54.70,139.50,0.8027,-1,-1,-1
110,10,562.20,120.20,60.40,149.90,0.7529,-1,-1,-1
110,56,341.40,147.00,68.50,172.80,0.6162,-1,-1,-1
110,15,167.00,162.70,73.20,148.40,0.6816,-1,-1,-1
110,38,1098.40,109.40,47.00,150.90,0.7832,-1,-1,-1
110,4,1541.90,135.30,113.80,323.70,0.8350,-1,-1,-1
110,65,782.20,149.00,57.80,158.70,0.8110,-1,-1,-1
110,37,487.10,125.80,55.60,146.80,0.8027,-1,-1,-1
110,43,1144.00,552.60,234.70,526.50,0.8525,-1,-1,-1
110,53,999.20,103.00,43.90,138.90,0.6069,-1,-1,-1
110,39,1458.30,176.50,108.70,262.90,0.8779,-1,-1,-1
110,71,1245.30,115.00,26.40,80.10,0.3850,-1,-1,-1
110,72,275.50,129.50,51.00,139.80,0.6899,-1,-1,-1
110,24,1260.60,463.60,281.50,594.60,0.5088,-1,-1,-1
110,78,1373.20,120.00,57.40,139.00,0.8218,-1,-1,-1
110,64,50.80,191.60,56.30,168.50,0.7104,-1,-1,-1
110,58,0.00,370.00,414.60,689.90,0.9092,-1,-1,-1
110,12,0.00,133.00,38.80,160.80,0.6260,-1,-1,-1
110,57,314.50,116.70,34.00,109.20,0.3821,-1,-1,-1
110,25,1127.10,373.60,208.70,317.50,0.8125,-1,-1,-1
110,73,966.70,129.10,35.40,102.20,0.4504,-1,-1,-1
110,36,773.60,334.60,235.80,553.00,0.8921,-1,-1,-1
111,23,1358.60,548.00,345.40,524.70,0.9180,-1,-1,-1
111,21,1589.50,439.10,236.20,521.00,0.7871,-1,-1,-1
111,7,704.00,138.50,54.30,160.60,0.8467,-1,-1,-1
111,8,439.10,131.30,53.90,138.00,0.8286,-1,-1,-1
111,10,574.30,117.30,58.50,144.40,0.7285,-1,-1,-1
111,56,354.50,142.80,65.40,165.40,0.8252,-1,-1,-1
111,15,178.50,159.10,70.80,143.60,0.6548,-1,-1,-1
111,38,1097.70,108.90,46.90,151.10,0.7861,-1,-1,-1
111,4,1542.20,134.10,114.80,328.70,0.8218,-1,-1,-1
111,65,765.00,144.00,56.30,153.70,0.8433,-1,-1,-1
111,37,499.60,122.90,53.80,142.90,0.8159,-1,-1,-1
111,43,1168.10,556.70,232.90,519.30,0.8340,-1,-1,-1
111,53,996.40,104.00,43.80,138.20,0.4417,-1,-1,-1
111,39,1446.90,177.20,108.00,261.90,0.7627,-1,-1,-1
111,71,1248.70,116.40,26.00,78.70,0.2629,-1,-1,-1
111,72,275.60,129.00,51.10,139.70,0.7139,-1,-1,-1
111,78,1366.20,118.70,56.00,135.60,0.7861,-1,-1,-1
111,58,94.00,412.20,415.10,667.20,0.9326,-1,-1,-1
111,57,313.50,116.60,34.50,109.60,0.3748,-1,-1,-1
111,73,963.90,124.30,35.20,102.40,0.2351,-1,-1,-1
111,36,873.20,340.70,217.50,523.60,0.8994,-1,-1,-1
111,42,0.00,282.10,144.70,600.00,0.9082,-1,-1,-1
112,23,1366.60,548.60,345.50,522.90,0.8804,-1,-1,-1
112,21,1606.10,439.00,213.10,463.30,0.8667,-1,-1,-1
112,7,688.70,135.30,52.80,155.90,0.8306,-1,-1,-1
112,8,446.10,128.40,52.30,134.90,0.7671,-1,-1,-1
112,10,581.70,115.80,57.10,141.20,0.7407,-1,-1,-1
112,56,367.90,140.30,61.00,154.70,0.8433,-1,-1,-1
112,15,182.30,180.20,89.30,183.40,0.7778,-1,-1,-1
112,38,1097.70,108.10,47.20,151.90,0.8252,-1,-1,-1
112,4,1548.90,132.40,105.80,295.70,0.7847,-1,-1,-1
112,65,747.90,139.80,56.10,151.60,0.8286,-1,-1,-1
112,37,504.60,121.30,52.80,140.30,0.7861,-1,-1,-1
112,43,1141.00,564.10,241.30,511.80,0.8735,-1,-1,-1
112,53,997.40,103.80,44.70,139.50,0.7168,-1,-1,-1
112,39,1441.60,178.40,101.20,244.10,0.8237,-1,-1,-1
112,71,1249.90,115.80,26.30,79.50,0.3904,-1,-1,-1
112,72,275.20,128.90,51.30,140.10,0.6953,-1,-1,-1
112,78,1370.30,115.90,54.70,132.10,0.7739,-1,-1,-1
112,58,160.00,409.30,323.50,535.20,0.9160,-1,-1,-1
112,57,313.00,116.30,35.10,110.70,0.4609,-1,-1,-1
112,100,1435.00,355.60,108.40,330.90,0.8638,-1,-1,-1
112,85,896.50,123.00,43.30,101.40,0.6909,-1,-1,-1
112,5,1530.00,112.20,39.60,118.40,0.3477,-1,-1,-1
112,42,12.20,298.20,160.80,611.20,0.9282,-1,-1,-1
112,64,62.90,166.10,50.50,148.90,0.5527,-1,-1,-1
112,25,985.90,391.70,274.70,433.20,0.8979,-1,-1,-1
113,23,1365.90,546.80,347.70,524.30,0.8960,-1,-1,-1
113,21,1601.80,438.90,207.10,449.10,0.7285,-1,-1,-1
113,7,674.70,131.50,50.70,149.00,0.8369,-1,-1,-1
113,8,452.40,124.30,51.40,133.60,0.8340,-1,-1,-1
113,10,589.10,115.20,55.00,135.30,0.7808,-1,-1,-1
113,56,374.50,137.90,59.10,150.00,0.8169,-1,-1,-1
113,15,192.10,163.70,74.60,154.20,0.6460,-1,-1,-1
113,38,1098.00,107.70,47.40,152.30,0.8359,-1,-1,-1
113,4,1549.60,134.70,114.20,317.20,0.8755,-1,-1,-1
113,65,740.80,136.80,53.30,143.20,0.8271,-1,-1,-1
113,37,512.00,119.30,50.60,134.40,0.8237,-1,-1,-1
113,43,1122.30,561.10,248.50,514.50,0.9116,-1,-1,-1
113,53,1004.00,106.90,43.70,136.80,0.6689,-1,-1,-1
113,39,1436.00,179.70,105.50,255.10,0.8535,-1,-1,-1
113,71,1249.40,114.50,26.80,80.90,0.1981,-1,-1,-1
113,72,275.80,129.40,47.10,127.80,0.1901,-1,-1,-1
113,78,1364.40,113.40,52.90,128.30,0.7017,-1,-1,-1
113,58,71.30,381.10,362.40,610.90,0.9194,-1,-1,-1
113,57,312.40,115.20,35.80,112.50,0.3594,-1,-1,-1
113,85,906.90,125.50,40.80,96.00,0.4580,-1,-1,-1
113,87,1830.20,188.30,65.00,197.10,0.6875,-1,-1,-1
113,27,1781.00,287.30,68.10,291.00,0.7925,-1,-1,-1
113,24,1287.00,466.10,236.20,516.90,0.5889,-1,-1,-1
114,23,1382.80,545.70,346.10,526.80,0.9038,-1,-1,-1
114,21,1593.40,435.70,236.00,512.70,0.8657,-1,-1,-1
114,7,665.30,127.60,49.70,145.30,0.8306,-1,-1,-1
114,8,462.40,121.80,49.10,129.30,0.7778,-1,-1,-1
114,10,592.70,114.60,53.90,133.20,0.7695,-1,-1,-1
114,56,384.40,135.00,58.00,146.60,0.6665,-1,-1,-1
114,15,200.70,153.60,65.70,136.10,0.5938,-1,-1,-1
114,38,1098.00,107.70,47.50,152.30,0.8228,-1,-1,-1
114,4,1557.80,135.70,118.70,322.60,0.8760,-1,-1,-1
114,65,727.40,134.30,52.90,139.80,0.8525,-1,-1,-1
114,37,517.20,117.60,49.30,131.60,0.8086,-1,-1,-1
114,43,1122.00,552.50,208.20,415.30,0.9043,-1,-1,-1
114,53,1005.60,108.80,43.00,135.20,0.7285,-1,-1,-1
114,39,1441.20,178.70,98.70,239.30,0.7710,-1,-1,-1
114,72,270.50,129.70,50.10,137.30,0.4648,-1,-1,-1
114,78,1367.40,111.00,51.70,126.20,0.7334,-1,-1,-1
114,58,110.90,405.20,378.40,644.60,0.9463,-1,-1,-1
114,57,314.60,115.20,28.00,83.50,0.2207,-1,-1,-1
114,85,899.80,124.60,39.40,93.10,0.5601,-1,-1,-1
114,87,1816.00,185.10,66.00,199.80,0.8467,-1,-1,-1
114,91,865.20,120.30,39.00,97.30,0.7417,-1,-1,-1
114,24,1324.20,460.90,154.00,323.80,0.8535,-1,-1,-1
114,67,1180.60,126.30,35.50,63.50,0.3372,-1,-1,-1
114,73,966.90,117.10,34.00,98.50,0.5566,-1,-1,-1
114,100,1456.80,373.50,104.20,310.70,0.8760,-1,-1,-1
115,23,1363.20,548.00,344.50,523.50,0.9233,-1,-1,-1
115,21,1588.40,432.70,246.20,536.20,0.8330,-1,-1,-1
115,7,657.00,124.80,48.50,141.30,0.8525,-1,-1,-1
115,8,468.70,119.60,48.30,128.90,0.7861,-1,-1,-1
115,10,594.50,114.50,52.50,129.80,0.7847,-1,-1,-1
115,56,389.10,131.00,55.50,140.40,0.7910,-1,-1,-1
115,15,214.70,147.80,60.40,128.60,0.5537,-1,-1,-1
115,38,1099.40,107.90,47.40,152.30,0.8271,-1,-1,-1
115,4,1544.80,134.40,119.30,327.00,0.7910,-1,-1,-1
115,65,717.30,132.10,50.60,133.90,0.8252,-1,-1,-1
115,37,528.80,115.80,48.20,129.30,0.8271,-1,-1,-1
115,43,1106.20,538.40,247.30,503.20,0.8525,-1,-1,-1
115,53,1006.40,110.00,42.40,134.10,0.7671,-1,-1,-1
115,39,1440.80,179.00,103.80,254.80,0.8252,-1,-1,-1
115,72,274.20,130.40,50.60,138.70,0.6489,-1,-1,-1
115,78,1373.50,109.90,49.90,121.80,0.7178,-1,-1,-1
115,58,200.10,445.80,366.00,627.10,0.9453,-1,-1,-1
115,57,311.30,115.80,34.30,102.30,0.4233,-1,-1,-1
115,85,897.80,120.60,38.50,92.40,0.4658,-1,-1,-1
115,87,1802.30,182.30,65.70,198.90,0.8638,-1,-1,-1
115,91,877.90,122.50,37.20,93.00,0.5352,-1,-1,-1
115,24,1268.00,455.20,238.80,517.30,0.7656,-1,-1,-1
115,54,327.70,169.00,75.60,181.50,0.8496,-1,-1,-1
115,3,139.80,148.30,52.90,143.00,0.7422,-1,-1,-1
115,19,1237.90,111.60,31.30,83.30,0.4766,-1,-1,-1
115,67,1181.80,125.60,36.10,62.60,0.3530,-1,-1,-1
115,5,1527.60,110.20,41.70,124.50,0.4006,-1,-1,-1
115,25,786.80,424.60,307.60,491.80,0.9414,-1,-1,-1
116,23,1362.20,551.60,342.50,520.50,0.9199,-1,-1,-1
116,21,1587.50,432.00,247.80,539.00,0.8838,-1,-1,-1
116,7,651.40,122.90,46.80,136.20,0.8477,-1,-1,-1
116,8,479.90,119.20,46.70,125.10,0.7832,-1,-1,-1
116,10,597.70,114.50,51.00,125.20,0.7725,-1,-1,-1
116,56,399.30,128.80,53.10,134.70,0.4805,-1,-1,-1
116,15,231.30,142.20,57.40,124.10,0.2379,-1,-1,-1
116,38,1099.40,107.90,47.40,151.90,0.8306,-1,-1,-1
116,4,1537.90,133.30,117.10,329.60,0.8184,-1,-1,-1
116,65,706.70,130.10,49.60,129.50,0.8721,-1,-1,-1
116,37,537.40,114.50,46.90,126.30,0.8052,-1,-1,-1
116,43,1117.30,537.40,254.50,526.00,0.7871,-1,-1,-1
116,53,1006.10,110.70,42.20,133.20,0.7568,-1,-1,-1
116,39,1439.00,179.30,104.90,260.20,0.8271,-1,-1,-1
116,72,276.50,130.30,50.40,138.20,0.4863,-1,-1,-1
116,57,310.80,114.90,36.90,109.80,0.4514,-1,-1,-1
116,87,1802.60,178.90,66.20,201.20,0.8101,-1,-1,-1
116,91,886.20,118.20,35.50,89.40,0.4902,-1,-1,-1
116,24,1284.50,459.40,206.50,443.90,0.4465,-1,-1,-1
116,54,358.80,165.50,72.30,173.90,0.7544,-1,-1,-1
116,3,149.00,141.40,50.90,137.70,0.8145,-1,-1,-1
116,19,1236.20,113.60,30.80,81.80,0.4736,-1,-1,-1
116,67,1180.00,126.80,36.50,61.60,0.1830,-1,-1,-1
116,94,838.00,118.30,32.80,93.40,0.7402,-1,-1,-1
116,22,1400.30,119.60,81.80,211.90,0.8159,-1,-1,-1
116,5,1527.90,110.20,42.50,126.60,0.5869,-1,-1,-1
116,36,996.90,412.20,213.70,512.80,0.8794,-1,-1,-1
117,23,1363.60,555.00,339.80,516.40,0.9263,-1,-1,-1
117,21,1590.50,434.30,247.40,536.60,0.8853,-1,-1,-1
117,7,646.00,121.70,45.30,131.20,0.8433,-1,-1,-1
117,8,492.50,118.70,46.20,123.70,0.7871,-1,-1,-1
117,10,600.70,111.50,48.80,120.80,0.7861,-1,-1,-1
117,38,1098.10,107.80,47.70,151.70,0.8350,-1,-1,-1
117,4,1521.60,131.60,118.00,329.80,0.7847,-1,-1,-1
117,65,697.20,128.00,47.80,124.80,0.8403,-1,-1,-1
117,37,545.40,113.60,45.00,121.30,0.7939,-1,-1,-1
117,43,1113.80,539.80,251.80,533.40,0.7441,-1,-1,-1
117,53,1005.50,111.10,42.20,133.00,0.7822,-1,-1,-1
117,39,1439.20,180.10,104.80,262.60,0.8296,-1,-1,-1
117,72,275.30,130.20,50.80,136.80,0.5205,-1,-1,-1
117,57,310.60,114.30,37.70,112.10,0.4629,-1,-1,-1
117,87,1810.40,184.20,64.80,197.00,0.8193,-1,-1,-1
117,24,1256.40,459.30,255.60,565.00,0.8135,-1,-1,-1
117,54,388.70,161.50,68.80,165.50,0.8252,-1,-1,-1
117,3,161.80,137.50,50.50,136.80,0.7939,-1,-1,-1
117,19,1234.80,112.90,31.10,82.80,0.3149,-1,-1,-1
117,67,1179.50,128.20,36.20,59.50,0.3748,-1,-1,-1
117,94,849.80,119.80,31.00,87.70,0.5581,-1,-1,-1
117,22,1377.20,118.80,77.10,199.90,0.8843,-1,-1,-1
117,29,751.60,105.40,26.80,64.30,0.3140,-1,-1,-1
117,85,906.00,115.00,38.30,92.40,0.6094,-1,-1,-1
117,25,689.10,565.40,314.00,479.00,0.9526,-1,-1,-1
118,23,1363.80,555.70,340.10,516.90,0.9233,-1,-1,-1
118,21,1589.60,436.60,253.20,548.80,0.9048,-1,-1,-1
118,7,642.70,118.80,43.80,127.20,0.7949,-1,-1,-1
118,8,507.40,117.00,45.50,120.20,0.8003,-1,-1,-1
118,10,604.50,107.90,49.00,121.50,0.7500,-1,-1,-1
118,38,1095.40,107.30,48.20,152.30,0.8252,-1,-1,-1
118,4,1501.50,132.00,122.30,330.70,0.8076,-1,-1,-1
118,65,691.20,126.20,46.70,120.60,0.8252,-1,-1,-1
118,37,549.90,110.30,44.80,121.70,0.7769,-1,-1,-1
118,43,1089.90,656.30,224.60,419.50,0.9355,-1,-1,-1
118,53,1005.20,111.30,42.20,133.10,0.7612,-1,-1,-1
118,39,1438.30,180.10,104.10,262.80,0.8145,-1,-1,-1
118,72,275.30,130.40,51.70,138.90,0.6943,-1,-1,-1
118,57,312.20,131.70,38.10,110.80,0.2153,-1,-1,-1
118,24,1268.60,463.00,217.20,483.00,0.7031,-1,-1,-1
118,54,406.80,158.10,65.70,158.30,0.7515,-1,-1,-1
118,3,180.80,134.00,48.40,131.60,0.6704,-1,-1,-1
118,19,1233.00,108.10,32.80,87.90,0.3452,-1,-1,-1
118,67,1178.60,128.90,37.40,59.60,0.3108,-1,-1,-1
118,94,864.10,115.70,30.00,85.30,0.5430,-1,-1,-1
118,22,1355.70,117.90,72.40,187.90,0.8545,-1,-1,-1
118,97,814.80,116.00,29.40,90.50,0.7520,-1,-1,-1
118,29,751.10,105.60,26.70,63.80,0.3767,-1,-1,-1
118,42,0.00,230.50,113.40,488.10,0.9048,-1,-1,-1
118,91,893.30,113.90,35.90,90.60,0.5698,-1,-1,-1
118,5,1529.40,111.20,37.50,111.70,0.3914,-1,-1,-1
118,36,1096.60,499.30,193.70,427.30,0.5254,-1,-1,-1
119,23,1353.00,557.20,338.80,514.40,0.9365,-1,-1,-1
119,21,1587.90,438.50,251.90,548.00,0.8906,-1,-1,-1
119,7,636.60,116.10,43.40,126.10,0.7568,-1,-1,-1
119,8,517.00,115.40,44.10,116.90,0.7583,-1,-1,-1
119,10,607.50,105.60,47.20,118.20,0.6943,-1,-1,-1
119,38,1093.70,107.60,47.70,151.60,0.8218,-1,-1,-1
119,4,1515.80,133.80,120.10,329.80,0.8477,-1,-1,-1
119,65,685.50,122.60,45.60,118.10,0.7529,-1,-1,-1
119,37,553.30,108.10,43.10,118.60,0.7544,-1,-1,-1
119,43,1071.60,576.00,267.40,500.10,0.7612,-1,-1,-1
119,53,1005.10,111.40,42.20,133.00,0.7793,-1,-1,-1
119,39,1437.80,178.60,104.30,263.80,0.8467,-1,-1,-1
119,72,274.50,130.10,52.30,139.70,0.8027,-1,-1,-1
119,57,311.30,130.50,39.90,116.50,0.3091,-1,-1,-1
119,24,1251.70,462.70,243.00,562.30,0.5430,-1,-1,-1
119,54,413.90,154.90,62.70,151.20,0.7500,-1,-1,-1
119,3,210.40,131.30,46.60,125.60,0.7871,-1,-1,-1
119,19,1234.20,109.50,32.10,86.60,0.5581,-1,-1,-1
119,67,1175.60,128.40,39.10,59.90,0.3887,-1,-1,-1
119,94,875.60,111.70,31.60,90.00,0.5815,-1,-1,-1
119,22,1336.50,123.20,68.30,176.70,0.8931,-1,-1,-1
119,97,803.30,114.40,29.10,89.30,0.7251,-1,-1,-1
119,29,752.70,105.70,27.20,63.80,0.2386,-1,-1,-1
119,35,1857.90,191.50,62.10,193.70,0.6958,-1,-1,-1
119,6,934.20,166.50,53.10,67.10,0.5776,-1,-1,-1
119,5,1523.80,111.90,39.00,116.90,0.4590,-1,-1,-1
119,28,936.20,100.60,23.80,65.60,0.3269,-1,-1,-1
120,23,1324.80,563.70,336.60,507.50,0.9341,-1,-1,-1
120,21,1589.50,437.20,272.50,608.10,0.8936,-1,-1,-1
120,7,634.40,114.70,41.20,121.60,0.6978,-1,-1,-1
120,8,517.80,112.50,44.00,116.80,0.7334,-1,-1,-1
120,10,611.70,104.30,44.80,113.90,0.7153,-1,-1,-1
120,38,1093.00,107.40,47.50,152.00,0.7974,-1,-1,-1
120,4,1517.10,134.40,119.40,329.20,0.8477,-1,-1,-1
120,65,680.40,119.40,45.30,116.30,0.8193,-1,-1,-1
120,37,558.70,106.40,42.20,118.00,0.5869,-1,-1,-1
120,43,1081.10,558.40,273.90,518.20,0.7695,-1,-1,-1
120,53,1005.00,111.50,42.30,133.10,0.7725,-1,-1,-1
120,39,1436.90,178.00,103.90,264.20,0.8574,-1,-1,-1
120,72,275.70,130.60,52.00,139.20,0.7305,-1,-1,-1
120,57,309.80,121.10,38.50,114.20,0.5098,-1,-1,-1
120,24,1287.80,463.10,170.00,388.30,0.8184,-1,-1,-1
120,54,422.20,153.30,59.90,144.70,0.6792,-1,-1,-1
120,3,241.90,128.70,44.20,120.30,0.6245,-1,-1,-1
120,19,1234.50,109.00,32.20,87.20,0.5796,-1,-1,-1
120,22,1320.80,132.80,62.90,161.60,0.8506,-1,-1,-1
120,97,795.00,112.90,28.60,87.50,0.6582,-1,-1,-1
120,29,752.10,105.70,27.30,64.00,0.3303,-1,-1,-1
120,6,933.10,167.20,52.90,66.60,0.6270,-1,-1,-1
120,5,1524.10,111.60,39.50,118.90,0.5571,-1,-1,-1
120,59,1601.20,105.80,43.60,95.30,0.4055,-1,-1,-1
120,28,935.80,99.10,24.50,67.20,0.2974,-1,-1,-1
121,23,1322.40,576.90,333.10,495.60,0.9121,-1,-1,-1
121,21,1618.10,444.90,277.30,622.40,0.9277,-1,-1,-1
121,7,629.00,112.60,41.00,121.50,0.7227,-1,-1,-1
121,8,519.20,110.60,43.10,114.50,0.7642,-1,-1,-1
121,10,613.70,104.60,42.30,111.00,0.5508,-1,-1,-1
121,38,1094.00,107.70,46.90,151.40,0.8086,-1,-1,-1
121,4,1519.00,136.10,116.40,325.20,0.8369,-1,-1,-1
121,65,674.30,115.30,44.50,114.20,0.7642,-1,-1,-1
121,37,559.00,105.20,41.00,114.20,0.5869,-1,-1,-1
121,43,1087.20,560.40,274.20,516.10,0.8667,-1,-1,-1
121,53,1005.00,111.30,42.30,133.30,0.7739,-1,-1,-1
121,39,1435.30,178.20,103.60,264.10,0.8506,-1,-1,-1
121,72,275.10,128.60,52.80,141.20,0.6802,-1,-1,-1
121,57,310.80,118.10,37.40,111.40,0.5273,-1,-1,-1
121,24,1320.90,463.50,128.20,290.60,0.8076,-1,-1,-1
121,54,430.90,150.50,56.40,136.40,0.7754,-1,-1,-1
121,19,1234.80,109.70,31.90,86.60,0.5869,-1,-1,-1
121,22,1310.30,140.70,59.10,150.80,0.8638,-1,-1,-1
121,97,786.30,111.80,27.90,84.80,0.6060,-1,-1,-1
121,29,752.50,105.50,27.50,64.30,0.2386,-1,-1,-1
121,6,933.00,168.10,52.40,65.60,0.7739,-1,-1,-1
121,5,1521.60,103.40,43.60,127.10,0.1251,-1,-1,-1
121,59,1602.20,109.60,41.60,91.40,0.3630,-1,-1,-1
121,28,936.20,99.50,24.50,66.70,0.4351,-1,-1,-1
121,73,850.70,112.70,23.60,84.00,0.6074,-1,-1,-1
121,42,3.90,303.60,129.70,499.00,0.9204,-1,-1,-1
121,67,1177.60,127.50,41.70,62.80,0.3721,-1,-1,-1
121,35,1865.10,184.40,54.90,180.70,0.5459,-1,-1,-1
122,23,1350.70,581.20,334.10,490.30,0.9146,-1,-1,-1
122,21,1684.60,491.00,235.40,584.40,0.8574,-1,-1,-1
122,7,629.40,110.20,39.50,116.70,0.7241,-1,-1,-1
122,8,517.10,109.60,41.60,111.10,0.7832,-1,-1,-1
122,38,1096.10,107.50,47.10,151.90,0.8145,-1,-1,-1
122,4,1522.10,137.10,114.10,323.90,0.8306,-1,-1,-1
122,65,667.90,114.20,43.30,111.20,0.6826,-1,-1,-1
122,37,562.90,105.30,39.40,110.50,0.7188,-1,-1,-1
122,43,1125.70,564.10,274.00,512.10,0.8979,-1,-1,-1
122,53,1004.90,111.30,42.40,133.30,0.7686,-1,-1,-1
122,39,1435.30,178.30,103.40,264.10,0.8516,-1,-1,-1
122,72,274.70,129.30,52.70,140.70,0.7778,-1,-1,-1
122,57,309.10,117.40,39.50,116.80,0.6626,-1,-1,-1
122,54,441.90,146.10,54.90,132.50,0.7080,-1,-1,-1
122,19,1234.20,108.20,32.20,88.30,0.6479,-1,-1,-1
122,22,1298.70,148.70,55.40,140.20,0.8789,-1,-1,-1
122,97,773.80,110.80,27.90,84.80,0.5928,-1,-1,-1
122,6,933.70,169.10,52.00,64.50,0.7515,-1,-1,-1
122,5,1521.40,110.70,41.60,119.30,0.5371,-1,-1,-1
122,59,1595.50,109.40,52.60,116.20,0.3184,-1,-1,-1
122,28,935.90,99.80,24.50,66.70,0.4456,-1,-1,-1
122,73,842.60,112.40,23.60,83.10,0.5430,-1,-1,-1
122,70,391.80,124.90,47.40,108.00,0.7754,-1,-1,-1
122,12,360.30,118.90,34.70,113.50,0.7578,-1,-1,-1
122,67,1174.30,128.30,42.60,61.90,0.4111,-1,-1,-1
122,35,1856.10,178.60,62.70,171.00,0.6270,-1,-1,-1
122,3,668.50,297.90,431.80,473.20,0.8960,-1,-1,-1
123,23,1393.90,586.50,332.70,484.70,0.9170,-1,-1,-1
123,8,521.10,109.80,40.00,106.80,0.7559,-1,-1,-1
123,38,1097.70,107.70,47.50,151.90,0.8184,-1,-1,-1
123,4,1523.50,138.20,113.80,322.70,0.8350,-1,-1,-1
123,65,665.30,112.50,41.50,107.60,0.7725,-1,-1,-1
123,37,566.70,104.90,38.70,108.80,0.7017,-1,-1,-1
123,53,1004.80,111.60,42.60,133.10,0.7974,-1,-1,-1
123,39,1435.40,177.30,103.20,264.80,0.8535,-1,-1,-1
123,72,275.10,129.80,52.50,139.80,0.7544,-1,-1,-1
123,57,308.30,116.10,37.40,112.50,0.4863,-1,-1,-1
123,54,449.70,141.60,53.60,129.30,0.7739,-1,-1,-1
123,19,1233.10,107.50,32.10,88.90,0.5908,-1,-1,-1
123,22,1286.40,148.20,55.50,139.40,0.8701,-1,-1,-1
123,97,761.00,106.50,28.80,87.10,0.5469,-1,-1,-1
123,6,932.60,169.40,52.30,64.40,0.7949,-1,-1,-1
123,5,1524.10,113.30,39.00,113.80,0.1510,-1,-1,-1
123,28,936.30,99.90,24.40,66.80,0.3811,-1,-1,-1
123,70,402.30,122.70,47.30,107.70,0.6670,-1,-1,-1
123,12,373.10,115.40,33.90,111.00,0.6953,-1,-1,-1
123,67,1172.20,129.00,43.70,61.20,0.4534,-1,-1,-1
123,35,1835.20,170.50,59.70,164.40,0.8159,-1,-1,-1
123,100,1505.90,463.60,107.80,288.90,0.5225,-1,-1,-1
123,58,338.10,405.20,297.80,507.50,0.9360,-1,-1,-1
123,15,327.70,121.50,49.70,110.70,0.7192,-1,-1,-1
123,36,1268.70,546.60,241.60,517.50,0.7305,-1,-1,-1
123,10,628.90,104.10,43.50,115.70,0.8027,-1,-1,-1
124,23,1420.00,592.80,334.50,480.20,0.9346,-1,-1,-1
124,8,526.50,109.90,39.20,104.90,0.7612,-1,-1,-1
124,38,1099.30,107.80,47.50,151.70,0.8271,-1,-1,-1
124,4,1523.40,136.30,114.50,326.20,0.8604,-1,-1,-1
124,65,663.30,110.80,39.80,103.20,0.6909,-1,-1,-1
124,37,578.90,104.20,37.80,105.80,0.7393,-1,-1,-1
124,53,1005.20,111.50,42.70,133.20,0.7871,-1,-1,-1
124,39,1433.60,178.00,103.10,264.00,0.8574,-1,-1,-1
124,72,274.40,129.60,52.60,139.60,0.7847,-1,-1,-1
124,57,310.00,116.30,37.20,111.80,0.6953,-1,-1,-1
124,54,459.30,137.70,51.40,124.80,0.6724,-1,-1,-1
124,19,1232.40,107.90,31.70,88.60,0.5947,-1,-1,-1
124,22,1269.30,146.10,55.10,138.10,0.8555,-1,-1,-1
124,97,749.60,103.10,29.30,88.50,0.5840,-1,-1,-1
124,6,932.40,169.10,53.30,64.80,0.7808,-1,-1,-1
124,5,1526.20,106.80,41.00,120.10,0.3208,-1,-1,-1
124,28,936.40,99.60,24.60,67.00,0.4980,-1,-1,-1
124,70,414.10,120.80,46.00,105.10,0.7754,-1,-1,-1
124,12,385.60,112.60,33.80,110.50,0.6943,-1,-1,-1
124,67,1170.90,128.70,45.10,61.60,0.5098,-1,-1,-1
124,15,343.40,117.80,47.50,108.50,0.7178,-1,-1,-1
124,36,1294.70,559.90,245.80,516.80,0.8843,-1,-1,-1
124,10,633.30,106.10,41.30,111.30,0.7031,-1,-1,-1
124,87,1808.40,161.80,54.20,166.90,0.8564,-1,-1,-1
124,59,1598.70,110.50,45.40,99.70,0.4243,-1,-1,-1
124,3,548.30,370.30,424.30,495.30,0.9399,-1,-1,-1
125,23,1420.10,602.80,332.20,470.90,0.9282,-1,-1,-1
125,8,535.50,107.90,39.10,104.30,0.7358,-1,-1,-1
125,38,1100.80,107.90,47.80,152.60,0.8193,-1,-1,-1
125,4,1533.30,134.40,95.00,259.60,0.8535,-1,-1,-1
125,65,665.80,107.80,38.90,102.00,0.6143,-1,-1,-1
125,37,589.90,103.40,36.10,101.70,0.7319,-1,-1,-1
125,53,1005.40,111.50,42.70,132.80,0.7925,-1,-1,-1
125,39,1434.60,177.70,101.80,262.80,0.8735,-1,-1,-1
125,72,274.20,129.80,52.60,139.10,0.7886,-1,-1,-1
125,57,311.00,115.80,37.50,112.40,0.6592,-1,-1,-1
125,54,468.20,136.60,49.10,119.30,0.7285,-1,-1,-1
125,19,1232.10,106.90,31.60,89.00,0.4941,-1,-1,-1
125,22,1250.10,142.10,55.60,139.30,0.8525,-1,-1,-1
125,97,737.90,103.70,30.10,90.00,0.5430,-1,-1,-1
125,6,932.90,169.60,53.40,64.30,0.7939,-1,-1,-1
125,5,1526.70,114.80,38.20,110.50,0.2379,-1,-1,-1
125,28,935.70,99.10,25.10,67.80,0.5566,-1,-1,-1
125,70,426.20,118.00,45.00,103.10,0.6372,-1,-1,-1
125,12,397.90,109.70,33.60,109.60,0.6479,-1,-1,-1
125,67,1171.30,128.50,44.90,59.80,0.4282,-1,-1,-1
125,15,361.80,115.30,46.00,106.20,0.6929,-1,-1,-1
125,36,1350.40,556.90,240.00,476.80,0.8330,-1,-1,-1
125,10,635.10,106.00,39.60,107.40,0.6836,-1,-1,-1
125,87,1783.00,156.10,53.40,164.10,0.8506,-1,-1,-1
125,59,1600.30,110.50,42.20,91.80,0.3684,-1,-1,-1
125,3,674.40,384.40,419.40,514.10,0.9385,-1,-1,-1
125,21,1660.00,502.30,242.20,575.20,0.9116,-1,-1,-1
126,23,1454.60,624.80,317.60,449.20,0.9165,-1,-1,-1
126,8,544.20,106.70,38.40,102.50,0.7583,-1,-1,-1
126,38,1101.90,108.40,47.60,152.50,0.8252,-1,-1,-1
126,4,1529.40,134.00,112.20,308.30,0.8340,-1,-1,-1
126,65,671.10,108.50,37.40,97.30,0.5679,-1,-1,-1
126,53,1004.90,111.80,42.80,132.40,0.7822,-1,-1,-1
126,39,1443.10,175.30,101.00,266.10,0.8735,-1,-1,-1
126,72,274.50,129.80,53.00,139.80,0.7441,-1,-1,-1
126,57,311.30,115.90,37.60,112.30,0.6494,-1,-1,-1
126,54,481.10,134.20,47.60,115.60,0.7725,-1,-1,-1
126,22,1228.50,138.80,54.70,137.40,0.8467,-1,-1,-1
126,6,931.60,169.40,54.40,64.80,0.7871,-1,-1,-1
126,5,1527.40,113.20,35.10,96.50,0.3567,-1,-1,-1
126,28,935.50,99.10,25.20,67.50,0.5718,-1,-1,-1
126,70,437.90,116.50,43.60,100.30,0.6748,-1,-1,-1
126,12,408.80,110.20,32.40,105.10,0.5146,-1,-1,-1
126,67,1167.10,128.10,47.50,61.40,0.5312,-1,-1,-1
126,15,372.80,113.80,43.80,103.30,0.7007,-1,-1,-1
126,36,1439.20,562.50,235.00,434.50,0.5371,-1,-1,-1
126,10,640.60,104.60,37.90,103.90,0.5850,-1,-1,-1
126,87,1756.50,150.10,52.80,159.80,0.8442,-1,-1,-1
126,59,1601.80,111.00,41.40,89.80,0.3269,-1,-1,-1
126,21,1702.00,504.80,218.00,568.20,0.9062,-1,-1,-1
126,29,747.00,109.80,35.00,84.70,0.6245,-1,-1,-1
126,42,27.70,262.50,135.90,480.30,0.9253,-1,-1,-1
126,7,609.10,100.90,35.40,103.20,0.6353,-1,-1,-1
126,43,1075.80,407.10,285.50,524.50,0.9404,-1,-1,-1
127,23,1524.70,600.00,307.10,431.20,0.7100,-1,-1,-1
127,8,554.90,105.10,38.80,101.60,0.7241,-1,-1,-1
127,38,1104.60,108.50,47.90,152.40,0.8574,-1,-1,-1
127,4,1535.70,133.80,117.10,321.60,0.8979,-1,-1,-1
127,65,678.20,106.20,36.70,95.80,0.6167,-1,-1,-1
127,53,1004.70,112.00,42.80,132.30,0.7861,-1,-1,-1
127,39,1456.70,174.60,90.90,240.70,0.8271,-1,-1,-1
127,72,274.20,129.60,53.00,139.60,0.8076,-1,-1,-1
127,57,311.60,115.80,37.80,112.50,0.7056,-1,-1,-1
127,54,494.20,130.80,46.30,112.90,0.7886,-1,-1,-1
127,22,1206.40,130.60,54.60,138.90,0.7778,-1,-1,-1
127,6,930.70,168.40,55.70,65.80,0.7583,-1,-1,-1
127,5,1521.90,112.40,37.50,97.80,0.5166,-1,-1,-1
127,28,936.50,99.30,25.00,67.50,0.6069,-1,-1,-1
127,70,448.20,114.50,42.80,98.20,0.7178,-1,-1,-1
127,12,418.40,108.00,32.10,103.70,0.5698,-1,-1,-1
127,67,1165.20,128.20,49.20,62.00,0.4600,-1,-1,-1
127,15,384.40,112.50,42.00,100.50,0.7471,-1,-1,-1
127,10,646.40,103.60,36.30,101.00,0.5698,-1,-1,-1
127,59,1608.50,111.10,37.20,81.00,0.2494,-1,-1,-1
127,21,1692.70,608.20,203.90,466.70,0.8994,-1,-1,-1
127,29,754.00,112.00,35.50,86.60,0.4980,-1,-1,-1
127,42,31.30,255.70,122.00,430.90,0.6689,-1,-1,-1
127,24,1311.50,385.40,239.50,538.80,0.9204,-1,-1,-1
127,37,614.40,99.80,35.50,100.40,0.6567,-1,-1,-1
127,97,716.20,104.40,27.20,82.40,0.3372,-1,-1,-1
128,23,1576.50,582.70,331.30,469.90,0.7754,-1,-1,-1
128,8,565.20,102.40,38.30,100.80,0.7441,-1,-1,-1
128,38,1113.60,108.50,48.80,153.30,0.8496,-1,-1,-1
128,4,1566.60,135.20,120.60,325.60,0.8818,-1,-1,-1
128,65,682.50,104.90,35.60,93.50,0.5757,-1,-1,-1
128,53,1005.10,111.80,42.90,132.50,0.8003,-1,-1,-1
128,39,1458.00,176.00,94.90,256.10,0.8564,-1,-1,-1
128,72,274.30,129.50,53.30,140.00,0.7656,-1,-1,-1
128,57,311.40,115.40,37.90,112.80,0.6895,-1,-1,-1
128,22,1184.90,129.30,52.60,134.90,0.4795,-1,-1,-1
128,6,930.40,167.60,57.10,66.60,0.8203,-1,-1,-1
128,5,1520.10,112.40,44.50,115.10,0.7319,-1,-1,-1
128,28,935.80,99.00,25.10,67.70,0.4873,-1,-1,-1
128,70,457.50,112.30,42.30,97.40,0.5928,-1,-1,-1
128,12,428.70,107.90,31.70,101.30,0.6226,-1,-1,-1
128,15,394.40,110.80,40.70,99.20,0.6733,-1,-1,-1
128,21,1716.90,656.00,187.20,420.90,0.7808,-1,-1,-1
128,42,0.00,281.30,134.40,494.10,0.9097,-1,-1,-1
128,37,623.70,98.30,35.50,99.70,0.7080,-1,-1,-1
128,97,707.80,104.70,26.20,79.70,0.1536,-1,-1,-1
128,27,656.30,100.30,38.90,99.60,0.5776,-1,-1,-1
128,19,1595.10,110.80,43.80,123.40,0.5601,-1,-1,-1
128,56,515.20,126.20,46.30,114.70,0.6582,-1,-1,-1
128,36,1580.00,427.40,285.80,516.60,0.8594,-1,-1,-1
129,8,574.90,99.70,38.30,100.70,0.7075,-1,-1,-1
129,38,1119.20,108.70,49.60,154.60,0.8340,-1,-1,-1
129,4,1613.80,142.40,118.50,319.10,0.8604,-1,-1,-1
129,53,1005.10,111.10,43.20,133.30,0.8037,-1,-1,-1
129,39,1459.20,176.70,94.90,260.60,0.7832,-1,-1,-1
129,72,274.50,129.50,53.20,139.60,0.7974,-1,-1,-1
129,57,311.40,115.50,37.70,112.20,0.6504,-1,-1,-1
129,22,1163.30,127.60,51.30,132.70,0.7793,-1,-1,-1
129,6,932.00,167.10,57.20,66.70,0.6968,-1,-1,-1
129,5,1524.10,112.10,47.10,121.20,0.6816,-1,-1,-1
129,28,935.80,98.80,24.70,67.90,0.5410,-1,-1,-1
129,70,466.10,110.60,41.00,94.90,0.5815,-1,-1,-1
129,12,439.70,106.20,30.60,98.10,0.5488,-1,-1,-1
129,15,408.20,109.20,38.90,95.80,0.6875,-1,-1,-1
129,21,1705.60,574.60,214.40,500.10,0.7808,-1,-1,-1
129,42,34.20,291.90,156.70,512.60,0.9365,-1,-1,-1
129,37,630.50,95.40,34.60,98.20,0.7056,-1,-1,-1
129,97,697.50,104.50,25.70,78.20,0.1294,-1,-1,-1
129,27,661.70,100.20,37.10,96.40,0.5566,-1,-1,-1
129,19,1234.30,110.90,30.00,85.40,0.6548,-1,-1,-1
129,56,526.70,122.80,44.40,110.20,0.7847,-1,-1,-1
130,8,586.40,99.50,37.00,97.30,0.7534,-1,-1,-1
130,38,1119.90,108.70,50.60,155.20,0.7139,-1,-1,-1
130,53,1005.60,110.50,43.40,133.90,0.7949,-1,-1,-1
130,39,1462.20,175.00,94.60,262.90,0.8442,-1,-1,-1
130,72,273.90,129.40,53.20,139.60,0.7861,-1,-1,-1
130,57,311.40,116.10,37.40,111.60,0.6758,-1,-1,-1
130,22,1145.80,127.00,49.30,129.00,0.3638,-1,-1,-1
130,6,934.70,166.90,57.00,66.80,0.7241,-1,-1,-1
130,5,1522.00,111.90,46.20,121.40,0.4600,-1,-1,-1
130,28,935.90,98.90,24.30,67.70,0.5537,-1,-1,-1
130,70,476.20,107.80,40.10,94.10,0.6270,-1,-1,-1
130,12,451.90,103.10,30.40,97.30,0.5332,-1,-1,-1
130,15,421.30,107.10,37.70,94.40,0.6704,-1,-1,-1
130,21,1755.80,646.60,164.20,422.80,0.5049,-1,-1,-1
130,37,633.00,94.70,34.20,97.20,0.6992,-1,-1,-1
130,27,665.00,99.00,35.60,94.30,0.2407,-1,-1,-1
130,19,1234.30,110.30,30.10,85.70,0.6460,-1,-1,-1
130,56,541.20,118.70,43.10,108.40,0.7861,-1,-1,-1
130,25,1553.10,233.60,100.20,109.20,0.7500,-1,-1,-1
130,94,705.70,106.00,32.80,87.30,0.5889,-1,-1,-1
130,73,801.90,119.30,25.40,86.10,0.7549,-1,-1,-1
130,58,393.00,305.70,278.70,503.70,0.9160,-1,-1,-1
130,87,1712.20,135.80,95.70,292.20,0.8638,-1,-1,-1
130,54,519.80,103.50,37.60,94.30,0.6582,-1,-1,-1
130,10,659.00,96.20,33.50,95.90,0.4006,-1,-1,-1
130,65,674.80,100.10,34.70,91.50,0.6909,-1,-1,-1
131,8,594.80,99.30,36.00,94.50,0.6416,-1,-1,-1
131,38,1121.20,109.00,50.70,155.30,0.8286,-1,-1,-1
131,53,1004.70,107.40,44.60,136.90,0.8315,-1,-1,-1
131,39,1470.20,173.30,94.60,265.30,0.8384,-1,-1,-1
131,72,274.20,129.30,53.40,139.60,0.7710,-1,-1,-1
131,57,311.90,115.40,37.80,112.40,0.5786,-1,-1,-1
131,6,936.10,167.60,56.20,66.00,0.6479,-1,-1,-1
131,5,1524.60,110.60,42.70,113.80,0.5527,-1,-1,-1
131,28,936.10,99.20,23.80,67.30,0.4795,-1,-1,-1
131,70,488.60,106.30,39.00,91.40,0.6333,-1,-1,-1
131,12,463.90,101.50,30.00,96.00,0.4524,-1,-1,-1
131,15,438.50,106.10,36.30,92.40,0.4766,-1,-1,-1
131,37,635.90,95.80,33.40,94.80,0.6060,-1,-1,-1
131,19,1597.30,112.20,49.90,140.60,0.6416,-1,-1,-1
131,56,555.60,114.70,42.40,106.90,0.7227,-1,-1,-1
131,25,1553.90,234.10,99.00,107.70,0.6689,-1,-1,-1
131,20,554.00,307.20,222.50,500.00,0.9146,-1,-1,-1
131,64,0.30,408.60,50.80,309.40,0.7471,-1,-1,-1
131,73,806.40,121.40,25.80,85.30,0.7622,-1,-1,-1
131,58,367.20,334.00,287.20,549.90,0.8691,-1,-1,-1
131,54,529.50,98.80,36.20,92.40,0.6299,-1,-1,-1
131,10,662.80,93.90,32.90,96.10,0.5581,-1,-1,-1
131,65,679.00,100.50,34.10,90.00,0.4580,-1,-1,-1
131,71,1295.30,101.50,22.30,63.90,0.5889,-1,-1,-1
131,35,1760.90,140.30,101.80,282.80,0.8965,-1,-1,-1
131,67,1168.10,129.10,49.00,61.30,0.5698,-1,-1,-1
131,42,16.10,307.20,132.20,424.10,0.8877,-1,-1,-1
132,8,603.20,97.60,35.00,92.80,0.7622,-1,-1,-1
132,38,1121.70,109.30,50.60,155.00,0.8203,-1,-1,-1
132,53,1003.80,105.20,45.10,138.80,0.8486,-1,-1,-1
132,39,1490.20,172.60,96.50,263.80,0.8315,-1,-1,-1
132,72,273.80,129.20,53.50,139.90,0.8125,-1,-1,-1
132,57,311.70,115.80,37.70,112.00,0.6665,-1,-1,-1
132,6,936.90,168.00,55.30,65.50,0.5156,-1,-1,-1
132,5,1530.30,110.90,38.20,98.80,0.4368,-1,-1,-1
132,28,937.10,99.60,23.70,67.30,0.6011,-1,-1,-1
132,70,503.00,104.40,38.40,90.70,0.5273,-1,-1,-1
132,12,475.50,102.50,28.30,90.50,0.5601,-1,-1,-1
132,15,451.40,104.50,34.20,89.40,0.5273,-1,-1,-1
132,37,637.90,95.90,32.60,93.30,0.6206,-1,-1,-1
132,19,1592.20,110.80,49.50,134.20,0.6680,-1,-1,-1
132,56,569.60,112.90,40.40,102.80,0.7422,-1,-1,-1
132,25,1566.90,239.60,94.30,102.50,0.1974,-1,-1,-1
132,20,557.20,336.10,244.80,552.10,0.8721,-1,-1,-1
132,54,539.30,96.10,35.10,90.40,0.5776,-1,-1,-1
132,10,668.00,94.00,31.80,92.10,0.4785,-1,-1,-1
132,35,1785.00,148.50,98.70,277.90,0.8506,-1,-1,-1
132,67,1167.10,129.10,49.80,61.10,0.5176,-1,-1,-1
132,42,8.40,345.00,130.10,413.00,0.8882,-1,-1,-1
132,78,1092.00,127.70,42.00,111.70,0.5947,-1,-1,-1
132,3,609.70,322.60,401.00,546.80,0.8901,-1,-1,-1
132,94,692.90,103.10,33.00,87.70,0.5620,-1,-1,-1
133,8,607.60,97.00,34.30,91.60,0.6602,-1,-1,-1
133,38,1120.60,109.50,50.90,154.70,0.8252,-1,-1,-1
133,53,1004.40,103.70,45.50,140.10,0.8638,-1,-1,-1
133,39,1514.20,170.50,99.40,265.00,0.8789,-1,-1,-1
133,72,274.10,129.30,53.60,139.90,0.8013,-1,-1,-1
133,57,311.60,115.70,37.70,111.80,0.6460,-1,-1,-1
133,6,937.50,167.80,55.30,65.80,0.6343,-1,-1,-1
133,5,1524.80,110.80,43.20,114.40,0.7056,-1,-1,-1
133,28,937.50,99.20,23.70,67.50,0.6206,-1,-1,-1
133,70,516.10,104.30,36.90,87.20,0.5947,-1,-1,-1
133,12,485.90,97.80,29.20,92.90,0.5581,-1,-1,-1
133,15,464.10,102.50,33.70,88.80,0.5527,-1,-1,-1
133,37,639.00,95.50,32.10,91.30,0.4902,-1,-1,-1
133,19,1233.60,109.20,30.60,86.90,0.5059,-1,-1,-1
133,56,580.30,111.90,38.90,99.40,0.6738,-1,-1,-1
133,54,547.80,95.30,33.70,87.70,0.5195,-1,-1,-1
133,67,1166.80,128.90,51.00,61.60,0.4504,-1,-1,-1
133,42,51.40,380.40,135.00,410.20,0.9243,-1,-1,-1
133,7,829.20,120.60,36.60,91.40,0.7847,-1,-1,-1
133,78,1080.50,124.80,42.60,114.30,0.8159,-1,-1,-1
133,3,637.40,360.10,400.30,589.20,0.9028,-1,-1,-1
133,94,699.60,106.30,31.20,83.20,0.5737,-1,-1,-1
133,43,1114.60,291.80,268.80,510.90,0.9233,-1,-1,-1
133,65,673.60,98.90,33.40,86.90,0.5796,-1,-1,-1
134,8,613.70,96.60,32.10,87.10,0.4609,-1,-1,-1
134,38,1120.10,109.50,51.10,154.40,0.8394,-1,-1,-1
134,53,1002.70,102.60,45.50,141.50,0.8442,-1,-1,-1
134,72,273.90,129.10,53.80,140.20,0.8013,-1,-1,-1
134,57,312.40,116.20,37.50,111.30,0.5234,-1,-1,-1
134,6,937.30,167.80,55.20,65.90,0.4082,-1,-1,-1
134,5,1527.20,110.30,46.10,121.80,0.7822,-1,-1,-1
134,28,937.60,99.50,23.70,67.10,0.5698,-1,-1,-1
134,70,528.60,103.50,35.80,85.70,0.6372,-1,-1,-1
134,12,496.50,97.80,28.70,90.50,0.4648,-1,-1,-1
134,15,474.80,101.20,32.50,87.70,0.5430,-1,-1,-1
134,37,642.40,93.30,32.40,92.20,0.5361,-1,-1,-1
134,19,1594.00,109.80,49.50,130.50,0.7031,-1,-1,-1
134,56,590.70,110.50,37.50,96.20,0.5981,-1,-1,-1
134,54,555.90,95.00,32.60,86.00,0.5620,-1,-1,-1
134,67,1166.50,128.60,51.80,62.10,0.3943,-1,-1,-1
134,7,841.10,120.40,38.00,94.80,0.7847,-1,-1,-1
134,9,1484.40,230.80,66.90,93.10,0.8159,-1,-1,-1
134,29,746.50,122.20,31.30,75.60,0.6406,-1,-1,-1
134,24,1362.20,298.50,245.00,534.30,0.9341,-1,-1,-1
134,22,1057.70,119.20,44.90,117.30,0.7871,-1,-1,-1
134,58,421.10,341.60,223.00,431.40,0.8535,-1,-1,-1
134,25,1530.80,182.10,216.00,240.70,0.8804,-1,-1,-1
134,10,682.40,102.10,29.60,82.50,0.7476,-1,-1,-1
135,38,1119.70,109.40,51.40,154.30,0.8340,-1,-1,-1
135,53,1008.20,103.10,45.90,141.50,0.6167,-1,-1,-1
135,72,273.90,129.10,53.70,139.80,0.8037,-1,-1,-1
135,57,312.70,116.60,37.40,111.10,0.5410,-1,-1,-1
135,6,937.30,168.20,54.90,65.50,0.5620,-1,-1,-1
135,5,1526.20,109.40,47.40,126.00,0.6162,-1,-1,-1
135,28,937.60,99.20,23.80,67.30,0.6069,-1,-1,-1
135,70,539.30,101.70,34.90,84.20,0.5488,-1,-1,-1
135,12,509.60,98.60,27.50,86.70,0.5430,-1,-1,-1
135,15,484.70,97.60,32.10,87.80,0.5947,-1,-1,-1
135,37,644.50,93.20,31.60,90.80,0.4756,-1,-1,-1
135,19,1590.20,110.00,50.80,130.90,0.7285,-1,-1,-1
135,56,602.40,106.20,37.70,96.90,0.6226,-1,-1,-1
135,54,562.70,94.20,31.80,84.80,0.5508,-1,-1,-1
135,67,1165.10,128.30,52.70,62.40,0.4727,-1,-1,-1
135,9,1485.40,231.20,67.50,94.30,0.8159,-1,-1,-1
135,91,1099.30,111.00,23.80,80.20,0.4580,-1,-1,-1
135,29,749.20,114.60,33.90,83.60,0.5000,-1,-1,-1
135,22,1037.30,114.80,43.80,116.90,0.4377,-1,-1,-1
135,58,375.10,395.90,217.10,429.40,0.8936,-1,-1,-1
135,10,685.10,104.50,29.70,80.40,0.6426,-1,-1,-1
135,97,866.00,120.20,29.00,95.90,0.8223,-1,-1,-1
135,87,1655.40,162.70,86.90,265.70,0.7861,-1,-1,-1
135,64,4.40,233.90,73.50,445.20,0.6714,-1,-1,-1
135,20,581.50,348.80,193.00,434.40,0.8306,-1,-1,-1
135,39,1562.40,221.50,63.20,140.90,0.7305,-1,-1,-1
135,43,1141.10,355.70,339.30,647.00,0.9150,-1,-1,-1
136,38,1118.90,109.60,51.70,154.40,0.8306,-1,-1,-1
136,72,273.90,129.10,53.70,139.50,0.8086,-1,-1,-1
136,57,311.80,116.40,37.50,111.30,0.6343,-1,-1,-1
136,6,937.50,168.60,54.40,65.00,0.6353,-1,-1,-1
136,5,1524.60,109.80,46.50,125.80,0.7861,-1,-1,-1
136,28,937.70,99.50,23.70,67.00,0.5820,-1,-1,-1
136,70,551.70,99.40,34.50,84.00,0.4407,-1,-1,-1
136,12,522.10,95.80,28.00,87.00,0.4795,-1,-1,-1
136,15,496.60,98.10,30.60,85.10,0.4609,-1,-1,-1
136,37,651.30,97.50,29.80,84.70,0.4121,-1,-1,-1
136,19,1588.30,110.60,52.20,132.00,0.7319,-1,-1,-1
136,56,615.10,101.20,37.70,97.70,0.6479,-1,-1,-1
136,67,1165.40,128.10,53.40,62.90,0.3999,-1,-1,-1
136,9,1485.40,232.60,67.20,93.60,0.8169,-1,-1,-1
136,91,1099.30,109.70,24.30,81.30,0.4844,-1,-1,-1
136,29,754.40,113.40,34.00,84.80,0.5195,-1,-1,-1
136,22,1020.60,107.90,49.40,132.60,0.7832,-1,-1,-1
136,97,875.30,120.70,30.60,98.70,0.7705,-1,-1,-1
136,20,541.70,406.70,192.00,433.10,0.8921,-1,-1,-1
136,39,1561.80,235.50,52.20,107.10,0.7988,-1,-1,-1
136,4,1685.60,166.50,97.10,255.80,0.8901,-1,-1,-1
136,42,29.90,281.00,150.80,448.60,0.9165,-1,-1,-1
136,3,652.30,354.00,289.70,456.80,0.7544,-1,-1,-1
136,94,691.50,110.90,29.40,76.60,0.7031,-1,-1,-1
136,24,1395.80,370.20,297.50,650.40,0.8745,-1,-1,-1
137,38,1118.30,108.10,52.30,156.00,0.8394,-1,-1,-1
137,72,273.80,129.10,53.90,139.90,0.7725,-1,-1,-1
137,57,311.50,115.70,37.80,112.00,0.6196,-1,-1,-1
137,6,937.40,168.40,54.50,65.20,0.6470,-1,-1,-1
137,5,1525.90,110.50,46.10,125.60,0.8145,-1,-1,-1
137,28,937.90,100.00,23.30,65.60,0.3242,-1,-1,-1
137,70,561.00,98.80,33.00,82.00,0.5312,-1,-1,-1
137,12,534.00,93.40,28.30,87.30,0.5293,-1,-1,-1
137,15,509.90,96.90,30.40,83.90,0.4407,-1,-1,-1
137,37,659.20,105.70,26.00,75.20,0.1160,-1,-1,-1
137,19,1588.70,111.30,52.50,130.40,0.7671,-1,-1,-1
137,56,630.50,103.20,35.10,91.80,0.6040,-1,-1,-1
137,67,1165.70,128.70,53.30,62.20,0.4551,-1,-1,-1
137,9,1486.20,233.80,66.50,92.60,0.8433,-1,-1,-1
137,91,1098.80,109.80,24.30,81.40,0.5410,-1,-1,-1
137,29,759.80,117.40,31.90,79.10,0.5273,-1,-1,-1
137,22,992.40,115.40,43.00,115.30,0.7769,-1,-1,-1
137,39,1570.10,237.60,55.90,101.80,0.7656,-1,-1,-1
137,71,734.00,114.30,27.20,79.80,0.6152,-1,-1,-1
137,85,1717.70,90.30,31.40,72.60,0.5020,-1,-1,-1
137,42,93.00,302.20,158.90,459.20,0.8931,-1,-1,-1
137,3,678.10,403.50,271.70,439.90,0.8770,-1,-1,-1
137,94,693.10,111.50,29.80,76.00,0.6714,-1,-1,-1
137,35,1750.30,170.60,85.40,242.90,0.8691,-1,-1,-1
137,78,1044.40,117.30,46.70,127.50,0.7529,-1,-1,-1
137,54,583.50,93.70,31.20,84.70,0.5508,-1,-1,-1
137,64,5.60,246.10,69.50,417.30,0.9102,-1,-1,-1
138,38,1118.70,109.00,52.20,155.10,0.8403,-1,-1,-1
138,72,273.40,129.00,53.90,140.40,0.7964,-1,-1,-1
138,57,311.30,115.90,37.70,111.50,0.6826,-1,-1,-1
138,5,1524.90,111.00,45.00,125.20,0.8052,-1,-1,-1
138,28,938.70,99.90,19.70,53.30,0.1082,-1,-1,-1
138,70,576.80,94.00,35.70,88.60,0.5371,-1,-1,-1
138,12,545.50,93.30,27.40,83.80,0.5195,-1,-1,-1
138,15,522.80,95.10,29.60,83.20,0.5117,-1,-1,-1
138,19,1588.50,111.40,53.40,129.90,0.7974,-1,-1,-1
138,56,644.70,103.50,33.40,88.50,0.6426,-1,-1,-1
138,67,1165.70,128.90,53.40,61.80,0.5566,-1,-1,-1
138,9,1486.20,233.60,66.80,92.90,0.8423,-1,-1,-1
138,29,761.80,118.30,30.50,75.90,0.4648,-1,-1,-1
138,22,966.40,118.70,36.50,95.80,0.6704,-1,-1,-1
138,39,1572.40,238.10,60.60,101.80,0.8159,-1,-1,-1
138,71,735.40,113.20,27.00,79.60,0.5059,-1,-1,-1
138,85,1716.10,90.90,31.00,71.60,0.4600,-1,-1,-1
138,42,60.10,299.70,149.70,425.10,0.8594,-1,-1,-1
138,94,691.40,110.50,29.20,75.30,0.3201,-1,-1,-1
138,3,1345.20,122.20,49.80,120.60,0.8867,-1,-1,-1
138,36,887.40,410.70,173.40,458.30,0.8545,-1,-1,-1
138,60,488.60,92.10,26.40,83.00,0.5698,-1,-1,-1
138,78,1051.50,122.70,48.20,126.30,0.8467,-1,-1,-1
138,27,671.10,107.50,28.30,78.30,0.4446,-1,-1,-1
138,58,257.40,336.50,225.20,446.50,0.9321,-1,-1,-1
138,10,696.90,109.90,29.10,76.10,0.3452,-1,-1,-1
139,38,1119.00,109.60,51.80,154.20,0.7949,-1,-1,-1
139,72,273.40,129.20,53.90,140.40,0.8076,-1,-1,-1
139,57,311.20,115.60,37.70,111.70,0.6909,-1,-1,-1
139,5,1524.80,112.10,44.10,123.90,0.7847,-1,-1,-1
139,28,933.90,99.10,19.80,52.80,0.1566,-1,-1,-1
139,12,562.30,94.00,29.00,88.80,0.4902,-1,-1,-1
139,15,536.60,94.30,28.80,82.00,0.5195,-1,-1,-1
139,19,1587.20,110.60,54.30,130.40,0.7847,-1,-1,-1
139,56,657.50,102.50,31.80,85.50,0.5659,-1,-1,-1
139,67,1164.70,129.00,53.60,61.60,0.5850,-1,-1,-1
139,9,1486.30,234.10,66.60,92.30,0.8555,-1,-1,-1
139,29,758.90,111.60,31.80,80.10,0.4668,-1,-1,-1
139,22,950.70,123.90,33.10,84.70,0.2153,-1,-1,-1
139,39,1571.20,238.60,65.20,102.30,0.8184,-1,-1,-1
139,71,735.10,113.30,26.00,76.50,0.4580,-1,-1,-1
139,85,1712.50,87.20,32.20,74.70,0.5215,-1,-1,-1
139,94,692.40,110.20,28.90,76.60,0.4141,-1,-1,-1
139,3,1324.90,118.20,49.80,120.50,0.8545,-1,-1,-1
139,60,489.40,93.70,25.90,81.30,0.4824,-1,-1,-1
139,21,1033.70,418.80,173.00,460.20,0.8945,-1,-1,-1
139,27,676.50,109.40,26.40,76.90,0.4253,-1,-1,-1
139,58,291.20,321.70,199.10,408.00,0.7939,-1,-1,-1
139,10,707.80,108.00,27.20,72.00,0.5117,-1,-1,-1
139,43,1145.90,361.20,242.50,485.90,0.8701,-1,-1,-1
139,54,602.40,96.50,28.40,77.80,0.3811,-1,-1,-1
139,64,17.80,178.50,49.90,277.10,0.7939,-1,-1,-1
140,38,1118.00,109.20,51.90,154.70,0.7847,-1,-1,-1
140,72,273.50,129.30,53.70,139.80,0.7974,-1,-1,-1
140,57,311.10,116.00,37.50,111.30,0.6621,-1,-1,-1
140,5,1524.60,111.70,44.00,124.50,0.7627,-1,-1,-1
140,28,934.20,99.30,18.30,46.70,0.1490,-1,-1,-1
140,12,576.80,93.30,26.90,81.80,0.4207,-1,-1,-1
140,15,551.60,94.90,30.40,87.40,0.6655,-1,-1,-1
140,19,1588.60,110.60,54.80,130.10,0.7559,-1,-1,-1
140,56,669.90,102.20,30.90,83.50,0.5410,-1,-1,-1
140,67,1173.10,129.50,50.90,60.30,0.3730,-1,-1,-1
140,9,1485.90,233.10,67.40,93.30,0.8315,-1,-1,-1
140,29,754.80,109.90,30.50,78.70,0.4177,-1,-1,-1
140,39,1570.10,236.80,69.80,103.90,0.7900,-1,-1,-1
140,71,734.90,107.60,27.10,80.20,0.3201,-1,-1,-1
140,85,1708.80,83.00,33.40,78.30,0.4302,-1,-1,-1
140,94,697.60,109.00,30.40,79.30,0.6245,-1,-1,-1
140,3,1301.30,116.40,48.60,117.60,0.8369,-1,-1,-1
140,60,491.10,92.80,26.40,82.20,0.4514,-1,-1,-1
140,58,311.60,341.80,192.60,400.80,0.8960,-1,-1,-1
140,43,1164.50,427.80,245.90,494.80,0.8989,-1,-1,-1
140,54,610.30,103.80,26.10,68.60,0.1384,-1,-1,-1
140,64,51.40,181.30,47.90,241.90,0.8076,-1,-1,-1
140,20,532.90,344.20,206.50,462.30,0.9263,-1,-1,-1
140,91,1099.40,110.20,24.10,80.50,0.4795,-1,-1,-1
141,38,1118.40,109.10,52.20,155.10,0.8228,-1,-1,-1
141,72,274.10,129.30,53.70,139.70,0.8027,-1,-1,-1
141,57,310.40,115.70,37.80,111.80,0.6611,-1,-1,-1
141,5,1524.50,110.60,44.00,125.70,0.7988,-1,-1,-1
141,12,587.50,96.00,25.50,75.20,0.3057,-1,-1,-1
141,19,1589.00,110.00,55.30,130.90,0.7285,-1,-1,-1
141,9,1487.20,231.90,68.90,94.90,0.8394,-1,-1,-1
141,29,754.30,108.80,29.70,76.30,0.1238,-1,-1,-1
141,39,1569.10,234.30,74.30,106.80,0.7822,-1,-1,-1
141,71,732.10,108.80,25.40,75.90,0.1105,-1,-1,-1
141,85,1704.10,84.20,32.50,76.30,0.4226,-1,-1,-1
141,94,702.10,107.50,30.80,80.50,0.6636,-1,-1,-1
141,3,643.20,346.90,291.60,495.10,0.9219,-1,-1,-1
141,60,491.00,92.70,26.60,82.40,0.3242,-1,-1,-1
141,54,620.10,108.80,24.10,63.80,0.2180,-1,-1,-1
141,20,497.10,349.00,192.20,440.30,0.8359,-1,-1,-1
141,91,1100.10,111.30,23.90,79.60,0.4216,-1,-1,-1
141,7,889.40,120.10,38.90,96.90,0.7842,-1,-1,-1
141,53,994.10,128.60,37.20,110.40,0.8110,-1,-1,-1
141,24,1373.00,454.00,246.10,513.50,0.8843,-1,-1,-1
141,27,680.60,110.40,26.60,75.30,0.6133,-1,-1,-1
142,38,1118.00,108.90,52.40,155.20,0.8252,-1,-1,-1
142,72,274.20,129.10,53.80,140.00,0.7822,-1,-1,-1
142,57,311.00,116.00,37.50,111.30,0.6440,-1,-1,-1
142,5,1523.60,110.40,43.30,125.90,0.8110,-1,-1,-1
142,12,603.00,101.20,23.30,67.60,0.3174,-1,-1,-1
142,19,1588.00,109.60,55.70,130.70,0.7349,-1,-1,-1
142,9,1487.50,231.10,69.70,95.40,0.8271,-1,-1,-1
142,29,749.80,111.00,28.00,71.80,0.3999,-1,-1,-1
142,39,1567.90,233.40,77.30,107.50,0.7671,-1,-1,-1
142,85,1700.80,85.90,31.30,73.50,0.3914,-1,-1,-1
142,94,699.10,109.70,31.00,77.90,0.4475,-1,-1,-1
142,60,490.60,92.50,26.80,82.50,0.4658,-1,-1,-1
142,54,630.70,107.70,24.00,65.30,0.2089,-1,-1,-1
142,91,1099.60,110.30,24.20,80.30,0.4980,-1,-1,-1
142,65,1559.00,365.10,218.00,579.10,0.8584,-1,-1,-1
142,73,651.10,109.90,27.70,71.60,0.4707,-1,-1,-1
142,3,617.50,352.60,255.80,459.90,0.8735,-1,-1,-1
142,97,872.40,119.90,31.10,96.30,0.7900,-1,-1,-1
142,6,937.30,168.20,54.70,65.60,0.6206,-1,-1,-1
142,36,863.00,342.90,195.00,507.50,0.9316,-1,-1,-1
142,78,1021.30,127.40,46.50,118.10,0.8384,-1,-1,-1
142,15,578.30,95.60,26.00,75.60,0.3730,-1,-1,-1
142,67,1166.80,128.90,52.20,61.10,0.4678,-1,-1,-1
143,38,1117.90,109.40,52.40,154.70,0.8306,-1,-1,-1
143,72,274.20,129.10,53.80,140.20,0.7861,-1,-1,-1
143,57,310.90,115.70,37.50,111.50,0.5898,-1,-1,-1
143,5,1523.60,110.10,42.90,126.70,0.7939,-1,-1,-1
143,12,613.90,105.80,22.90,65.90,0.3540,-1,-1,-1
143,19,1588.00,111.50,55.10,128.60,0.6548,-1,-1,-1
143,9,1487.70,231.10,69.90,95.20,0.8271,-1,-1,-1
143,29,745.90,110.60,26.80,69.30,0.3757,-1,-1,-1
143,39,1566.30,232.30,80.40,108.90,0.8169,-1,-1,-1
143,85,1693.50,86.50,30.90,72.60,0.4243,-1,-1,-1
143,94,701.30,108.10,30.90,79.50,0.1661,-1,-1,-1
143,60,489.20,93.80,26.10,80.10,0.4341,-1,-1,-1
143,91,1099.40,110.50,24.30,80.00,0.4197,-1,-1,-1
143,73,651.60,107.70,28.80,74.40,0.5410,-1,-1,-1
143,87,177.40,196.20,98.60,235.30,0.6851,-1,-1,-1
143,6,935.20,168.50,54.60,64.90,0.6440,-1,-1,-1
143,36,891.10,326.10,171.80,453.80,0.8433,-1,-1,-1
143,15,591.20,99.70,24.20,69.70,0.3748,-1,-1,-1
143,67,1166.10,128.90,53.00,61.70,0.4026,-1,-1,-1
143,22,852.70,116.90,36.50,93.90,0.7515,-1,-1,-1
143,21,1033.70,344.30,205.50,540.50,0.9409,-1,-1,-1
143,28,930.80,99.10,24.90,64.30,0.5566,-1,-1,-1
143,56,707.50,106.70,29.80,80.00,0.4072,-1,-1,-1
143,27,679.10,107.50,27.30,77.90,0.5947,-1,-1,-1
144,38,1118.20,108.90,52.60,155.00,0.8013,-1,-1,-1
144,57,311.40,115.30,37.40,111.30,0.5815,-1,-1,-1
144,5,1525.70,110.80,42.40,125.90,0.8076,-1,-1,-1
144,12,628.50,108.80,23.20,66.30,0.4082,-1,-1,-1
144,19,1587.90,109.70,55.20,129.30,0.6772,-1,-1,-1
144,9,1487.60,231.60,70.20,95.10,0.8228,-1,-1,-1
144,39,1565.10,232.10,82.50,109.10,0.8384,-1,-1,-1
144,94,703.70,106.90,27.60,72.00,0.3486,-1,-1,-1
144,91,1094.10,119.90,32.80,108.70,0.6426,-1,-1,-1
144,73,652.50,110.50,27.20,70.30,0.5234,-1,-1,-1
144,6,933.20,168.60,55.30,65.10,0.4775,-1,-1,-1
144,36,952.20,350.50,173.80,459.40,0.8901,-1,-1,-1
144,15,604.00,103.90,22.50,64.50,0.5815,-1,-1,-1
144,67,1165.20,128.50,53.60,62.10,0.4102,-1,-1,-1
144,22,832.70,116.90,36.00,93.40,0.6909,-1,-1,-1
144,21,1072.70,328.50,181.30,486.70,0.8496,-1,-1,-1
144,28,930.40,99.10,25.70,66.80,0.5659,-1,-1,-1
144,27,677.50,107.50,27.20,77.40,0.4883,-1,-1,-1
144,43,1179.20,355.30,269.00,549.80,0.9180,-1,-1,-1
144,3,1221.90,113.50,42.70,105.60,0.7124,-1,-1,-1
145,38,1117.30,108.80,52.70,155.20,0.8286,-1,-1,-1
145,57,310.80,115.30,37.40,111.80,0.5796,-1,-1,-1
145,5,1525.80,110.40,41.70,125.50,0.8062,-1,-1,-1
145,19,1263.10,112.20,35.90,101.90,0.7456,-1,-1,-1
145,9,1488.10,232.70,69.20,93.30,0.8110,-1,-1,-1
145,39,1563.80,231.80,84.80,109.90,0.8076,-1,-1,-1
145,94,705.10,105.40,29.50,76.60,0.5981,-1,-1,-1
145,73,651.60,110.30,26.80,69.60,0.4216,-1,-1,-1
145,15,616.70,108.10,22.10,63.30,0.4358,-1,-1,-1
145,67,1165.10,127.80,54.40,63.30,0.1783,-1,-1,-1
145,22,813.70,111.50,36.60,96.40,0.5195,-1,-1,-1
145,21,1136.70,352.50,180.40,484.90,0.8535,-1,-1,-1
145,28,930.30,98.90,26.00,68.10,0.6333,-1,-1,-1
145,27,677.70,106.10,27.10,77.20,0.3638,-1,-1,-1
145,43,1182.50,342.70,243.60,491.10,0.5225,-1,-1,-1
145,3,1208.00,113.10,42.10,104.60,0.6494,-1,-1,-1
145,24,1371.60,367.80,272.00,586.00,0.8994,-1,-1,-1
145,72,271.90,129.40,53.80,141.90,0.7056,-1,-1,-1
145,60,492.30,104.90,30.10,92.10,0.6978,-1,-1,-1
146,38,1116.00,108.70,52.70,155.40,0.8252,-1,-1,-1
146,57,311.50,115.90,37.10,111.10,0.6343,-1,-1,-1
146,5,1525.00,110.10,41.10,125.60,0.7871,-1,-1,-1
146,19,1267.70,112.90,36.20,102.90,0.6982,-1,-1,-1
146,9,1487.80,232.60,69.80,93.60,0.8306,-1,-1,-1
146,39,1563.00,231.80,86.10,109.30,0.8184,-1,-1,-1
146,94,703.90,104.50,29.50,76.10,0.5020,-1,-1,-1
146,73,645.70,109.50,26.80,69.50,0.4302,-1,-1,-1
146,67,1144.50,123.60,80.10,99.80,0.6895,-1,-1,-1
146,22,794.80,112.60,35.30,93.00,0.7422,-1,-1,-1
146,28,930.50,99.20,25.60,67.20,0.4331,-1,-1,-1
146,27,682.80,104.40,26.00,76.60,0.2128,-1,-1,-1
146,3,1200.90,113.60,40.40,100.90,0.6958,-1,-1,-1
146,82,1097.60,109.40,27.20,81.20,0.4668,-1,-1,-1
146,24,1353.40,367.60,242.80,529.60,0.8667,-1,-1,-1
146,72,273.20,129.60,53.70,140.90,0.7900,-1,-1,-1
146,60,482.50,107.30,31.20,96.10,0.6978,-1,-1,-1
146,42,48.10,258.10,148.70,429.60,0.8779,-1,-1,-1
146,65,1589.60,359.30,225.50,600.70,0.9106,-1,-1,-1
146,29,736.60,111.80,29.70,77.00,0.5293,-1,-1,-1
146,6,934.80,168.20,55.20,65.20,0.3821,-1,-1,-1
147,38,1116.90,108.40,52.90,155.40,0.8403,-1,-1,-1
147,57,311.90,116.50,36.70,110.30,0.5488,-1,-1,-1
147,5,1524.90,110.30,40.50,126.00,0.7656,-1,-1,-1
147,19,1271.20,112.30,36.70,104.70,0.7925,-1,-1,-1
147,9,1486.30,231.80,70.80,94.70,0.8218,-1,-1,-1
147,39,1562.40,232.60,87.00,108.70,0.8062,-1,-1,-1
147,94,703.70,104.80,29.00,75.60,0.2510,-1,-1,-1
147,22,775.70,114.60,33.70,88.20,0.6104,-1,-1,-1
147,28,930.30,99.30,26.10,68.40,0.4941,-1,-1,-1
147,27,684.00,105.60,25.00,74.30,0.3081,-1,-1,-1
147,3,1179.50,118.40,44.80,112.30,0.7739,-1,-1,-1
147,82,1097.60,108.80,27.70,82.40,0.4922,-1,-1,-1
147,72,274.10,129.20,53.50,140.50,0.7754,-1,-1,-1
147,59,845.70,108.40,31.80,79.30,0.6714,-1,-1,-1
147,69,621.50,108.70,22.70,65.80,0.3638,-1,-1,-1
147,42,21.40,259.80,174.90,496.20,0.7178,-1,-1,-1
147,65,1573.80,376.60,203.60,535.70,0.8721,-1,-1,-1
147,29,739.80,111.60,29.10,75.60,0.4883,-1,-1,-1
147,6,935.40,168.60,54.70,64.70,0.3115,-1,-1,-1
147,12,663.80,106.20,25.70,73.50,0.3748,-1,-1,-1
147,15,641.20,107.90,23.90,68.40,0.4026,-1,-1,-1
148,38,1117.10,108.70,53.10,155.30,0.8252,-1,-1,-1
148,57,311.60,116.10,36.80,110.80,0.6968,-1,-1,-1
148,5,1525.40,111.50,39.20,124.10,0.5889,-1,-1,-1
148,19,1272.10,112.50,37.50,106.30,0.7808,-1,-1,-1
148,9,1484.80,230.80,71.00,95.30,0.8193,-1,-1,-1
148,39,1559.70,234.40,88.20,107.50,0.7559,-1,-1,-1
148,94,706.20,104.10,29.60,76.10,0.4514,-1,-1,-1
148,22,757.20,111.90,33.90,88.30,0.5659,-1,-1,-1
148,28,931.80,99.40,25.00,65.50,0.4092,-1,-1,-1
148,27,687.30,108.20,23.80,71.70,0.2274,-1,-1,-1
148,82,1096.60,108.50,27.50,82.20,0.6094,-1,-1,-1
148,72,273.90,129.20,53.30,140.10,0.7939,-1,-1,-1
148,59,853.80,109.00,32.90,81.80,0.6040,-1,-1,-1
148,69,620.60,109.20,22.40,64.50,0.4111,-1,-1,-1
148,42,55.20,279.00,178.50,509.20,0.8203,-1,-1,-1
148,29,741.40,112.20,27.30,72.70,0.3667,-1,-1,-1
148,6,935.30,167.70,55.20,65.60,0.4629,-1,-1,-1
148,8,458.90,109.30,32.00,103.80,0.8086,-1,-1,-1
148,37,1205.10,117.90,38.70,112.40,0.7485,-1,-1,-1
148,58,260.50,289.30,207.70,449.40,0.7471,-1,-1,-1
148,73,642.30,108.40,26.60,69.40,0.4485,-1,-1,-1
149,38,1117.70,108.80,53.20,155.20,0.8394,-1,-1,-1
149,57,311.50,115.60,37.00,111.40,0.7192,-1,-1,-1
149,5,1523.80,111.20,38.30,122.70,0.6504,-1,-1,-1
149,19,1276.10,113.50,38.10,107.70,0.7847,-1,-1,-1
149,9,1484.70,231.60,70.10,94.10,0.7988,-1,-1,-1
149,39,1556.00,234.10,89.90,106.60,0.8184,-1,-1,-1
149,94,701.80,102.60,31.00,78.70,0.6772,-1,-1,-1
149,22,739.70,111.90,33.10,85.90,0.6895,-1,-1,-1
149,28,932.20,99.60,25.00,66.10,0.4922,-1,-1,-1
149,82,1097.50,109.20,27.30,81.50,0.5962,-1,-1,-1
149,72,273.80,129.20,53.30,140.20,0.8262,-1,-1,-1
149,59,865.70,109.40,33.30,83.10,0.5571,-1,-1,-1
149,69,621.30,110.90,20.90,60.00,0.4407,-1,-1,-1
149,6,935.40,167.60,55.20,65.60,0.3008,-1,-1,-1
149,8,448.20,110.60,31.60,102.30,0.7363,-1,-1,-1
149,37,1212.10,110.70,41.60,120.50,0.7808,-1,-1,-1
149,58,220.30,316.60,232.40,526.20,0.8628,-1,-1,-1
149,73,640.40,108.00,26.10,68.30,0.5601,-1,-1,-1
149,97,490.00,93.40,27.30,81.00,0.4668,-1,-1,-1
149,20,383.70,296.80,200.70,475.00,0.9189,-1,-1,-1
149,3,531.10,532.90,279.80,527.30,0.8931,-1,-1,-1
149,87,176.00,176.20,73.70,175.70,0.8403,-1,-1,-1
149,15,664.20,107.50,25.30,71.80,0.3477,-1,-1,-1
150,38,1117.30,108.10,53.50,155.70,0.8394,-1,-1,-1
150,57,311.40,115.30,37.20,111.90,0.6968,-1,-1,-1
150,5,1525.20,111.80,37.90,122.20,0.8262,-1,-1,-1
150,19,1275.50,114.10,38.50,108.70,0.7534,-1,-1,-1
150,9,1484.40,232.60,69.40,93.40,0.6021,-1,-1,-1
150,39,1553.20,232.40,93.30,108.10,0.8101,-1,-1,-1
150,94,701.70,104.70,29.90,77.30,0.2147,-1,-1,-1
150,22,721.50,109.00,32.80,85.30,0.3149,-1,-1,-1
150,28,932.80,99.40,25.10,66.70,0.6372,-1,-1,-1
150,82,1098.30,112.30,26.20,78.20,0.5430,-1,-1,-1
150,72,274.00,129.20,53.30,140.00,0.8452,-1,-1,-1
150,59,879.90,109.00,34.50,86.60,0.6875,-1,-1,-1
150,69,620.20,114.60,20.30,57.90,0.5195,-1,-1,-1
150,6,935.60,168.10,54.80,65.10,0.4253,-1,-1,-1
150,8,436.80,112.80,32.90,106.00,0.7910,-1,-1,-1
150,37,1223.70,111.90,40.20,116.50,0.7007,-1,-1,-1
150,73,641.10,106.80,26.40,69.40,0.5234,-1,-1,-1
150,20,373.40,321.80,224.40,530.70,0.9199,-1,-1,-1
150,3,510.00,387.10,256.20,501.90,0.8877,-1,-1,-1
150,87,189.80,171.00,69.70,168.60,0.8477,-1,-1,-1
150,67,1162.30,127.80,56.70,69.60,0.4873,-1,-1,-1
150,65,1648.70,586.50,189.70,466.50,0.9253,-1,-1,-1
151,39,624.80,195.80,109.40,214.80,0.8862,-1,-1,-1
151,30,832.50,151.50,67.50,249.70,0.8433,-1,-1,-1
151,6,1452.00,232.70,70.50,90.40,0.8296,-1,-1,-1
151,5,388.90,142.20,70.50,162.70,0.8218,-1,-1,-1
151,2,1401.80,140.90,37.40,147.10,0.8110,-1,-1,-1
151,24,546.80,154.50,88.40,266.30,0.7871,-1,-1,-1
151,31,214.50,311.20,90.00,141.80,0.7485,-1,-1,-1
151,9,1524.00,224.10,72.00,90.70,0.7056,-1,-1,-1
151,15,1195.50,127.00,37.50,124.60,0.7017,-1,-1,-1
151,14,1788.00,207.00,75.00,78.80,0.6665,-1,-1,-1
151,16,1765.50,114.20,51.00,117.20,0.6548,-1,-1,-1
151,10,489.00,139.10,52.50,157.50,0.6514,-1,-1,-1
151,32,1059.00,90.00,24.00,78.40,0.5776,-1,-1,-1
151,18,1743.00,113.20,39.00,113.70,0.5737,-1,-1,-1
151,33,1026.80,86.10,22.40,78.70,0.4426,-1,-1,-1
151,19,1833.00,105.60,33.00,119.80,0.3774,-1,-1,-1
151,72,44.90,100.30,27.80,69.40,0.3433,-1,-1,-1
151,34,993.80,91.10,25.40,69.80,0.3381,-1,-1,-1
152,39,615.90,191.50,112.20,220.40,0.8867,-1,-1,-1
152,30,834.30,151.60,67.80,250.30,0.8604,-1,-1,-1
152,6,1452.80,232.90,70.20,90.00,0.8506,-1,-1,-1
152,5,385.90,139.20,71.20,164.70,0.6582,-1,-1,-1
152,2,1402.40,141.30,37.50,146.70,0.8193,-1,-1,-1
152,24,544.50,153.20,89.10,268.20,0.8145,-1,-1,-1
152,31,214.70,311.10,89.60,141.20,0.7271,-1,-1,-1
152,9,1524.00,223.90,72.00,90.70,0.7153,-1,-1,-1
152,15,1195.10,127.40,38.30,127.20,0.8125,-1,-1,-1
152,14,1788.50,207.70,74.00,77.70,0.6133,-1,-1,-1
152,16,1768.00,114.40,51.20,117.50,0.5830,-1,-1,-1
152,10,488.70,138.80,55.10,165.60,0.4148,-1,-1,-1
152,32,1057.30,90.70,30.00,97.70,0.1221,-1,-1,-1
152,18,1741.60,113.20,39.20,114.00,0.5908,-1,-1,-1
152,33,1027.00,86.80,22.00,77.10,0.3960,-1,-1,-1
152,19,1834.30,105.70,33.00,119.30,0.4341,-1,-1,-1
152,34,994.80,89.80,26.00,71.40,0.2903,-1,-1,-1
153,30,840.90,151.80,66.90,245.80,0.8286,-1,-1,-1
153,6,1456.30,232.90,70.50,90.00,0.8413,-1,-1,-1
153,5,386.10,139.80,72.30,167.40,0.1710,-1,-1,-1
153,2,1411.30,141.60,37.50,144.60,0.8296,-1,-1,-1
153,24,546.70,151.40,89.80,269.80,0.8237,-1,-1,-1
153,31,214.80,310.90,90.00,141.60,0.6724,-1,-1,-1
153,9,1525.20,223.90,71.90,90.70,0.6680,-1,-1,-1
153,15,1195.60,127.30,38.50,127.90,0.8110,-1,-1,-1
153,14,1788.80,208.30,73.40,77.10,0.6460,-1,-1,-1
153,16,1766.70,111.60,52.40,120.20,0.5254,-1,-1,-1
153,10,495.20,145.60,44.10,130.70,0.3252,-1,-1,-1
153,32,1050.50,92.60,37.70,123.30,0.1772,-1,-1,-1
153,18,1742.40,112.80,39.50,114.90,0.5059,-1,-1,-1
153,33,1028.20,87.10,21.90,76.40,0.4446,-1,-1,-1
153,19,1834.30,104.40,33.50,121.20,0.4072,-1,-1,-1
153,34,995.70,90.60,25.80,70.50,0.2502,-1,-1,-1
153,78,506.10,197.70,75.60,223.10,0.8052,-1,-1,-1
154,30,853.90,150.40,66.70,245.00,0.8721,-1,-1,-1
154,6,1454.40,233.90,69.60,88.80,0.8184,-1,-1,-1
154,5,396.80,140.90,57.60,130.90,0.5059,-1,-1,-1
154,2,1424.50,141.90,38.50,144.50,0.8237,-1,-1,-1
154,24,548.10,152.40,89.90,267.90,0.8159,-1,-1,-1
154,31,214.60,310.90,90.00,141.70,0.8184,-1,-1,-1
154,9,1523.10,223.60,72.30,91.30,0.7007,-1,-1,-1
154,15,1195.80,127.50,38.40,127.70,0.8062,-1,-1,-1
154,14,1789.30,209.40,72.40,76.00,0.5283,-1,-1,-1
154,16,1764.10,107.10,54.80,125.40,0.5527,-1,-1,-1
154,10,492.80,146.20,49.50,146.70,0.4485,-1,-1,-1
154,18,1744.00,112.40,39.20,114.20,0.3840,-1,-1,-1
154,33,1032.30,86.70,15.60,52.10,0.1045,-1,-1,-1
154,19,1833.90,103.00,34.30,123.90,0.3201,-1,-1,-1
154,34,996.10,92.00,25.50,69.50,0.2120,-1,-1,-1
154,78,470.60,209.00,71.90,210.00,0.7808,-1,-1,-1
155,30,864.60,149.70,66.40,243.70,0.7583,-1,-1,-1
155,6,1454.30,233.20,70.30,89.60,0.7656,-1,-1,-1
155,5,391.30,139.20,68.40,157.00,0.6860,-1,-1,-1
155,2,1448.70,142.40,39.40,144.50,0.8228,-1,-1,-1
155,24,549.10,151.40,91.00,269.20,0.8384,-1,-1,-1
155,31,210.20,329.50,80.70,123.40,0.3293,-1,-1,-1
155,9,1523.50,223.20,72.40,91.50,0.6396,-1,-1,-1
155,15,1195.90,127.50,38.30,128.00,0.8052,-1,-1,-1
155,14,1787.80,208.30,73.20,76.80,0.4639,-1,-1,-1
155,16,1764.40,110.10,53.20,121.70,0.5830,-1,-1,-1
155,10,489.10,142.70,51.70,154.00,0.5957,-1,-1,-1
155,18,1742.40,113.00,38.90,113.50,0.3960,-1,-1,-1
155,19,1833.70,102.10,34.70,124.90,0.3259,-1,-1,-1
155,66,1059.10,90.40,24.40,78.50,0.5312,-1,-1,-1
156,30,867.10,148.40,66.60,245.50,0.8535,-1,-1,-1
156,6,1455.00,232.30,71.30,90.70,0.8184,-1,-1,-1
156,5,389.20,140.20,69.70,161.30,0.8218,-1,-1,-1
156,24,549.70,151.80,91.70,268.80,0.8218,-1,-1,-1
156,31,213.20,320.60,86.70,132.40,0.4534,-1,-1,-1
156,9,1524.00,223.20,72.30,91.60,0.7559,-1,-1,-1
156,15,1195.90,127.30,38.30,128.20,0.7974,-1,-1,-1
156,16,1765.60,115.70,50.60,115.10,0.4717,-1,-1,-1
156,10,487.50,140.30,53.00,158.30,0.5381,-1,-1,-1
156,18,1741.90,113.00,38.70,112.40,0.3694,-1,-1,-1
156,19,1834.30,105.20,33.60,121.70,0.2473,-1,-1,-1
156,66,1058.80,90.10,24.50,78.80,0.4961,-1,-1,-1
156,37,1151.70,366.50,219.00,539.00,0.9043,-1,-1,-1
156,68,1026.60,89.30,24.00,75.10,0.4302,-1,-1,-1
156,34,994.60,93.50,24.70,67.10,0.3040,-1,-1,-1
157,30,870.20,148.50,65.80,241.50,0.8359,-1,-1,-1
157,6,1453.50,232.70,70.90,90.20,0.8340,-1,-1,-1
157,5,386.90,141.00,69.90,162.40,0.8003,-1,-1,-1
157,24,551.90,152.00,92.10,268.40,0.8486,-1,-1,-1
157,31,213.40,314.60,90.50,138.40,0.7363,-1,-1,-1
157,9,1524.00,223.40,72.10,91.50,0.7559,-1,-1,-1
157,15,1195.90,127.20,38.30,128.30,0.7939,-1,-1,-1
157,16,1764.20,115.10,51.20,115.70,0.6245,-1,-1,-1
157,10,485.60,136.80,54.00,161.90,0.6104,-1,-1,-1
157,19,1834.70,105.30,32.70,118.90,0.2330,-1,-1,-1
157,66,1060.10,91.00,24.10,77.90,0.3979,-1,-1,-1
157,68,1025.90,88.00,24.40,76.40,0.4006,-1,-1,-1
157,42,47.30,228.40,92.60,229.10,0.7988,-1,-1,-1
157,34,994.20,93.30,24.70,67.60,0.2379,-1,-1,-1
158,30,871.50,149.10,65.40,239.80,0.8369,-1,-1,-1
158,6,1452.90,232.70,70.80,90.10,0.8145,-1,-1,-1
158,5,384.70,141.50,70.00,163.10,0.8086,-1,-1,-1
158,24,550.80,151.90,92.80,268.70,0.8228,-1,-1,-1
158,31,214.00,312.60,91.50,140.20,0.5029,-1,-1,-1
158,9,1521.10,223.40,71.60,92.10,0.4465,-1,-1,-1
158,15,1194.30,127.30,38.40,128.30,0.8086,-1,-1,-1
158,16,1764.60,115.70,51.70,115.40,0.6196,-1,-1,-1
158,10,485.60,134.40,54.10,162.40,0.6270,-1,-1,-1
158,19,1832.70,104.70,32.50,119.20,0.2261,-1,-1,-1
158,66,1060.50,91.60,24.00,77.20,0.4524,-1,-1,-1
158,68,1025.80,88.60,24.30,76.20,0.4426,-1,-1,-1
158,34,993.70,93.60,24.50,67.30,0.2134,-1,-1,-1
158,20,1520.10,147.10,51.60,144.00,0.5669,-1,-1,-1
158,39,641.50,164.60,96.00,187.50,0.8862,-1,-1,-1
158,14,1786.50,207.30,74.80,78.20,0.5557,-1,-1,-1
158,18,1744.40,113.00,38.10,111.20,0.3008,-1,-1,-1
159,30,871.80,149.20,65.20,238.90,0.8477,-1,-1,-1
159,5,380.30,142.30,70.20,162.70,0.8628,-1,-1,-1
159,24,552.10,151.80,69.10,194.00,0.6494,-1,-1,-1
159,31,213.80,311.60,91.80,140.80,0.7231,-1,-1,-1
159,15,1194.20,127.70,38.50,127.60,0.8262,-1,-1,-1
159,16,1763.60,115.80,52.20,115.90,0.6836,-1,-1,-1
159,10,483.80,132.40,54.70,164.70,0.6533,-1,-1,-1
159,19,1833.90,103.40,32.70,120.70,0.3167,-1,-1,-1
159,66,1059.50,91.90,24.00,76.90,0.4387,-1,-1,-1
159,68,1026.30,87.90,24.50,77.00,0.5000,-1,-1,-1
159,34,993.90,93.20,24.60,67.80,0.3225,-1,-1,-1
159,14,1787.80,207.80,74.30,77.60,0.6919,-1,-1,-1
159,18,1742.80,113.00,38.00,111.30,0.5107,-1,-1,-1
159,2,1510.40,150.50,34.50,118.30,0.6406,-1,-1,-1
160,30,872.20,148.90,65.10,239.20,0.8477,-1,-1,-1
160,5,378.70,142.30,69.80,164.00,0.8330,-1,-1,-1
160,24,548.60,152.10,89.00,248.80,0.8794,-1,-1,-1
160,31,213.50,311.30,92.30,142.00,0.6270,-1,-1,-1
160,15,1195.20,128.00,38.50,127.30,0.8271,-1,-1,-1
160,16,1763.00,114.90,52.80,116.60,0.6982,-1,-1,-1
160,10,479.20,130.60,54.40,166.00,0.6187,-1,-1,-1
160,19,1834.50,104.50,32.50,120.10,0.4824,-1,-1,-1
160,66,1060.40,92.90,23.70,75.80,0.3857,-1,-1,-1
160,68,1025.90,88.10,24.50,77.00,0.3970,-1,-1,-1
160,34,993.80,93.80,24.10,67.20,0.2837,-1,-1,-1
160,14,1788.20,208.00,74.20,77.40,0.7056,-1,-1,-1
160,18,1744.30,112.90,38.00,111.50,0.5049,-1,-1,-1
160,37,1147.00,431.70,256.80,637.10,0.9229,-1,-1,-1
160,9,1523.70,224.10,70.90,91.00,0.7769,-1,-1,-1
160,20,1499.20,152.20,52.20,145.40,0.7256,-1,-1,-1
161,30,871.00,148.50,65.40,239.40,0.8486,-1,-1,-1
161,5,378.80,142.40,69.40,164.50,0.8330,-1,-1,-1
161,24,551.90,152.10,93.00,261.70,0.8423,-1,-1,-1
161,15,1195.60,128.30,38.50,127.00,0.8237,-1,-1,-1
161,16,1763.90,115.70,53.00,115.70,0.6479,-1,-1,-1
161,10,478.70,132.10,53.80,164.90,0.4854,-1,-1,-1
161,19,1834.10,101.00,33.70,125.10,0.4197,-1,-1,-1
161,66,1059.40,92.50,24.00,76.40,0.3877,-1,-1,-1
161,68,1025.80,88.50,24.40,76.60,0.3748,-1,-1,-1
161,34,993.70,93.20,24.10,67.80,0.2422,-1,-1,-1
161,14,1788.40,208.10,74.00,77.10,0.6826,-1,-1,-1
161,18,1744.10,112.80,37.40,111.20,0.4475,-1,-1,-1
161,82,569.20,90.90,23.00,75.50,0.5098,-1,-1,-1
161,9,1525.70,224.20,70.10,90.30,0.7485,-1,-1,-1
161,20,1486.60,154.80,40.70,108.80,0.7031,-1,-1,-1
161,6,1451.50,232.50,70.50,90.00,0.7974,-1,-1,-1
162,30,870.40,148.50,65.50,239.40,0.8691,-1,-1,-1
162,5,374.60,142.20,79.90,191.30,0.8252,-1,-1,-1
162,24,560.00,151.20,93.40,266.60,0.7515,-1,-1,-1
162,15,1195.70,128.40,38.60,126.80,0.8330,-1,-1,-1
162,16,1764.40,116.30,52.70,114.20,0.6094,-1,-1,-1
162,10,477.80,135.20,53.20,162.70,0.6489,-1,-1,-1
162,66,1059.70,92.90,23.90,75.90,0.4187,-1,-1,-1
162,68,1026.40,88.50,24.20,76.40,0.4055,-1,-1,-1
162,34,993.70,93.60,23.90,67.30,0.3647,-1,-1,-1
162,14,1759.90,160.10,141.20,153.10,0.8604,-1,-1,-1
162,18,1745.30,113.60,36.70,111.00,0.3867,-1,-1,-1
162,82,568.70,87.70,24.80,81.30,0.4321,-1,-1,-1
162,9,1525.50,224.40,70.10,90.00,0.6680,-1,-1,-1
162,6,1453.10,232.50,69.90,89.70,0.7974,-1,-1,-1
162,31,214.50,311.40,91.40,140.80,0.8403,-1,-1,-1
163,30,868.50,148.50,64.80,238.50,0.8535,-1,-1,-1
163,5,371.80,142.30,73.90,176.30,0.8315,-1,-1,-1
163,24,565.90,157.70,89.60,261.00,0.6626,-1,-1,-1
163,15,1195.60,128.50,38.80,126.90,0.8262,-1,-1,-1
163,10,478.70,134.70,53.10,162.80,0.6206,-1,-1,-1
163,66,1060.20,92.40,24.10,76.50,0.4446,-1,-1,-1
163,68,1026.50,87.90,24.40,77.20,0.4922,-1,-1,-1
163,34,994.00,92.40,24.40,68.40,0.3381,-1,-1,-1
163,14,1714.10,143.20,160.40,180.10,0.8423,-1,-1,-1
163,18,1744.70,112.80,34.50,102.70,0.1034,-1,-1,-1
163,82,570.10,87.50,25.10,82.40,0.4534,-1,-1,-1
163,9,1524.90,224.50,70.60,90.60,0.7256,-1,-1,-1
163,6,1451.90,232.50,70.20,89.90,0.8394,-1,-1,-1
163,31,214.70,311.70,91.30,140.90,0.5449,-1,-1,-1
163,78,320.40,152.50,65.70,191.40,0.8286,-1,-1,-1
163,19,1834.60,104.70,32.80,120.40,0.4197,-1,-1,-1
163,20,1467.40,155.40,41.10,109.50,0.7544,-1,-1,-1
164,30,870.20,148.10,59.40,217.20,0.8228,-1,-1,-1
164,5,369.10,142.30,71.50,169.30,0.8677,-1,-1,-1
164,24,567.00,162.30,86.70,256.60,0.7349,-1,-1,-1
164,15,1195.60,128.40,38.80,127.00,0.8262,-1,-1,-1
164,10,478.70,135.00,52.70,162.30,0.6592,-1,-1,-1
164,66,1060.40,92.00,24.10,76.70,0.4814,-1,-1,-1
164,68,1026.20,87.50,24.10,77.10,0.4697,-1,-1,-1
164,34,993.80,93.30,24.10,67.30,0.4065,-1,-1,-1
164,18,1742.90,113.50,36.70,107.90,0.5039,-1,-1,-1
164,82,570.80,87.70,25.30,82.90,0.5059,-1,-1,-1
164,9,1525.00,224.60,70.70,90.70,0.7422,-1,-1,-1
164,6,1452.20,232.70,69.80,89.50,0.8184,-1,-1,-1
164,31,214.40,311.40,91.40,141.40,0.5557,-1,-1,-1
164,90,1789.40,208.50,72.80,76.60,0.6953,-1,-1,-1
164,19,1833.50,103.80,33.00,121.60,0.4158,-1,-1,-1
164,20,1459.10,155.60,45.60,120.70,0.6514,-1,-1,-1
164,16,1764.20,115.60,53.40,115.40,0.6782,-1,-1,-1
165,30,867.40,148.80,64.00,231.50,0.8555,-1,-1,-1
165,5,367.80,141.90,71.40,166.90,0.8794,-1,-1,-1
165,24,569.10,165.00,79.60,238.20,0.7285,-1,-1,-1
165,15,1195.60,128.10,38.90,127.30,0.8403,-1,-1,-1
165,10,479.20,131.20,54.30,166.40,0.6929,-1,-1,-1
165,66,1059.30,91.70,24.50,77.00,0.5566,-1,-1,-1
165,68,1027.00,88.00,24.10,76.50,0.4795,-1,-1,-1
165,34,995.00,92.40,24.50,68.00,0.3950,-1,-1,-1
165,18,1744.50,113.80,37.10,110.10,0.5098,-1,-1,-1
165,82,570.30,86.10,25.70,84.40,0.5776,-1,-1,-1
165,9,1524.90,224.70,70.50,90.20,0.7256,-1,-1,-1
165,6,1452.80,232.70,69.80,89.50,0.8037,-1,-1,-1
165,31,215.60,312.80,90.30,140.10,0.2473,-1,-1,-1
165,90,1789.20,208.60,72.80,76.60,0.7031,-1,-1,-1
165,19,1828.70,104.50,33.80,121.40,0.5117,-1,-1,-1
165,20,1442.90,156.40,56.20,145.70,0.7949,-1,-1,-1
165,16,1765.40,116.40,53.20,114.10,0.7202,-1,-1,-1
165,2,1596.80,132.70,59.90,198.70,0.8735,-1,-1,-1
166,30,866.70,149.30,66.00,236.30,0.8564,-1,-1,-1
166,5,367.60,141.90,71.70,166.30,0.8193,-1,-1,-1
166,24,568.10,166.40,81.80,247.30,0.7256,-1,-1,-1
166,15,1194.60,128.00,38.90,127.40,0.8369,-1,-1,-1
166,10,478.30,131.20,53.60,165.60,0.6992,-1,-1,-1
166,66,1057.50,90.00,25.40,78.60,0.6533,-1,-1,-1
166,68,1026.30,87.30,24.20,77.50,0.4961,-1,-1,-1
166,34,995.50,92.20,24.50,68.40,0.4766,-1,-1,-1
166,18,1742.90,113.80,37.60,111.30,0.5581,-1,-1,-1
166,82,570.30,86.40,25.40,84.00,0.5869,-1,-1,-1
166,9,1490.30,161.00,123.50,167.20,0.7832,-1,-1,-1
166,6,1453.90,232.60,70.00,89.50,0.6001,-1,-1,-1
166,31,215.30,311.70,90.60,140.70,0.4805,-1,-1,-1
166,90,1788.80,208.10,73.40,77.10,0.7100,-1,-1,-1
166,19,1828.10,104.90,33.90,120.90,0.4387,-1,-1,-1
166,20,1432.70,155.60,62.70,158.50,0.8340,-1,-1,-1
166,16,1764.60,115.70,53.50,114.90,0.7056,-1,-1,-1
166,39,660.60,105.30,56.80,113.30,0.7441,-1,-1,-1
167,30,865.60,149.20,66.40,238.20,0.8442,-1,-1,-1
167,5,368.30,141.60,72.30,166.10,0.8701,-1,-1,-1
167,24,569.20,167.20,81.50,249.70,0.7285,-1,-1,-1
167,15,1194.30,128.00,38.70,127.30,0.8330,-1,-1,-1
167,10,479.30,133.40,52.60,163.50,0.7227,-1,-1,-1
167,66,1056.80,89.40,25.70,79.30,0.7549,-1,-1,-1
167,68,1025.90,86.80,24.50,78.40,0.5273,-1,-1,-1
167,34,995.60,92.00,24.70,68.70,0.4824,-1,-1,-1
167,18,1742.60,114.00,37.30,110.90,0.5610,-1,-1,-1
167,82,570.40,87.50,25.10,82.90,0.4941,-1,-1,-1
167,90,1788.70,207.90,73.60,77.30,0.7080,-1,-1,-1
167,19,1829.90,104.30,33.90,120.20,0.5601,-1,-1,-1
167,20,1426.50,141.00,73.90,188.20,0.7808,-1,-1,-1
167,16,1763.90,114.10,54.40,117.00,0.7378,-1,-1,-1
167,64,134.20,145.10,65.80,178.20,0.8828,-1,-1,-1
167,39,646.40,104.80,52.10,107.80,0.7349,-1,-1,-1
168,30,865.80,148.50,66.20,239.60,0.8218,-1,-1,-1
168,5,369.70,142.20,73.50,165.10,0.8359,-1,-1,-1
168,24,569.60,167.40,80.90,250.60,0.7305,-1,-1,-1
168,15,1194.20,128.00,38.70,127.40,0.8286,-1,-1,-1
168,10,477.30,133.60,53.10,164.20,0.7485,-1,-1,-1
168,66,1057.40,88.90,26.20,80.20,0.7280,-1,-1,-1
168,68,1026.20,87.90,23.70,76.70,0.4292,-1,-1,-1
168,34,996.10,91.30,24.80,69.10,0.4417,-1,-1,-1
168,18,1740.20,113.90,37.70,109.70,0.5371,-1,-1,-1
168,82,570.10,85.60,25.60,84.70,0.4226,-1,-1,-1
168,90,1788.60,208.00,73.70,77.30,0.7114,-1,-1,-1
168,19,1831.40,104.70,34.20,120.90,0.5195,-1,-1,-1
168,20,1423.30,147.70,69.00,175.80,0.8101,-1,-1,-1
168,16,1762.00,114.70,54.10,116.40,0.7500,-1,-1,-1
168,64,103.80,144.30,65.70,177.20,0.8203,-1,-1,-1
168,39,633.20,103.10,49.80,105.50,0.5498,-1,-1,-1
168,9,1514.20,202.70,86.20,115.80,0.7349,-1,-1,-1
168,6,1452.00,232.80,71.20,90.80,0.8184,-1,-1,-1
168,31,201.10,308.20,95.40,144.60,0.6323,-1,-1,-1
169,30,870.40,149.20,65.90,239.40,0.8228,-1,-1,-1
169,5,365.50,142.40,74.00,164.70,0.8594,-1,-1,-1
169,24,570.70,166.70,80.20,251.70,0.7188,-1,-1,-1
169,15,1194.30,128.10,38.40,127.20,0.8330,-1,-1,-1
169,10,475.70,134.40,53.10,163.70,0.7808,-1,-1,-1
169,66,1057.70,88.80,26.20,79.80,0.7432,-1,-1,-1
169,68,1026.00,87.40,24.00,77.30,0.4961,-1,-1,-1
169,34,994.90,91.60,24.70,68.70,0.4814,-1,-1,-1
169,18,1738.60,112.80,39.30,113.00,0.5776,-1,-1,-1
169,82,570.40,87.30,25.00,82.90,0.5039,-1,-1,-1
169,90,1789.10,209.10,72.80,76.30,0.7114,-1,-1,-1
169,19,1832.70,104.10,34.80,122.40,0.5879,-1,-1,-1
169,20,1396.10,148.30,65.80,166.70,0.8618,-1,-1,-1
169,16,1763.00,113.70,54.50,117.40,0.7393,-1,-1,-1
169,64,66.00,141.60,64.70,173.80,0.8882,-1,-1,-1
169,9,1523.50,219.10,72.00,96.20,0.7754,-1,-1,-1
169,6,1451.40,233.40,70.90,90.50,0.8647,-1,-1,-1
169,31,196.20,308.60,98.80,145.80,0.8555,-1,-1,-1
169,37,1206.80,431.50,215.30,496.00,0.9282,-1,-1,-1
170,30,876.60,149.00,66.70,240.10,0.7925,-1,-1,-1
170,5,363.90,142.60,74.80,164.30,0.8657,-1,-1,-1
170,24,570.70,165.60,79.60,252.60,0.5972,-1,-1,-1
170,15,1195.00,128.20,36.90,121.20,0.6323,-1,-1,-1
170,10,474.60,134.70,53.10,163.30,0.7808,-1,-1,-1
170,66,1057.90,89.10,26.10,79.40,0.7417,-1,-1,-1
170,68,1026.00,87.50,24.00,77.50,0.5488,-1,-1,-1
170,34,994.90,92.60,24.70,67.70,0.4922,-1,-1,-1
170,18,1741.20,113.00,39.40,113.60,0.6426,-1,-1,-1
170,82,570.00,86.60,25.20,83.50,0.4026,-1,-1,-1
170,90,1789.20,209.30,72.60,75.80,0.7485,-1,-1,-1
170,19,1833.20,104.30,35.10,123.60,0.5566,-1,-1,-1
170,16,1763.60,114.30,54.20,116.80,0.7490,-1,-1,-1
170,64,30.70,138.80,63.80,170.70,0.8608,-1,-1,-1
170,9,1525.80,223.40,67.90,90.50,0.7612,-1,-1,-1
170,6,1451.40,233.60,70.40,89.70,0.8525,-1,-1,-1
170,31,195.50,309.60,100.80,144.90,0.8477,-1,-1,-1
171,30,878.40,148.40,67.00,240.80,0.8101,-1,-1,-1
171,5,366.20,144.30,73.80,162.60,0.4207,-1,-1,-1
171,24,569.90,166.90,78.90,251.20,0.7256,-1,-1,-1
171,15,1195.00,128.40,37.90,124.70,0.8350,-1,-1,-1
171,10,472.70,134.00,53.70,164.50,0.8125,-1,-1,-1
171,66,1057.80,88.90,26.30,79.50,0.7417,-1,-1,-1
171,68,1025.90,86.50,24.20,78.40,0.5527,-1,-1,-1
171,34,994.30,93.30,24.90,68.00,0.4524,-1,-1,-1
171,18,1741.90,112.10,40.00,114.80,0.6792,-1,-1,-1
171,90,1788.90,209.00,73.10,76.30,0.7051,-1,-1,-1
171,19,1833.70,105.40,34.60,122.00,0.4158,-1,-1,-1
171,16,1764.20,116.40,53.40,114.50,0.7432,-1,-1,-1
171,64,7.50,139.70,61.30,162.60,0.8638,-1,-1,-1
171,9,1526.30,224.50,67.10,88.90,0.7114,-1,-1,-1
171,6,1451.40,233.60,70.20,89.40,0.8638,-1,-1,-1
171,31,194.50,310.60,102.80,144.00,0.7422,-1,-1,-1
172,30,874.60,148.40,66.10,239.90,0.7900,-1,-1,-1
172,5,369.70,143.20,73.30,163.70,0.8203,-1,-1,-1
172,24,569.60,167.10,78.60,250.90,0.7529,-1,-1,-1
172,15,1195.60,128.30,38.10,126.30,0.8394,-1,-1,-1
172,10,472.80,131.30,54.80,167.20,0.7725,-1,-1,-1
172,66,1057.40,89.70,26.20,79.00,0.7432,-1,-1,-1
172,68,1025.90,86.60,24.10,78.10,0.5679,-1,-1,-1
172,34,994.00,93.00,25.10,67.90,0.4814,-1,-1,-1
172,18,1743.30,112.30,40.00,113.90,0.7202,-1,-1,-1
172,90,1789.20,209.80,72.50,75.40,0.7393,-1,-1,-1
172,19,1833.70,106.50,34.70,121.70,0.5830,-1,-1,-1
172,16,1765.10,115.80,53.70,115.30,0.7578,-1,-1,-1
172,64,0.00,133.20,51.50,162.90,0.8296,-1,-1,-1
172,9,1526.50,224.70,67.30,88.70,0.7422,-1,-1,-1
172,6,1451.40,233.50,70.10,89.30,0.8657,-1,-1,-1
172,31,206.50,311.30,101.50,143.00,0.4951,-1,-1,-1
172,102,1729.20,112.30,27.00,99.70,0.3530,-1,-1,-1
172,32,1004.90,189.50,63.40,184.20,0.8711,-1,-1,-1
172,82,568.30,86.00,25.40,83.40,0.4072,-1,-1,-1
173,30,869.80,148.40,65.40,239.50,0.8359,-1,-1,-1
173,5,372.90,141.90,75.70,165.10,0.8330,-1,-1,-1
173,24,570.30,167.10,78.20,250.80,0.6982,-1,-1,-1
173,10,475.40,131.20,55.10,167.00,0.7080,-1,-1,-1
173,66,1056.90,91.10,25.80,77.30,0.7549,-1,-1,-1
173,68,1025.90,87.00,24.20,78.40,0.6479,-1,-1,-1
173,34,995.40,92.50,25.20,68.50,0.4368,-1,-1,-1
173,18,1742.70,112.40,40.20,113.10,0.7056,-1,-1,-1
173,90,1789.10,209.80,72.80,75.50,0.7163,-1,-1,-1
173,19,1833.40,104.40,35.30,123.70,0.6885,-1,-1,-1
173,16,1770.40,115.50,53.80,118.20,0.7251,-1,-1,-1
173,64,0.00,129.00,41.00,160.70,0.8101,-1,-1,-1
173,9,1526.40,224.80,67.20,88.50,0.7002,-1,-1,-1
173,6,1451.40,233.40,70.00,89.20,0.8604,-1,-1,-1
173,31,211.40,311.40,100.60,142.60,0.6167,-1,-1,-1
173,102,1727.60,113.50,28.40,104.90,0.5859,-1,-1,-1
173,82,567.80,85.80,26.20,83.70,0.6318,-1,-1,-1
174,30,868.50,148.50,66.00,239.80,0.8062,-1,-1,-1
174,5,368.90,140.90,75.70,166.00,0.5059,-1,-1,-1
174,24,572.10,167.20,77.50,250.40,0.7568,-1,-1,-1
174,10,474.00,131.20,55.60,166.80,0.4253,-1,-1,-1
174,66,1055.80,90.30,26.50,78.20,0.7295,-1,-1,-1
174,68,1025.70,88.10,23.60,76.30,0.6040,-1,-1,-1
174,34,996.60,90.90,25.90,70.00,0.5469,-1,-1,-1
174,18,1745.50,111.80,40.20,112.50,0.7051,-1,-1,-1
174,90,1789.30,210.30,72.40,74.90,0.7793,-1,-1,-1
174,19,1833.30,103.40,35.60,124.90,0.6514,-1,-1,-1
174,16,1774.20,115.90,52.20,118.40,0.6826,-1,-1,-1
174,9,1526.30,224.50,67.80,89.10,0.7349,-1,-1,-1
174,6,1451.50,233.40,69.90,89.30,0.8594,-1,-1,-1
174,31,213.60,311.40,99.80,142.40,0.4814,-1,-1,-1
174,102,1720.90,112.90,29.80,109.20,0.5830,-1,-1,-1
174,82,567.70,85.90,26.80,83.70,0.6060,-1,-1,-1
174,15,1196.00,128.50,37.90,126.10,0.8574,-1,-1,-1
175,30,868.60,148.50,66.00,238.70,0.8237,-1,-1,-1
175,5,350.60,140.80,81.90,166.20,0.7612,-1,-1,-1
175,24,572.30,167.20,77.10,250.50,0.7471,-1,-1,-1
175,10,474.40,131.50,55.40,166.70,0.7583,-1,-1,-1
175,66,1057.00,90.10,26.60,78.20,0.6372,-1,-1,-1
175,68,1025.80,87.80,24.00,76.80,0.4543,-1,-1,-1
175,34,997.10,92.80,25.00,67.80,0.3748,-1,-1,-1
175,18,1747.30,111.40,40.80,113.00,0.6533,-1,-1,-1
175,90,1789.10,209.90,72.80,75.20,0.6323,-1,-1,-1
175,19,1837.90,103.80,34.20,123.70,0.3960,-1,-1,-1
175,16,1775.60,115.90,51.60,120.20,0.6372,-1,-1,-1
175,9,1525.90,224.20,68.30,89.70,0.7598,-1,-1,-1
175,6,1451.90,233.60,70.10,89.20,0.8608,-1,-1,-1
175,31,201.50,311.30,102.90,143.50,0.8369,-1,-1,-1
175,102,1718.20,111.50,31.20,113.10,0.5205,-1,-1,-1
175,82,568.40,86.50,26.60,83.00,0.4475,-1,-1,-1
175,15,1196.10,128.50,37.80,126.70,0.8315,-1,-1,-1
176,30,878.70,148.70,65.70,237.80,0.7988,-1,-1,-1
176,5,342.60,140.70,87.60,166.40,0.6416,-1,-1,-1
176,24,570.80,166.90,77.10,250.60,0.7256,-1,-1,-1
176,10,475.30,131.00,55.90,167.70,0.7544,-1,-1,-1
176,66,1054.00,89.00,27.50,78.90,0.6875,-1,-1,-1
176,68,1026.40,87.30,24.10,76.80,0.5420,-1,-1,-1
176,34,997.20,93.70,24.80,67.00,0.5137,-1,-1,-1
176,18,1751.10,112.20,40.60,112.00,0.6406,-1,-1,-1
176,90,1789.10,210.30,72.80,75.00,0.6704,-1,-1,-1
176,19,1834.90,104.60,35.30,124.80,0.4688,-1,-1,-1
176,16,1775.80,111.20,52.00,123.10,0.6533,-1,-1,-1
176,9,1525.50,223.70,68.90,90.20,0.7075,-1,-1,-1
176,6,1453.10,233.90,70.10,88.70,0.8525,-1,-1,-1
176,31,208.30,311.30,101.10,142.30,0.8076,-1,-1,-1
176,102,1713.20,111.90,31.60,113.30,0.6816,-1,-1,-1
176,82,568.80,88.10,26.20,81.50,0.4600,-1,-1,-1
176,15,1195.70,128.60,37.70,126.50,0.8359,-1,-1,-1
177,30,893.70,148.60,65.00,237.20,0.8203,-1,-1,-1
177,5,337.00,138.70,91.60,168.40,0.5737,-1,-1,-1
177,24,572.90,167.00,76.70,250.40,0.7075,-1,-1,-1
177,10,476.10,133.00,55.70,165.60,0.7529,-1,-1,-1
177,66,1055.60,90.50,27.30,77.30,0.5601,-1,-1,-1
177,68,1027.00,86.70,24.30,77.90,0.5776,-1,-1,-1
177,34,997.40,94.30,24.40,66.10,0.5195,-1,-1,-1
177,18,1750.60,111.90,40.40,112.80,0.6895,-1,-1,-1
177,90,1788.90,210.00,73.20,75.20,0.7642,-1,-1,-1
177,19,1836.50,107.80,34.20,120.20,0.3242,-1,-1,-1
177,16,1772.70,113.00,50.60,120.70,0.6826,-1,-1,-1
177,9,1525.40,223.70,69.10,90.60,0.7271,-1,-1,-1
177,6,1454.00,234.70,70.10,88.10,0.8564,-1,-1,-1
177,31,212.10,311.50,101.00,142.00,0.7319,-1,-1,-1
177,102,1703.30,112.30,31.60,112.80,0.6353,-1,-1,-1
177,82,569.60,89.60,25.70,80.50,0.4775,-1,-1,-1
177,15,1195.50,128.60,37.70,126.50,0.8403,-1,-1,-1
178,30,907.20,147.80,65.80,237.20,0.8931,-1,-1,-1
178,5,333.20,139.60,94.00,167.30,0.8228,-1,-1,-1
178,24,573.20,166.30,76.50,251.00,0.7285,-1,-1,-1
178,10,483.60,174.60,68.50,195.80,0.8735,-1,-1,-1
178,66,1055.40,89.90,27.90,78.60,0.7417,-1,-1,-1
178,68,1027.40,87.40,24.10,77.40,0.6060,-1,-1,-1
178,34,997.30,95.10,24.60,66.20,0.5850,-1,-1,-1
178,18,1747.70,112.50,39.70,110.80,0.6245,-1,-1,-1
178,90,1789.00,210.30,73.00,74.80,0.6460,-1,-1,-1
178,16,1770.90,114.90,49.20,119.20,0.6807,-1,-1,-1
178,9,1525.30,223.70,69.30,90.70,0.7212,-1,-1,-1
178,6,1453.80,235.00,70.20,87.80,0.8647,-1,-1,-1
178,31,199.90,310.10,104.20,143.80,0.8159,-1,-1,-1
178,102,1694.30,111.90,32.40,113.40,0.6699,-1,-1,-1
178,82,569.90,88.80,25.60,81.20,0.6372,-1,-1,-1
178,15,1195.00,128.50,37.60,126.50,0.8413,-1,-1,-1
179,30,921.80,147.50,65.70,236.20,0.8442,-1,-1,-1
179,5,345.90,139.70,97.90,175.10,0.1113,-1,-1,-1
179,24,574.00,166.30,76.00,251.20,0.7515,-1,-1,-1
179,10,479.90,149.60,61.70,178.60,0.7793,-1,-1,-1
179,66,1055.40,89.80,28.10,78.70,0.7446,-1,-1,-1
179,68,1027.50,87.70,24.00,77.10,0.6060,-1,-1,-1
179,34,996.80,95.00,24.60,65.90,0.5659,-1,-1,-1
179,18,1749.30,112.50,40.00,111.30,0.7041,-1,-1,-1
179,90,1788.60,209.90,73.70,75.40,0.7515,-1,-1,-1
179,16,1771.70,113.60,49.60,120.50,0.7456,-1,-1,-1
179,9,1524.70,223.50,70.00,91.30,0.7808,-1,-1,-1
179,6,1453.30,235.20,70.10,87.40,0.8638,-1,-1,-1
179,31,192.70,308.80,107.30,146.00,0.8828,-1,-1,-1
179,102,1688.20,112.90,32.60,111.60,0.6396,-1,-1,-1
179,82,569.60,89.20,25.30,80.70,0.5581,-1,-1,-1
179,15,1194.90,128.80,37.30,126.20,0.8350,-1,-1,-1
179,72,34.60,85.70,35.40,87.40,0.5566,-1,-1,-1
179,19,1831.30,104.70,36.10,122.30,0.6982,-1,-1,-1
180,30,929.50,147.90,65.80,236.10,0.8594,-1,-1,-1
180,5,349.50,140.40,95.70,170.00,0.8062,-1,-1,-1
180,24,575.00,164.30,75.80,253.30,0.7515,-1,-1,-1
180,10,475.90,136.90,59.10,172.30,0.8125,-1,-1,-1
180,66,1055.20,89.50,28.50,79.00,0.7476,-1,-1,-1
180,68,1027.10,87.70,23.90,77.30,0.5547,-1,-1,-1
180,34,996.70,93.40,25.40,67.40,0.4717,-1,-1,-1
180,18,1753.70,111.70,40.40,112.10,0.6934,-1,-1,-1
180,90,1788.80,210.20,73.40,74.90,0.7202,-1,-1,-1
180,16,1773.80,112.00,50.20,122.70,0.7456,-1,-1,-1
180,9,1527.80,223.80,70.10,90.90,0.8477,-1,-1,-1
180,6,1452.80,234.70,70.70,88.10,0.8608,-1,-1,-1
180,31,189.60,307.60,109.10,146.80,0.8628,-1,-1,-1
180,102,1685.90,114.60,33.20,111.20,0.5640,-1,-1,-1
180,82,569.90,88.40,25.40,81.70,0.6001,-1,-1,-1
180,15,1194.90,128.70,37.20,126.30,0.8315,-1,-1,-1
180,72,38.60,81.60,38.70,90.80,0.3594,-1,-1,-1
180,19,1827.30,104.00,36.10,119.60,0.5928,-1,-1,-1
181,30,932.30,148.30,65.70,235.60,0.8477,-1,-1,-1
181,5,352.50,140.50,95.70,167.90,0.8403,-1,-1,-1
181,24,574.80,156.80,77.40,260.50,0.7441,-1,-1,-1
181,10,475.00,134.50,57.10,167.70,0.7319,-1,-1,-1
181,66,1055.30,89.80,28.30,78.60,0.7202,-1,-1,-1
181,68,1026.80,89.00,23.20,75.80,0.5371,-1,-1,-1
181,34,995.00,92.50,26.10,68.70,0.3950,-1,-1,-1
181,18,1757.30,113.10,40.60,112.70,0.3923,-1,-1,-1
181,90,1788.70,210.00,73.60,74.90,0.7031,-1,-1,-1
181,16,1772.40,109.50,50.80,124.80,0.6792,-1,-1,-1
181,9,1530.50,221.50,73.00,93.20,0.6323,-1,-1,-1
181,6,1453.20,233.80,71.70,88.80,0.8506,-1,-1,-1
181,31,188.50,308.20,109.90,146.00,0.8452,-1,-1,-1
181,102,1688.50,112.40,34.90,113.70,0.6074,-1,-1,-1
181,82,569.70,88.30,25.60,82.20,0.4580,-1,-1,-1
181,15,1195.00,129.00,37.00,126.00,0.8252,-1,-1,-1
181,19,1825.20,104.20,35.40,117.30,0.5840,-1,-1,-1
182,30,932.50,148.20,66.00,236.20,0.8638,-1,-1,-1
182,5,355.00,140.10,97.40,167.50,0.6396,-1,-1,-1
182,24,576.40,154.30,77.50,263.20,0.7695,-1,-1,-1
182,10,474.40,133.80,56.70,166.10,0.7441,-1,-1,-1
182,66,1055.80,89.80,28.30,78.70,0.7153,-1,-1,-1
182,68,1026.40,88.00,23.40,77.00,0.5737,-1,-1,-1
182,34,995.70,90.70,26.50,70.20,0.4543,-1,-1,-1
182,18,1760.90,112.70,40.10,112.60,0.1196,-1,-1,-1
182,16,1771.30,110.80,50.20,123.70,0.6162,-1,-1,-1
182,9,1530.90,223.80,71.90,90.90,0.8423,-1,-1,-1
182,6,1451.40,233.20,72.00,89.60,0.8647,-1,-1,-1
182,31,189.10,308.40,110.30,145.30,0.8169,-1,-1,-1
182,102,1694.70,112.20,35.40,114.30,0.6040,-1,-1,-1
182,82,569.70,90.00,25.40,80.70,0.5449,-1,-1,-1
182,15,1195.00,129.10,36.90,125.90,0.8369,-1,-1,-1
182,42,58.20,202.50,105.50,230.30,0.8994,-1,-1,-1
182,14,1766.60,116.70,153.40,189.10,0.8760,-1,-1,-1
182,72,39.90,80.90,36.80,87.80,0.2666,-1,-1,-1
183,30,932.80,147.90,66.30,236.40,0.8564,-1,-1,-1
183,5,354.40,139.80,96.50,167.10,0.8101,-1,-1,-1
183,24,575.50,152.80,77.20,264.70,0.7241,-1,-1,-1
183,10,474.40,135.30,56.20,163.40,0.7808,-1,-1,-1
183,66,1055.50,90.00,28.30,78.30,0.7041,-1,-1,-1
183,68,1026.70,87.40,23.60,77.70,0.5757,-1,-1,-1
183,34,996.70,91.10,26.20,69.50,0.5195,-1,-1,-1
183,18,1745.20,109.40,56.10,156.40,0.7778,-1,-1,-1
183,16,1777.20,106.40,47.10,118.90,0.1200,-1,-1,-1
183,9,1529.60,224.80,71.70,90.30,0.8394,-1,-1,-1
183,6,1451.10,233.40,71.40,89.20,0.8594,-1,-1,-1
183,31,189.10,308.30,111.10,145.40,0.8403,-1,-1,-1
183,102,1698.30,112.40,35.40,114.10,0.5332,-1,-1,-1
183,82,572.10,90.00,26.10,81.00,0.6440,-1,-1,-1
183,15,1196.00,128.40,36.90,126.50,0.8340,-1,-1,-1
183,72,49.90,83.70,34.60,81.90,0.4717,-1,-1,-1
183,2,1881.70,147.80,34.80,107.70,0.7642,-1,-1,-1
183,90,1789.40,210.30,74.50,76.10,0.5146,-1,-1,-1
184,30,932.30,148.20,66.20,236.30,0.8564,-1,-1,-1
184,5,354.60,139.90,96.30,166.80,0.8403,-1,-1,-1
184,24,574.80,150.60,77.10,266.70,0.6538,-1,-1,-1
184,10,474.30,134.80,56.30,163.40,0.7500,-1,-1,-1
184,66,1055.50,91.40,28.10,77.10,0.7358,-1,-1,-1
184,68,1027.10,88.40,23.20,76.60,0.6123,-1,-1,-1
184,34,996.70,91.40,25.90,69.00,0.5371,-1,-1,-1
184,16,1774.20,109.10,48.50,121.30,0.6426,-1,-1,-1
184,9,1529.10,225.30,71.70,89.80,0.8340,-1,-1,-1
184,6,1451.30,233.30,71.50,89.20,0.8638,-1,-1,-1
184,31,189.60,309.00,111.10,144.50,0.6919,-1,-1,-1
184,102,1685.20,132.40,44.60,142.10,0.7544,-1,-1,-1
184,15,1196.50,129.10,36.70,125.90,0.8218,-1,-1,-1
184,72,43.70,84.70,33.90,81.20,0.5215,-1,-1,-1
184,2,1878.30,137.70,40.50,120.50,0.7739,-1,-1,-1
184,90,1788.50,209.40,74.80,76.40,0.7231,-1,-1,-1
184,19,1820.50,117.50,32.30,102.20,0.4426,-1,-1,-1
185,30,932.20,147.60,66.70,236.80,0.8506,-1,-1,-1
185,5,361.50,139.70,93.10,167.00,0.8486,-1,-1,-1
185,24,568.70,150.80,77.90,268.10,0.8003,-1,-1,-1
185,10,474.10,133.20,56.60,164.60,0.7515,-1,-1,-1
185,66,1055.20,90.50,28.60,78.20,0.7549,-1,-1,-1
185,68,1027.50,87.60,23.50,77.50,0.5303,-1,-1,-1
185,34,995.80,92.10,25.60,68.30,0.4111,-1,-1,-1
185,16,1773.10,109.80,49.00,122.80,0.6665,-1,-1,-1
185,9,1530.10,226.20,71.20,88.70,0.8203,-1,-1,-1
185,6,1450.90,233.20,71.50,89.30,0.8628,-1,-1,-1
185,31,188.20,308.90,112.10,144.70,0.6504,-1,-1,-1
185,15,1196.70,129.20,36.50,125.50,0.8315,-1,-1,-1
185,72,37.30,85.40,33.40,81.30,0.5850,-1,-1,-1
185,90,1788.60,209.90,74.10,75.50,0.5459,-1,-1,-1
186,30,931.60,147.70,66.80,236.60,0.8535,-1,-1,-1
186,5,363.90,140.10,90.20,166.70,0.8452,-1,-1,-1
186,24,574.00,152.90,78.80,264.10,0.7988,-1,-1,-1
186,10,476.70,131.40,56.40,163.30,0.7485,-1,-1,-1
186,66,1055.20,91.10,28.60,77.40,0.7231,-1,-1,-1
186,68,1027.60,86.70,23.70,78.40,0.5669,-1,-1,-1
186,34,994.30,90.40,25.80,69.60,0.3694,-1,-1,-1
186,16,1770.10,111.30,46.40,109.90,0.1577,-1,-1,-1
186,9,1530.90,226.10,72.30,89.00,0.8086,-1,-1,-1
186,6,1450.90,233.60,71.20,88.80,0.8384,-1,-1,-1
186,31,187.50,309.30,112.80,144.40,0.8711,-1,-1,-1
186,15,1196.80,129.20,36.50,125.60,0.8359,-1,-1,-1
186,72,30.80,85.00,33.60,81.70,0.6206,-1,-1,-1
186,90,1789.00,210.50,73.10,74.20,0.6724,-1,-1,-1
186,106,1703.80,110.70,36.40,116.90,0.5391,-1,-1,-1
186,18,1760.30,143.20,45.40,119.50,0.7559,-1,-1,-1
187,30,931.10,147.50,67.00,236.60,0.8584,-1,-1,-1
187,5,365.90,155.80,96.40,177.30,0.8677,-1,-1,-1
187,24,595.50,165.50,74.90,246.60,0.8828,-1,-1,-1
187,10,474.80,134.50,56.10,162.30,0.7471,-1,-1,-1
187,66,1055.00,90.30,29.00,78.50,0.7661,-1,-1,-1
187,68,1027.30,86.70,23.50,78.00,0.5928,-1,-1,-1
187,34,993.90,91.30,25.60,69.40,0.5830,-1,-1,-1
187,16,1762.90,112.00,57.40,138.00,0.1124,-1,-1,-1
187,9,1532.10,226.70,72.80,88.50,0.8101,-1,-1,-1
187,6,1451.90,234.10,71.10,88.30,0.8604,-1,-1,-1
187,31,186.90,309.60,113.40,144.10,0.8677,-1,-1,-1
187,15,1196.20,129.00,36.70,125.80,0.8384,-1,-1,-1
187,72,23.20,84.10,35.60,80.80,0.4436,-1,-1,-1
187,90,1784.00,207.70,75.00,77.70,0.1931,-1,-1,-1
187,106,1704.40,114.10,35.20,113.10,0.4727,-1,-1,-1
187,18,1763.00,141.00,48.00,128.80,0.4551,-1,-1,-1
187,14,1793.60,132.70,126.40,174.50,0.7900,-1,-1,-1
187,19,1822.40,115.30,34.30,106.80,0.4006,-1,-1,-1
188,30,931.60,147.40,67.60,236.80,0.8628,-1,-1,-1
188,5,366.50,147.20,90.20,170.20,0.8433,-1,-1,-1
188,24,610.60,180.70,71.30,229.00,0.8745,-1,-1,-1
188,10,474.50,135.50,56.20,162.20,0.7407,-1,-1,-1
188,66,1054.90,90.10,29.10,78.40,0.7339,-1,-1,-1
188,68,1027.70,87.40,23.30,77.10,0.5620,-1,-1,-1
188,34,994.40,89.70,26.20,70.80,0.5581,-1,-1,-1
188,16,1767.40,109.70,54.70,131.00,0.6440,-1,-1,-1
188,9,1529.00,226.50,74.00,88.70,0.8262,-1,-1,-1
188,6,1452.20,234.30,71.30,88.20,0.8125,-1,-1,-1
188,31,186.40,309.70,114.10,144.00,0.7319,-1,-1,-1
188,15,1195.50,128.90,36.80,126.00,0.8403,-1,-1,-1
188,20,1522.10,137.60,52.40,143.20,0.7900,-1,-1,-1
188,56,1723.60,141.00,61.60,128.00,0.6978,-1,-1,-1
188,14,1786.10,131.20,118.00,170.10,0.6270,-1,-1,-1
188,102,1685.90,152.20,39.80,118.00,0.7871,-1,-1,-1
189,30,932.10,149.10,67.00,235.40,0.8252,-1,-1,-1
189,5,365.90,143.20,87.30,167.40,0.8701,-1,-1,-1
189,24,620.90,188.90,69.80,220.50,0.8657,-1,-1,-1
189,10,473.80,134.50,56.80,163.50,0.7500,-1,-1,-1
189,66,1054.70,89.10,29.50,79.40,0.7104,-1,-1,-1
189,68,1026.80,87.40,23.40,77.00,0.5728,-1,-1,-1
189,34,995.60,88.80,26.30,71.70,0.5601,-1,-1,-1
189,16,1762.70,111.20,51.10,124.40,0.4795,-1,-1,-1
189,9,1529.90,226.60,74.40,88.40,0.8203,-1,-1,-1
189,6,1453.00,234.20,71.90,88.20,0.8110,-1,-1,-1
189,31,185.80,310.20,114.80,144.00,0.7441,-1,-1,-1
189,15,1195.20,129.00,36.80,126.00,0.8413,-1,-1,-1
189,20,1515.40,139.30,52.40,143.00,0.8125,-1,-1,-1
189,14,1771.70,130.40,106.20,162.00,0.5498,-1,-1,-1
189,111,1530.60,100.50,34.10,60.40,0.3442,-1,-1,-1
189,102,1688.60,145.20,44.10,129.40,0.7256,-1,-1,-1
190,30,931.30,148.10,67.50,236.30,0.8315,-1,-1,-1
190,5,364.20,141.30,86.10,166.80,0.8452,-1,-1,-1
190,24,633.50,195.40,68.50,213.10,0.8604,-1,-1,-1
190,10,473.70,133.20,57.30,164.90,0.7334,-1,-1,-1
190,66,1055.30,88.80,29.40,79.40,0.7266,-1,-1,-1
190,68,1026.60,88.50,23.10,76.10,0.4961,-1,-1,-1
190,34,995.30,89.60,26.00,70.60,0.4717,-1,-1,-1
190,16,1761.00,111.40,45.60,112.90,0.1234,-1,-1,-1
190,9,1526.70,225.30,75.50,89.50,0.8086,-1,-1,-1
190,6,1453.20,234.20,72.30,88.10,0.8433,-1,-1,-1
190,31,185.90,308.70,116.00,145.00,0.8262,-1,-1,-1
190,15,1195.10,128.60,36.80,126.30,0.8350,-1,-1,-1
190,20,1514.30,140.70,53.90,146.70,0.7739,-1,-1,-1
190,111,1530.60,100.40,34.00,60.20,0.2925,-1,-1,-1
190,72,7.70,86.90,41.60,90.90,0.6094,-1,-1,-1
190,90,1791.70,209.40,73.50,77.00,0.4207,-1,-1,-1
190,106,1704.20,111.50,35.60,115.10,0.5879,-1,-1,-1
190,18,1755.50,127.10,60.90,157.90,0.7544,-1,-1,-1
191,30,930.40,147.60,67.90,237.00,0.8535,-1,-1,-1
191,5,366.60,140.80,84.60,166.30,0.8442,-1,-1,-1
191,24,636.30,193.20,69.10,214.00,0.8535,-1,-1,-1
191,10,473.40,133.10,57.50,165.20,0.7285,-1,-1,-1
191,66,1056.10,88.90,29.10,79.30,0.7373,-1,-1,-1
191,68,1026.40,88.50,23.20,76.70,0.5439,-1,-1,-1
191,34,995.00,89.20,26.20,70.80,0.4688,-1,-1,-1
191,9,1522.00,223.10,77.00,91.80,0.6270,-1,-1,-1
191,6,1452.10,233.80,72.90,88.90,0.8228,-1,-1,-1
191,31,186.20,309.80,115.60,143.90,0.8218,-1,-1,-1
191,15,1195.00,128.90,36.90,126.10,0.8340,-1,-1,-1
191,20,1518.00,142.40,48.80,131.30,0.5581,-1,-1,-1
191,111,1531.00,101.90,33.80,59.80,0.2991,-1,-1,-1
191,90,1792.70,212.90,69.70,72.60,0.1371,-1,-1,-1
191,106,1705.20,111.50,35.80,115.10,0.6377,-1,-1,-1
191,18,1750.40,130.70,61.10,158.70,0.6782,-1,-1,-1
191,42,60.20,166.70,87.50,195.80,0.8545,-1,-1,-1
191,19,1829.50,118.40,34.70,103.90,0.4321,-1,-1,-1
192,30,930.40,148.00,68.10,236.40,0.8306,-1,-1,-1
192,5,366.90,140.40,83.00,166.40,0.8584,-1,-1,-1
192,24,647.50,191.00,68.30,210.70,0.8496,-1,-1,-1
192,10,476.00,132.70,57.60,165.50,0.7456,-1,-1,-1
192,66,1056.40,88.40,29.10,79.70,0.7188,-1,-1,-1
192,68,1026.30,87.30,23.40,77.30,0.5815,-1,-1,-1
192,34,995.10,90.00,25.90,70.20,0.5640,-1,-1,-1
192,9,1520.20,221.90,77.70,93.00,0.6807,-1,-1,-1
192,6,1451.50,233.20,73.40,89.10,0.8413,-1,-1,-1
192,31,186.10,309.70,116.00,144.00,0.8667,-1,-1,-1
192,15,1195.00,128.80,36.90,126.10,0.8359,-1,-1,-1
192,20,1517.30,141.40,48.40,128.70,0.5840,-1,-1,-1
192,111,1530.60,100.70,34.80,61.60,0.3821,-1,-1,-1
192,90,1790.60,211.30,71.20,73.80,0.3328,-1,-1,-1
192,106,1707.10,110.90,36.80,117.00,0.5728,-1,-1,-1
192,42,45.40,202.90,109.10,236.10,0.8965,-1,-1,-1
192,19,1827.70,117.40,36.00,108.40,0.2268,-1,-1,-1
192,56,1718.80,136.20,72.40,153.60,0.5244,-1,-1,-1
192,14,1763.50,122.60,88.40,142.80,0.5273,-1,-1,-1
193,30,930.40,147.60,68.10,236.80,0.8394,-1,-1,-1
193,5,367.50,140.30,81.40,166.40,0.8506,-1,-1,-1
193,24,661.70,187.30,66.70,205.00,0.8496,-1,-1,-1
193,10,476.40,131.60,57.80,166.90,0.7456,-1,-1,-1
193,66,1056.50,88.50,29.00,79.80,0.6978,-1,-1,-1
193,68,1026.10,86.30,23.80,78.50,0.5264,-1,-1,-1
193,34,996.20,90.30,25.60,69.50,0.4883,-1,-1,-1
193,9,1520.10,222.80,76.80,92.10,0.7515,-1,-1,-1
193,6,1451.70,232.50,73.80,89.70,0.7900,-1,-1,-1
193,31,187.80,310.30,115.30,142.90,0.8657,-1,-1,-1
193,15,1195.10,128.90,36.80,126.10,0.8330,-1,-1,-1
193,20,1520.00,140.20,45.40,118.50,0.7485,-1,-1,-1
193,111,1530.10,100.70,35.90,63.50,0.3149,-1,-1,-1
193,90,1789.30,209.80,73.00,75.40,0.7559,-1,-1,-1
193,106,1704.80,110.40,37.00,117.30,0.5215,-1,-1,-1
193,42,65.90,206.50,113.70,246.00,0.9082,-1,-1,-1
193,19,1827.60,120.50,35.40,105.70,0.5889,-1,-1,-1
193,56,1714.60,144.30,68.90,148.40,0.7285,-1,-1,-1
193,18,1746.50,130.30,54.70,142.50,0.5479,-1,-1,-1
194,30,930.00,148.00,67.80,236.40,0.8516,-1,-1,-1
194,5,369.40,140.60,79.50,165.90,0.8506,-1,-1,-1
194,24,682.20,180.00,66.60,199.00,0.8237,-1,-1,-1
194,10,476.00,132.10,57.00,167.50,0.7847,-1,-1,-1
194,66,1056.50,88.70,29.10,79.90,0.7026,-1,-1,-1
194,68,1026.00,85.70,24.00,79.30,0.5332,-1,-1,-1
194,34,996.90,89.70,25.90,70.20,0.4941,-1,-1,-1
194,9,1520.40,223.60,75.80,90.90,0.6655,-1,-1,-1
194,6,1454.30,234.90,72.80,87.50,0.7192,-1,-1,-1
194,31,188.10,310.20,115.80,143.60,0.8506,-1,-1,-1
194,15,1195.10,129.20,36.70,125.80,0.8315,-1,-1,-1
194,20,1524.40,141.10,44.00,113.10,0.7822,-1,-1,-1
194,111,1529.50,100.70,36.50,64.40,0.2568,-1,-1,-1
194,90,1789.10,210.20,72.90,75.10,0.5469,-1,-1,-1
194,42,84.00,200.60,113.50,246.70,0.8906,-1,-1,-1
194,19,1823.40,122.50,35.50,104.80,0.5078,-1,-1,-1
194,102,1693.20,158.20,49.20,138.20,0.6968,-1,-1,-1
194,16,1764.30,113.30,48.20,118.50,0.7100,-1,-1,-1
195,30,930.30,148.50,67.70,235.80,0.8477,-1,-1,-1
195,5,370.40,141.10,77.80,165.50,0.8262,-1,-1,-1
195,24,699.30,173.30,64.00,191.70,0.8594,-1,-1,-1
195,10,472.70,131.10,57.10,168.90,0.8159,-1,-1,-1
195,66,1056.40,88.30,29.30,79.90,0.7461,-1,-1,-1
195,68,1026.00,86.00,23.90,78.70,0.5889,-1,-1,-1
195,34,996.30,89.50,25.80,70.10,0.5620,-1,-1,-1
195,9,1522.00,222.80,76.50,92.20,0.6714,-1,-1,-1
195,6,1455.40,235.60,73.20,87.10,0.8442,-1,-1,-1
195,31,187.80,309.90,116.10,143.90,0.8252,-1,-1,-1
195,15,1195.60,129.00,36.70,125.90,0.8350,-1,-1,-1
195,20,1522.30,142.20,50.20,128.60,0.6567,-1,-1,-1
195,111,1530.80,101.10,36.30,64.10,0.3364,-1,-1,-1
195,90,1788.80,209.60,73.40,75.50,0.6792,-1,-1,-1
195,42,99.10,191.90,108.40,237.40,0.8779,-1,-1,-1
195,16,1763.60,113.50,48.90,119.50,0.7925,-1,-1,-1
196,30,929.80,148.20,67.80,236.10,0.8545,-1,-1,-1
196,5,371.00,141.30,76.50,165.30,0.8413,-1,-1,-1
196,24,717.80,170.00,61.70,186.10,0.7188,-1,-1,-1
196,10,466.80,131.60,57.50,168.20,0.8315,-1,-1,-1
196,66,1056.60,88.80,28.90,79.10,0.7388,-1,-1,-1
196,68,1026.30,86.50,23.40,78.00,0.4902,-1,-1,-1
196,34,995.10,90.10,25.60,69.70,0.5254,-1,-1,-1
196,9,1521.70,222.70,76.10,92.30,0.7104,-1,-1,-1
196,6,1454.00,235.10,74.00,87.50,0.8237,-1,-1,-1
196,31,188.40,309.80,116.00,144.00,0.6870,-1,-1,-1
196,15,1195.90,129.10,36.50,125.90,0.8296,-1,-1,-1
196,20,1522.20,142.10,53.40,136.70,0.7529,-1,-1,-1
196,111,1531.30,100.60,36.20,64.00,0.2173,-1,-1,-1
196,90,1788.10,210.80,72.80,74.20,0.6143,-1,-1,-1
196,42,92.60,186.20,103.10,226.70,0.8950,-1,-1,-1
196,16,1763.40,113.30,49.00,120.10,0.7725,-1,-1,-1
196,113,1814.30,117.20,31.40,102.40,0.3630,-1,-1,-1
196,106,1706.60,111.60,36.50,115.90,0.6494,-1,-1,-1
197,30,929.60,148.40,67.80,236.00,0.8486,-1,-1,-1
197,5,371.30,141.50,75.30,165.10,0.8506,-1,-1,-1
197,24,736.90,167.20,59.80,180.50,0.8496,-1,-1,-1
197,10,463.00,133.30,57.80,166.40,0.8193,-1,-1,-1
197,66,1056.10,88.90,28.90,79.30,0.7324,-1,-1,-1
197,68,1026.50,87.70,23.00,77.30,0.5273,-1,-1,-1
197,34,995.20,91.30,25.50,69.00,0.5889,-1,-1,-1
197,9,1522.90,223.40,75.90,91.80,0.7964,-1,-1,-1
197,6,1452.20,233.90,74.80,88.60,0.8574,-1,-1,-1
197,31,188.20,309.30,116.40,144.50,0.6514,-1,-1,-1
197,15,1196.00,129.20,36.50,125.70,0.8306,-1,-1,-1
197,20,1519.50,142.50,56.10,142.90,0.7441,-1,-1,-1
197,111,1530.20,101.50,36.20,63.80,0.3904,-1,-1,-1
197,90,1788.70,211.10,72.80,73.90,0.6577,-1,-1,-1
197,42,73.50,183.30,98.00,220.60,0.8555,-1,-1,-1
197,16,1766.80,111.40,50.10,122.00,0.7153,-1,-1,-1
197,113,1815.00,120.30,30.00,98.10,0.2351,-1,-1,-1
197,71,1837.60,105.30,26.80,110.40,0.3721,-1,-1,-1
197,106,1706.80,111.50,36.50,116.00,0.6333,-1,-1,-1
198,30,929.30,148.00,68.20,236.60,0.8359,-1,-1,-1
198,5,372.10,141.70,74.10,165.00,0.8667,-1,-1,-1
198,24,752.30,162.50,58.50,176.10,0.8721,-1,-1,-1
198,10,462.20,130.70,58.80,168.70,0.8184,-1,-1,-1
198,66,1055.90,89.00,28.90,79.40,0.7280,-1,-1,-1
198,68,1026.50,87.60,22.90,77.30,0.5010,-1,-1,-1
198,34,996.60,93.80,24.70,66.50,0.5469,-1,-1,-1
198,9,1523.80,224.70,76.30,91.10,0.7441,-1,-1,-1
198,6,1450.30,234.00,74.60,88.80,0.8486,-1,-1,-1
198,31,187.90,309.10,116.50,144.70,0.6885,-1,-1,-1
198,15,1195.50,129.10,36.50,125.90,0.8135,-1,-1,-1
198,20,1521.10,140.20,55.80,140.60,0.7065,-1,-1,-1
198,111,1529.90,101.10,36.40,64.30,0.3674,-1,-1,-1
198,90,1789.20,211.70,72.30,73.00,0.6802,-1,-1,-1
198,42,48.10,180.80,94.80,212.80,0.8936,-1,-1,-1
198,16,1772.10,112.40,50.30,121.20,0.7256,-1,-1,-1
198,113,1813.70,118.10,30.20,98.60,0.2791,-1,-1,-1
198,71,1837.50,106.50,27.00,111.20,0.3960,-1,-1,-1
198,106,1705.90,111.70,36.40,115.70,0.6377,-1,-1,-1
199,30,929.30,148.50,68.10,235.90,0.8442,-1,-1,-1
199,5,369.60,142.40,73.60,164.20,0.8628,-1,-1,-1
199,24,758.40,156.30,57.60,172.60,0.8413,-1,-1,-1
199,10,461.70,130.30,59.10,169.30,0.8452,-1,-1,-1
199,66,1055.90,89.10,28.70,79.10,0.7280,-1,-1,-1
199,68,1026.40,86.70,23.10,78.00,0.5488,-1,-1,-1
199,34,997.90,93.00,24.90,67.30,0.5981,-1,-1,-1
199,6,1451.40,236.10,72.80,86.60,0.3584,-1,-1,-1
199,31,185.90,309.00,117.30,145.20,0.8701,-1,-1,-1
199,15,1194.70,128.80,36.70,126.40,0.5938,-1,-1,-1
199,20,1519.10,141.30,56.70,143.60,0.7808,-1,-1,-1
199,111,1529.70,100.40,36.70,64.50,0.4072,-1,-1,-1
199,90,1789.00,211.40,72.90,73.50,0.6279,-1,-1,-1
199,42,11.30,176.80,91.70,209.00,0.9009,-1,-1,-1
199,16,1772.10,114.10,50.50,119.70,0.7656,-1,-1,-1
199,113,1812.00,119.00,30.70,99.60,0.2815,-1,-1,-1
199,71,1837.80,106.30,26.40,108.40,0.2949,-1,-1,-1
199,106,1706.50,111.40,36.50,116.30,0.6699,-1,-1,-1
200,30,929.30,148.50,68.00,236.10,0.8384,-1,-1,-1
200,5,363.30,141.70,73.40,164.70,0.8350,-1,-1,-1
200,24,764.00,153.60,56.00,168.00,0.8496,-1,-1,-1
200,10,462.70,129.80,59.40,170.30,0.8452,-1,-1,-1
200,66,1056.40,89.40,28.70,78.90,0.7026,-1,-1,-1
200,68,1026.60,87.80,22.80,76.40,0.4805,-1,-1,-1
200,34,998.40,93.10,24.90,67.30,0.5620,-1,-1,-1
200,6,1451.00,235.80,73.80,87.80,0.7847,-1,-1,-1
200,31,185.30,309.20,117.80,145.50,0.8486,-1,-1,-1
200,15,1195.10,129.20,36.50,125.60,0.7847,-1,-1,-1
200,20,1108.30,176.90,54.40,135.10,0.8394,-1,-1,-1
200,111,1529.80,100.80,35.90,62.90,0.2134,-1,-1,-1
200,90,1788.70,210.50,73.50,73.90,0.6245,-1,-1,-1
200,42,0.00,184.50,72.50,193.50,0.7002,-1,-1,-1
200,16,1767.40,112.10,52.00,121.80,0.6836,-1,-1,-1
200,113,1813.70,119.50,30.60,99.00,0.1384,-1,-1,-1
200,71,1832.50,105.80,27.90,112.60,0.2407,-1,-1,-1
200,106,1706.70,111.20,36.50,116.40,0.6680,-1,-1,-1
201,21,1773.00,193.50,147.00,264.70,0.9141,-1,-1,-1
201,2,1278.00,64.20,60.00,187.40,0.8477,-1,-1,-1
201,35,72.90,153.90,91.00,148.50,0.8442,-1,-1,-1
201,7,436.50,183.80,162.00,619.40,0.8203,-1,-1,-1
201,36,158.60,130.50,385.90,676.50,0.7974,-1,-1,-1
201,10,249.00,97.50,74.20,219.40,0.7861,-1,-1,-1
201,37,654.80,47.40,75.00,234.00,0.7217,-1,-1,-1
201,12,1474.50,78.50,75.00,175.90,0.7163,-1,-1,-1
201,38,0.10,152.40,69.70,149.70,0.7124,-1,-1,-1
201,39,1151.20,71.40,69.00,176.80,0.6929,-1,-1,-1
201,40,916.50,117.90,85.50,109.70,0.6582,-1,-1,-1
201,33,547.10,66.90,47.30,182.30,0.6299,-1,-1,-1
201,41,1105.50,88.70,66.00,210.00,0.6196,-1,-1,-1
201,27,1015.50,94.10,66.00,232.50,0.6001,-1,-1,-1
201,25,498.00,69.90,71.20,149.50,0.5889,-1,-1,-1
201,8,817.50,78.50,81.00,227.10,0.5859,-1,-1,-1
201,42,766.50,70.30,52.50,189.60,0.5234,-1,-1,-1
201,82,623.20,72.10,42.00,182.00,0.5029,-1,-1,-1
201,22,966.00,62.20,60.00,178.90,0.4834,-1,-1,-1
201,60,0.10,257.60,68.90,285.00,0.4233,-1,-1,-1
201,61,0.20,384.40,69.30,158.20,0.3157,-1,-1,-1
201,43,883.50,76.50,63.00,180.00,0.2622,-1,-1,-1
202,21,1784.80,159.10,115.60,209.30,0.7861,-1,-1,-1
202,2,1277.90,63.80,60.20,187.80,0.8413,-1,-1,-1
202,35,73.00,153.70,90.50,147.90,0.8564,-1,-1,-1
202,7,441.20,192.70,160.40,611.90,0.7695,-1,-1,-1
202,36,184.70,124.00,387.10,677.80,0.8818,-1,-1,-1
202,10,218.70,114.30,80.20,237.40,0.7305,-1,-1,-1
202,37,650.40,35.20,73.30,229.00,0.6479,-1,-1,-1
202,38,0.50,154.40,68.90,148.00,0.8228,-1,-1,-1
202,39,1171.10,70.70,68.40,175.40,0.7793,-1,-1,-1
202,40,875.70,119.70,158.00,204.60,0.8296,-1,-1,-1
202,41,1112.40,71.90,53.50,169.00,0.5264,-1,-1,-1
202,27,1018.70,94.50,64.80,227.60,0.7471,-1,-1,-1
202,25,500.80,68.30,66.30,139.50,0.5898,-1,-1,-1
202,8,813.20,80.70,79.20,222.30,0.6909,-1,-1,-1
202,42,766.80,72.00,51.90,187.70,0.4609,-1,-1,-1
202,82,619.30,43.40,48.60,209.70,0.1968,-1,-1,-1
202,22,956.20,59.00,66.60,197.70,0.7017,-1,-1,-1
202,43,876.50,79.10,61.40,175.40,0.1705,-1,-1,-1
203,21,1813.70,166.70,106.30,210.60,0.7456,-1,-1,-1
203,2,1278.10,63.60,59.80,186.90,0.8086,-1,-1,-1
203,35,74.40,153.40,91.00,148.40,0.8394,-1,-1,-1
203,7,437.50,207.30,156.80,598.10,0.8545,-1,-1,-1
203,36,190.30,114.10,393.50,693.80,0.9106,-1,-1,-1
203,37,656.30,33.20,72.70,226.40,0.8003,-1,-1,-1
203,38,0.60,155.50,68.20,146.50,0.7500,-1,-1,-1
203,39,1186.50,71.30,68.90,176.80,0.8667,-1,-1,-1
203,40,865.90,110.40,176.80,232.50,0.8545,-1,-1,-1
203,41,1107.10,63.40,70.60,224.20,0.7925,-1,-1,-1
203,27,1016.20,86.80,68.40,239.50,0.7886,-1,-1,-1
203,8,815.60,86.80,77.40,217.40,0.6582,-1,-1,-1
203,42,769.80,72.10,51.70,186.90,0.4543,-1,-1,-1
203,22,959.40,59.70,66.80,199.30,0.4243,-1,-1,-1
203,43,880.20,74.50,63.10,180.60,0.2422,-1,-1,-1
203,59,456.80,73.50,86.90,143.80,0.6816,-1,-1,-1
203,33,556.10,65.40,50.10,192.60,0.7188,-1,-1,-1
204,2,1278.60,63.70,59.90,187.30,0.8193,-1,-1,-1
204,35,70.80,153.00,84.10,137.70,0.1520,-1,-1,-1
204,7,439.00,211.60,160.10,603.30,0.9238,-1,-1,-1
204,36,128.70,113.40,395.40,707.80,0.9009,-1,-1,-1
204,37,666.80,34.50,71.50,221.90,0.7422,-1,-1,-1
204,38,1.30,158.10,67.30,144.10,0.7422,-1,-1,-1
204,39,1198.70,73.10,68.40,175.80,0.8413,-1,-1,-1
204,40,874.80,112.40,176.80,236.90,0.7612,-1,-1,-1
204,41,1109.00,81.10,68.70,218.90,0.6978,-1,-1,-1
204,27,1017.70,90.60,68.10,237.40,0.6836,-1,-1,-1
204,8,812.00,80.40,79.80,223.80,0.6626,-1,-1,-1
204,42,764.80,71.10,52.40,187.90,0.2466,-1,-1,-1
204,43,887.70,82.30,61.40,176.00,0.3979,-1,-1,-1
204,59,433.60,65.90,90.20,150.20,0.7256,-1,-1,-1
204,24,1060.30,59.20,48.40,198.10,0.3738,-1,-1,-1
204,12,1753.60,146.20,80.30,192.00,0.7319,-1,-1,-1
204,25,491.20,33.80,113.60,241.40,0.6440,-1,-1,-1
205,2,1279.30,63.90,60.00,187.60,0.8027,-1,-1,-1
205,35,86.40,151.50,60.00,95.40,0.1783,-1,-1,-1
205,7,442.20,213.70,163.60,604.10,0.9248,-1,-1,-1
205,36,106.10,109.00,393.80,718.20,0.9077,-1,-1,-1
205,37,674.60,36.40,69.80,216.80,0.6621,-1,-1,-1
205,39,1201.40,73.10,68.40,175.50,0.7710,-1,-1,-1
205,40,882.50,113.50,172.50,236.20,0.7739,-1,-1,-1
205,41,1109.70,91.20,66.50,212.60,0.6807,-1,-1,-1
205,27,1019.50,93.30,67.70,235.10,0.6978,-1,-1,-1
205,8,810.40,78.30,80.50,226.10,0.6943,-1,-1,-1
205,42,764.40,69.90,53.10,189.10,0.1907,-1,-1,-1
205,43,892.00,80.20,62.60,179.50,0.3794,-1,-1,-1
205,59,402.60,59.70,96.20,162.30,0.5537,-1,-1,-1
205,24,1059.60,59.40,48.70,199.00,0.1919,-1,-1,-1
205,64,133.50,172.10,77.00,274.30,0.7227,-1,-1,-1
205,25,472.70,24.80,125.30,269.50,0.1009,-1,-1,-1
205,60,5.20,187.00,78.60,322.90,0.7988,-1,-1,-1
205,21,1833.10,148.10,86.90,204.70,0.4561,-1,-1,-1
206,2,1278.50,64.00,60.00,187.60,0.8403,-1,-1,-1
206,7,466.00,215.70,166.60,602.90,0.9150,-1,-1,-1
206,36,108.60,107.70,386.20,719.60,0.9170,-1,-1,-1
206,37,687.30,41.80,66.90,207.30,0.6826,-1,-1,-1
206,39,1205.40,72.30,67.80,175.90,0.6602,-1,-1,-1
206,40,881.70,113.10,167.70,235.60,0.7886,-1,-1,-1
206,41,1108.00,76.60,70.50,226.90,0.7485,-1,-1,-1
206,27,1018.00,93.70,67.40,234.00,0.7612,-1,-1,-1
206,8,808.80,77.40,80.80,227.00,0.7271,-1,-1,-1
206,42,756.10,69.40,53.70,189.70,0.4436,-1,-1,-1
206,43,892.60,75.30,64.40,186.20,0.3811,-1,-1,-1
206,59,370.60,57.50,110.30,188.70,0.7725,-1,-1,-1
206,24,1060.40,59.00,50.10,204.00,0.4648,-1,-1,-1
206,64,94.60,176.60,81.30,287.20,0.8306,-1,-1,-1
206,67,1688.10,93.00,88.20,181.60,0.7925,-1,-1,-1
206,60,12.10,187.70,71.80,287.20,0.8867,-1,-1,-1
206,22,964.50,61.40,65.40,196.50,0.5688,-1,-1,-1
206,38,9.70,158.80,49.80,103.80,0.5137,-1,-1,-1
207,2,1278.70,64.10,60.00,187.50,0.8452,-1,-1,-1
207,7,501.40,214.60,170.10,604.10,0.9253,-1,-1,-1
207,36,102.30,99.30,383.50,728.30,0.9263,-1,-1,-1
207,37,697.70,46.20,65.00,201.00,0.7334,-1,-1,-1
207,39,1197.20,71.90,81.60,212.60,0.8618,-1,-1,-1
207,40,887.40,114.90,161.40,232.90,0.7900,-1,-1,-1
207,41,1106.80,86.80,67.00,215.40,0.7559,-1,-1,-1
207,27,1016.00,95.00,67.10,232.80,0.7871,-1,-1,-1
207,8,810.90,88.00,76.70,215.40,0.7041,-1,-1,-1
207,42,759.60,70.30,53.50,188.80,0.6665,-1,-1,-1
207,43,893.90,74.80,63.60,185.50,0.4263,-1,-1,-1
207,59,346.50,56.40,114.10,199.70,0.6558,-1,-1,-1
207,24,1058.40,60.30,50.70,205.70,0.6362,-1,-1,-1
207,64,93.90,158.20,53.50,183.00,0.8135,-1,-1,-1
207,60,22.40,176.00,78.40,301.00,0.9058,-1,-1,-1
207,71,1895.60,118.00,24.40,125.80,0.4707,-1,-1,-1
207,22,965.20,61.70,65.00,196.80,0.4551,-1,-1,-1
207,12,1750.10,135.40,82.90,198.00,0.7778,-1,-1,-1
208,2,1279.40,64.60,59.70,186.50,0.7568,-1,-1,-1
208,7,502.80,213.00,172.30,603.00,0.9404,-1,-1,-1
208,36,105.60,96.20,378.60,732.90,0.9219,-1,-1,-1
208,37,704.20,48.70,64.10,196.40,0.5947,-1,-1,-1
208,39,1197.00,71.80,74.00,192.80,0.8125,-1,-1,-1
208,40,895.90,113.90,157.30,233.60,0.8423,-1,-1,-1
208,41,1107.30,86.60,66.60,215.50,0.7627,-1,-1,-1
208,27,1018.20,94.60,67.30,232.70,0.7739,-1,-1,-1
208,8,813.50,92.20,74.80,211.70,0.7515,-1,-1,-1
208,42,759.10,69.20,53.60,190.00,0.6318,-1,-1,-1
208,43,894.80,75.20,63.10,185.10,0.4912,-1,-1,-1
208,59,341.10,55.70,116.60,207.50,0.6196,-1,-1,-1
208,24,1058.10,60.60,50.10,201.70,0.5205,-1,-1,-1
208,64,73.90,155.30,42.20,143.80,0.3550,-1,-1,-1
208,71,1895.50,117.90,24.50,127.10,0.4902,-1,-1,-1
208,22,973.60,61.90,46.40,136.10,0.4785,-1,-1,-1
208,15,871.00,63.10,42.40,188.10,0.3311,-1,-1,-1
208,61,0.00,238.60,81.20,247.30,0.7124,-1,-1,-1
208,67,1692.90,123.50,97.70,201.30,0.8594,-1,-1,-1
208,38,1.00,157.00,66.90,139.60,0.7256,-1,-1,-1
209,2,1279.40,64.20,60.20,188.20,0.7515,-1,-1,-1
209,7,484.00,210.70,173.60,602.70,0.9116,-1,-1,-1
209,36,109.90,94.80,372.40,735.20,0.9165,-1,-1,-1
209,37,717.90,49.00,63.40,195.50,0.3433,-1,-1,-1
209,39,1196.40,72.20,70.20,182.50,0.8369,-1,-1,-1
209,40,901.20,112.70,152.40,233.70,0.8477,-1,-1,-1
209,41,1107.70,73.40,70.20,228.80,0.7363,-1,-1,-1
209,27,1019.20,95.00,68.00,233.10,0.7900,-1,-1,-1
209,8,810.10,80.80,78.70,223.20,0.7627,-1,-1,-1
209,42,752.00,71.50,53.20,187.60,0.5234,-1,-1,-1
209,43,895.70,75.70,62.70,184.80,0.5537,-1,-1,-1
209,59,324.60,80.90,119.40,214.70,0.1208,-1,-1,-1
209,24,1060.10,60.70,49.90,200.00,0.5649,-1,-1,-1
209,22,977.60,62.00,38.60,108.20,0.5117,-1,-1,-1
209,15,868.00,65.30,42.00,186.20,0.1495,-1,-1,-1
209,4,788.90,68.10,45.20,189.80,0.5776,-1,-1,-1
209,67,1669.20,119.30,97.40,202.50,0.8828,-1,-1,-1
209,38,0.00,153.30,60.30,135.60,0.3979,-1,-1,-1
209,21,1834.90,128.60,85.10,186.40,0.7441,-1,-1,-1
209,60,41.00,174.20,80.20,300.40,0.8252,-1,-1,-1
210,2,1280.50,63.90,60.10,187.80,0.8745,-1,-1,-1
210,7,476.70,211.30,173.00,602.60,0.8525,-1,-1,-1
210,36,121.60,98.90,361.40,729.20,0.9302,-1,-1,-1
210,37,730.40,55.70,63.10,196.50,0.1225,-1,-1,-1
210,39,1196.00,72.10,68.90,178.90,0.8701,-1,-1,-1
210,40,902.50,113.10,147.10,232.50,0.8555,-1,-1,-1
210,41,1108.80,75.60,68.60,225.80,0.7686,-1,-1,-1
210,27,1020.80,95.70,67.90,232.80,0.8086,-1,-1,-1
210,8,808.70,71.60,82.50,232.80,0.7212,-1,-1,-1
210,42,749.80,70.80,53.10,187.80,0.5361,-1,-1,-1
210,43,895.50,76.30,62.30,184.50,0.6323,-1,-1,-1
210,59,331.20,66.90,113.30,208.20,0.8271,-1,-1,-1
210,24,1058.30,60.00,49.70,196.70,0.6826,-1,-1,-1
210,22,980.90,62.00,35.60,96.60,0.1987,-1,-1,-1
210,15,868.90,64.50,42.60,189.00,0.2917,-1,-1,-1
210,4,791.10,64.50,45.40,191.30,0.4475,-1,-1,-1
210,67,1637.80,110.90,96.40,201.60,0.8916,-1,-1,-1
210,38,4.20,153.30,57.20,117.60,0.5400,-1,-1,-1
210,71,1892.90,120.00,24.80,125.00,0.5312,-1,-1,-1
211,2,1280.90,64.10,60.10,187.50,0.8667,-1,-1,-1
211,7,510.00,217.00,165.90,585.90,0.6104,-1,-1,-1
211,36,121.00,99.60,353.50,730.70,0.7671,-1,-1,-1
211,39,1195.70,71.80,68.60,178.00,0.8804,-1,-1,-1
211,40,903.00,114.30,141.80,231.10,0.8433,-1,-1,-1
211,41,1108.50,71.80,69.30,230.00,0.7808,-1,-1,-1
211,27,1028.30,106.50,67.00,228.10,0.7378,-1,-1,-1
211,8,806.70,66.10,84.90,236.10,0.5640,-1,-1,-1
211,42,751.20,59.20,56.90,198.70,0.5029,-1,-1,-1
211,43,895.50,76.90,61.80,183.50,0.6372,-1,-1,-1
211,59,338.50,59.80,107.00,201.70,0.7861,-1,-1,-1
211,24,1054.90,59.80,49.90,192.80,0.4980,-1,-1,-1
211,15,865.80,61.10,43.10,191.40,0.6226,-1,-1,-1
211,4,794.90,66.90,46.40,194.70,0.2444,-1,-1,-1
211,67,1599.60,104.10,94.20,199.30,0.8779,-1,-1,-1
211,38,0.50,153.60,67.90,139.80,0.8574,-1,-1,-1
211,13,1149.40,62.90,40.60,186.60,0.6260,-1,-1,-1
211,69,967.80,60.80,60.00,199.50,0.6538,-1,-1,-1
211,71,1893.50,119.60,25.00,125.60,0.5488,-1,-1,-1
211,60,87.70,153.50,53.30,178.90,0.8735,-1,-1,-1
212,2,1281.20,64.60,59.80,186.80,0.8604,-1,-1,-1
212,7,498.90,213.80,166.70,594.70,0.8618,-1,-1,-1
212,36,130.60,100.60,343.60,727.90,0.9160,-1,-1,-1
212,39,1196.70,72.40,68.00,177.00,0.8755,-1,-1,-1
212,40,904.60,116.00,134.90,228.50,0.6943,-1,-1,-1
212,41,1109.40,82.90,65.60,218.30,0.7686,-1,-1,-1
212,27,1032.10,108.90,67.80,228.30,0.8423,-1,-1,-1
212,8,814.90,70.10,73.90,203.60,0.3550,-1,-1,-1
212,42,751.70,66.70,54.50,190.30,0.4072,-1,-1,-1
212,59,341.10,58.80,104.30,201.20,0.7725,-1,-1,-1
212,24,1059.90,59.80,35.50,123.20,0.5410,-1,-1,-1
212,4,790.20,67.40,45.00,189.50,0.4292,-1,-1,-1
212,67,1571.90,92.80,91.10,197.70,0.6270,-1,-1,-1
212,38,0.00,152.50,70.20,148.20,0.8564,-1,-1,-1
212,13,1152.10,64.70,40.30,184.60,0.6704,-1,-1,-1
212,69,965.90,63.90,58.80,195.10,0.6919,-1,-1,-1
212,71,1892.60,119.20,25.20,125.30,0.5527,-1,-1,-1
212,60,97.50,150.50,50.20,152.00,0.8877,-1,-1,-1
212,10,171.70,206.00,64.40,191.60,0.4282,-1,-1,-1
213,2,1287.70,64.80,47.90,143.90,0.8037,-1,-1,-1
213,7,492.70,213.20,165.30,596.80,0.7886,-1,-1,-1
213,36,124.90,103.00,337.90,724.80,0.9297,-1,-1,-1
213,39,1197.40,72.70,67.90,177.30,0.8350,-1,-1,-1
213,40,908.20,116.50,128.10,227.20,0.7793,-1,-1,-1
213,41,1109.70,88.50,63.20,212.20,0.7754,-1,-1,-1
213,27,1041.00,109.80,68.90,229.20,0.7808,-1,-1,-1
213,8,807.90,75.20,79.60,218.00,0.8003,-1,-1,-1
213,42,750.30,68.80,53.90,188.80,0.5620,-1,-1,-1
213,59,343.80,58.40,101.30,201.20,0.7441,-1,-1,-1
213,24,1062.80,61.00,30.80,95.80,0.5947,-1,-1,-1
213,4,790.80,60.10,46.40,195.10,0.3235,-1,-1,-1
213,67,1525.60,88.10,90.30,195.00,0.8711,-1,-1,-1
213,38,0.00,151.80,71.00,151.60,0.8286,-1,-1,-1
213,13,1152.60,64.60,40.90,185.80,0.6489,-1,-1,-1
213,69,969.70,62.00,60.00,197.50,0.6548,-1,-1,-1
213,71,1892.20,119.70,25.40,124.40,0.5059,-1,-1,-1
213,43,896.60,75.30,61.80,183.90,0.5908,-1,-1,-1
214,2,1282.30,64.50,57.90,174.90,0.8423,-1,-1,-1
214,7,484.10,215.00,165.00,596.10,0.8906,-1,-1,-1
214,36,73.60,105.90,343.60,719.00,0.9351,-1,-1,-1
214,39,1198.30,72.10,67.50,177.40,0.8594,-1,-1,-1
214,40,914.80,117.50,121.00,225.00,0.7695,-1,-1,-1
214,41,1111.30,91.70,62.40,209.90,0.7988,-1,-1,-1
214,27,1042.00,112.70,69.80,228.30,0.7456,-1,-1,-1
214,8,808.90,76.30,80.90,223.20,0.7378,-1,-1,-1
214,42,738.90,66.90,55.90,191.40,0.6577,-1,-1,-1
214,59,344.30,58.80,98.80,201.30,0.7769,-1,-1,-1
214,4,790.70,64.60,45.40,191.20,0.5195,-1,-1,-1
214,67,1498.30,74.60,89.70,195.90,0.8677,-1,-1,-1
214,38,5.30,151.00,58.20,115.30,0.5649,-1,-1,-1
214,13,1153.60,65.60,40.50,184.10,0.7656,-1,-1,-1
214,69,963.30,61.20,61.10,200.20,0.6704,-1,-1,-1
214,71,1892.90,118.20,25.90,126.90,0.5391,-1,-1,-1
214,43,894.90,76.00,61.20,183.70,0.6665,-1,-1,-1
214,82,615.80,51.20,51.60,207.10,0.8647,-1,-1,-1
214,61,0.60,209.70,111.60,262.20,0.8813,-1,-1,-1
214,60,95.00,149.60,50.30,137.40,0.8477,-1,-1,-1
215,2,1284.40,64.30,61.20,183.20,0.8262,-1,-1,-1
215,7,484.70,214.90,164.90,596.60,0.8975,-1,-1,-1
215,36,95.00,104.10,342.90,721.70,0.9370,-1,-1,-1
215,39,1198.90,73.10,66.70,176.30,0.8628,-1,-1,-1
215,40,921.50,117.60,115.80,224.50,0.7871,-1,-1,-1
215,41,1113.10,92.80,61.60,208.30,0.7378,-1,-1,-1
215,27,1048.20,112.20,73.30,232.20,0.8394,-1,-1,-1
215,8,806.00,76.40,82.00,226.10,0.8135,-1,-1,-1
215,42,749.10,68.80,56.30,190.40,0.6396,-1,-1,-1
215,59,347.10,58.70,95.70,200.10,0.6895,-1,-1,-1
215,4,791.60,63.90,45.20,190.60,0.2173,-1,-1,-1
215,38,0.00,150.80,69.90,140.90,0.8433,-1,-1,-1
215,13,1154.60,66.60,40.00,181.50,0.6982,-1,-1,-1
215,69,964.10,61.40,60.90,199.00,0.5566,-1,-1,-1
215,71,1896.60,118.90,23.30,114.40,0.4092,-1,-1,-1
215,43,895.60,76.80,60.40,182.90,0.6558,-1,-1,-1
215,60,91.80,148.50,57.00,146.10,0.8584,-1,-1,-1
215,12,1470.10,68.30,80.80,194.90,0.8682,-1,-1,-1
215,33,566.40,60.90,57.00,208.50,0.8315,-1,-1,-1
216,2,1293.70,65.00,61.30,184.90,0.8076,-1,-1,-1
216,7,487.90,216.00,164.10,594.60,0.8892,-1,-1,-1
216,36,143.40,102.90,332.60,722.70,0.8867,-1,-1,-1
216,39,1198.90,72.70,66.70,176.90,0.8574,-1,-1,-1
216,40,925.00,118.20,111.80,223.60,0.8306,-1,-1,-1
216,41,1114.50,91.60,61.80,209.70,0.7793,-1,-1,-1
216,27,1053.70,107.70,74.90,237.90,0.7178,-1,-1,-1
216,8,805.00,80.70,81.30,223.00,0.7422,-1,-1,-1
216,42,749.20,69.80,55.10,189.00,0.5156,-1,-1,-1
216,59,348.10,59.00,92.90,199.30,0.6567,-1,-1,-1
216,4,788.10,65.40,44.60,190.30,0.4302,-1,-1,-1
216,38,0.00,150.40,71.80,149.30,0.8701,-1,-1,-1
216,13,1155.80,66.30,40.10,181.40,0.7378,-1,-1,-1
216,71,1895.70,118.70,24.30,122.30,0.5391,-1,-1,-1
216,43,895.20,75.50,60.30,184.30,0.6343,-1,-1,-1
216,60,90.20,148.80,61.90,149.90,0.8677,-1,-1,-1
216,35,648.50,61.60,73.70,187.20,0.8184,-1,-1,-1
216,87,1022.50,59.70,78.70,205.40,0.6982,-1,-1,-1
216,64,706.30,52.80,64.80,197.40,0.7529,-1,-1,-1
216,12,1464.30,67.80,76.20,192.10,0.8516,-1,-1,-1
216,25,506.70,82.60,73.30,153.90,0.8350,-1,-1,-1
216,82,604.30,59.50,51.00,196.30,0.7808,-1,-1,-1
217,2,1306.30,66.70,63.10,184.80,0.8384,-1,-1,-1
217,7,488.20,215.20,164.00,595.10,0.8979,-1,-1,-1
217,36,170.00,104.00,320.70,720.50,0.8960,-1,-1,-1
217,39,1200.10,73.70,66.10,175.80,0.8467,-1,-1,-1
217,40,932.20,118.20,109.30,223.60,0.8350,-1,-1,-1
217,41,1114.80,87.80,62.30,212.10,0.7241,-1,-1,-1
217,27,1055.80,105.20,74.40,237.20,0.6929,-1,-1,-1
217,8,807.90,78.80,81.50,225.40,0.7949,-1,-1,-1
217,42,753.80,70.50,55.60,188.30,0.6724,-1,-1,-1
217,59,353.20,59.60,83.40,182.00,0.5938,-1,-1,-1
217,4,788.10,66.00,43.80,188.40,0.2310,-1,-1,-1
217,38,0.00,150.30,72.50,152.70,0.8516,-1,-1,-1
217,13,1152.40,70.90,39.30,177.10,0.7075,-1,-1,-1
217,71,1894.50,119.30,25.20,123.70,0.5215,-1,-1,-1
217,43,895.20,74.20,60.00,185.80,0.5430,-1,-1,-1
217,60,88.10,149.10,65.20,150.80,0.8726,-1,-1,-1
217,35,664.80,52.50,78.40,199.10,0.8442,-1,-1,-1
217,87,1021.20,62.30,76.80,200.80,0.6699,-1,-1,-1
217,25,516.40,60.00,78.30,167.20,0.8252,-1,-1,-1
217,82,617.20,55.40,52.80,196.80,0.8296,-1,-1,-1
217,15,863.00,62.80,43.70,191.00,0.4148,-1,-1,-1
217,67,1423.80,69.30,86.10,189.80,0.8574,-1,-1,-1
217,69,976.40,61.20,35.80,108.70,0.5527,-1,-1,-1
218,2,1327.50,65.00,64.50,186.90,0.7515,-1,-1,-1
218,7,489.10,215.50,163.80,594.60,0.8423,-1,-1,-1
218,36,195.20,106.90,311.40,707.20,0.8989,-1,-1,-1
218,39,1199.40,73.90,66.20,175.30,0.8564,-1,-1,-1
218,40,933.70,119.90,105.80,220.80,0.8340,-1,-1,-1
218,41,1114.10,87.90,62.10,212.00,0.7231,-1,-1,-1
218,27,1051.80,106.00,73.50,237.70,0.7349,-1,-1,-1
218,8,806.60,67.90,84.40,236.50,0.7871,-1,-1,-1
218,42,753.50,71.30,55.80,187.50,0.6299,-1,-1,-1
218,59,351.40,59.40,86.60,193.00,0.7080,-1,-1,-1
218,4,787.70,67.00,43.30,187.90,0.4717,-1,-1,-1
218,38,0.00,150.70,72.30,153.40,0.8555,-1,-1,-1
218,13,1158.10,112.00,31.40,136.40,0.1009,-1,-1,-1
218,71,1894.90,117.70,25.10,126.30,0.5254,-1,-1,-1
218,43,894.70,74.50,59.70,185.40,0.6426,-1,-1,-1
218,60,85.60,148.50,68.40,152.40,0.8892,-1,-1,-1
218,87,1019.80,67.30,73.50,193.30,0.5806,-1,-1,-1
218,82,634.10,50.40,54.90,202.90,0.8003,-1,-1,-1
218,21,467.20,82.00,66.40,206.40,0.7949,-1,-1,-1
218,15,868.70,72.10,40.60,181.00,0.2012,-1,-1,-1
218,67,1409.80,68.60,82.20,187.50,0.8330,-1,-1,-1
218,69,981.30,61.60,31.50,89.20,0.6636,-1,-1,-1
218,33,588.40,50.40,58.40,204.20,0.8286,-1,-1,-1
219,2,1347.90,69.70,63.60,183.20,0.7598,-1,-1,-1
219,7,485.90,216.60,165.10,593.50,0.8369,-1,-1,-1
219,36,183.70,105.10,300.90,708.50,0.8916,-1,-1,-1
219,39,1201.10,74.20,66.10,174.90,0.8779,-1,-1,-1
219,40,931.20,118.10,104.50,222.10,0.7886,-1,-1,-1
219,41,1114.90,89.70,61.90,211.20,0.7544,-1,-1,-1
219,27,1051.30,106.50,73.80,236.50,0.7832,-1,-1,-1
219,8,808.70,71.80,82.30,233.40,0.7871,-1,-1,-1
219,42,753.90,65.30,57.20,193.90,0.6494,-1,-1,-1
219,59,360.70,59.10,70.30,155.90,0.6187,-1,-1,-1
219,4,789.00,66.10,43.40,189.80,0.4648,-1,-1,-1
219,38,0.00,152.30,71.80,152.30,0.8516,-1,-1,-1
219,71,1894.00,116.90,25.90,127.70,0.5757,-1,-1,-1
219,43,895.10,74.30,59.40,185.40,0.5767,-1,-1,-1
219,60,84.10,149.20,70.50,151.80,0.8818,-1,-1,-1
219,87,1018.50,70.20,72.00,190.80,0.3943,-1,-1,-1
219,67,1395.90,69.70,78.40,185.20,0.7544,-1,-1,-1
219,22,397.00,111.40,79.30,221.10,0.8228,-1,-1,-1
219,33,601.20,40.80,62.20,215.50,0.8145,-1,-1,-1
219,35,689.80,79.10,64.60,164.90,0.3923,-1,-1,-1
219,25,540.10,51.50,84.10,187.30,0.7739,-1,-1,-1
220,7,485.30,218.30,166.30,591.80,0.8506,-1,-1,-1
220,36,186.70,105.40,292.20,708.10,0.8921,-1,-1,-1
220,39,1206.60,74.20,66.30,175.10,0.8564,-1,-1,-1
220,40,937.00,116.70,104.30,225.60,0.8423,-1,-1,-1
220,41,1113.80,93.00,60.50,207.10,0.6943,-1,-1,-1
220,27,1051.10,106.40,74.80,237.00,0.7910,-1,-1,-1
220,8,808.20,72.70,81.10,231.80,0.7583,-1,-1,-1
220,42,757.70,69.30,55.10,188.70,0.3794,-1,-1,-1
220,59,357.20,59.30,81.90,186.60,0.7202,-1,-1,-1
220,4,791.30,66.10,42.80,188.70,0.4055,-1,-1,-1
220,38,0.00,153.00,71.30,151.30,0.8369,-1,-1,-1
220,71,1893.70,117.60,25.90,127.30,0.5215,-1,-1,-1
220,43,889.60,73.00,60.70,186.60,0.5820,-1,-1,-1
220,60,83.30,148.80,72.70,152.20,0.8682,-1,-1,-1
220,87,1016.90,74.10,69.80,185.70,0.4351,-1,-1,-1
220,67,1378.00,69.30,76.20,184.10,0.6885,-1,-1,-1
220,9,969.30,62.10,56.40,87.20,0.5688,-1,-1,-1
220,35,676.40,82.10,63.50,161.90,0.5850,-1,-1,-1
220,25,555.90,41.90,90.70,210.20,0.8125,-1,-1,-1
220,64,718.20,52.70,66.40,202.90,0.6426,-1,-1,-1
220,82,639.20,78.50,45.80,165.90,0.5107,-1,-1,-1
221,7,487.30,217.60,167.60,591.90,0.8525,-1,-1,-1
221,36,191.00,106.50,282.50,706.50,0.8853,-1,-1,-1
221,39,1211.40,74.90,65.70,174.90,0.7939,-1,-1,-1
221,40,929.10,115.10,104.60,227.50,0.8657,-1,-1,-1
221,41,1114.40,95.00,60.00,204.60,0.7124,-1,-1,-1
221,27,1049.40,108.50,74.40,234.20,0.7456,-1,-1,-1
221,8,808.80,80.00,80.10,223.40,0.7393,-1,-1,-1
221,42,756.30,69.60,54.80,188.90,0.5630,-1,-1,-1
221,59,356.40,59.50,83.60,194.40,0.6802,-1,-1,-1
221,4,792.60,66.30,42.60,188.50,0.4158,-1,-1,-1
221,38,0.00,153.40,71.90,150.80,0.7710,-1,-1,-1
221,71,1894.70,119.00,25.30,126.60,0.5137,-1,-1,-1
221,43,890.20,73.50,60.80,186.40,0.5718,-1,-1,-1
221,60,82.00,149.70,74.20,151.60,0.8647,-1,-1,-1
221,87,1016.20,77.20,68.50,183.60,0.2917,-1,-1,-1
221,9,968.20,62.20,57.40,88.70,0.4688,-1,-1,-1
221,35,675.70,61.30,74.00,190.20,0.8027,-1,-1,-1
221,25,550.00,48.90,88.20,211.60,0.7227,-1,-1,-1
221,82,630.80,79.80,49.00,166.00,0.5547,-1,-1,-1
221,21,476.60,44.00,70.20,216.30,0.8003,-1,-1,-1
221,2,1369.30,71.60,62.20,181.80,0.6699,-1,-1,-1
222,7,487.80,217.70,168.00,592.10,0.8203,-1,-1,-1
222,36,190.90,108.90,272.90,704.90,0.8843,-1,-1,-1
222,39,1216.50,74.50,65.80,175.80,0.8369,-1,-1,-1
222,40,927.20,114.90,104.40,227.80,0.8452,-1,-1,-1
222,41,1113.90,95.00,60.30,204.90,0.7202,-1,-1,-1
222,27,1046.70,104.60,76.10,240.10,0.7031,-1,-1,-1
222,8,812.40,82.30,79.00,221.20,0.7163,-1,-1,-1
222,42,754.90,71.40,54.50,188.00,0.5776,-1,-1,-1
222,59,356.90,59.70,83.20,197.00,0.6665,-1,-1,-1
222,4,793.10,66.80,42.50,188.30,0.4619,-1,-1,-1
222,38,0.00,153.80,63.20,134.80,0.6836,-1,-1,-1
222,71,1893.80,117.00,26.10,128.70,0.4863,-1,-1,-1
222,43,895.20,79.70,59.20,180.20,0.5786,-1,-1,-1
222,60,88.20,150.40,70.50,142.10,0.7271,-1,-1,-1
222,87,1018.50,74.40,68.40,185.80,0.3381,-1,-1,-1
222,9,967.00,62.60,58.30,90.20,0.5908,-1,-1,-1
222,35,655.90,55.20,78.90,203.00,0.8286,-1,-1,-1
222,25,571.30,65.10,76.50,188.80,0.7217,-1,-1,-1
222,10,163.10,183.40,85.10,255.20,0.7612,-1,-1,-1
222,21,459.50,44.70,74.60,229.10,0.7964,-1,-1,-1
222,61,35.60,174.60,137.10,319.30,0.9048,-1,-1,-1
222,12,1419.60,66.20,73.70,186.30,0.8403,-1,-1,-1
222,67,1325.70,67.60,77.30,184.00,0.7808,-1,-1,-1
223,7,488.30,216.30,168.50,594.20,0.8394,-1,-1,-1
223,36,190.50,110.80,264.40,700.80,0.9092,-1,-1,-1
223,39,1220.30,74.40,65.80,175.90,0.8657,-1,-1,-1
223,40,925.70,116.00,103.80,227.30,0.8013,-1,-1,-1
223,41,1114.60,94.00,60.60,206.20,0.7407,-1,-1,-1
223,27,1046.30,102.50,77.40,243.90,0.6440,-1,-1,-1
223,8,813.70,84.40,77.60,219.40,0.7612,-1,-1,-1
223,42,752.50,70.40,54.70,189.00,0.5508,-1,-1,-1
223,59,357.20,60.20,82.00,198.90,0.5806,-1,-1,-1
223,4,791.20,67.20,42.70,188.50,0.4167,-1,-1,-1
223,38,0.00,154.70,68.60,142.90,0.6968,-1,-1,-1
223,71,1894.60,116.50,25.40,128.70,0.4561,-1,-1,-1
223,43,893.00,76.50,60.70,183.60,0.6333,-1,-1,-1
223,60,85.10,150.40,70.30,137.00,0.5728,-1,-1,-1
223,87,1020.70,70.00,69.00,189.60,0.3943,-1,-1,-1
223,9,967.10,62.80,59.80,92.50,0.4446,-1,-1,-1
223,25,562.20,70.80,67.00,168.90,0.7793,-1,-1,-1
223,21,476.10,60.70,72.60,221.20,0.6738,-1,-1,-1
223,61,70.40,188.40,122.40,282.00,0.8916,-1,-1,-1
223,12,1426.10,64.80,72.80,188.30,0.8618,-1,-1,-1
223,67,1307.00,69.60,74.60,181.80,0.8159,-1,-1,-1
223,22,414.40,62.00,83.70,234.40,0.8125,-1,-1,-1
223,33,623.40,50.00,62.70,209.90,0.8184,-1,-1,-1
224,7,496.20,217.20,170.90,592.00,0.8975,-1,-1,-1
224,36,197.00,107.10,259.10,705.20,0.9028,-1,-1,-1
224,39,1225.30,73.20,66.50,178.10,0.8760,-1,-1,-1
224,40,923.00,114.60,103.80,229.40,0.8359,-1,-1,-1
224,41,1113.90,92.40,61.60,208.20,0.7422,-1,-1,-1
224,27,1047.80,100.20,77.40,245.60,0.6826,-1,-1,-1
224,8,808.60,80.40,79.40,223.50,0.7227,-1,-1,-1
224,42,757.90,70.70,54.00,187.80,0.5898,-1,-1,-1
224,59,366.50,71.50,92.70,229.30,0.5708,-1,-1,-1
224,4,792.00,66.70,42.70,190.30,0.1598,-1,-1,-1
224,38,6.00,154.10,57.20,113.20,0.6929,-1,-1,-1
224,71,1895.10,117.50,24.90,127.30,0.5195,-1,-1,-1
224,43,894.20,75.70,61.20,184.50,0.5039,-1,-1,-1
224,60,80.80,150.80,76.30,145.80,0.8535,-1,-1,-1
224,87,1023.10,61.10,72.00,198.70,0.3757,-1,-1,-1
224,9,962.70,62.60,71.50,112.20,0.3293,-1,-1,-1
224,25,543.60,71.70,61.90,154.50,0.8052,-1,-1,-1
224,12,1430.40,64.60,71.90,188.40,0.8423,-1,-1,-1
224,67,1296.70,70.10,73.00,181.50,0.8564,-1,-1,-1
224,22,435.90,89.20,85.60,239.50,0.7886,-1,-1,-1
224,33,610.60,66.80,67.30,215.80,0.8330,-1,-1,-1
224,64,722.30,65.60,57.30,177.60,0.6733,-1,-1,-1
225,7,501.10,217.00,174.90,591.20,0.9224,-1,-1,-1
225,36,200.30,104.20,254.40,707.40,0.9043,-1,-1,-1
225,39,1230.40,73.90,66.00,176.20,0.8330,-1,-1,-1
225,40,925.80,115.10,104.10,230.60,0.8516,-1,-1,-1
225,41,1113.90,93.60,61.50,206.20,0.7393,-1,-1,-1
225,27,1051.00,101.30,76.10,241.50,0.8052,-1,-1,-1
225,8,807.90,83.80,78.50,220.10,0.7544,-1,-1,-1
225,42,755.10,69.90,54.20,188.60,0.5688,-1,-1,-1
225,59,378.90,98.60,99.20,249.70,0.7886,-1,-1,-1
225,4,791.10,66.50,42.10,189.50,0.5059,-1,-1,-1
225,38,1.90,153.90,68.60,135.70,0.7988,-1,-1,-1
225,71,1894.20,118.20,25.50,126.40,0.4922,-1,-1,-1
225,43,894.50,79.10,59.80,180.80,0.4932,-1,-1,-1
225,60,79.20,151.70,78.90,148.40,0.8770,-1,-1,-1
225,87,1026.10,58.90,74.00,202.80,0.6001,-1,-1,-1
225,9,966.70,62.90,62.50,97.80,0.6235,-1,-1,-1
225,25,530.80,74.10,60.80,152.60,0.7529,-1,-1,-1
225,12,1432.30,64.20,71.30,188.90,0.8423,-1,-1,-1
225,67,1284.60,70.20,73.60,181.70,0.8735,-1,-1,-1
225,22,452.50,78.50,72.50,201.90,0.7769,-1,-1,-1
225,33,587.30,85.40,67.80,209.30,0.8442,-1,-1,-1
225,35,683.10,61.80,71.40,185.60,0.7778,-1,-1,-1
226,7,494.60,213.50,179.50,598.80,0.9077,-1,-1,-1
226,36,193.60,104.10,250.20,709.30,0.9126,-1,-1,-1
226,39,1229.00,72.80,65.40,176.00,0.8315,-1,-1,-1
226,40,924.30,114.90,103.40,230.40,0.8721,-1,-1,-1
226,41,1115.60,94.90,60.90,204.90,0.7832,-1,-1,-1
226,27,1053.30,100.90,76.20,243.30,0.7515,-1,-1,-1
226,8,810.40,84.70,77.70,219.20,0.7871,-1,-1,-1
226,42,754.10,70.40,54.30,188.40,0.7822,-1,-1,-1
226,59,365.70,127.10,101.90,262.60,0.8101,-1,-1,-1
226,4,790.60,65.90,42.20,189.90,0.6235,-1,-1,-1
226,38,0.50,153.50,71.90,142.60,0.8125,-1,-1,-1
226,71,1894.80,116.80,25.20,127.90,0.5293,-1,-1,-1
226,43,894.10,78.40,60.20,182.10,0.6450,-1,-1,-1
226,60,78.70,152.50,80.40,149.00,0.8721,-1,-1,-1
226,87,1027.20,52.30,76.80,209.30,0.6309,-1,-1,-1
226,9,963.90,62.60,71.80,114.20,0.4524,-1,-1,-1
226,25,522.60,83.40,51.60,124.70,0.7002,-1,-1,-1
226,12,1432.90,64.70,70.40,188.40,0.8486,-1,-1,-1
226,67,1268.30,70.30,74.00,182.80,0.8315,-1,-1,-1
226,22,444.90,78.70,70.50,194.60,0.7808,-1,-1,-1
226,3,378.30,61.00,48.30,123.60,0.6636,-1,-1,-1
226,35,668.20,61.80,70.30,185.70,0.8125,-1,-1,-1
227,7,482.80,212.70,178.60,602.20,0.8413,-1,-1,-1
227,36,163.30,103.60,256.40,734.70,0.9097,-1,-1,-1
227,39,1226.10,72.40,64.70,175.70,0.8135,-1,-1,-1
227,40,925.00,115.10,102.60,229.60,0.8496,-1,-1,-1
227,41,1116.60,94.30,61.00,205.80,0.7334,-1,-1,-1
227,27,1051.30,98.30,77.00,244.90,0.7886,-1,-1,-1
227,8,811.60,81.90,78.00,221.70,0.7988,-1,-1,-1
227,42,754.00,70.00,54.40,188.80,0.6958,-1,-1,-1
227,59,352.80,148.40,101.60,264.60,0.7964,-1,-1,-1
227,4,789.60,66.20,41.90,188.80,0.5420,-1,-1,-1
227,38,0.00,153.50,72.20,145.30,0.7739,-1,-1,-1
227,71,1893.80,115.90,26.20,130.40,0.4387,-1,-1,-1
227,43,892.80,76.00,60.70,184.40,0.6504,-1,-1,-1
227,60,78.90,152.30,82.00,149.50,0.8608,-1,-1,-1
227,87,1023.80,49.90,77.60,212.10,0.3950,-1,-1,-1
227,9,964.70,62.60,65.60,104.40,0.5786,-1,-1,-1
227,25,514.10,102.60,45.70,104.90,0.7583,-1,-1,-1
227,12,1434.00,64.70,69.50,188.30,0.8677,-1,-1,-1
227,67,1261.00,70.30,73.10,182.90,0.7612,-1,-1,-1
227,22,435.70,87.90,70.50,193.60,0.8286,-1,-1,-1
227,82,637.20,59.30,58.40,191.50,0.7114,-1,-1,-1
227,21,473.70,148.70,77.20,233.10,0.7769,-1,-1,-1
227,64,708.70,73.30,58.40,180.20,0.6934,-1,-1,-1
228,7,485.10,213.30,176.30,602.50,0.8813,-1,-1,-1
228,36,93.50,98.00,271.40,759.40,0.9365,-1,-1,-1
228,39,1225.00,73.10,64.30,174.50,0.8184,-1,-1,-1
228,40,928.00,114.60,102.80,229.90,0.8677,-1,-1,-1
228,41,1117.30,94.60,60.40,205.10,0.7500,-1,-1,-1
228,27,1050.80,104.00,74.70,237.80,0.7725,-1,-1,-1
228,8,811.50,84.10,76.10,219.40,0.7271,-1,-1,-1
228,42,753.30,69.80,54.10,188.50,0.5815,-1,-1,-1
228,4,790.10,66.40,42.00,189.30,0.4775,-1,-1,-1
228,38,1.30,154.00,67.10,132.20,0.5669,-1,-1,-1
228,71,1892.50,116.90,26.30,128.60,0.4177,-1,-1,-1
228,87,1024.80,49.60,79.00,213.00,0.4263,-1,-1,-1
228,9,967.20,62.10,60.70,96.30,0.6167,-1,-1,-1
228,12,1434.20,64.60,68.80,188.30,0.8413,-1,-1,-1
228,67,1261.20,69.60,73.30,183.70,0.7871,-1,-1,-1
228,21,436.20,173.80,86.40,256.20,0.8467,-1,-1,-1
228,64,715.00,78.70,54.60,171.90,0.5430,-1,-1,-1
228,37,888.10,73.80,61.30,186.10,0.5981,-1,-1,-1
228,33,589.60,59.70,64.50,199.80,0.8159,-1,-1,-1
228,3,359.40,60.40,75.40,194.30,0.6714,-1,-1,-1
228,35,671.30,68.20,69.20,184.90,0.6841,-1,-1,-1
229,7,490.20,215.60,176.90,604.00,0.9175,-1,-1,-1
229,36,23.70,112.40,288.40,812.10,0.9419,-1,-1,-1
229,39,1224.70,73.30,63.80,174.40,0.8013,-1,-1,-1
229,40,927.80,117.40,101.50,227.00,0.8433,-1,-1,-1
229,41,1114.90,95.70,59.40,203.30,0.6768,-1,-1,-1
229,27,1047.70,112.00,74.60,235.20,0.6885,-1,-1,-1
229,8,814.80,80.10,77.70,224.00,0.7363,-1,-1,-1
229,42,753.80,70.50,53.40,187.80,0.6841,-1,-1,-1
229,4,790.40,66.40,41.80,189.10,0.5537,-1,-1,-1
229,71,1893.00,116.70,26.30,128.40,0.4524,-1,-1,-1
229,87,1026.90,52.00,78.10,210.30,0.4121,-1,-1,-1
229,9,966.30,62.20,58.30,91.60,0.5391,-1,-1,-1
229,12,1434.40,64.70,68.30,188.20,0.8442,-1,-1,-1
229,67,1260.90,70.20,72.40,183.50,0.7861,-1,-1,-1
229,21,449.10,159.00,75.60,221.60,0.7319,-1,-1,-1
229,37,889.00,74.10,61.60,186.20,0.6011,-1,-1,-1
229,33,570.20,53.40,61.60,186.40,0.8169,-1,-1,-1
229,3,361.30,60.20,71.90,184.80,0.6748,-1,-1,-1
229,35,683.90,72.90,65.10,178.10,0.6074,-1,-1,-1
229,59,342.20,176.10,109.70,280.30,0.8682,-1,-1,-1
229,82,648.80,62.90,60.20,194.50,0.8486,-1,-1,-1
230,7,493.00,216.90,181.40,604.60,0.9229,-1,-1,-1
230,36,0.00,89.70,289.10,910.10,0.9365,-1,-1,-1
230,39,1224.60,73.40,63.40,174.30,0.8037,-1,-1,-1
230,40,926.60,116.80,101.30,227.90,0.8682,-1,-1,-1
230,41,1115.90,96.10,59.30,203.60,0.7153,-1,-1,-1
230,27,1045.70,115.90,74.20,232.30,0.7104,-1,-1,-1
230,8,814.20,72.00,79.00,230.70,0.7793,-1,-1,-1
230,42,752.40,69.30,53.40,189.30,0.5649,-1,-1,-1
230,4,790.60,66.60,41.60,189.30,0.5908,-1,-1,-1
230,71,1893.20,117.40,26.30,128.10,0.4873,-1,-1,-1
230,87,1028.00,55.90,77.10,207.30,0.4688,-1,-1,-1
230,9,965.30,61.60,58.80,92.70,0.3887,-1,-1,-1
230,12,1435.20,64.80,67.80,188.10,0.8525,-1,-1,-1
230,67,1260.80,70.50,71.40,183.50,0.8110,-1,-1,-1
230,21,440.20,163.60,72.30,210.30,0.8062,-1,-1,-1
230,37,889.40,74.20,60.70,186.20,0.6235,-1,-1,-1
230,33,537.10,49.00,68.40,203.90,0.8667,-1,-1,-1
230,3,369.20,60.60,58.00,145.50,0.5146,-1,-1,-1
230,15,242.70,174.10,90.20,303.50,0.8677,-1,-1,-1
230,59,352.00,159.70,91.20,233.60,0.7065,-1,-1,-1
230,82,637.80,64.20,63.40,196.90,0.7900,-1,-1,-1
230,10,192.00,170.40,78.30,232.60,0.6494,-1,-1,-1
230,60,93.00,150.20,57.00,99.10,0.6060,-1,-1,-1
230,64,719.30,64.70,53.30,173.20,0.4377,-1,-1,-1
231,7,494.50,217.00,186.00,605.70,0.9233,-1,-1,-1
231,36,0.00,169.50,235.50,874.90,0.9014,-1,-1,-1
231,39,1226.40,73.20,63.50,174.60,0.8203,-1,-1,-1
231,40,932.00,116.50,97.50,226.90,0.7334,-1,-1,-1
231,41,1112.70,89.50,60.40,210.00,0.6436,-1,-1,-1
231,27,1044.60,117.00,74.70,231.70,0.7090,-1,-1,-1
231,8,815.30,77.70,76.80,225.00,0.7471,-1,-1,-1
231,42,748.10,69.30,53.30,188.70,0.6655,-1,-1,-1
231,4,790.30,65.70,42.20,191.10,0.5029,-1,-1,-1
231,71,1894.50,117.80,25.50,126.80,0.4746,-1,-1,-1
231,87,1031.10,57.90,75.30,203.30,0.2114,-1,-1,-1
231,9,962.80,60.00,68.40,108.20,0.1733,-1,-1,-1
231,12,1435.50,64.00,67.70,189.10,0.8403,-1,-1,-1
231,67,1262.60,70.50,70.40,182.90,0.7847,-1,-1,-1
231,21,415.00,175.40,73.50,214.20,0.8413,-1,-1,-1
231,37,891.60,75.70,60.60,184.60,0.6235,-1,-1,-1
231,33,514.70,57.70,72.70,215.10,0.8735,-1,-1,-1
231,3,367.60,60.70,62.80,156.80,0.5342,-1,-1,-1
231,59,336.80,163.90,84.00,216.40,0.7910,-1,-1,-1
231,82,624.60,73.10,64.50,194.50,0.7808,-1,-1,-1
231,61,111.80,171.40,143.50,319.60,0.8794,-1,-1,-1
231,38,4.70,154.10,55.80,107.20,0.6299,-1,-1,-1
231,35,691.20,62.00,64.70,177.50,0.6592,-1,-1,-1
232,7,472.10,219.40,196.90,625.90,0.9233,-1,-1,-1
232,39,1227.80,72.90,63.90,175.30,0.8340,-1,-1,-1
232,40,931.10,117.00,93.90,225.60,0.7695,-1,-1,-1
232,41,1112.10,91.60,59.60,208.30,0.6982,-1,-1,-1
232,27,1045.70,117.00,74.90,230.00,0.7334,-1,-1,-1
232,8,818.00,78.80,76.30,223.30,0.7031,-1,-1,-1
232,42,747.20,70.30,53.60,187.70,0.7319,-1,-1,-1
232,4,786.80,63.00,43.40,193.50,0.5479,-1,-1,-1
232,71,1894.90,117.60,25.10,127.70,0.5000,-1,-1,-1
232,87,1045.50,59.00,52.10,129.90,0.5059,-1,-1,-1
232,9,944.50,58.90,101.90,167.20,0.7407,-1,-1,-1
232,12,1435.40,64.50,67.20,188.70,0.8506,-1,-1,-1
232,67,1264.50,69.90,70.50,183.70,0.8218,-1,-1,-1
232,37,893.00,74.40,60.90,186.00,0.5439,-1,-1,-1
232,33,489.50,72.60,74.70,218.90,0.8701,-1,-1,-1
232,3,365.60,60.70,67.90,169.40,0.6714,-1,-1,-1
232,59,351.30,186.10,87.20,230.20,0.8516,-1,-1,-1
232,82,612.70,89.80,66.70,195.30,0.7188,-1,-1,-1
232,13,1154.30,69.80,46.40,179.00,0.6450,-1,-1,-1
232,35,670.80,59.80,65.20,181.40,0.7212,-1,-1,-1
232,10,3.60,180.50,115.50,337.50,0.8726,-1,-1,-1
232,60,79.50,151.80,81.60,141.00,0.8330,-1,-1,-1
233,7,408.00,219.80,210.90,656.50,0.9248,-1,-1,-1
233,39,1228.80,73.20,64.10,174.90,0.8413,-1,-1,-1
233,40,927.80,118.50,90.50,222.80,0.8003,-1,-1,-1
233,41,1112.00,93.60,59.10,207.10,0.6167,-1,-1,-1
233,27,1049.30,116.10,75.60,231.50,0.7129,-1,-1,-1
233,8,813.60,81.50,76.00,221.40,0.7974,-1,-1,-1
233,42,741.50,64.60,54.60,193.20,0.6802,-1,-1,-1
233,4,786.70,64.60,43.40,192.30,0.5137,-1,-1,-1
233,71,1894.90,116.00,25.10,130.00,0.4302,-1,-1,-1
233,87,1052.90,59.80,44.00,101.80,0.1913,-1,-1,-1
233,9,939.50,59.20,110.80,188.90,0.6479,-1,-1,-1
233,12,1435.90,64.70,66.90,188.50,0.8535,-1,-1,-1
233,67,1265.80,69.40,70.20,184.20,0.8252,-1,-1,-1
233,37,891.00,73.60,61.50,186.10,0.5449,-1,-1,-1
233,33,477.80,91.60,66.00,185.90,0.7847,-1,-1,-1
233,3,361.00,60.50,75.90,191.30,0.7271,-1,-1,-1
233,59,326.30,204.70,86.20,229.00,0.7529,-1,-1,-1
233,82,593.90,105.40,70.60,206.40,0.8013,-1,-1,-1
233,13,1152.10,70.60,46.30,178.60,0.5815,-1,-1,-1
233,60,75.70,150.80,87.30,149.60,0.8667,-1,-1,-1
233,15,264.40,200.90,64.90,216.30,0.7900,-1,-1,-1
233,38,0.00,153.60,70.00,141.80,0.8306,-1,-1,-1
234,7,333.00,228.70,231.10,720.20,0.9229,-1,-1,-1
234,39,1226.80,73.00,63.80,175.10,0.8228,-1,-1,-1
234,40,932.30,117.00,90.70,224.70,0.8403,-1,-1,-1
234,41,1111.60,95.00,57.70,204.60,0.6436,-1,-1,-1
234,27,1050.90,118.50,75.30,230.80,0.6523,-1,-1,-1
234,8,811.70,79.80,75.40,221.50,0.7583,-1,-1,-1
234,42,744.30,66.00,54.90,191.90,0.6377,-1,-1,-1
234,4,787.20,65.50,43.20,190.40,0.4990,-1,-1,-1
234,71,1893.50,110.70,26.50,134.90,0.4407,-1,-1,-1
234,87,1053.80,58.80,43.70,95.50,0.4226,-1,-1,-1
234,12,1436.40,65.40,66.30,187.60,0.8545,-1,-1,-1
234,67,1267.00,70.80,69.40,183.00,0.7656,-1,-1,-1
234,37,896.10,73.60,61.50,186.80,0.5815,-1,-1,-1
234,3,361.20,60.40,74.30,188.00,0.7568,-1,-1,-1
234,82,576.20,126.30,73.70,214.00,0.8433,-1,-1,-1
234,13,1139.80,57.40,54.40,211.50,0.1005,-1,-1,-1
234,60,74.10,150.70,89.40,152.30,0.8677,-1,-1,-1
234,24,1023.80,59.60,84.20,201.90,0.3630,-1,-1,-1
234,15,265.80,205.20,75.80,248.50,0.7822,-1,-1,-1
234,38,0.00,153.30,71.50,148.20,0.8433,-1,-1,-1
234,22,440.00,113.50,83.60,230.00,0.8779,-1,-1,-1
234,10,199.50,211.50,78.40,227.10,0.8101,-1,-1,-1
234,64,707.60,53.70,58.70,193.00,0.7271,-1,-1,-1
235,7,263.00,222.60,251.50,782.90,0.9272,-1,-1,-1
235,39,1229.10,73.00,62.50,175.40,0.7378,-1,-1,-1
235,40,941.10,115.30,91.40,225.70,0.8203,-1,-1,-1
235,41,1110.90,77.20,62.20,223.50,0.6592,-1,-1,-1
235,27,1045.80,118.40,76.60,230.20,0.5938,-1,-1,-1
235,8,804.50,78.60,76.20,222.50,0.7515,-1,-1,-1
235,42,747.20,69.80,53.30,188.20,0.5669,-1,-1,-1
235,4,788.20,66.20,42.60,189.50,0.3364,-1,-1,-1
235,71,1894.60,114.80,25.40,130.80,0.4961,-1,-1,-1
235,12,1436.60,65.00,66.10,188.10,0.8413,-1,-1,-1
235,67,1266.30,72.20,68.00,181.60,0.7822,-1,-1,-1
235,37,898.10,75.40,61.00,184.70,0.6133,-1,-1,-1
235,3,360.30,60.80,76.50,195.50,0.6582,-1,-1,-1
235,82,553.30,146.20,76.60,223.00,0.8638,-1,-1,-1
235,60,72.70,150.70,90.10,153.00,0.8359,-1,-1,-1
235,24,1024.10,57.70,84.50,202.70,0.3091,-1,-1,-1
235,38,0.00,152.70,71.70,150.70,0.8218,-1,-1,-1
235,109,976.70,61.20,48.80,98.00,0.5908,-1,-1,-1
235,15,868.00,80.80,39.60,172.00,0.1246,-1,-1,-1
235,22,428.70,125.40,84.90,235.40,0.8496,-1,-1,-1
235,61,154.70,203.10,120.90,275.70,0.8423,-1,-1,-1
235,35,675.90,50.90,69.90,199.10,0.8110,-1,-1,-1
236,7,152.90,222.00,273.90,829.40,0.9336,-1,-1,-1
236,39,1231.90,72.90,61.10,175.20,0.4697,-1,-1,-1
236,40,945.80,115.00,90.90,226.10,0.8159,-1,-1,-1
236,41,1111.70,79.10,61.70,221.20,0.6655,-1,-1,-1
236,27,1048.40,119.40,76.00,228.80,0.7485,-1,-1,-1
236,8,801.20,77.20,76.70,224.60,0.6416,-1,-1,-1
236,42,755.00,70.40,54.50,187.80,0.6460,-1,-1,-1
236,4,790.20,66.50,41.10,186.50,0.1041,-1,-1,-1
236,71,1894.00,116.50,25.80,128.70,0.4814,-1,-1,-1
236,12,1436.20,64.90,66.00,188.20,0.8843,-1,-1,-1
236,67,1267.10,72.80,67.10,180.70,0.7515,-1,-1,-1
236,37,556.40,49.00,77.00,193.80,0.8125,-1,-1,-1
236,3,364.40,61.00,71.00,179.80,0.3674,-1,-1,-1
236,82,529.10,166.60,81.10,233.00,0.8315,-1,-1,-1
236,60,82.60,150.70,71.20,111.50,0.7378,-1,-1,-1
236,24,1026.10,58.00,84.40,202.80,0.5020,-1,-1,-1
236,38,0.00,152.30,71.00,151.50,0.8286,-1,-1,-1
236,109,983.10,61.40,47.10,94.30,0.2991,-1,-1,-1
236,15,870.10,75.30,40.50,177.80,0.3311,-1,-1,-1
236,23,1199.00,104.20,48.80,207.70,0.6909,-1,-1,-1
236,35,657.70,48.00,71.20,206.10,0.8608,-1,-1,-1
236,21,387.40,157.60,87.70,256.40,0.8691,-1,-1,-1
237,7,55.20,238.20,277.30,830.80,0.9458,-1,-1,-1
237,40,944.80,113.90,90.20,226.70,0.8101,-1,-1,-1
237,41,1114.30,89.10,59.00,210.70,0.7656,-1,-1,-1
237,27,1044.30,114.50,77.90,234.10,0.6489,-1,-1,-1
237,8,803.40,78.40,76.00,222.90,0.7153,-1,-1,-1
237,42,758.70,70.60,55.30,188.20,0.6216,-1,-1,-1
237,4,790.80,66.80,39.90,185.70,0.1260,-1,-1,-1
237,71,1892.80,118.80,25.60,125.40,0.4893,-1,-1,-1
237,12,1435.50,64.90,66.10,188.20,0.8594,-1,-1,-1
237,67,1269.60,71.80,66.80,181.40,0.8125,-1,-1,-1
237,37,536.50,44.90,82.00,207.00,0.8228,-1,-1,-1
237,3,363.10,60.80,72.20,184.00,0.6235,-1,-1,-1
237,82,503.50,184.10,83.50,240.10,0.8125,-1,-1,-1
237,60,74.70,151.40,86.80,135.90,0.8477,-1,-1,-1
237,24,1026.60,58.30,84.50,202.90,0.4377,-1,-1,-1
237,38,2.80,152.70,62.20,121.40,0.5815,-1,-1,-1
237,109,980.80,60.60,53.70,107.20,0.5786,-1,-1,-1
237,15,874.50,74.30,40.60,179.40,0.3804,-1,-1,-1
237,23,1211.40,119.30,50.20,211.70,0.6416,-1,-1,-1
237,35,635.90,44.00,73.20,212.90,0.8169,-1,-1,-1
237,2,1158.40,68.30,38.80,177.50,0.5610,-1,-1,-1
237,21,361.90,174.40,90.80,259.90,0.8936,-1,-1,-1
237,64,715.80,77.50,49.60,163.50,0.6523,-1,-1,-1
237,22,439.90,150.30,79.00,226.30,0.6958,-1,-1,-1
238,7,0.00,235.20,259.70,843.90,0.9253,-1,-1,-1
238,40,946.50,115.10,89.70,226.20,0.8237,-1,-1,-1
238,41,1113.30,92.10,58.00,207.40,0.6772,-1,-1,-1
238,27,1041.80,117.00,77.50,228.90,0.6504,-1,-1,-1
238,8,802.50,81.40,75.30,219.80,0.7710,-1,-1,-1
238,42,759.30,70.20,56.30,188.60,0.7456,-1,-1,-1
238,71,1892.00,117.90,26.30,127.20,0.4727,-1,-1,-1
238,12,1435.50,65.10,65.70,188.00,0.8682,-1,-1,-1
238,67,1272.60,71.50,65.90,181.70,0.7964,-1,-1,-1
238,37,512.00,40.00,85.70,217.60,0.8403,-1,-1,-1
238,3,361.20,60.90,75.60,195.10,0.7202,-1,-1,-1
238,60,71.60,151.60,93.10,146.20,0.8677,-1,-1,-1
238,24,1025.40,58.10,83.90,202.10,0.2289,-1,-1,-1
238,38,0.00,152.20,70.20,141.90,0.8369,-1,-1,-1
238,109,980.80,61.20,53.20,105.80,0.5708,-1,-1,-1
238,15,294.20,189.10,81.70,264.40,0.8813,-1,-1,-1
238,23,1217.50,135.10,51.50,215.20,0.6665,-1,-1,-1
238,35,616.80,39.90,75.20,220.00,0.8608,-1,-1,-1
238,2,1164.10,68.30,39.70,180.80,0.4844,-1,-1,-1
238,64,694.50,79.70,50.00,163.20,0.7754,-1,-1,-1
238,22,446.60,184.70,84.70,238.90,0.8677,-1,-1,-1
239,40,947.00,115.50,89.70,226.60,0.8564,-1,-1,-1
239,41,1114.90,94.60,57.70,204.00,0.7393,-1,-1,-1
239,27,1038.80,117.20,78.60,225.10,0.8369,-1,-1,-1
239,8,799.60,77.70,76.30,223.40,0.7808,-1,-1,-1
239,42,755.90,70.70,56.80,187.80,0.1772,-1,-1,-1
239,71,1892.70,117.20,26.50,127.90,0.5098,-1,-1,-1
239,12,1432.60,65.00,65.40,188.10,0.8506,-1,-1,-1
239,67,1274.10,71.00,65.20,182.10,0.7319,-1,-1,-1
239,37,484.30,37.20,87.60,223.30,0.8574,-1,-1,-1
239,3,366.10,60.60,67.00,170.30,0.6592,-1,-1,-1
239,60,71.10,152.30,95.30,150.00,0.8618,-1,-1,-1
239,24,1032.20,58.00,71.30,169.60,0.1312,-1,-1,-1
239,38,0.00,152.30,71.40,148.00,0.8442,-1,-1,-1
239,109,979.40,60.00,52.10,102.50,0.4834,-1,-1,-1
239,15,874.40,70.00,41.10,183.00,0.3337,-1,-1,-1
239,23,1228.60,153.00,53.00,218.10,0.7422,-1,-1,-1
239,35,596.00,38.00,76.40,224.60,0.8169,-1,-1,-1
239,2,1175.70,85.40,40.30,179.90,0.5391,-1,-1,-1
239,61,206.30,186.80,122.40,275.90,0.8818,-1,-1,-1
239,39,1222.20,56.60,59.60,167.20,0.4629,-1,-1,-1
239,21,377.00,197.90,88.20,252.20,0.8159,-1,-1,-1
240,40,947.80,115.10,89.40,227.10,0.8394,-1,-1,-1
240,41,1114.20,94.70,58.10,204.60,0.7847,-1,-1,-1
240,27,1038.90,113.20,82.50,234.50,0.7871,-1,-1,-1
240,8,801.20,80.00,75.40,220.80,0.8052,-1,-1,-1
240,42,759.00,70.50,57.20,188.40,0.7217,-1,-1,-1
240,71,1893.00,116.90,26.60,128.60,0.4922,-1,-1,-1
240,12,1429.90,66.00,64.60,186.60,0.8667,-1,-1,-1
240,67,1275.10,70.30,64.40,181.70,0.7847,-1,-1,-1
240,37,459.70,40.30,91.70,236.00,0.8677,-1,-1,-1
240,3,361.40,60.20,74.50,191.30,0.7769,-1,-1,-1
240,60,68.60,152.60,94.70,150.40,0.8086,-1,-1,-1
240,24,1029.50,57.80,81.60,194.00,0.5049,-1,-1,-1
240,38,0.00,151.30,71.70,151.60,0.8477,-1,-1,-1
240,109,977.00,59.00,52.30,101.60,0.6152,-1,-1,-1
240,23,1235.80,169.10,56.50,226.50,0.4951,-1,-1,-1
240,35,584.90,48.00,76.30,226.70,0.8628,-1,-1,-1
240,61,251.50,202.20,104.20,254.40,0.8101,-1,-1,-1
240,39,1208.60,54.30,71.60,199.10,0.6030,-1,-1,-1
240,64,699.60,70.80,53.30,175.70,0.7808,-1,-1,-1
240,15,316.70,196.90,83.00,269.00,0.8594,-1,-1,-1
241,40,946.80,115.40,88.80,226.70,0.8330,-1,-1,-1
241,41,1113.90,95.90,58.40,204.40,0.6680,-1,-1,-1
241,27,1040.00,111.80,83.80,238.70,0.7231,-1,-1,-1
241,8,801.90,82.10,74.80,218.80,0.7671,-1,-1,-1
241,42,759.90,70.90,57.50,189.20,0.5898,-1,-1,-1
241,71,1893.00,116.00,26.80,128.80,0.4668,-1,-1,-1
241,12,1431.00,66.60,64.10,185.50,0.8169,-1,-1,-1
241,37,442.40,47.60,92.80,240.60,0.8564,-1,-1,-1
241,3,359.70,60.60,75.80,197.40,0.7583,-1,-1,-1
241,60,75.40,153.60,94.50,149.20,0.7334,-1,-1,-1
241,24,1027.40,57.40,84.20,200.60,0.4795,-1,-1,-1
241,38,0.00,151.40,59.60,137.70,0.5610,-1,-1,-1
241,109,974.20,58.80,54.20,104.40,0.6270,-1,-1,-1
241,23,1260.60,187.50,58.10,229.30,0.8296,-1,-1,-1
241,35,571.60,56.90,78.20,235.90,0.8110,-1,-1,-1
241,39,1200.50,53.10,70.90,199.80,0.6396,-1,-1,-1
241,88,1151.90,67.30,39.50,180.60,0.3667,-1,-1,-1
241,64,680.60,68.20,55.70,180.70,0.7793,-1,-1,-1
241,10,225.40,203.50,92.20,273.00,0.8496,-1,-1,-1
242,40,945.10,115.70,88.20,226.20,0.8452,-1,-1,-1
242,41,1113.70,94.80,58.60,204.50,0.6514,-1,-1,-1
242,27,1044.80,109.50,83.50,239.30,0.7671,-1,-1,-1
242,8,801.90,82.10,75.30,218.80,0.7739,-1,-1,-1
242,42,758.30,70.90,57.80,188.90,0.6558,-1,-1,-1
242,71,1891.80,115.00,27.30,130.10,0.5234,-1,-1,-1
242,12,1434.10,65.80,64.60,187.60,0.8135,-1,-1,-1
242,37,423.40,60.40,90.70,238.00,0.8184,-1,-1,-1
242,3,359.00,60.00,75.90,200.40,0.7002,-1,-1,-1
242,60,73.20,153.80,88.90,140.40,0.5537,-1,-1,-1
242,24,1025.00,57.10,85.40,203.90,0.5117,-1,-1,-1
242,38,0.00,149.40,66.90,149.30,0.7871,-1,-1,-1
242,109,973.40,59.20,55.50,106.10,0.6084,-1,-1,-1
242,23,1288.10,198.20,59.80,230.70,0.8125,-1,-1,-1
242,35,552.00,72.10,78.90,241.30,0.8628,-1,-1,-1
242,39,1199.80,52.50,70.10,200.30,0.6748,-1,-1,-1
242,88,1150.60,67.10,39.60,180.10,0.3242,-1,-1,-1
242,64,653.80,67.30,57.70,184.40,0.8252,-1,-1,-1
242,43,1243.00,81.40,51.40,165.10,0.6040,-1,-1,-1
242,10,0.00,209.60,65.80,278.60,0.7754,-1,-1,-1
242,67,1279.50,70.40,63.30,180.60,0.4961,-1,-1,-1
243,40,945.00,115.80,87.80,226.20,0.8271,-1,-1,-1
243,41,1114.40,94.60,59.20,205.20,0.7051,-1,-1,-1
243,27,1047.10,109.70,82.40,237.90,0.7568,-1,-1,-1
243,8,800.20,79.00,76.90,222.30,0.7886,-1,-1,-1
243,42,757.50,71.40,58.40,188.00,0.6426,-1,-1,-1
243,71,1891.50,116.10,27.30,128.90,0.5029,-1,-1,-1
243,12,1444.90,66.10,64.30,188.00,0.7407,-1,-1,-1
243,37,403.80,73.60,92.20,245.20,0.7485,-1,-1,-1
243,3,359.90,60.40,74.70,201.50,0.6646,-1,-1,-1
243,60,73.50,154.10,91.50,144.40,0.8413,-1,-1,-1
243,24,1024.10,57.10,85.70,204.70,0.5806,-1,-1,-1
243,38,7.90,150.70,54.20,102.90,0.5610,-1,-1,-1
243,109,974.20,60.20,54.80,103.90,0.6069,-1,-1,-1
243,23,1316.80,203.60,62.00,235.00,0.8516,-1,-1,-1
243,35,534.00,84.60,80.50,247.60,0.8726,-1,-1,-1
243,39,1200.00,52.90,69.00,199.80,0.6260,-1,-1,-1
243,88,1158.70,69.00,40.00,181.70,0.5566,-1,-1,-1
243,64,625.20,65.40,59.20,188.60,0.7974,-1,-1,-1
243,43,1242.40,84.10,50.80,163.00,0.6162,-1,-1,-1
243,10,0.00,215.10,58.70,275.90,0.7007,-1,-1,-1
243,67,1281.30,70.90,63.20,181.90,0.7822,-1,-1,-1
244,40,946.10,116.00,87.30,225.70,0.8252,-1,-1,-1
244,41,1114.70,92.90,59.30,206.50,0.7456,-1,-1,-1
244,27,1039.30,106.90,83.50,237.10,0.8330,-1,-1,-1
244,8,793.80,74.80,79.20,226.40,0.8037,-1,-1,-1
244,42,757.20,70.00,59.40,189.20,0.6592,-1,-1,-1
244,71,1891.30,115.90,27.40,128.30,0.4863,-1,-1,-1
244,12,1469.80,65.70,64.20,188.40,0.7500,-1,-1,-1
244,37,381.40,93.80,92.60,246.40,0.8037,-1,-1,-1
244,60,72.00,153.90,93.40,147.90,0.8804,-1,-1,-1
244,24,1025.30,58.20,84.70,202.70,0.3496,-1,-1,-1
244,38,0.00,152.80,70.50,136.30,0.8628,-1,-1,-1
244,109,973.40,60.20,54.70,102.20,0.6558,-1,-1,-1
244,23,1346.80,208.60,64.00,237.20,0.8735,-1,-1,-1
244,35,513.10,103.90,82.00,255.00,0.8677,-1,-1,-1
244,39,1202.40,52.90,69.00,200.60,0.5430,-1,-1,-1
244,88,1161.40,67.90,41.00,184.10,0.7529,-1,-1,-1
244,64,598.00,61.30,61.80,195.80,0.8306,-1,-1,-1
244,43,1240.10,85.90,50.10,161.30,0.4243,-1,-1,-1
244,67,1278.50,71.80,63.10,181.90,0.8169,-1,-1,-1
245,40,947.20,115.70,87.70,226.70,0.8330,-1,-1,-1
245,41,1113.40,93.70,59.20,205.40,0.7114,-1,-1,-1
245,27,1040.20,108.20,84.10,237.10,0.7583,-1,-1,-1
245,8,793.20,79.30,78.50,221.50,0.8203,-1,-1,-1
245,42,760.60,70.00,58.70,188.90,0.4045,-1,-1,-1
245,71,1892.40,116.60,27.10,126.30,0.5234,-1,-1,-1
245,12,1480.40,68.70,64.70,184.50,0.7456,-1,-1,-1
245,37,352.90,100.40,97.80,263.60,0.7612,-1,-1,-1
245,60,72.30,154.10,94.50,149.60,0.8701,-1,-1,-1
245,24,1025.90,58.80,85.00,203.00,0.4524,-1,-1,-1
245,38,0.00,153.10,71.70,143.10,0.8594,-1,-1,-1
245,109,973.80,59.90,55.40,102.80,0.6040,-1,-1,-1
245,23,1380.90,209.20,69.60,246.90,0.8794,-1,-1,-1
245,35,489.30,124.50,83.20,258.10,0.8755,-1,-1,-1
245,39,1203.20,53.50,67.40,199.30,0.6885,-1,-1,-1
245,88,1161.80,67.50,42.00,185.00,0.7725,-1,-1,-1
245,64,570.90,57.70,65.20,203.10,0.8608,-1,-1,-1
245,43,1240.00,86.10,49.80,160.80,0.6270,-1,-1,-1
245,67,1278.60,71.50,62.90,182.30,0.8169,-1,-1,-1
245,15,865.90,75.10,40.00,178.80,0.4688,-1,-1,-1
246,40,951.30,115.10,87.40,226.80,0.8394,-1,-1,-1
246,41,1112.20,92.30,59.50,206.60,0.7627,-1,-1,-1
246,27,1044.70,105.40,84.00,237.10,0.7212,-1,-1,-1
246,8,800.90,80.20,78.40,221.30,0.7334,-1,-1,-1
246,42,760.50,68.60,59.10,189.70,0.6069,-1,-1,-1
246,71,1892.60,115.40,27.40,128.20,0.4514,-1,-1,-1
246,12,1492.00,70.40,64.30,181.40,0.7832,-1,-1,-1
246,37,319.10,118.00,98.50,264.50,0.8545,-1,-1,-1
246,60,72.00,154.10,94.40,149.10,0.8330,-1,-1,-1
246,24,1027.00,58.50,85.40,203.40,0.4990,-1,-1,-1
246,38,0.00,152.20,72.30,146.90,0.8584,-1,-1,-1
246,109,975.30,59.90,52.90,96.70,0.5264,-1,-1,-1
246,23,1425.40,212.00,74.80,257.50,0.8384,-1,-1,-1
246,35,460.10,149.40,82.50,256.90,0.8818,-1,-1,-1
246,39,1204.70,54.60,66.30,197.90,0.6943,-1,-1,-1
246,88,1159.70,67.30,42.40,185.30,0.7217,-1,-1,-1
246,64,558.80,66.80,67.30,208.10,0.8306,-1,-1,-1
246,43,1240.50,84.20,49.90,162.70,0.5718,-1,-1,-1
246,67,1279.20,70.80,62.80,182.90,0.8110,-1,-1,-1
246,15,863.00,72.20,40.00,179.30,0.3821,-1,-1,-1
246,3,363.50,61.50,72.70,198.30,0.7559,-1,-1,-1
247,40,956.60,115.80,86.70,225.20,0.8467,-1,-1,-1
247,41,1111.40,89.00,60.50,210.40,0.7500,-1,-1,-1
247,27,1043.60,105.00,85.50,241.00,0.7139,-1,-1,-1
247,8,804.50,78.40,77.90,223.00,0.7471,-1,-1,-1
247,42,760.20,72.10,57.80,186.20,0.6187,-1,-1,-1
247,71,1893.70,115.20,26.30,129.70,0.4961,-1,-1,-1
247,12,1498.50,71.10,63.50,179.80,0.8193,-1,-1,-1
247,37,274.50,134.00,99.20,270.20,0.8394,-1,-1,-1
247,60,47.60,166.00,119.50,196.20,0.7769,-1,-1,-1
247,24,1028.20,58.90,85.00,202.80,0.4226,-1,-1,-1
247,38,0.00,152.50,73.00,148.70,0.8340,-1,-1,-1
247,109,976.30,60.10,52.20,94.10,0.4570,-1,-1,-1
247,23,1483.70,214.50,81.00,269.20,0.8564,-1,-1,-1
247,39,1212.40,56.30,65.70,194.80,0.7285,-1,-1,-1
247,88,1158.70,67.80,42.70,184.50,0.7471,-1,-1,-1
247,64,550.00,78.60,69.30,215.00,0.8452,-1,-1,-1
247,43,1242.10,77.70,51.30,169.50,0.2031,-1,-1,-1
247,67,1280.10,71.30,62.60,182.50,0.8101,-1,-1,-1
247,36,681.20,47.70,66.20,208.70,0.8452,-1,-1,-1
247,3,365.80,62.00,65.90,179.50,0.5498,-1,-1,-1
247,15,398.80,176.30,85.50,266.40,0.8901,-1,-1,-1
248,40,960.50,117.10,85.50,225.50,0.8101,-1,-1,-1
248,41,1111.70,91.70,59.60,206.90,0.7285,-1,-1,-1
248,27,1045.70,102.20,85.00,241.80,0.8062,-1,-1,-1
248,8,808.00,78.60,77.40,222.90,0.7695,-1,-1,-1
248,42,761.70,73.20,57.20,185.40,0.7393,-1,-1,-1
248,71,1893.30,116.40,26.70,128.30,0.4941,-1,-1,-1
248,12,1511.60,72.30,64.50,178.30,0.8555,-1,-1,-1
248,37,232.50,150.00,97.70,266.00,0.8340,-1,-1,-1
248,60,61.70,159.60,104.10,170.30,0.8721,-1,-1,-1
248,24,1027.80,59.00,84.40,202.80,0.4282,-1,-1,-1
248,38,0.00,153.50,72.50,149.00,0.8271,-1,-1,-1
248,109,974.90,60.60,54.50,97.00,0.6162,-1,-1,-1
248,23,1540.40,211.50,87.60,286.50,0.8608,-1,-1,-1
248,39,1216.50,57.00,66.00,195.10,0.7188,-1,-1,-1
248,88,1159.00,67.90,43.50,184.10,0.7441,-1,-1,-1
248,64,542.70,93.70,70.80,220.40,0.8647,-1,-1,-1
248,67,1280.60,71.20,62.30,182.70,0.8237,-1,-1,-1
248,36,661.30,47.20,67.70,212.60,0.8486,-1,-1,-1
248,3,363.60,62.00,69.70,192.20,0.7686,-1,-1,-1
248,61,323.70,176.30,107.30,275.00,0.8726,-1,-1,-1
249,40,960.40,119.10,85.10,222.20,0.8262,-1,-1,-1
249,41,1110.10,89.90,59.70,208.40,0.6772,-1,-1,-1
249,27,1047.70,105.20,84.30,238.90,0.7861,-1,-1,-1
249,8,809.00,79.10,76.80,222.40,0.7671,-1,-1,-1
249,42,760.50,71.90,57.30,187.00,0.7568,-1,-1,-1
249,71,1896.90,115.70,23.10,111.80,0.5234,-1,-1,-1
249,12,1534.30,73.00,64.70,177.00,0.7900,-1,-1,-1
249,37,170.10,167.30,102.50,272.30,0.8555,-1,-1,-1
249,60,65.80,157.10,94.20,155.30,0.6733,-1,-1,-1
249,24,1030.60,59.30,82.30,199.40,0.1896,-1,-1,-1
249,38,0.00,153.90,72.30,150.20,0.8647,-1,-1,-1
249,109,972.40,60.70,54.30,96.40,0.5127,-1,-1,-1
249,39,1219.40,57.10,66.50,195.30,0.7900,-1,-1,-1
249,88,1159.70,67.30,44.50,184.60,0.7559,-1,-1,-1
249,64,533.70,110.80,71.90,224.80,0.8770,-1,-1,-1
249,67,1282.00,72.50,61.80,181.40,0.8203,-1,-1,-1
249,36,645.40,42.60,71.50,223.40,0.8228,-1,-1,-1
249,3,362.90,61.50,70.20,195.50,0.8145,-1,-1,-1
249,10,258.90,176.80,102.30,287.10,0.8789,-1,-1,-1
249,15,863.00,67.00,41.50,184.80,0.5728,-1,-1,-1
250,40,959.90,119.60,85.80,221.90,0.8584,-1,-1,-1
250,41,1112.50,92.10,58.70,206.30,0.6982,-1,-1,-1
250,27,1045.80,105.70,82.40,237.00,0.7559,-1,-1,-1
250,8,805.80,78.60,76.80,223.90,0.7695,-1,-1,-1
250,42,760.20,71.10,56.90,187.00,0.7017,-1,-1,-1
250,71,1894.50,117.90,25.50,120.90,0.5020,-1,-1,-1
250,12,1555.70,73.70,64.40,175.60,0.8394,-1,-1,-1
250,37,158.80,175.70,111.90,290.40,0.8701,-1,-1,-1
250,60,46.90,167.70,144.20,247.40,0.8350,-1,-1,-1
250,38,0.00,154.30,71.70,149.60,0.8628,-1,-1,-1
250,109,974.70,60.90,52.70,92.90,0.4961,-1,-1,-1
250,39,1220.20,57.40,67.10,195.40,0.8110,-1,-1,-1
250,88,1156.90,67.20,44.90,184.70,0.7104,-1,-1,-1
250,64,522.80,132.60,72.40,225.90,0.8721,-1,-1,-1
250,67,1282.50,71.70,61.80,182.20,0.8135,-1,-1,-1
250,36,640.40,51.80,72.10,224.80,0.7847,-1,-1,-1
250,3,363.10,61.80,69.90,196.20,0.8184,-1,-1,-1
251,44,1201.50,157.10,78.00,231.80,0.8330,-1,-1,-1
251,18,711.40,115.20,50.20,136.40,0.8184,-1,-1,-1
251,45,1359.00,173.90,87.00,246.10,0.8159,-1,-1,-1
251,37,635.20,139.90,60.80,162.70,0.8125,-1,-1,-1
251,63,921.00,131.00,75.00,129.60,0.8037,-1,-1,-1
251,61,1433.20,113.20,67.60,185.30,0.8013,-1,-1,-1
251,17,140.40,115.90,55.90,131.60,0.7910,-1,-1,-1
251,21,1743.00,86.40,99.00,236.70,0.7900,-1,-1,-1
251,42,1317.00,162.80,63.00,231.30,0.7598,-1,-1,-1
251,35,551.20,154.50,79.60,153.40,0.7422,-1,-1,-1
251,13,337.90,129.00,63.00,166.10,0.7334,-1,-1,-1
251,12,804.00,129.60,54.00,118.10,0.7256,-1,-1,-1
251,24,403.90,122.00,75.00,136.40,0.7139,-1,-1,-1
251,36,1818.00,22.90,72.00,211.50,0.6724,-1,-1,-1
251,64,463.50,113.20,52.50,141.00,0.6680,-1,-1,-1
251,7,279.00,125.10,48.00,117.70,0.6646,-1,-1,-1
251,38,0.30,179.60,114.40,340.50,0.6299,-1,-1,-1
251,2,1672.50,16.10,60.00,189.80,0.6279,-1,-1,-1
251,27,1254.00,63.20,57.00,170.20,0.6196,-1,-1,-1
251,104,1015.50,79.90,39.00,139.50,0.5361,-1,-1,-1
251,10,511.50,124.70,48.00,121.90,0.4377,-1,-1,-1
251,46,1338.00,36.00,54.00,157.90,0.4226,-1,-1,-1
251,8,1471.50,25.10,58.50,169.10,0.3896,-1,-1,-1
251,47,0.10,410.60,37.60,210.80,0.3757,-1,-1,-1
251,39,1632.00,24.10,54.00,172.20,0.3684,-1,-1,-1
251,89,1152.00,29.20,39.00,141.00,0.3408,-1,-1,-1
251,22,1208.20,81.00,42.00,124.90,0.3320,-1,-1,-1
251,43,1305.80,57.40,36.00,131.60,0.2935,-1,-1,-1
251,40,1581.00,27.40,54.00,157.30,0.2878,-1,-1,-1
252,44,1199.30,159.50,82.40,244.70,0.8037,-1,-1,-1
252,18,715.60,119.50,44.40,120.90,0.4282,-1,-1,-1
252,45,1366.50,178.90,90.30,256.10,0.8252,-1,-1,-1
252,37,639.40,139.20,63.50,170.60,0.7544,-1,-1,-1
252,61,1423.10,128.40,72.20,198.90,0.7349,-1,-1,-1
252,17,124.00,114.10,55.50,131.00,0.6548,-1,-1,-1
252,21,1740.10,111.30,99.60,237.60,0.8516,-1,-1,-1
252,42,1306.30,163.40,66.20,242.80,0.7939,-1,-1,-1
252,35,543.50,145.40,88.50,171.60,0.6548,-1,-1,-1
252,13,335.90,124.40,65.00,171.70,0.7378,-1,-1,-1
252,12,783.20,128.70,53.90,118.50,0.6084,-1,-1,-1
252,24,419.90,115.50,74.90,137.00,0.6011,-1,-1,-1
252,38,0.00,178.60,114.40,340.50,0.5962,-1,-1,-1
252,2,1670.90,14.80,60.50,191.40,0.4561,-1,-1,-1
252,27,1254.30,63.50,56.40,168.00,0.4814,-1,-1,-1
252,46,1333.20,38.60,63.60,186.50,0.3611,-1,-1,-1
252,8,1474.50,25.80,59.00,170.90,0.3943,-1,-1,-1
252,47,0.00,411.60,36.90,209.40,0.3794,-1,-1,-1
252,39,1634.60,23.70,54.00,172.10,0.1836,-1,-1,-1
252,22,1209.90,84.60,40.00,118.20,0.3303,-1,-1,-1
252,43,1305.80,52.00,37.20,136.30,0.1321,-1,-1,-1
252,40,1594.30,30.50,53.50,156.00,0.1172,-1,-1,-1
253,44,1190.60,165.00,86.10,255.20,0.8125,-1,-1,-1
253,18,713.90,117.60,44.00,120.50,0.4932,-1,-1,-1
253,45,1376.90,184.60,93.30,264.40,0.8667,-1,-1,-1
253,37,654.20,144.60,64.50,173.60,0.8403,-1,-1,-1
253,21,1731.10,140.40,105.10,250.60,0.8052,-1,-1,-1
253,42,1307.40,167.50,70.00,254.20,0.7363,-1,-1,-1
253,35,553.70,155.60,86.40,168.80,0.8330,-1,-1,-1
253,13,344.30,123.80,65.20,172.30,0.3914,-1,-1,-1
253,12,761.70,128.60,53.60,117.90,0.6235,-1,-1,-1
253,38,0.00,210.90,96.80,306.60,0.4893,-1,-1,-1
253,2,1671.90,14.90,60.50,191.40,0.4883,-1,-1,-1
253,27,1255.50,65.80,56.30,167.90,0.5107,-1,-1,-1
253,46,1335.10,35.70,61.90,182.40,0.4775,-1,-1,-1
253,8,1473.10,25.00,59.40,172.50,0.4514,-1,-1,-1
253,47,0.00,417.00,36.20,204.00,0.1848,-1,-1,-1
253,39,1636.80,19.80,55.20,176.20,0.1608,-1,-1,-1
253,22,1206.90,84.30,41.40,122.10,0.3611,-1,-1,-1
253,43,1304.40,49.90,38.00,139.30,0.1023,-1,-1,-1
253,60,1562.40,25.50,53.40,163.50,0.4805,-1,-1,-1
253,63,912.30,114.80,78.50,136.80,0.3604,-1,-1,-1
253,36,1842.40,15.80,73.10,214.10,0.5361,-1,-1,-1
253,10,516.70,126.20,51.50,130.20,0.3225,-1,-1,-1
253,89,1157.00,51.60,34.60,124.50,0.4377,-1,-1,-1
254,44,1186.50,169.80,91.90,270.80,0.8296,-1,-1,-1
254,45,1406.50,185.00,99.70,281.80,0.8701,-1,-1,-1
254,37,668.40,148.70,66.80,179.60,0.7925,-1,-1,-1
254,21,1740.00,168.50,107.80,257.80,0.8013,-1,-1,-1
254,42,1303.40,175.80,73.60,264.20,0.7861,-1,-1,-1
254,35,563.20,162.00,88.30,174.30,0.8125,-1,-1,-1
254,13,336.10,120.10,66.10,175.60,0.6440,-1,-1,-1
254,12,758.60,130.30,57.30,125.20,0.6279,-1,-1,-1
254,38,0.00,183.50,97.90,332.90,0.7769,-1,-1,-1
254,2,1672.00,14.70,60.90,192.10,0.4243,-1,-1,-1
254,27,1255.30,67.40,56.30,167.70,0.4854,-1,-1,-1
254,46,1335.20,38.50,60.30,178.60,0.4082,-1,-1,-1
254,8,1472.10,24.10,59.50,173.40,0.4387,-1,-1,-1
254,47,0.10,413.50,37.10,208.10,0.1027,-1,-1,-1
254,39,1638.70,18.90,55.30,177.10,0.1476,-1,-1,-1
254,22,1205.10,80.50,44.80,131.80,0.3523,-1,-1,-1
254,43,1306.40,53.70,36.60,133.70,0.1761,-1,-1,-1
254,60,1556.20,27.60,53.20,162.40,0.4766,-1,-1,-1
254,62,1861.80,118.50,58.20,256.40,0.7026,-1,-1,-1
254,36,1856.80,15.00,63.20,188.10,0.3469,-1,-1,-1
254,64,458.60,108.00,55.90,148.80,0.5352,-1,-1,-1
254,7,287.80,118.10,54.30,134.20,0.5400,-1,-1,-1
254,104,1013.00,98.00,36.90,129.80,0.4639,-1,-1,-1
254,40,1596.90,26.10,53.00,153.80,0.3477,-1,-1,-1
255,44,1187.60,173.40,97.60,289.40,0.6724,-1,-1,-1
255,45,1425.20,186.90,105.20,297.80,0.8760,-1,-1,-1
255,37,676.90,150.60,70.60,190.10,0.8433,-1,-1,-1
255,21,1757.30,184.50,110.80,264.50,0.8618,-1,-1,-1
255,42,1306.10,182.60,78.60,279.50,0.8003,-1,-1,-1
255,35,579.60,165.30,91.10,182.40,0.7900,-1,-1,-1
255,13,329.90,117.40,67.40,179.20,0.7075,-1,-1,-1
255,38,0.00,175.60,93.80,336.00,0.5195,-1,-1,-1
255,2,1668.70,14.70,61.10,191.20,0.4727,-1,-1,-1
255,27,1254.10,57.20,59.70,178.10,0.5498,-1,-1,-1
255,46,1336.50,37.60,57.20,170.20,0.5039,-1,-1,-1
255,8,1471.50,24.50,58.90,172.10,0.4387,-1,-1,-1
255,39,1634.90,17.00,55.30,178.50,0.1097,-1,-1,-1
255,22,1204.40,80.00,46.20,136.40,0.2394,-1,-1,-1
255,60,1559.60,25.90,54.10,164.90,0.6216,-1,-1,-1
255,62,1856.70,97.90,60.50,265.30,0.6548,-1,-1,-1
255,67,1709.40,135.50,100.80,224.10,0.8682,-1,-1,-1
255,25,1408.90,50.40,60.40,137.10,0.4570,-1,-1,-1
255,7,283.00,115.90,53.70,133.10,0.6665,-1,-1,-1
255,61,1398.90,168.10,74.20,205.60,0.6113,-1,-1,-1
255,24,403.70,110.60,77.80,142.90,0.4590,-1,-1,-1
255,10,525.30,119.50,49.10,125.20,0.6177,-1,-1,-1
256,44,1192.40,180.20,103.30,306.70,0.7178,-1,-1,-1
256,45,1455.70,189.50,111.60,313.50,0.8979,-1,-1,-1
256,37,686.40,153.80,74.20,199.30,0.8994,-1,-1,-1
256,21,1794.10,195.40,111.00,264.50,0.8506,-1,-1,-1
256,42,1320.20,188.70,85.80,301.40,0.8330,-1,-1,-1
256,35,590.20,169.30,95.40,192.70,0.8125,-1,-1,-1
256,13,324.20,115.70,67.90,181.80,0.7017,-1,-1,-1
256,38,0.00,208.30,84.10,301.00,0.4226,-1,-1,-1
256,2,1667.30,15.20,61.70,191.20,0.4785,-1,-1,-1
256,27,1255.50,61.90,57.10,170.10,0.4272,-1,-1,-1
256,46,1337.60,34.00,54.90,163.20,0.4302,-1,-1,-1
256,8,1471.60,23.90,57.10,167.10,0.5010,-1,-1,-1
256,39,1636.80,16.40,55.10,178.70,0.1561,-1,-1,-1
256,22,1201.80,79.00,50.40,150.40,0.3364,-1,-1,-1
256,60,1561.90,25.90,54.30,164.80,0.4736,-1,-1,-1
256,62,1841.30,89.70,52.30,220.50,0.5146,-1,-1,-1
256,67,1698.80,171.60,105.40,234.60,0.8677,-1,-1,-1
256,25,1401.00,60.50,61.70,140.00,0.3584,-1,-1,-1
256,7,285.70,112.80,51.20,128.40,0.2274,-1,-1,-1
256,61,1400.70,171.40,81.90,227.80,0.7485,-1,-1,-1
256,17,120.10,120.10,46.10,109.50,0.4971,-1,-1,-1
256,63,908.20,123.30,76.50,133.90,0.7544,-1,-1,-1
256,64,466.50,111.80,47.00,125.50,0.3354,-1,-1,-1
257,44,1195.60,186.40,110.70,327.90,0.8350,-1,-1,-1
257,45,1481.20,195.40,118.10,328.40,0.9199,-1,-1,-1
257,37,702.70,157.90,77.40,209.00,0.8901,-1,-1,-1
257,42,1336.70,195.50,91.80,317.70,0.8296,-1,-1,-1
257,35,605.70,174.00,98.20,201.30,0.8691,-1,-1,-1
257,13,325.30,118.20,66.40,180.00,0.5566,-1,-1,-1
257,38,0.00,231.80,74.00,275.80,0.5840,-1,-1,-1
257,2,1666.70,15.70,62.20,191.30,0.4036,-1,-1,-1
257,27,1257.80,64.00,52.60,155.10,0.2798,-1,-1,-1
257,46,1333.00,35.10,59.70,180.40,0.4465,-1,-1,-1
257,8,1469.70,24.50,58.20,170.70,0.4387,-1,-1,-1
257,22,1200.00,77.30,54.60,164.80,0.4197,-1,-1,-1
257,60,1554.20,28.40,54.00,163.50,0.5205,-1,-1,-1
257,67,1685.20,191.90,108.80,240.70,0.8218,-1,-1,-1
257,25,1390.70,72.80,58.90,133.80,0.1404,-1,-1,-1
257,7,288.30,125.60,54.10,137.80,0.5127,-1,-1,-1
257,69,243.80,112.60,50.70,127.00,0.6309,-1,-1,-1
257,33,579.40,112.70,71.50,125.70,0.6689,-1,-1,-1
257,64,458.60,121.00,41.50,111.20,0.5000,-1,-1,-1
257,24,402.80,112.70,67.70,125.90,0.5020,-1,-1,-1
257,10,536.30,123.40,43.90,112.00,0.5757,-1,-1,-1
258,44,1209.80,187.40,120.60,358.50,0.7163,-1,-1,-1
258,45,1518.60,201.90,127.20,349.50,0.9062,-1,-1,-1
258,37,723.70,162.60,81.20,218.40,0.9014,-1,-1,-1
258,35,622.30,175.60,105.90,216.70,0.8843,-1,-1,-1
258,13,328.10,126.10,62.60,171.30,0.6113,-1,-1,-1
258,38,0.00,237.50,71.20,269.70,0.5708,-1,-1,-1
258,2,1666.40,16.00,62.60,190.50,0.5127,-1,-1,-1
258,27,1256.40,64.90,56.50,166.30,0.5225,-1,-1,-1
258,46,1330.30,37.30,59.70,182.80,0.4387,-1,-1,-1
258,8,1469.40,24.90,58.00,168.80,0.5010,-1,-1,-1
258,22,1202.60,77.90,55.50,169.10,0.4397,-1,-1,-1
258,60,1546.10,24.70,56.30,168.90,0.5410,-1,-1,-1
258,67,1702.60,203.40,114.90,252.00,0.8892,-1,-1,-1
258,25,1378.20,102.20,59.70,135.80,0.1163,-1,-1,-1
258,7,277.40,130.00,57.60,145.80,0.7271,-1,-1,-1
258,33,582.00,125.40,68.20,120.80,0.4941,-1,-1,-1
258,61,1374.70,198.50,116.40,324.40,0.8403,-1,-1,-1
258,63,921.00,98.00,75.10,134.40,0.7285,-1,-1,-1
259,44,1226.50,191.50,129.60,387.70,0.7686,-1,-1,-1
259,45,1563.50,213.00,136.10,372.70,0.9136,-1,-1,-1
259,37,744.40,166.20,86.00,231.60,0.9106,-1,-1,-1
259,35,636.70,180.90,109.00,226.60,0.8838,-1,-1,-1
259,13,327.20,127.40,61.90,169.50,0.6758,-1,-1,-1
259,38,0.00,231.20,71.70,276.70,0.6074,-1,-1,-1
259,2,1667.20,15.30,63.10,190.90,0.3887,-1,-1,-1
259,27,1256.20,65.80,58.20,172.20,0.5361,-1,-1,-1
259,46,1332.30,37.60,52.60,161.90,0.1371,-1,-1,-1
259,8,1470.90,24.40,58.80,170.50,0.4485,-1,-1,-1
259,22,1205.60,78.50,54.90,169.30,0.4233,-1,-1,-1
259,60,1548.10,25.50,55.80,168.80,0.4854,-1,-1,-1
259,82,508.80,121.30,36.30,110.00,0.6646,-1,-1,-1
259,74,1117.40,51.70,33.80,118.60,0.4524,-1,-1,-1
259,61,1381.60,205.70,129.60,361.80,0.8804,-1,-1,-1
259,21,1791.70,210.00,117.30,272.90,0.8755,-1,-1,-1
259,17,111.30,112.90,49.70,117.90,0.5649,-1,-1,-1
259,69,247.50,132.40,59.70,149.10,0.7656,-1,-1,-1
259,64,449.90,112.60,44.60,119.90,0.4570,-1,-1,-1
259,10,551.80,112.80,53.10,135.20,0.7471,-1,-1,-1
260,44,1233.80,198.80,141.40,416.50,0.8647,-1,-1,-1
260,45,1601.60,224.60,149.00,400.90,0.9048,-1,-1,-1
260,37,764.30,170.70,91.30,246.50,0.9004,-1,-1,-1
260,35,659.20,188.70,113.90,236.50,0.9009,-1,-1,-1
260,13,335.60,129.30,61.50,168.00,0.5776,-1,-1,-1
260,2,1666.40,15.10,63.50,191.60,0.4902,-1,-1,-1
260,27,1255.40,64.80,59.30,175.50,0.6470,-1,-1,-1
260,46,1340.60,38.00,45.50,136.10,0.3364,-1,-1,-1
260,8,1469.20,24.10,59.60,172.60,0.5938,-1,-1,-1
260,22,1204.60,76.20,55.20,171.90,0.4026,-1,-1,-1
260,60,1556.80,25.10,56.30,169.40,0.3767,-1,-1,-1
260,74,1115.90,50.60,34.00,119.50,0.5273,-1,-1,-1
260,61,1410.40,211.60,143.00,399.60,0.8979,-1,-1,-1
260,79,1718.10,55.10,94.20,224.50,0.6621,-1,-1,-1
260,42,174.60,112.30,58.80,126.60,0.5537,-1,-1,-1
260,21,1819.10,251.10,100.90,236.20,0.8384,-1,-1,-1
260,69,233.00,137.10,63.40,158.10,0.8003,-1,-1,-1
260,10,549.40,110.30,50.80,129.70,0.5361,-1,-1,-1
261,44,1246.10,211.10,154.40,445.00,0.8818,-1,-1,-1
261,37,789.70,175.70,96.40,261.50,0.9116,-1,-1,-1
261,35,673.40,194.20,120.10,252.90,0.8867,-1,-1,-1
261,13,339.60,129.10,61.60,168.30,0.6416,-1,-1,-1
261,2,1666.40,16.20,63.00,190.70,0.4065,-1,-1,-1
261,27,1257.00,72.10,58.80,174.20,0.5371,-1,-1,-1
261,8,1469.30,21.90,60.50,175.60,0.5869,-1,-1,-1
261,22,1203.00,78.20,53.80,170.10,0.5127,-1,-1,-1
261,60,1563.60,22.80,57.40,172.30,0.6450,-1,-1,-1
261,74,1116.70,51.50,33.90,119.30,0.5757,-1,-1,-1
261,61,1442.80,220.40,153.80,430.60,0.8486,-1,-1,-1
261,79,1709.50,48.30,93.30,223.00,0.6841,-1,-1,-1
261,69,206.60,137.00,67.00,167.90,0.8584,-1,-1,-1
261,10,536.80,110.70,50.40,128.10,0.7148,-1,-1,-1
261,40,1416.80,17.50,60.20,167.60,0.5176,-1,-1,-1
261,7,668.00,128.40,41.40,118.50,0.5537,-1,-1,-1
261,24,411.70,118.70,59.10,113.10,0.5381,-1,-1,-1
261,67,1687.40,236.80,190.20,421.00,0.9243,-1,-1,-1
261,33,605.20,124.50,71.40,128.60,0.7168,-1,-1,-1
261,63,923.70,131.00,65.10,118.60,0.6958,-1,-1,-1
261,38,0.00,204.00,87.30,395.50,0.6270,-1,-1,-1
261,82,488.60,123.00,40.90,122.70,0.7271,-1,-1,-1
261,17,110.20,109.90,49.30,117.30,0.4824,-1,-1,-1
262,44,1272.80,222.00,172.80,488.30,0.8667,-1,-1,-1
262,37,818.30,180.40,103.40,281.40,0.9014,-1,-1,-1
262,35,694.20,202.50,128.80,272.10,0.8994,-1,-1,-1
262,13,347.50,136.90,58.90,160.40,0.6494,-1,-1,-1
262,2,1662.60,15.40,62.50,189.80,0.1755,-1,-1,-1
262,27,1254.70,73.40,53.50,153.70,0.3701,-1,-1,-1
262,8,1469.20,22.50,60.10,175.00,0.4941,-1,-1,-1
262,22,1203.10,79.10,52.80,169.00,0.5283,-1,-1,-1
262,60,1574.30,21.40,57.60,172.50,0.6343,-1,-1,-1
262,74,1115.80,51.60,33.90,119.40,0.4932,-1,-1,-1
262,61,1500.60,231.50,167.30,467.80,0.8936,-1,-1,-1
262,79,1700.70,33.70,83.70,200.20,0.6030,-1,-1,-1
262,69,186.30,138.90,70.60,174.70,0.8794,-1,-1,-1
262,24,405.30,115.40,58.10,114.50,0.3408,-1,-1,-1
262,67,1711.80,249.00,206.30,463.60,0.9326,-1,-1,-1
262,33,621.70,124.80,69.40,125.60,0.4971,-1,-1,-1
262,63,924.80,116.10,67.40,126.40,0.5234,-1,-1,-1
262,38,0.00,177.00,88.80,436.80,0.7212,-1,-1,-1
262,17,113.60,110.60,50.40,121.40,0.3259,-1,-1,-1
262,64,446.90,119.40,46.40,122.50,0.6396,-1,-1,-1
262,46,1331.50,36.50,58.90,178.50,0.4312,-1,-1,-1
263,44,1314.40,238.40,193.20,542.70,0.6953,-1,-1,-1
263,37,849.70,185.70,110.30,302.10,0.9028,-1,-1,-1
263,35,705.00,209.90,136.10,290.60,0.9170,-1,-1,-1
263,13,348.20,134.20,59.80,163.10,0.4312,-1,-1,-1
263,27,1256.00,70.60,50.10,143.40,0.1049,-1,-1,-1
263,8,1465.60,17.40,62.10,179.80,0.5879,-1,-1,-1
263,22,1202.00,79.00,52.60,169.30,0.5391,-1,-1,-1
263,60,1578.00,21.30,58.20,173.70,0.6377,-1,-1,-1
263,74,1114.90,50.50,34.10,120.10,0.4980,-1,-1,-1
263,79,1683.90,33.30,86.20,206.10,0.6548,-1,-1,-1
263,69,162.20,139.70,73.60,183.20,0.8604,-1,-1,-1
263,24,409.20,116.50,59.40,120.30,0.4055,-1,-1,-1
263,33,633.20,123.20,66.10,121.60,0.4141,-1,-1,-1
263,3,1251.10,164.40,88.60,189.50,0.8296,-1,-1,-1
263,88,596.90,125.50,36.20,123.80,0.6470,-1,-1,-1
263,36,1527.70,17.80,41.90,153.50,0.5166,-1,-1,-1
263,46,1330.10,36.20,60.80,186.50,0.5361,-1,-1,-1
263,12,678.50,122.80,58.50,126.60,0.5518,-1,-1,-1
263,47,0.00,234.00,58.90,378.20,0.6177,-1,-1,-1
263,45,1616.50,248.90,190.50,515.80,0.8950,-1,-1,-1
263,21,1808.40,313.00,111.60,427.70,0.7725,-1,-1,-1
263,10,543.90,118.90,50.70,129.40,0.6958,-1,-1,-1
263,40,1421.40,24.40,54.80,152.30,0.5039,-1,-1,-1
263,82,493.50,111.70,42.00,124.60,0.6816,-1,-1,-1
264,44,1359.00,262.90,217.40,606.70,0.9062,-1,-1,-1
264,37,880.90,194.30,119.20,327.00,0.9126,-1,-1,-1
264,35,726.50,221.70,147.90,315.40,0.9014,-1,-1,-1
264,13,349.70,136.70,58.80,160.50,0.4216,-1,-1,-1
264,27,1255.90,78.50,40.70,110.50,0.1476,-1,-1,-1
264,8,1468.80,22.40,60.70,175.40,0.6577,-1,-1,-1
264,22,1203.10,80.10,51.60,167.00,0.5107,-1,-1,-1
264,60,1576.50,22.40,58.10,173.40,0.5312,-1,-1,-1
264,74,1116.20,52.30,34.10,119.30,0.5312,-1,-1,-1
264,79,1670.60,18.70,86.70,208.80,0.7456,-1,-1,-1
264,69,140.50,141.20,77.50,190.80,0.8647,-1,-1,-1
264,33,637.70,123.40,66.70,123.90,0.7192,-1,-1,-1
264,3,1242.70,168.30,95.40,204.50,0.8315,-1,-1,-1
264,88,598.30,115.70,34.60,117.90,0.6860,-1,-1,-1
264,46,1328.40,36.70,61.10,189.20,0.5156,-1,-1,-1
264,20,848.60,120.80,58.70,127.40,0.6436,-1,-1,-1
264,47,0.00,227.70,60.00,384.00,0.4795,-1,-1,-1
264,10,549.30,123.80,47.70,123.90,0.6875,-1,-1,-1
264,82,506.00,119.30,43.70,127.60,0.6724,-1,-1,-1
264,18,694.50,118.00,45.20,124.90,0.5796,-1,-1,-1
264,67,1680.40,271.40,239.60,576.70,0.9106,-1,-1,-1
265,37,915.40,204.70,129.10,354.40,0.9146,-1,-1,-1
265,35,746.80,235.10,158.40,341.90,0.9102,-1,-1,-1
265,13,348.10,133.30,59.80,163.90,0.4475,-1,-1,-1
265,27,1265.10,87.60,36.00,92.60,0.1447,-1,-1,-1
265,8,1468.00,24.60,59.30,173.60,0.6289,-1,-1,-1
265,22,1207.00,81.50,51.10,165.30,0.5449,-1,-1,-1
265,60,1572.30,18.90,59.20,176.80,0.5850,-1,-1,-1
265,74,1115.20,53.30,33.90,118.60,0.4707,-1,-1,-1
265,79,1669.90,14.20,84.50,205.20,0.7285,-1,-1,-1
265,69,113.80,142.10,80.70,199.80,0.8867,-1,-1,-1
265,33,643.40,123.40,63.80,120.70,0.7192,-1,-1,-1
265,3,1239.90,165.30,103.70,223.80,0.8535,-1,-1,-1
265,88,609.10,123.80,35.00,117.80,0.7686,-1,-1,-1
265,46,1328.30,36.80,60.90,190.30,0.5649,-1,-1,-1
265,20,831.60,118.30,57.80,125.80,0.8076,-1,-1,-1
265,47,0.00,232.30,58.90,379.30,0.5669,-1,-1,-1
265,82,510.60,122.70,42.30,124.50,0.5571,-1,-1,-1
265,92,262.50,111.40,46.70,110.90,0.5889,-1,-1,-1
265,18,694.40,119.90,44.20,123.20,0.7026,-1,-1,-1
265,67,1701.80,302.50,218.20,639.80,0.8594,-1,-1,-1
265,89,1149.20,52.90,38.80,134.90,0.6792,-1,-1,-1
265,61,1496.20,298.60,256.90,692.50,0.8062,-1,-1,-1
266,37,951.00,216.10,140.90,388.10,0.9180,-1,-1,-1
266,35,774.30,250.70,177.10,382.90,0.9146,-1,-1,-1
266,13,349.00,132.80,59.70,164.50,0.3513,-1,-1,-1
266,8,1469.10,24.70,59.00,173.70,0.6621,-1,-1,-1
266,22,1208.00,83.00,50.90,162.90,0.6216,-1,-1,-1
266,60,1570.60,18.40,59.70,177.30,0.6489,-1,-1,-1
266,74,1118.50,54.40,33.80,116.70,0.1196,-1,-1,-1
266,79,1682.60,11.10,84.50,205.40,0.7822,-1,-1,-1
266,69,81.70,143.10,84.90,209.00,0.7988,-1,-1,-1
266,33,644.60,122.60,62.30,119.80,0.7559,-1,-1,-1
266,3,1238.90,176.00,106.90,231.80,0.8779,-1,-1,-1
266,46,1328.40,36.10,60.60,191.00,0.5400,-1,-1,-1
266,20,799.40,115.60,57.50,125.20,0.7988,-1,-1,-1
266,47,0.00,235.90,60.50,375.70,0.5098,-1,-1,-1
266,92,256.00,112.30,45.70,108.60,0.5557,-1,-1,-1
266,18,693.80,119.20,43.50,122.60,0.3584,-1,-1,-1
266,77,718.90,123.70,38.30,125.90,0.6870,-1,-1,-1
266,101,973.60,110.90,44.80,72.10,0.3372,-1,-1,-1
266,96,998.10,112.70,58.20,77.10,0.4187,-1,-1,-1
266,61,1556.90,335.50,275.10,715.50,0.9072,-1,-1,-1
266,39,1640.30,19.60,55.40,175.60,0.2791,-1,-1,-1
266,64,434.10,112.60,51.80,135.40,0.7422,-1,-1,-1
266,36,1516.60,14.70,48.60,176.70,0.5205,-1,-1,-1
266,10,568.70,124.80,45.30,119.20,0.6885,-1,-1,-1
267,37,995.90,227.70,155.90,430.00,0.9268,-1,-1,-1
267,35,806.00,269.70,191.60,423.10,0.9287,-1,-1,-1
267,13,346.60,126.80,61.50,171.00,0.4534,-1,-1,-1
267,8,1470.00,25.30,57.90,172.90,0.5898,-1,-1,-1
267,22,1205.30,70.00,55.00,176.20,0.5469,-1,-1,-1
267,60,1572.50,21.40,58.60,173.30,0.6309,-1,-1,-1
267,74,1115.50,53.30,34.00,118.20,0.5469,-1,-1,-1
267,79,1691.90,9.80,83.70,205.50,0.7363,-1,-1,-1
267,69,42.30,146.20,88.90,218.40,0.8667,-1,-1,-1
267,3,1246.80,183.70,112.10,244.10,0.8877,-1,-1,-1
267,46,1329.80,36.00,59.80,191.10,0.6406,-1,-1,-1
267,20,777.20,113.90,56.40,124.20,0.7559,-1,-1,-1
267,47,0.00,209.90,60.10,401.90,0.5029,-1,-1,-1
267,92,244.30,112.80,44.40,105.90,0.6782,-1,-1,-1
267,18,694.90,121.60,42.30,121.00,0.5649,-1,-1,-1
267,77,726.90,121.80,36.60,120.20,0.5820,-1,-1,-1
267,101,973.90,111.60,44.20,71.00,0.4148,-1,-1,-1
267,96,997.20,113.40,55.90,74.20,0.3269,-1,-1,-1
267,99,539.70,119.10,44.70,119.60,0.7378,-1,-1,-1
267,43,1244.60,71.60,84.80,166.10,0.7231,-1,-1,-1
267,39,1631.00,20.50,53.20,170.40,0.2101,-1,-1,-1
267,64,435.40,118.80,47.90,126.10,0.2024,-1,-1,-1
267,36,1514.10,13.20,49.80,180.80,0.6504,-1,-1,-1
267,7,671.10,133.40,40.70,114.50,0.7393,-1,-1,-1
267,2,1659.10,21.60,57.10,177.00,0.3364,-1,-1,-1
267,24,397.40,109.90,64.70,134.80,0.5273,-1,-1,-1
267,67,1696.40,466.70,223.60,589.40,0.8330,-1,-1,-1
267,89,1142.90,49.50,38.00,130.50,0.6807,-1,-1,-1
268,37,1045.80,243.30,174.00,482.10,0.9263,-1,-1,-1
268,35,839.90,293.80,216.50,478.00,0.9341,-1,-1,-1
268,13,349.80,122.50,63.20,175.50,0.5166,-1,-1,-1
268,8,1471.80,24.80,57.60,172.00,0.6030,-1,-1,-1
268,22,1208.60,64.30,55.50,181.30,0.2893,-1,-1,-1
268,60,1575.20,50.20,50.10,144.60,0.3235,-1,-1,-1
268,74,1105.10,59.10,36.50,125.00,0.7407,-1,-1,-1
268,79,1693.30,11.50,81.60,201.30,0.7544,-1,-1,-1
268,69,10.90,150.60,89.90,219.50,0.4158,-1,-1,-1
268,3,1275.90,196.40,115.60,252.60,0.8965,-1,-1,-1
268,46,1333.80,38.70,54.60,175.40,0.5669,-1,-1,-1
268,20,754.70,113.60,54.30,120.70,0.6602,-1,-1,-1
268,47,0.00,215.80,59.70,395.90,0.1943,-1,-1,-1
268,92,235.10,112.10,42.90,103.10,0.3408,-1,-1,-1
268,18,696.30,122.00,42.40,120.80,0.6958,-1,-1,-1
268,77,730.00,124.80,34.70,114.40,0.4475,-1,-1,-1
268,43,1238.40,75.60,87.10,171.70,0.7422,-1,-1,-1
268,39,1632.80,18.20,51.00,164.90,0.2330,-1,-1,-1
268,36,1515.50,11.70,50.30,183.50,0.4619,-1,-1,-1
268,2,1654.80,23.70,56.40,174.30,0.3057,-1,-1,-1
268,24,395.90,114.70,59.80,128.60,0.4551,-1,-1,-1
268,104,999.80,101.50,40.40,139.00,0.6577,-1,-1,-1
268,40,1408.60,31.60,51.90,145.70,0.5410,-1,-1,-1
268,88,631.20,135.00,33.90,110.70,0.7256,-1,-1,-1
268,82,512.10,117.70,42.80,124.70,0.6279,-1,-1,-1
268,33,648.70,122.20,61.30,121.10,0.7378,-1,-1,-1
269,37,1119.70,264.60,195.60,543.30,0.9229,-1,-1,-1
269,35,878.20,322.30,241.70,543.20,0.9287,-1,-1,-1
269,13,346.50,117.10,64.70,180.70,0.6704,-1,-1,-1
269,8,1471.10,25.00,57.20,171.10,0.6450,-1,-1,-1
269,22,1215.90,74.80,52.50,172.10,0.5889,-1,-1,-1
269,74,1112.70,55.40,35.30,120.40,0.6772,-1,-1,-1
269,79,1700.70,9.60,81.70,202.60,0.7485,-1,-1,-1
269,3,1322.00,207.30,122.10,269.00,0.8789,-1,-1,-1
269,46,1333.60,40.10,56.10,181.90,0.6050,-1,-1,-1
269,20,738.80,112.00,54.10,122.20,0.4551,-1,-1,-1
269,47,0.00,207.80,58.70,404.30,0.5049,-1,-1,-1
269,92,223.90,113.00,42.80,102.00,0.7456,-1,-1,-1
269,18,698.60,121.40,43.00,121.50,0.6968,-1,-1,-1
269,77,732.60,126.80,29.00,95.20,0.1234,-1,-1,-1
269,43,1234.80,78.60,86.60,172.10,0.6123,-1,-1,-1
269,39,1623.30,16.50,54.30,171.10,0.1755,-1,-1,-1
269,36,1517.30,13.70,49.70,181.30,0.5166,-1,-1,-1
269,2,1662.60,23.60,56.10,174.40,0.2480,-1,-1,-1
269,33,647.20,122.30,60.00,119.80,0.7793,-1,-1,-1
269,63,917.50,128.90,65.30,132.30,0.5488,-1,-1,-1
269,10,594.50,125.20,44.30,118.60,0.7178,-1,-1,-1
269,96,995.20,114.30,57.00,75.40,0.3794,-1,-1,-1
270,37,1207.90,295.50,225.30,625.80,0.9302,-1,-1,-1
270,35,931.40,358.70,285.10,639.10,0.9404,-1,-1,-1
270,13,343.80,114.70,65.50,183.10,0.4873,-1,-1,-1
270,8,1470.30,25.00,57.20,171.80,0.6704,-1,-1,-1
270,22,1215.80,78.40,51.30,169.00,0.6909,-1,-1,-1
270,74,1115.20,54.30,34.90,118.70,0.6333,-1,-1,-1
270,79,1710.10,10.00,80.50,201.10,0.7778,-1,-1,-1
270,46,1332.50,40.10,56.70,184.90,0.5815,-1,-1,-1
270,20,724.00,117.00,52.30,120.20,0.4177,-1,-1,-1
270,47,0.00,257.30,54.00,356.70,0.4707,-1,-1,-1
270,92,210.20,113.50,41.80,99.90,0.5488,-1,-1,-1
270,18,696.80,120.20,44.10,123.10,0.7319,-1,-1,-1
270,43,1236.90,79.20,86.20,174.20,0.7202,-1,-1,-1
270,39,1629.10,18.10,55.00,171.40,0.1968,-1,-1,-1
270,36,1518.70,13.40,50.10,181.50,0.5859,-1,-1,-1
270,2,1662.80,23.90,57.30,175.30,0.5137,-1,-1,-1
270,33,645.70,122.30,58.30,118.70,0.7695,-1,-1,-1
270,49,1784.40,7.80,61.20,204.40,0.8062,-1,-1,-1
270,42,1417.00,227.90,88.20,293.90,0.8218,-1,-1,-1
270,104,1003.80,100.50,38.70,129.00,0.7153,-1,-1,-1
271,35,1032.50,407.10,292.50,650.00,0.9492,-1,-1,-1
271,13,340.40,114.00,66.20,183.80,0.7656,-1,-1,-1
271,8,1470.00,25.40,57.20,171.80,0.7212,-1,-1,-1
271,22,1211.60,77.70,51.10,169.80,0.6196,-1,-1,-1
271,74,1115.40,54.00,34.30,117.00,0.4639,-1,-1,-1
271,79,1706.70,11.80,77.80,196.90,0.7378,-1,-1,-1
271,46,1332.50,38.40,58.10,187.70,0.6206,-1,-1,-1
271,47,0.00,230.30,55.10,381.00,0.4922,-1,-1,-1
271,92,196.60,112.10,41.80,100.70,0.7075,-1,-1,-1
271,18,695.50,123.90,42.90,119.20,0.5640,-1,-1,-1
271,43,1236.70,77.80,85.20,175.10,0.7471,-1,-1,-1
271,39,1635.80,20.30,52.40,165.50,0.1343,-1,-1,-1
271,36,1516.10,12.70,50.50,182.00,0.6768,-1,-1,-1
271,2,1660.70,24.10,58.10,176.90,0.5938,-1,-1,-1
271,49,1790.90,7.90,62.00,205.90,0.8159,-1,-1,-1
271,42,1457.10,237.90,86.20,260.70,0.7627,-1,-1,-1
271,44,1413.10,361.30,258.30,706.60,0.9395,-1,-1,-1
271,99,551.70,105.90,49.00,131.90,0.6807,-1,-1,-1
271,64,444.00,116.50,44.20,118.20,0.6470,-1,-1,-1
271,89,1136.90,42.90,42.20,143.60,0.4387,-1,-1,-1
271,88,643.60,124.40,36.90,117.60,0.7988,-1,-1,-1
271,96,996.80,112.80,59.70,79.30,0.3132,-1,-1,-1
272,13,337.30,116.30,66.30,181.20,0.4331,-1,-1,-1
272,8,1468.80,26.40,56.30,170.00,0.6611,-1,-1,-1
272,22,1209.80,79.30,50.40,168.40,0.6279,-1,-1,-1
272,74,1110.50,52.10,42.00,137.30,0.7871,-1,-1,-1
272,79,1701.30,17.60,72.80,189.80,0.6929,-1,-1,-1
272,46,1331.80,37.90,58.10,188.80,0.6187,-1,-1,-1
272,47,0.00,232.20,54.70,380.30,0.5361,-1,-1,-1
272,92,179.90,111.50,41.70,100.00,0.6782,-1,-1,-1
272,43,1236.00,74.00,86.10,179.90,0.7393,-1,-1,-1
272,36,1516.50,12.30,50.50,180.90,0.5527,-1,-1,-1
272,2,1655.90,24.00,58.50,175.50,0.4707,-1,-1,-1
272,49,1790.60,6.30,62.60,209.20,0.7227,-1,-1,-1
272,44,1354.50,471.30,260.40,608.70,0.9014,-1,-1,-1
272,99,554.00,120.70,42.70,114.50,0.6333,-1,-1,-1
272,64,434.10,115.80,43.10,115.20,0.7007,-1,-1,-1
272,96,994.70,112.30,58.90,78.10,0.3550,-1,-1,-1
272,61,1628.20,427.50,260.50,652.50,0.9478,-1,-1,-1
272,60,1578.00,97.20,37.30,100.60,0.3738,-1,-1,-1
272,82,527.70,107.40,37.50,110.10,0.5620,-1,-1,-1
272,77,724.10,126.60,33.90,110.20,0.6206,-1,-1,-1
272,63,903.30,126.40,64.10,128.00,0.8330,-1,-1,-1
272,10,619.50,120.60,43.80,119.60,0.7656,-1,-1,-1
272,20,680.20,115.10,54.20,126.10,0.7500,-1,-1,-1
273,13,346.50,127.40,62.10,170.20,0.4873,-1,-1,-1
273,8,1475.60,26.40,57.60,169.90,0.6655,-1,-1,-1
273,22,1210.40,80.20,49.60,165.80,0.7471,-1,-1,-1
273,74,1115.00,53.40,37.90,124.40,0.3372,-1,-1,-1
273,79,1699.50,18.50,70.60,188.00,0.6802,-1,-1,-1
273,46,1332.50,38.40,57.20,188.10,0.6245,-1,-1,-1
273,47,0.00,242.00,54.30,369.10,0.5361,-1,-1,-1
273,92,167.00,112.30,40.80,97.90,0.4893,-1,-1,-1
273,43,1237.50,74.40,85.00,181.20,0.7456,-1,-1,-1
273,36,1516.30,12.40,50.80,181.20,0.3540,-1,-1,-1
273,2,1652.40,26.00,58.10,173.50,0.4639,-1,-1,-1
273,49,1785.90,5.10,62.80,211.60,0.5620,-1,-1,-1
273,99,553.40,127.10,39.00,104.60,0.7886,-1,-1,-1
273,96,997.80,111.60,59.20,78.80,0.4253,-1,-1,-1
273,61,1591.80,597.90,237.50,482.10,0.9468,-1,-1,-1
273,60,1576.90,99.10,38.40,98.40,0.1038,-1,-1,-1
273,12,593.90,120.00,54.20,118.50,0.7778,-1,-1,-1
273,101,974.90,110.70,45.10,71.60,0.2629,-1,-1,-1
273,7,671.70,127.30,39.80,113.20,0.6250,-1,-1,-1
273,24,406.00,116.80,49.50,110.50,0.6167,-1,-1,-1
273,18,700.70,123.60,47.30,130.40,0.6929,-1,-1,-1
274,13,341.90,120.10,65.20,177.50,0.6802,-1,-1,-1
274,8,1473.70,26.00,57.90,170.20,0.5708,-1,-1,-1
274,22,1209.30,81.40,49.00,165.40,0.6602,-1,-1,-1
274,46,1334.90,35.70,57.40,190.20,0.5869,-1,-1,-1
274,47,0.10,254.10,54.60,356.70,0.4233,-1,-1,-1
274,43,1238.60,75.90,82.60,179.00,0.7393,-1,-1,-1
274,36,1512.60,12.10,50.80,182.30,0.4844,-1,-1,-1
274,2,1646.70,25.30,56.70,169.10,0.1699,-1,-1,-1
274,49,1786.10,3.40,63.40,214.20,0.4746,-1,-1,-1
274,99,554.00,128.10,37.70,101.40,0.4785,-1,-1,-1
274,96,997.10,111.50,56.80,75.90,0.2893,-1,-1,-1
274,60,1576.00,98.00,40.00,100.50,0.3328,-1,-1,-1
274,67,1432.60,40.30,49.90,137.20,0.4207,-1,-1,-1
274,105,210.60,115.00,46.00,117.80,0.5859,-1,-1,-1
274,103,740.40,112.40,40.60,114.20,0.6548,-1,-1,-1
274,12,577.30,121.00,52.50,117.80,0.7822,-1,-1,-1
274,101,974.20,110.90,46.70,73.20,0.3459,-1,-1,-1
274,24,397.00,115.10,47.10,108.80,0.4854,-1,-1,-1
274,18,702.80,122.10,43.90,121.50,0.5640,-1,-1,-1
274,42,168.50,116.60,53.80,116.70,0.6396,-1,-1,-1
274,40,1390.60,37.20,48.70,136.60,0.5991,-1,-1,-1
274,89,1126.40,54.50,42.20,139.90,0.6768,-1,-1,-1
274,88,654.90,125.90,40.00,126.90,0.7642,-1,-1,-1
275,13,338.50,117.30,66.30,180.00,0.7441,-1,-1,-1
275,8,1471.00,25.50,58.00,171.60,0.7090,-1,-1,-1
275,22,1206.80,81.00,48.90,166.30,0.5918,-1,-1,-1
275,46,1332.20,36.30,56.90,189.50,0.6104,-1,-1,-1
275,47,0.00,248.70,53.80,362.20,0.5820,-1,-1,-1
275,43,1238.60,72.70,81.60,179.80,0.7642,-1,-1,-1
275,36,1513.60,11.10,51.40,183.40,0.6768,-1,-1,-1
275,2,1653.60,22.90,60.50,179.50,0.5649,-1,-1,-1
275,49,1784.40,3.60,63.00,214.00,0.5439,-1,-1,-1
275,99,554.60,120.90,42.60,114.00,0.8101,-1,-1,-1
275,60,1575.80,104.00,40.30,97.10,0.4805,-1,-1,-1
275,103,749.20,124.50,43.60,121.50,0.7832,-1,-1,-1
275,101,974.50,110.00,47.20,74.30,0.1614,-1,-1,-1
275,18,700.90,120.00,43.50,120.40,0.6636,-1,-1,-1
275,42,181.30,113.20,52.90,117.00,0.6748,-1,-1,-1
275,40,1388.30,40.70,48.90,136.60,0.4932,-1,-1,-1
275,69,137.60,111.00,50.70,123.40,0.7090,-1,-1,-1
275,17,83.30,104.20,40.10,94.30,0.6162,-1,-1,-1
275,104,1008.60,89.20,42.30,144.40,0.4177,-1,-1,-1
275,10,646.20,125.30,42.50,114.60,0.7900,-1,-1,-1
275,74,1117.70,54.00,36.10,118.30,0.3950,-1,-1,-1
276,13,335.00,115.30,67.20,181.60,0.7192,-1,-1,-1
276,8,1475.90,25.50,59.00,170.20,0.6123,-1,-1,-1
276,22,1205.80,79.60,49.00,167.90,0.7285,-1,-1,-1
276,46,1332.20,36.00,56.70,189.60,0.5620,-1,-1,-1
276,47,0.00,247.30,53.40,364.70,0.5815,-1,-1,-1
276,43,1238.80,72.00,80.90,181.80,0.7559,-1,-1,-1
276,36,1514.80,9.10,52.10,185.50,0.6353,-1,-1,-1
276,2,1646.50,21.50,61.50,183.10,0.7202,-1,-1,-1
276,49,1787.70,3.00,63.30,214.30,0.4834,-1,-1,-1
276,99,552.10,120.00,46.80,125.80,0.4688,-1,-1,-1
276,60,1575.10,102.90,41.80,97.50,0.5439,-1,-1,-1
276,103,743.80,117.70,42.20,117.50,0.7334,-1,-1,-1
276,101,960.60,106.30,74.40,121.90,0.6870,-1,-1,-1
276,18,696.40,120.10,47.90,127.20,0.7485,-1,-1,-1
276,42,179.30,112.60,46.30,103.90,0.4282,-1,-1,-1
276,93,268.40,104.10,42.30,111.50,0.7104,-1,-1,-1
276,15,1037.40,89.90,55.20,140.50,0.7793,-1,-1,-1
276,17,82.30,104.30,41.10,99.30,0.3831,-1,-1,-1
276,104,1010.20,88.10,40.40,135.80,0.6577,-1,-1,-1
276,74,1116.00,54.30,39.40,127.70,0.5049,-1,-1,-1
276,64,431.40,106.80,38.30,102.60,0.5962,-1,-1,-1
276,20,625.30,125.20,48.50,114.80,0.7686,-1,-1,-1
276,79,1686.60,21.00,68.10,182.10,0.5039,-1,-1,-1
276,92,120.90,114.10,47.90,114.50,0.5420,-1,-1,-1
276,105,223.20,112.60,37.10,94.80,0.5698,-1,-1,-1
277,13,332.90,115.50,66.70,181.60,0.4561,-1,-1,-1
277,8,1471.80,25.70,58.40,170.80,0.7075,-1,-1,-1
277,22,1205.70,79.80,48.50,167.00,0.6738,-1,-1,-1
277,46,1333.60,37.00,55.60,188.40,0.6592,-1,-1,-1
277,47,0.00,238.10,53.60,372.30,0.4534,-1,-1,-1
277,43,1239.20,72.20,79.10,180.90,0.7178,-1,-1,-1
277,36,1513.70,10.80,51.60,183.40,0.6133,-1,-1,-1
277,2,1640.00,21.20,61.60,183.80,0.7363,-1,-1,-1
277,49,1787.00,3.50,63.00,214.10,0.4951,-1,-1,-1
277,60,1574.70,103.70,42.60,96.40,0.3701,-1,-1,-1
277,103,741.40,114.70,41.30,115.00,0.7056,-1,-1,-1
277,101,946.20,108.60,81.40,137.60,0.6582,-1,-1,-1
277,18,696.60,123.30,44.00,117.20,0.5420,-1,-1,-1
277,42,173.40,111.00,46.10,102.10,0.2147,-1,-1,-1
277,93,253.30,103.40,42.40,111.50,0.6870,-1,-1,-1
277,17,83.90,105.40,48.00,115.90,0.5273,-1,-1,-1
277,104,1005.80,101.40,43.60,141.80,0.6841,-1,-1,-1
277,74,1109.10,53.30,44.30,140.60,0.4873,-1,-1,-1
277,64,417.60,106.60,38.20,99.40,0.5879,-1,-1,-1
277,20,616.70,128.10,45.20,110.20,0.5815,-1,-1,-1
277,79,1685.00,20.50,67.50,182.90,0.6074,-1,-1,-1
277,105,217.10,113.50,35.40,90.20,0.4746,-1,-1,-1
277,7,674.00,125.40,40.50,116.30,0.2751,-1,-1,-1
277,12,540.40,119.80,51.70,118.30,0.7656,-1,-1,-1
277,40,1393.90,46.60,47.70,128.50,0.7051,-1,-1,-1
277,69,136.30,111.10,47.70,115.90,0.3621,-1,-1,-1
277,10,650.00,130.80,45.50,115.20,0.6602,-1,-1,-1
278,13,339.60,130.80,60.90,167.00,0.7393,-1,-1,-1
278,8,1471.50,26.30,57.70,170.40,0.6396,-1,-1,-1
278,22,1206.30,80.20,48.10,166.50,0.6050,-1,-1,-1
278,46,1334.90,34.30,55.70,191.10,0.6074,-1,-1,-1
278,47,3.10,228.40,47.20,305.40,0.3887,-1,-1,-1
278,43,1236.90,71.10,78.30,182.00,0.7241,-1,-1,-1
278,36,1512.00,9.00,52.00,184.40,0.6323,-1,-1,-1
278,2,1636.70,18.80,63.30,185.90,0.7129,-1,-1,-1
278,49,1786.80,3.50,62.90,214.20,0.5640,-1,-1,-1
278,60,1574.50,102.70,43.00,94.80,0.5669,-1,-1,-1
278,103,740.80,114.00,41.10,114.30,0.7769,-1,-1,-1
278,101,955.90,107.90,74.90,129.40,0.5957,-1,-1,-1
278,42,164.30,110.00,44.60,98.60,0.5962,-1,-1,-1
278,93,243.90,102.10,41.50,109.50,0.6196,-1,-1,-1
278,17,78.40,104.70,47.90,120.50,0.1343,-1,-1,-1
278,74,1112.20,53.90,39.50,125.50,0.6372,-1,-1,-1
278,20,597.00,129.90,47.10,113.30,0.7769,-1,-1,-1
278,79,1686.80,20.60,66.60,182.10,0.6450,-1,-1,-1
278,105,209.70,112.40,35.40,89.40,0.5566,-1,-1,-1
278,27,1076.80,84.50,37.60,120.60,0.6841,-1,-1,-1
278,10,661.40,126.70,43.90,113.70,0.4805,-1,-1,-1
278,63,901.50,124.80,61.90,135.50,0.4465,-1,-1,-1
278,96,1005.10,111.80,56.50,77.10,0.3389,-1,-1,-1
278,24,385.40,108.00,41.80,96.80,0.4358,-1,-1,-1
278,99,547.40,113.60,46.50,126.60,0.7349,-1,-1,-1
278,92,107.10,117.30,45.80,108.50,0.4961,-1,-1,-1
279,13,342.70,138.20,58.20,159.40,0.6782,-1,-1,-1
279,8,1473.00,26.80,58.10,170.30,0.6333,-1,-1,-1
279,22,1208.20,74.60,49.60,172.30,0.4187,-1,-1,-1
279,46,1336.40,32.70,55.70,192.70,0.6523,-1,-1,-1
279,47,0.00,230.00,54.00,356.10,0.4883,-1,-1,-1
279,43,1238.50,77.50,75.20,178.60,0.7319,-1,-1,-1
279,36,1512.40,9.10,52.10,184.70,0.6450,-1,-1,-1
279,2,1633.90,17.70,63.20,185.10,0.6655,-1,-1,-1
279,49,1789.60,3.90,63.00,214.00,0.5137,-1,-1,-1
279,60,1575.00,101.60,44.00,95.20,0.5601,-1,-1,-1
279,103,740.70,113.50,40.90,114.00,0.7974,-1,-1,-1
279,101,936.00,108.90,75.20,132.70,0.8003,-1,-1,-1
279,42,154.50,108.30,43.60,97.10,0.4785,-1,-1,-1
279,93,233.00,103.40,40.30,105.60,0.6758,-1,-1,-1
279,17,80.30,107.80,47.00,116.00,0.2134,-1,-1,-1
279,74,1114.00,54.20,37.60,118.80,0.6714,-1,-1,-1
279,20,596.50,127.50,46.60,112.90,0.7319,-1,-1,-1
279,79,1687.60,20.20,66.20,182.90,0.7241,-1,-1,-1
279,105,195.40,111.80,35.50,89.90,0.6636,-1,-1,-1
279,10,660.80,125.20,43.30,112.90,0.5840,-1,-1,-1
279,63,880.80,121.70,62.90,141.60,0.8271,-1,-1,-1
279,99,545.20,119.30,47.20,123.20,0.7407,-1,-1,-1
279,92,91.40,129.20,40.60,94.20,0.1038,-1,-1,-1
279,7,267.60,124.00,73.70,166.30,0.8721,-1,-1,-1
279,15,1045.70,103.00,47.10,119.10,0.6113,-1,-1,-1
279,64,417.10,113.50,49.70,125.20,0.8271,-1,-1,-1
280,13,338.20,138.10,58.20,158.90,0.7393,-1,-1,-1
280,8,1471.40,28.00,56.80,169.20,0.5381,-1,-1,-1
280,22,1209.30,75.50,49.30,171.90,0.5786,-1,-1,-1
280,46,1337.70,32.80,55.30,192.60,0.6387,-1,-1,-1
280,47,0.00,228.10,57.00,374.70,0.3557,-1,-1,-1
280,43,1238.50,74.00,75.20,182.70,0.7285,-1,-1,-1
280,36,1514.80,11.10,52.10,182.30,0.5659,-1,-1,-1
280,2,1632.40,16.50,64.20,187.40,0.6714,-1,-1,-1
280,49,1786.00,3.40,62.30,213.90,0.5127,-1,-1,-1
280,60,1576.30,90.60,48.20,103.80,0.6245,-1,-1,-1
280,103,740.90,113.30,41.00,114.00,0.8218,-1,-1,-1
280,42,145.90,109.30,41.40,94.40,0.3540,-1,-1,-1
280,93,214.20,115.50,59.30,154.10,0.8193,-1,-1,-1
280,74,1114.30,53.40,37.60,118.60,0.4863,-1,-1,-1
280,20,594.00,125.50,46.60,113.50,0.8237,-1,-1,-1
280,79,1688.40,21.00,65.20,181.60,0.6279,-1,-1,-1
280,105,183.20,110.70,35.60,90.40,0.4639,-1,-1,-1
280,10,655.20,124.10,43.00,112.30,0.6953,-1,-1,-1
280,63,884.20,124.10,57.60,133.40,0.7871,-1,-1,-1
280,99,543.20,117.40,46.90,122.40,0.7241,-1,-1,-1
280,38,1.20,229.60,70.80,254.70,0.4226,-1,-1,-1
280,67,1432.70,37.50,55.00,152.80,0.4932,-1,-1,-1
280,7,683.30,128.60,32.90,96.20,0.6279,-1,-1,-1
280,12,498.30,126.00,51.70,116.90,0.7964,-1,-1,-1
280,96,1002.60,109.30,79.10,113.70,0.6772,-1,-1,-1
280,24,375.60,114.20,53.10,124.10,0.7642,-1,-1,-1
281,13,335.50,139.30,57.70,157.70,0.7568,-1,-1,-1
281,8,1473.50,27.30,57.70,169.80,0.6943,-1,-1,-1
281,22,1210.10,78.10,47.50,165.50,0.6885,-1,-1,-1
281,46,1337.50,34.60,54.50,191.20,0.6670,-1,-1,-1
281,47,0.00,230.90,55.50,378.70,0.4387,-1,-1,-1
281,43,1241.70,79.00,71.90,177.70,0.7559,-1,-1,-1
281,36,1516.10,13.70,51.40,178.90,0.6279,-1,-1,-1
281,2,1633.80,17.30,64.70,187.60,0.7778,-1,-1,-1
281,49,1788.20,2.50,63.00,215.00,0.4580,-1,-1,-1
281,60,1564.80,57.50,62.00,138.00,0.4688,-1,-1,-1
281,103,739.80,113.60,40.80,113.20,0.4873,-1,-1,-1
281,20,587.70,126.30,45.40,112.50,0.7583,-1,-1,-1
281,79,1690.70,21.10,64.90,182.50,0.6436,-1,-1,-1
281,10,649.00,120.90,44.10,116.00,0.6489,-1,-1,-1
281,99,533.10,112.70,47.50,124.50,0.7754,-1,-1,-1
281,38,0.50,227.20,71.20,256.10,0.4609,-1,-1,-1
281,33,812.90,124.30,58.40,133.60,0.7559,-1,-1,-1
281,82,848.00,122.50,43.40,133.20,0.5918,-1,-1,-1
281,35,1153.20,58.10,39.00,129.80,0.6343,-1,-1,-1
281,67,1424.00,37.10,55.30,155.50,0.4922,-1,-1,-1
281,89,1118.60,55.00,39.60,131.60,0.4951,-1,-1,-1
281,18,696.00,126.10,37.90,98.40,0.6289,-1,-1,-1
281,104,992.30,110.10,44.10,135.60,0.5527,-1,-1,-1
281,69,142.40,117.80,72.20,170.00,0.8604,-1,-1,-1
281,64,438.00,124.40,49.10,118.20,0.8237,-1,-1,-1
282,13,322.80,138.80,58.40,158.20,0.8062,-1,-1,-1
282,8,1476.00,27.60,58.60,169.70,0.7241,-1,-1,-1
282,22,1208.40,80.40,47.80,163.80,0.6592,-1,-1,-1
282,46,1336.30,34.60,53.40,190.50,0.7163,-1,-1,-1
282,47,0.00,240.50,54.60,373.30,0.5127,-1,-1,-1
282,43,1242.80,78.30,69.80,176.30,0.7754,-1,-1,-1
282,36,1517.70,13.60,52.40,179.40,0.5186,-1,-1,-1
282,2,1634.00,18.30,65.70,186.40,0.7739,-1,-1,-1
282,49,1790.20,3.80,62.90,213.70,0.4668,-1,-1,-1
282,60,1558.70,34.10,70.80,161.40,0.6943,-1,-1,-1
282,103,741.40,113.50,40.30,112.40,0.6152,-1,-1,-1
282,20,580.70,126.10,44.30,111.50,0.7441,-1,-1,-1
282,79,1690.80,21.30,64.50,182.70,0.5518,-1,-1,-1
282,10,639.20,119.00,44.60,116.20,0.6934,-1,-1,-1
282,99,523.60,114.40,46.40,121.00,0.8076,-1,-1,-1
282,38,1.30,227.60,70.80,254.80,0.2056,-1,-1,-1
282,33,806.40,121.90,56.40,130.00,0.5283,-1,-1,-1
282,35,1158.60,54.70,38.00,126.50,0.6479,-1,-1,-1
282,67,1418.00,38.80,55.30,156.70,0.5815,-1,-1,-1
282,108,777.40,121.60,47.70,134.40,0.7441,-1,-1,-1
282,89,1116.80,56.00,42.50,140.50,0.4331,-1,-1,-1
282,77,716.00,126.00,43.10,131.90,0.7285,-1,-1,-1
282,40,1377.70,32.90,53.70,151.50,0.3513,-1,-1,-1
282,101,936.10,126.40,72.10,131.00,0.5688,-1,-1,-1
283,8,1476.20,27.60,59.50,170.20,0.7334,-1,-1,-1
283,22,1201.50,78.60,50.50,164.80,0.7114,-1,-1,-1
283,46,1338.00,36.00,52.70,189.30,0.6772,-1,-1,-1
283,47,1.20,233.90,57.80,379.90,0.5293,-1,-1,-1
283,43,1242.70,79.70,68.30,175.70,0.7129,-1,-1,-1
283,36,1522.30,15.00,52.70,179.40,0.5659,-1,-1,-1
283,2,1636.00,18.30,66.40,186.80,0.5776,-1,-1,-1
283,49,1792.30,3.20,64.10,214.40,0.5254,-1,-1,-1
283,60,1562.90,24.10,73.60,171.90,0.6479,-1,-1,-1
283,103,739.90,116.30,45.90,128.60,0.7051,-1,-1,-1
283,20,571.10,125.90,43.90,109.60,0.7822,-1,-1,-1
283,79,1692.00,21.20,64.00,182.80,0.6377,-1,-1,-1
283,10,652.90,120.40,49.10,128.70,0.7939,-1,-1,-1
283,99,510.40,111.60,47.80,122.60,0.7964,-1,-1,-1
283,38,2.30,232.00,70.10,251.30,0.2089,-1,-1,-1
283,67,1412.80,38.40,57.20,163.90,0.6260,-1,-1,-1
283,108,774.60,122.60,46.00,129.70,0.5498,-1,-1,-1
283,40,1373.90,32.10,53.30,152.70,0.1432,-1,-1,-1
283,101,937.60,135.10,61.90,115.80,0.5708,-1,-1,-1
283,27,1067.40,79.10,40.60,131.20,0.5088,-1,-1,-1
283,7,282.40,137.40,71.90,158.30,0.7407,-1,-1,-1
283,42,144.90,110.50,37.10,86.40,0.4863,-1,-1,-1
283,63,890.90,139.20,54.10,122.10,0.7974,-1,-1,-1
283,24,355.70,118.10,53.70,121.70,0.7598,-1,-1,-1
284,8,1474.50,27.30,59.30,170.70,0.6836,-1,-1,-1
284,22,1207.50,78.90,50.30,163.60,0.7017,-1,-1,-1
284,46,1338.00,34.90,52.60,190.20,0.6982,-1,-1,-1
284,47,2.70,224.40,59.90,388.90,0.5020,-1,-1,-1
284,43,1244.50,77.80,68.00,178.50,0.7124,-1,-1,-1
284,36,1533.50,13.70,53.80,182.80,0.6440,-1,-1,-1
284,2,1633.50,20.30,65.20,184.60,0.6802,-1,-1,-1
284,49,1793.90,3.40,64.90,214.10,0.5728,-1,-1,-1
284,60,1566.80,19.40,76.10,179.00,0.6567,-1,-1,-1
284,103,738.70,115.00,48.10,133.90,0.6626,-1,-1,-1
284,20,558.40,124.60,43.90,109.70,0.7871,-1,-1,-1
284,79,1692.60,21.20,63.70,183.10,0.7178,-1,-1,-1
284,99,495.90,110.70,48.30,122.50,0.7949,-1,-1,-1
284,38,1.80,225.50,71.50,256.40,0.2344,-1,-1,-1
284,67,1405.40,38.80,59.20,170.80,0.6699,-1,-1,-1
284,88,615.20,123.20,46.10,126.30,0.8306,-1,-1,-1
284,27,1070.20,92.60,40.20,129.90,0.5698,-1,-1,-1
284,7,260.60,142.80,73.20,154.40,0.7925,-1,-1,-1
284,42,137.30,109.80,35.80,85.30,0.4446,-1,-1,-1
284,63,896.40,143.20,49.80,115.50,0.6123,-1,-1,-1
284,15,1036.10,90.00,52.70,137.30,0.5215,-1,-1,-1
284,82,860.70,139.00,39.90,120.70,0.7754,-1,-1,-1
284,13,317.20,127.10,45.90,122.50,0.8101,-1,-1,-1
284,77,710.80,119.10,43.40,134.50,0.6792,-1,-1,-1
285,8,1473.20,27.60,60.50,169.40,0.5737,-1,-1,-1
285,22,1211.50,75.20,50.70,168.20,0.5508,-1,-1,-1
285,46,1338.00,35.70,49.70,181.10,0.5566,-1,-1,-1
285,47,0.00,234.20,55.50,374.90,0.1086,-1,-1,-1
285,43,1245.00,80.10,66.20,176.30,0.6533,-1,-1,-1
285,36,1547.00,13.00,55.10,184.60,0.5332,-1,-1,-1
285,2,1628.50,19.30,65.00,185.80,0.5557,-1,-1,-1
285,49,1789.70,2.50,64.80,214.60,0.5000,-1,-1,-1
285,60,1573.60,20.50,74.30,177.90,0.4397,-1,-1,-1
285,103,740.30,113.90,44.00,122.80,0.7529,-1,-1,-1
285,20,544.50,124.80,41.60,106.80,0.3684,-1,-1,-1
285,79,1691.50,22.20,62.30,181.60,0.6738,-1,-1,-1
285,99,481.30,110.50,48.20,122.50,0.7988,-1,-1,-1
285,38,0.90,224.10,72.80,261.10,0.6104,-1,-1,-1
285,67,1391.90,47.70,60.00,173.90,0.6943,-1,-1,-1
285,88,607.30,125.00,40.80,111.80,0.5591,-1,-1,-1
285,27,1075.90,89.90,38.70,125.50,0.5630,-1,-1,-1
285,7,264.40,124.30,61.30,131.60,0.6030,-1,-1,-1
285,15,1038.30,104.30,51.20,132.70,0.6343,-1,-1,-1
285,82,861.60,146.10,36.90,111.50,0.6235,-1,-1,-1
285,77,704.80,128.00,39.70,121.90,0.1074,-1,-1,-1
285,33,807.30,139.20,52.30,119.80,0.7778,-1,-1,-1
285,74,1114.20,54.20,36.70,116.40,0.6333,-1,-1,-1
285,105,147.20,101.30,41.70,105.70,0.5879,-1,-1,-1
285,96,989.90,104.40,85.70,134.00,0.5488,-1,-1,-1
285,10,665.80,118.50,49.10,131.60,0.5820,-1,-1,-1
286,8,1471.00,30.00,58.50,167.20,0.6177,-1,-1,-1
286,22,1213.20,77.00,49.50,166.30,0.5410,-1,-1,-1
286,46,1338.90,36.30,45.70,165.90,0.5156,-1,-1,-1
286,43,1245.90,83.00,64.10,173.00,0.5889,-1,-1,-1
286,2,1628.70,18.70,64.90,186.10,0.6592,-1,-1,-1
286,49,1787.30,3.20,64.40,214.30,0.5264,-1,-1,-1
286,60,1568.60,9.80,77.60,189.30,0.5918,-1,-1,-1
286,103,740.40,113.30,41.90,117.70,0.7900,-1,-1,-1
286,20,528.70,121.60,47.40,119.90,0.7900,-1,-1,-1
286,79,1691.20,23.30,61.60,180.70,0.5557,-1,-1,-1
286,99,466.90,110.70,47.50,121.00,0.7217,-1,-1,-1
286,38,0.00,224.20,73.20,262.70,0.6724,-1,-1,-1
286,15,1040.90,101.10,49.20,131.40,0.5796,-1,-1,-1
286,21,573.10,120.40,47.50,114.30,0.6123,-1,-1,-1
286,74,1115.20,54.80,36.70,115.40,0.6235,-1,-1,-1
286,105,138.30,100.80,39.80,102.90,0.2240,-1,-1,-1
286,96,994.70,113.00,82.20,138.20,0.6187,-1,-1,-1
286,33,815.80,143.50,49.00,113.50,0.7393,-1,-1,-1
286,10,661.10,120.00,46.70,125.90,0.5508,-1,-1,-1
286,92,0.00,126.00,38.50,97.30,0.4766,-1,-1,-1
286,104,974.90,113.30,44.30,137.80,0.6396,-1,-1,-1
286,69,171.50,139.20,69.80,159.20,0.6919,-1,-1,-1
286,108,779.40,138.20,42.30,119.00,0.7075,-1,-1,-1
286,40,1364.40,59.80,60.90,178.00,0.6074,-1,-1,-1
286,42,114.20,107.20,45.90,109.00,0.5352,-1,-1,-1
287,8,1474.10,28.90,59.80,168.30,0.7241,-1,-1,-1
287,22,1212.70,79.80,48.30,162.30,0.6841,-1,-1,-1
287,46,1339.50,55.60,50.90,183.40,0.5571,-1,-1,-1
287,43,1247.60,85.10,62.70,171.80,0.6836,-1,-1,-1
287,2,1629.30,21.00,63.90,184.10,0.6592,-1,-1,-1
287,49,1789.90,3.80,65.10,214.00,0.6123,-1,-1,-1
287,103,739.00,114.40,47.50,134.10,0.7407,-1,-1,-1
287,20,518.60,123.70,43.00,109.30,0.6494,-1,-1,-1
287,79,1693.10,23.30,61.30,181.30,0.6626,-1,-1,-1
287,99,473.10,112.60,50.40,128.50,0.5806,-1,-1,-1
287,38,0.00,217.90,74.10,269.60,0.5029,-1,-1,-1
287,74,1114.50,54.70,36.70,115.10,0.6943,-1,-1,-1
287,96,1003.30,113.60,72.00,127.70,0.6953,-1,-1,-1
287,37,617.50,118.20,59.60,126.50,0.5391,-1,-1,-1
287,104,981.60,125.20,46.60,135.30,0.7202,-1,-1,-1
287,69,193.30,127.20,54.70,123.90,0.7612,-1,-1,-1
287,108,782.80,142.30,39.60,112.40,0.5620,-1,-1,-1
287,93,128.30,138.10,65.90,161.40,0.8584,-1,-1,-1
287,64,438.20,113.40,46.80,116.40,0.6270,-1,-1,-1
287,101,933.00,128.70,66.70,133.80,0.6426,-1,-1,-1
287,67,1411.30,47.10,54.00,154.80,0.7627,-1,-1,-1
287,88,593.80,120.10,45.80,124.80,0.7031,-1,-1,-1
288,8,1476.10,27.80,60.60,169.00,0.7407,-1,-1,-1
288,22,1212.40,81.00,48.00,163.90,0.5518,-1,-1,-1
288,46,1333.10,42.90,52.30,188.10,0.2330,-1,-1,-1
288,43,1249.00,86.90,60.60,167.90,0.6899,-1,-1,-1
288,2,1630.70,22.40,63.30,182.40,0.6724,-1,-1,-1
288,49,1783.60,3.50,64.00,213.90,0.6069,-1,-1,-1
288,103,740.00,113.90,48.30,138.30,0.6343,-1,-1,-1
288,20,504.90,122.60,41.00,105.40,0.5254,-1,-1,-1
288,79,1692.00,22.70,60.90,182.10,0.6538,-1,-1,-1
288,38,0.00,223.10,73.70,265.10,0.7241,-1,-1,-1
288,74,1114.40,54.80,37.40,116.30,0.6577,-1,-1,-1
288,104,982.90,116.80,47.30,137.30,0.5571,-1,-1,-1
288,64,433.50,119.20,49.60,119.90,0.6909,-1,-1,-1
288,101,931.10,136.60,65.40,129.60,0.7612,-1,-1,-1
288,67,1413.40,44.90,54.70,155.80,0.6826,-1,-1,-1
288,88,589.80,117.70,46.20,126.10,0.6577,-1,-1,-1
288,35,1164.20,36.30,41.80,140.70,0.5039,-1,-1,-1
288,63,899.90,133.60,52.40,124.40,0.7041,-1,-1,-1
288,36,1563.10,20.90,52.10,172.10,0.5889,-1,-1,-1
288,33,701.90,134.90,55.20,119.70,0.7017,-1,-1,-1
288,21,551.80,118.00,52.50,125.70,0.7305,-1,-1,-1
289,8,1476.10,27.20,61.40,169.70,0.7686,-1,-1,-1
289,22,1212.60,82.30,48.20,165.10,0.6289,-1,-1,-1
289,46,1333.10,38.30,52.70,189.90,0.6982,-1,-1,-1
289,43,1251.10,86.30,59.70,168.20,0.6069,-1,-1,-1
289,2,1630.10,20.70,63.40,184.10,0.5176,-1,-1,-1
289,49,1784.20,3.70,63.60,213.80,0.5430,-1,-1,-1
289,103,741.20,114.10,43.30,124.20,0.6772,-1,-1,-1
289,20,490.00,122.80,40.90,103.50,0.4045,-1,-1,-1
289,79,1693.00,21.80,60.00,180.40,0.6309,-1,-1,-1
289,38,0.60,228.20,72.40,260.00,0.7104,-1,-1,-1
289,74,1112.10,54.30,37.20,117.60,0.5244,-1,-1,-1
289,101,934.50,140.00,62.70,123.50,0.6362,-1,-1,-1
289,67,1412.80,51.00,56.40,161.90,0.7051,-1,-1,-1
289,18,203.60,103.40,26.80,92.70,0.5352,-1,-1,-1
289,35,1166.40,35.20,42.30,145.10,0.5537,-1,-1,-1
289,63,895.40,136.70,52.70,125.90,0.8306,-1,-1,-1
289,36,1556.60,24.50,51.70,169.80,0.7241,-1,-1,-1
289,33,710.00,141.70,49.70,111.20,0.4580,-1,-1,-1
289,21,557.50,118.70,51.90,123.60,0.7212,-1,-1,-1
289,12,381.40,117.20,55.40,125.00,0.6875,-1,-1,-1
289,82,867.20,131.80,41.60,125.80,0.7256,-1,-1,-1
289,10,673.30,131.00,46.50,121.50,0.7393,-1,-1,-1
290,8,1475.50,27.60,61.90,169.80,0.7656,-1,-1,-1
290,22,1214.70,82.20,47.20,163.60,0.5039,-1,-1,-1
290,46,1335.60,35.90,52.80,190.90,0.6069,-1,-1,-1
290,43,1258.00,116.70,61.00,172.90,0.6440,-1,-1,-1
290,2,1632.40,22.70,62.40,181.60,0.6768,-1,-1,-1
290,49,1776.90,5.00,64.70,210.60,0.4902,-1,-1,-1
290,103,741.70,113.60,41.10,117.80,0.8076,-1,-1,-1
290,20,485.70,116.80,46.60,119.60,0.6396,-1,-1,-1
290,79,1699.50,21.70,61.30,179.00,0.6919,-1,-1,-1
290,38,0.00,217.00,74.70,269.60,0.3513,-1,-1,-1
290,74,1114.00,47.90,42.50,134.80,0.6362,-1,-1,-1
290,67,1411.50,62.60,55.20,156.00,0.7305,-1,-1,-1
290,18,192.80,103.20,25.80,88.40,0.6426,-1,-1,-1
290,63,890.70,138.40,51.00,123.60,0.6602,-1,-1,-1
290,36,1547.70,27.10,51.00,167.40,0.4707,-1,-1,-1
290,12,368.10,115.40,50.30,115.70,0.5566,-1,-1,-1
290,82,862.00,135.30,41.50,126.00,0.5957,-1,-1,-1
290,10,682.00,139.90,42.80,111.90,0.7529,-1,-1,-1
290,24,336.60,120.10,53.10,120.10,0.7192,-1,-1,-1
290,7,263.60,109.60,55.10,119.90,0.7334,-1,-1,-1
290,105,109.70,111.80,43.60,109.90,0.5342,-1,-1,-1
290,33,819.90,133.20,54.40,124.50,0.6982,-1,-1,-1
290,37,637.80,137.70,53.80,114.30,0.8262,-1,-1,-1
291,8,1470.70,27.60,60.30,169.00,0.6738,-1,-1,-1
291,22,1213.80,82.90,46.30,160.60,0.4727,-1,-1,-1
291,46,1337.80,36.30,52.30,189.50,0.6602,-1,-1,-1
291,43,1240.90,135.50,62.40,174.80,0.7598,-1,-1,-1
291,2,1633.40,23.70,61.90,180.80,0.6582,-1,-1,-1
291,49,1776.30,8.00,64.80,206.70,0.5547,-1,-1,-1
291,103,742.00,113.90,40.20,114.90,0.8159,-1,-1,-1
291,20,468.50,116.50,48.30,122.20,0.3442,-1,-1,-1
291,79,1716.40,24.60,60.80,174.80,0.6582,-1,-1,-1
291,38,0.80,224.50,73.20,262.50,0.4351,-1,-1,-1
291,74,1124.30,51.40,43.10,136.20,0.6260,-1,-1,-1
291,67,1408.60,77.20,59.70,167.10,0.7256,-1,-1,-1
291,36,1552.60,25.70,52.40,169.40,0.6943,-1,-1,-1
291,12,348.50,111.80,49.00,116.80,0.6074,-1,-1,-1
291,82,850.50,137.10,40.40,123.80,0.6626,-1,-1,-1
291,59,1192.80,55.60,45.00,155.90,0.4055,-1,-1,-1
291,33,810.90,134.90,53.50,126.40,0.6396,-1,-1,-1
291,37,648.10,142.90,50.20,106.90,0.7378,-1,-1,-1
291,89,1091.80,52.10,43.40,140.80,0.5659,-1,-1,-1
291,13,300.50,114.30,48.00,123.20,0.6860,-1,-1,-1
291,42,84.10,114.30,44.90,107.40,0.5068,-1,-1,-1
291,108,782.00,130.20,45.50,126.80,0.5659,-1,-1,-1
292,8,1471.90,27.30,61.50,169.90,0.7031,-1,-1,-1
292,22,1209.80,126.60,49.20,170.80,0.6426,-1,-1,-1
292,46,1337.90,35.00,52.60,190.70,0.7002,-1,-1,-1
292,43,1241.90,96.60,63.60,179.90,0.6665,-1,-1,-1
292,2,1636.70,21.50,63.90,183.30,0.6792,-1,-1,-1
292,49,1786.00,6.10,67.20,209.70,0.5342,-1,-1,-1
292,103,741.40,114.60,39.20,111.80,0.2622,-1,-1,-1
292,20,465.50,112.70,49.00,125.10,0.5698,-1,-1,-1
292,79,1726.90,24.40,60.30,174.30,0.7378,-1,-1,-1
292,38,0.00,201.60,77.70,287.60,0.5981,-1,-1,-1
292,74,1135.10,54.40,41.00,124.90,0.4795,-1,-1,-1
292,67,1412.10,90.90,61.00,171.10,0.7583,-1,-1,-1
292,36,1562.30,24.40,53.10,173.80,0.6040,-1,-1,-1
292,12,344.20,113.00,51.40,116.80,0.5010,-1,-1,-1
292,59,1193.00,57.90,44.10,152.90,0.4417,-1,-1,-1
292,33,801.80,137.10,51.00,122.30,0.7305,-1,-1,-1
292,7,608.30,141.20,58.70,107.00,0.7725,-1,-1,-1
292,25,1003.00,115.20,53.80,74.60,0.4272,-1,-1,-1
292,89,1096.00,55.10,46.40,151.60,0.6084,-1,-1,-1
292,88,571.70,133.90,43.20,116.30,0.8125,-1,-1,-1
292,17,63.80,111.10,45.40,108.70,0.5117,-1,-1,-1
292,27,1073.00,61.10,41.30,135.70,0.6235,-1,-1,-1
292,64,429.60,115.70,51.90,123.30,0.7017,-1,-1,-1
292,105,99.90,105.70,37.10,90.60,0.4141,-1,-1,-1
293,8,1473.70,27.90,61.30,169.20,0.6689,-1,-1,-1
293,22,1193.10,141.90,52.60,176.60,0.5391,-1,-1,-1
293,46,1338.50,35.10,52.60,190.40,0.6899,-1,-1,-1
293,43,1245.30,86.80,62.00,176.80,0.6602,-1,-1,-1
293,2,1640.10,22.10,64.10,183.40,0.6460,-1,-1,-1
293,49,1791.30,6.60,68.50,210.70,0.8062,-1,-1,-1
293,79,1729.80,24.40,59.90,174.10,0.7056,-1,-1,-1
293,38,0.00,213.30,74.80,275.20,0.6577,-1,-1,-1
293,67,1417.10,107.30,62.10,176.70,0.7148,-1,-1,-1
293,36,1571.80,23.70,53.20,172.80,0.5518,-1,-1,-1
293,59,1200.10,57.10,32.20,110.20,0.2153,-1,-1,-1
293,25,1002.90,114.30,54.90,76.30,0.3157,-1,-1,-1
293,89,1106.20,55.40,40.20,129.60,0.4951,-1,-1,-1
293,109,972.40,110.90,47.20,72.30,0.4026,-1,-1,-1
293,88,578.60,139.70,41.00,107.40,0.7778,-1,-1,-1
293,17,49.70,107.70,45.90,112.30,0.5205,-1,-1,-1
293,27,1075.00,68.80,44.10,143.30,0.4941,-1,-1,-1
293,64,429.90,109.50,52.20,126.70,0.4766,-1,-1,-1
293,105,89.30,104.90,33.80,83.10,0.3496,-1,-1,-1
293,69,217.40,115.80,51.70,118.90,0.8193,-1,-1,-1
293,33,709.90,130.10,57.00,127.80,0.6816,-1,-1,-1
293,21,539.70,134.30,48.10,114.90,0.7227,-1,-1,-1
293,13,297.10,109.70,45.90,116.10,0.7002,-1,-1,-1
294,8,1473.10,28.80,60.80,167.90,0.4844,-1,-1,-1
294,46,1338.70,33.90,52.60,191.20,0.7153,-1,-1,-1
294,43,1248.20,79.60,61.20,177.10,0.7334,-1,-1,-1
294,49,1798.50,5.40,72.50,213.90,0.7988,-1,-1,-1
294,79,1729.70,24.20,59.90,174.20,0.6875,-1,-1,-1
294,38,0.00,207.40,76.00,281.10,0.6689,-1,-1,-1
294,67,1418.70,122.90,64.10,184.10,0.8086,-1,-1,-1
294,36,1575.50,23.70,53.00,171.60,0.2651,-1,-1,-1
294,25,993.80,113.40,52.70,73.80,0.1086,-1,-1,-1
294,89,1110.50,54.10,37.70,120.20,0.6416,-1,-1,-1
294,109,971.60,111.80,46.50,71.20,0.2847,-1,-1,-1
294,17,37.40,107.10,46.00,110.20,0.4407,-1,-1,-1
294,105,79.40,106.40,32.40,78.90,0.2837,-1,-1,-1
294,70,1209.40,81.70,53.20,153.10,0.5391,-1,-1,-1
294,33,711.90,131.20,54.10,124.70,0.5991,-1,-1,-1
294,21,542.90,139.70,44.20,106.10,0.7334,-1,-1,-1
294,13,283.40,111.40,44.50,110.50,0.6934,-1,-1,-1
294,39,1633.10,24.10,57.80,180.70,0.6992,-1,-1,-1
294,15,1042.90,89.70,52.70,145.70,0.6250,-1,-1,-1
294,37,669.60,131.50,58.50,125.90,0.5195,-1,-1,-1
294,103,743.00,114.10,39.20,112.50,0.5630,-1,-1,-1
295,8,1467.90,30.00,59.60,166.60,0.5527,-1,-1,-1
295,46,1338.20,33.00,52.70,192.20,0.6860,-1,-1,-1
295,43,1249.30,79.70,59.90,175.70,0.7305,-1,-1,-1
295,49,1825.70,8.50,72.30,211.70,0.6982,-1,-1,-1
295,79,1729.40,23.50,60.20,175.10,0.6758,-1,-1,-1
295,38,0.00,220.00,74.00,269.20,0.6870,-1,-1,-1
295,67,1421.30,140.80,66.70,191.80,0.7910,-1,-1,-1
295,36,1576.90,24.30,52.60,171.90,0.3328,-1,-1,-1
295,89,1112.30,54.20,36.30,115.40,0.5088,-1,-1,-1
295,109,970.60,110.70,47.70,73.20,0.1630,-1,-1,-1
295,105,69.60,104.80,33.60,79.50,0.3657,-1,-1,-1
295,70,1207.10,80.30,55.70,160.60,0.5830,-1,-1,-1
295,77,378.20,113.40,36.30,119.50,0.4600,-1,-1,-1
295,39,1634.60,23.10,58.80,182.70,0.5371,-1,-1,-1
295,37,672.20,134.10,55.60,122.20,0.7017,-1,-1,-1
295,103,742.40,114.00,39.60,113.40,0.7974,-1,-1,-1
295,96,1004.10,95.50,78.60,148.40,0.5620,-1,-1,-1
295,18,154.90,114.10,33.80,113.80,0.7710,-1,-1,-1
295,24,332.70,116.10,49.40,118.00,0.5962,-1,-1,-1
295,7,632.50,128.50,68.50,126.20,0.7910,-1,-1,-1
296,8,1472.20,29.40,59.60,166.60,0.5947,-1,-1,-1
296,46,1338.40,36.00,51.10,188.40,0.7056,-1,-1,-1
296,43,1250.70,75.10,60.50,178.10,0.7378,-1,-1,-1
296,49,1841.10,18.30,70.00,201.60,0.7114,-1,-1,-1
296,79,1729.30,23.60,60.10,174.90,0.6738,-1,-1,-1
296,38,0.30,224.70,72.90,264.70,0.7598,-1,-1,-1
296,67,1427.60,159.20,66.80,192.40,0.8525,-1,-1,-1
296,36,1578.80,23.70,53.40,174.50,0.3218,-1,-1,-1
296,89,1112.90,54.90,35.90,115.70,0.4688,-1,-1,-1
296,105,60.20,107.20,32.70,76.70,0.1783,-1,-1,-1
296,70,1208.80,79.20,56.90,165.20,0.5557,-1,-1,-1
296,39,1635.10,23.10,59.20,183.30,0.4619,-1,-1,-1
296,103,742.50,114.40,39.60,113.20,0.8013,-1,-1,-1
296,40,473.30,136.90,47.00,107.30,0.5410,-1,-1,-1
296,4,1192.40,58.10,43.40,154.10,0.3950,-1,-1,-1
296,18,135.60,114.10,35.90,116.00,0.7769,-1,-1,-1
296,24,342.40,114.50,48.70,117.90,0.6841,-1,-1,-1
296,7,630.20,132.20,64.60,120.90,0.6636,-1,-1,-1
296,104,983.00,110.20,49.30,144.00,0.6655,-1,-1,-1
296,74,1137.00,64.00,40.60,124.10,0.5957,-1,-1,-1
296,12,307.90,114.90,48.70,114.60,0.5449,-1,-1,-1
296,2,1644.10,24.30,59.70,174.90,0.2935,-1,-1,-1
296,64,441.90,129.50,47.50,115.20,0.7285,-1,-1,-1
296,21,530.20,119.40,49.60,116.50,0.8027,-1,-1,-1
297,8,1473.10,27.70,60.00,167.20,0.7441,-1,-1,-1
297,46,1336.20,35.90,50.90,188.60,0.6289,-1,-1,-1
297,43,1251.50,78.40,59.10,176.20,0.6978,-1,-1,-1
297,79,1731.10,23.80,60.10,175.00,0.7363,-1,-1,-1
297,38,0.00,216.50,74.00,272.30,0.7100,-1,-1,-1
297,67,1438.00,174.10,68.40,197.20,0.8545,-1,-1,-1
297,36,1580.40,23.60,53.70,175.60,0.5859,-1,-1,-1
297,89,1116.00,55.90,42.10,134.50,0.7378,-1,-1,-1
297,70,1206.20,80.50,57.40,166.20,0.7124,-1,-1,-1
297,39,1632.80,18.10,60.40,188.00,0.4121,-1,-1,-1
297,103,742.90,114.60,39.50,113.00,0.8237,-1,-1,-1
297,4,1194.10,58.60,42.50,150.80,0.3748,-1,-1,-1
297,24,341.90,112.60,43.50,107.40,0.4216,-1,-1,-1
297,12,286.90,112.60,49.00,118.00,0.6245,-1,-1,-1
297,64,441.30,136.00,43.90,106.60,0.5518,-1,-1,-1
297,101,938.90,120.20,69.20,141.70,0.6069,-1,-1,-1
297,20,409.50,134.20,45.50,111.10,0.7227,-1,-1,-1
297,88,562.30,129.50,48.20,122.30,0.7974,-1,-1,-1
297,69,234.60,115.50,44.90,104.10,0.7217,-1,-1,-1
297,96,996.60,143.60,90.50,177.60,0.8545,-1,-1,-1
298,8,1473.20,27.00,57.70,161.20,0.5796,-1,-1,-1
298,46,1338.10,35.90,50.40,188.50,0.6611,-1,-1,-1
298,43,1252.60,76.70,59.00,176.70,0.7163,-1,-1,-1
298,79,1733.60,23.20,60.20,175.30,0.7090,-1,-1,-1
298,38,0.30,219.10,74.00,268.90,0.6040,-1,-1,-1
298,67,1453.80,180.30,72.40,207.00,0.8828,-1,-1,-1
298,36,1581.80,23.00,53.90,176.50,0.6450,-1,-1,-1
298,89,1116.90,54.90,39.00,123.70,0.3557,-1,-1,-1
298,70,1212.20,80.40,57.20,167.10,0.6050,-1,-1,-1
298,39,1631.60,24.70,57.60,180.50,0.3140,-1,-1,-1
298,103,742.70,114.90,39.50,113.00,0.8101,-1,-1,-1
298,4,1194.00,61.20,42.40,149.90,0.5303,-1,-1,-1
298,101,935.50,147.10,83.10,171.50,0.8608,-1,-1,-1
298,20,402.90,135.90,43.50,106.10,0.4805,-1,-1,-1
298,88,559.10,131.30,46.50,118.10,0.7598,-1,-1,-1
298,82,860.30,135.90,36.10,109.70,0.6636,-1,-1,-1
298,27,1095.50,79.40,41.70,133.20,0.5767,-1,-1,-1
298,77,372.00,115.00,40.90,131.80,0.7017,-1,-1,-1
298,7,249.90,113.30,51.80,112.70,0.5991,-1,-1,-1
298,21,524.80,127.60,51.20,119.10,0.8228,-1,-1,-1
299,8,1474.10,26.50,59.20,165.20,0.7056,-1,-1,-1
299,46,1338.10,35.00,50.60,189.60,0.7007,-1,-1,-1
299,43,1251.70,71.50,60.60,182.70,0.6538,-1,-1,-1
299,79,1734.60,23.20,60.10,175.30,0.7285,-1,-1,-1
299,38,0.60,224.40,72.80,264.60,0.6899,-1,-1,-1
299,67,1479.00,185.70,75.80,217.70,0.8965,-1,-1,-1
299,36,1582.30,23.70,53.80,175.70,0.6245,-1,-1,-1
299,89,1115.30,54.90,37.40,118.50,0.6343,-1,-1,-1
299,70,1210.20,79.70,57.30,167.70,0.5889,-1,-1,-1
299,39,1631.40,17.20,60.00,188.30,0.4746,-1,-1,-1
299,103,742.60,114.40,39.60,113.20,0.8252,-1,-1,-1
299,4,1198.70,62.90,41.90,147.60,0.1925,-1,-1,-1
299,82,865.40,125.40,41.30,125.70,0.5815,-1,-1,-1
299,27,1083.30,93.40,41.10,125.80,0.7090,-1,-1,-1
299,77,372.10,113.60,40.80,130.50,0.4253,-1,-1,-1
299,7,643.10,116.50,63.30,121.50,0.7393,-1,-1,-1
299,21,522.00,131.50,48.60,115.40,0.6636,-1,-1,-1
299,63,889.50,160.00,76.40,191.20,0.7769,-1,-1,-1
299,42,44.50,111.70,45.70,108.70,0.3286,-1,-1,-1
299,33,806.20,135.70,43.90,108.70,0.6626,-1,-1,-1
299,40,485.40,128.00,52.20,118.60,0.7910,-1,-1,-1
299,24,338.40,129.30,44.90,111.50,0.5796,-1,-1,-1
299,12,260.40,111.40,47.70,114.70,0.3904,-1,-1,-1
299,69,222.00,111.10,49.10,113.60,0.6001,-1,-1,-1
300,8,1473.40,26.60,59.80,169.00,0.5991,-1,-1,-1
300,46,1340.40,36.60,50.10,187.30,0.7456,-1,-1,-1
300,43,1253.90,73.30,60.00,179.80,0.7241,-1,-1,-1
300,79,1733.60,21.50,60.60,176.90,0.7319,-1,-1,-1
300,38,0.90,226.40,72.20,261.70,0.6323,-1,-1,-1
300,67,1509.50,189.50,79.70,229.90,0.8813,-1,-1,-1
300,36,1582.20,22.60,54.20,176.20,0.6250,-1,-1,-1
300,89,1113.50,54.00,37.20,117.00,0.5908,-1,-1,-1
300,70,1208.90,79.60,57.40,167.80,0.6196,-1,-1,-1
300,39,1632.50,11.00,62.40,194.70,0.4844,-1,-1,-1
300,103,742.70,114.60,39.90,114.50,0.5767,-1,-1,-1
300,4,1196.40,59.20,42.80,151.40,0.4226,-1,-1,-1
300,40,487.70,126.10,52.00,118.40,0.6851,-1,-1,-1
300,24,335.10,129.20,45.50,113.40,0.1120,-1,-1,-1
300,69,230.00,111.00,48.50,113.40,0.6602,-1,-1,-1
300,18,687.50,112.00,48.40,123.70,0.7778,-1,-1,-1
300,25,973.20,112.00,50.10,69.90,0.3066,-1,-1,-1
300,15,1047.70,109.90,45.10,124.40,0.6611,-1,-1,-1
300,64,446.50,125.80,49.70,120.80,0.6772,-1,-1,-1
301,48,1747.50,32.20,69.00,189.40,0.8770,-1,-1,-1
301,2,885.00,22.40,45.00,160.80,0.8525,-1,-1,-1
301,15,757.50,0.20,40.50,130.30,0.8452,-1,-1,-1
301,8,1310.20,59.90,81.00,245.30,0.8315,-1,-1,-1
301,9,795.00,130.50,90.00,100.50,0.8286,-1,-1,-1
301,12,1791.00,91.10,108.00,243.40,0.8184,-1,-1,-1
301,37,642.00,0.30,52.50,120.70,0.8125,-1,-1,-1
301,6,708.00,137.10,84.00,97.80,0.7910,-1,-1,-1
301,16,1441.50,4.90,63.00,131.50,0.7075,-1,-1,-1
301,42,1524.00,0.40,48.00,135.50,0.6699,-1,-1,-1
301,67,1680.00,30.90,48.00,131.50,0.6689,-1,-1,-1
301,13,1267.50,78.00,51.00,166.50,0.6245,-1,-1,-1
301,49,1428.00,4.40,40.50,121.00,0.4941,-1,-1,-1
301,26,1509.00,112.90,123.00,83.20,0.4302,-1,-1,-1
301,14,1213.50,124.30,60.00,63.80,0.3337,-1,-1,-1
301,50,1564.50,4.50,33.00,93.30,0.3191,-1,-1,-1
301,43,1492.50,15.70,42.00,117.90,0.3032,-1,-1,-1
301,51,1560.00,112.70,72.00,83.40,0.2822,-1,-1,-1
301,52,1614.00,111.90,39.00,79.00,0.2673,-1,-1,-1
302,48,1763.40,25.90,68.40,187.10,0.6885,-1,-1,-1
302,2,885.10,22.80,44.80,160.20,0.8452,-1,-1,-1
302,15,756.80,0.00,40.60,130.40,0.8423,-1,-1,-1
302,8,1304.40,57.70,83.50,252.80,0.8496,-1,-1,-1
302,9,795.70,130.30,90.00,100.50,0.8369,-1,-1,-1
302,12,1788.70,76.60,104.80,236.60,0.8369,-1,-1,-1
302,37,637.40,0.00,50.00,114.80,0.8086,-1,-1,-1
302,6,705.00,136.90,84.10,97.90,0.7007,-1,-1,-1
302,16,1442.60,4.30,63.40,132.30,0.7256,-1,-1,-1
302,42,1523.80,0.90,47.80,135.00,0.6636,-1,-1,-1
302,67,1691.90,20.40,50.20,136.40,0.5186,-1,-1,-1
302,13,1248.10,82.90,67.60,220.50,0.7861,-1,-1,-1
302,49,1429.90,4.60,40.60,121.40,0.3701,-1,-1,-1
302,26,1510.70,113.70,121.50,82.30,0.2830,-1,-1,-1
302,14,1194.90,125.10,77.70,82.70,0.8228,-1,-1,-1
302,50,1566.70,4.40,33.80,95.60,0.2366,-1,-1,-1
302,43,1493.50,6.70,45.20,127.40,0.3140,-1,-1,-1
302,51,1562.60,113.70,72.00,83.60,0.3657,-1,-1,-1
302,52,1615.20,111.80,39.20,79.60,0.3767,-1,-1,-1
303,48,1774.60,23.20,65.50,179.40,0.6816,-1,-1,-1
303,2,890.00,23.30,44.40,158.40,0.8218,-1,-1,-1
303,15,757.40,0.30,40.40,130.00,0.8496,-1,-1,-1
303,8,1307.60,54.30,84.90,256.60,0.8853,-1,-1,-1
303,9,795.20,130.30,90.00,100.50,0.8296,-1,-1,-1
303,12,1786.30,64.10,101.10,228.00,0.7529,-1,-1,-1
303,37,633.30,0.30,46.60,106.80,0.7129,-1,-1,-1
303,6,704.20,136.90,84.20,97.80,0.7471,-1,-1,-1
303,16,1441.70,4.50,63.30,132.10,0.7529,-1,-1,-1
303,42,1523.90,0.90,48.10,135.60,0.6299,-1,-1,-1
303,13,1248.40,86.30,70.30,227.90,0.8467,-1,-1,-1
303,49,1428.90,4.70,40.90,122.10,0.3530,-1,-1,-1
303,26,1509.00,112.80,123.50,83.60,0.3611,-1,-1,-1
303,14,1187.60,125.00,81.60,86.80,0.8086,-1,-1,-1
303,50,1566.00,3.60,33.80,95.00,0.1442,-1,-1,-1
303,43,1493.80,14.60,43.20,121.40,0.2744,-1,-1,-1
303,51,1563.20,113.40,71.70,83.30,0.2822,-1,-1,-1
303,52,1616.30,111.70,39.70,80.60,0.3850,-1,-1,-1
304,48,1790.00,20.30,63.40,171.90,0.7305,-1,-1,-1
304,2,906.50,26.80,44.20,156.00,0.7822,-1,-1,-1
304,15,758.00,0.30,40.60,130.10,0.8477,-1,-1,-1
304,8,1313.20,57.80,84.20,252.00,0.7900,-1,-1,-1
304,9,776.90,130.20,89.60,101.00,0.6758,-1,-1,-1
304,12,1790.10,80.00,95.80,216.60,0.8076,-1,-1,-1
304,37,621.50,0.10,43.20,98.50,0.6919,-1,-1,-1
304,6,700.00,138.30,83.00,97.00,0.5537,-1,-1,-1
304,16,1441.00,6.90,61.80,129.30,0.7861,-1,-1,-1
304,42,1523.60,0.80,48.20,136.00,0.7305,-1,-1,-1
304,13,1248.20,87.90,70.70,229.00,0.8184,-1,-1,-1
304,49,1431.00,2.40,40.70,121.90,0.5352,-1,-1,-1
304,26,1511.30,114.10,120.70,81.60,0.1163,-1,-1,-1
304,14,1181.20,124.90,81.90,87.70,0.6187,-1,-1,-1
304,50,1561.30,1.40,40.30,113.90,0.2173,-1,-1,-1
304,43,1495.20,18.20,42.20,118.40,0.4055,-1,-1,-1
304,51,1562.30,113.70,71.40,83.10,0.3904,-1,-1,-1
304,52,1617.60,112.60,40.30,82.10,0.3604,-1,-1,-1
304,21,147.10,38.40,99.00,211.60,0.8735,-1,-1,-1
304,60,1879.90,77.20,39.40,281.20,0.4534,-1,-1,-1
305,48,1810.70,19.10,61.90,167.80,0.6167,-1,-1,-1
305,2,933.50,30.40,45.10,157.00,0.7900,-1,-1,-1
305,15,758.20,0.40,40.70,129.80,0.8682,-1,-1,-1
305,8,1306.50,54.50,84.40,253.10,0.8677,-1,-1,-1
305,9,787.20,130.60,89.20,100.10,0.8496,-1,-1,-1
305,37,608.60,0.10,37.10,83.60,0.4619,-1,-1,-1
305,16,1440.00,5.40,62.80,130.90,0.7271,-1,-1,-1
305,42,1524.90,0.80,48.20,135.80,0.6440,-1,-1,-1
305,13,1244.20,87.50,71.40,229.70,0.8394,-1,-1,-1
305,49,1430.40,3.80,41.00,122.70,0.5449,-1,-1,-1
305,26,1513.80,117.20,114.10,76.80,0.2407,-1,-1,-1
305,14,1179.70,124.90,80.80,87.20,0.6895,-1,-1,-1
305,50,1559.80,0.50,42.40,120.10,0.2234,-1,-1,-1
305,43,1495.00,9.20,45.30,127.50,0.5796,-1,-1,-1
305,51,1563.30,113.30,70.80,83.00,0.4158,-1,-1,-1
305,52,1616.30,113.00,39.50,80.20,0.5098,-1,-1,-1
305,21,103.30,30.50,98.40,209.80,0.8657,-1,-1,-1
305,60,1885.60,115.00,31.50,224.00,0.3647,-1,-1,-1
306,48,1829.80,19.30,61.60,164.30,0.4436,-1,-1,-1
306,2,954.20,31.10,46.80,162.70,0.7026,-1,-1,-1
306,15,757.50,0.40,41.10,130.00,0.8667,-1,-1,-1
306,8,1302.70,52.00,85.20,255.10,0.8701,-1,-1,-1
306,9,790.20,130.50,89.60,100.10,0.8545,-1,-1,-1
306,16,1440.00,6.00,62.70,130.40,0.7583,-1,-1,-1
306,42,1524.20,0.80,48.30,135.60,0.7695,-1,-1,-1
306,13,1233.10,87.30,71.40,227.70,0.8677,-1,-1,-1
306,49,1431.60,2.20,41.40,124.60,0.6162,-1,-1,-1
306,26,1512.00,115.20,118.80,80.10,0.3943,-1,-1,-1
306,14,1176.80,124.50,79.30,86.90,0.7148,-1,-1,-1
306,50,1560.70,0.70,42.30,119.40,0.1598,-1,-1,-1
306,43,1495.90,13.00,44.40,124.50,0.6919,-1,-1,-1
306,51,1563.80,114.20,70.40,82.90,0.2893,-1,-1,-1
306,52,1612.50,112.60,39.20,80.30,0.1772,-1,-1,-1
306,21,61.70,24.30,95.40,202.70,0.8853,-1,-1,-1
306,60,1879.00,96.50,30.70,213.50,0.6665,-1,-1,-1
306,6,703.00,137.20,83.30,97.40,0.7026,-1,-1,-1
307,48,1859.60,13.00,52.20,137.40,0.4609,-1,-1,-1
307,2,972.40,34.70,48.10,165.70,0.8159,-1,-1,-1
307,15,757.80,0.30,41.50,130.20,0.8682,-1,-1,-1
307,8,1306.70,48.60,87.40,258.40,0.8906,-1,-1,-1
307,9,794.90,130.40,89.90,100.60,0.8218,-1,-1,-1
307,16,1439.70,5.00,63.20,131.30,0.8262,-1,-1,-1
307,42,1524.60,0.30,47.60,133.90,0.7271,-1,-1,-1
307,13,1223.00,88.10,71.20,225.90,0.8628,-1,-1,-1
307,49,1430.50,2.90,41.40,124.80,0.6406,-1,-1,-1
307,26,1438.70,85.30,249.10,173.90,0.9048,-1,-1,-1
307,14,1175.70,124.90,77.20,86.30,0.5371,-1,-1,-1
307,43,1495.60,16.20,43.10,121.10,0.6279,-1,-1,-1
307,52,1612.10,110.60,39.50,81.50,0.2744,-1,-1,-1
307,21,7.10,18.70,94.10,200.00,0.8638,-1,-1,-1
307,60,1878.00,87.70,29.50,199.00,0.6416,-1,-1,-1
307,6,702.10,136.70,82.80,97.70,0.6196,-1,-1,-1
308,2,982.50,38.10,49.50,165.90,0.8818,-1,-1,-1
308,15,756.60,0.50,41.90,130.00,0.8735,-1,-1,-1
308,8,1303.60,47.20,87.10,259.30,0.9009,-1,-1,-1
308,9,796.80,130.30,89.70,100.60,0.8477,-1,-1,-1
308,16,1441.00,7.20,60.60,126.00,0.1204,-1,-1,-1
308,42,1524.40,0.50,47.50,133.70,0.6699,-1,-1,-1
308,13,1220.60,88.20,71.00,224.70,0.8169,-1,-1,-1
308,49,1429.90,3.50,41.80,127.10,0.5928,-1,-1,-1
308,26,1375.50,73.60,275.60,199.90,0.9004,-1,-1,-1
308,14,1178.70,124.60,76.10,86.00,0.5728,-1,-1,-1
308,43,1500.20,13.10,40.50,113.80,0.1877,-1,-1,-1
308,52,1621.80,111.70,40.40,79.40,0.5938,-1,-1,-1
308,60,1874.70,63.80,30.90,198.90,0.8394,-1,-1,-1
308,6,706.00,136.80,82.60,97.60,0.6343,-1,-1,-1
308,51,1564.00,113.60,70.10,82.90,0.4727,-1,-1,-1
309,15,755.90,0.60,42.50,129.90,0.8818,-1,-1,-1
309,8,1303.40,48.70,86.10,258.10,0.8804,-1,-1,-1
309,9,796.90,130.40,89.60,100.60,0.8340,-1,-1,-1
309,16,1439.60,5.70,62.40,129.80,0.8350,-1,-1,-1
309,42,1524.00,0.30,48.10,135.10,0.7739,-1,-1,-1
309,13,1222.40,86.10,72.00,226.40,0.8286,-1,-1,-1
309,49,1430.20,2.00,40.90,125.20,0.6895,-1,-1,-1
309,14,1183.80,124.70,76.00,85.90,0.5527,-1,-1,-1
309,43,1497.20,11.10,43.50,122.40,0.6279,-1,-1,-1
309,52,1618.00,112.70,39.20,77.40,0.4629,-1,-1,-1
309,60,1874.90,50.20,31.30,193.40,0.8608,-1,-1,-1
309,6,708.10,137.00,82.20,97.10,0.7456,-1,-1,-1
309,75,1510.60,113.80,120.60,82.50,0.5254,-1,-1,-1
309,51,1562.90,113.50,70.30,83.30,0.3081,-1,-1,-1
309,50,1571.40,2.60,34.80,99.30,0.5020,-1,-1,-1
310,15,756.60,0.70,42.90,129.90,0.8906,-1,-1,-1
310,8,1302.50,48.60,86.40,258.30,0.8931,-1,-1,-1
310,9,797.20,130.70,89.10,100.00,0.8467,-1,-1,-1
310,16,1439.50,6.50,62.30,129.70,0.8628,-1,-1,-1
310,42,1524.00,0.20,48.60,135.50,0.7319,-1,-1,-1
310,13,1217.50,68.80,78.70,246.70,0.7769,-1,-1,-1
310,49,1431.00,1.90,40.20,124.20,0.7305,-1,-1,-1
310,14,1182.20,124.40,75.30,86.30,0.5244,-1,-1,-1
310,43,1495.80,13.40,43.30,122.30,0.6714,-1,-1,-1
310,52,1623.50,112.60,41.30,78.00,0.5205,-1,-1,-1
310,60,1873.70,38.30,32.00,187.00,0.8350,-1,-1,-1
310,6,706.50,136.90,81.70,97.40,0.5796,-1,-1,-1
310,75,1511.50,114.50,118.20,80.80,0.5088,-1,-1,-1
310,51,1562.80,114.50,69.70,82.20,0.2744,-1,-1,-1
310,50,1573.20,3.20,33.30,95.60,0.3738,-1,-1,-1
311,15,756.70,0.80,43.30,129.90,0.8867,-1,-1,-1
311,8,1302.80,48.00,86.30,259.70,0.8818,-1,-1,-1
311,9,792.80,130.80,87.80,100.10,0.6841,-1,-1,-1
311,16,1439.30,8.20,61.70,128.30,0.8584,-1,-1,-1
311,42,1525.90,0.30,49.00,135.60,0.7515,-1,-1,-1
311,13,1231.70,81.50,73.50,233.10,0.7964,-1,-1,-1
311,49,1431.70,1.50,40.10,125.10,0.7065,-1,-1,-1
311,43,1495.50,15.50,42.70,121.50,0.6934,-1,-1,-1
311,52,1617.90,112.80,40.90,77.90,0.4177,-1,-1,-1
311,60,1875.90,36.20,31.50,174.70,0.8125,-1,-1,-1
311,6,708.20,136.80,81.90,97.50,0.7739,-1,-1,-1
311,75,1510.90,114.00,119.20,81.40,0.6123,-1,-1,-1
311,51,1563.70,113.70,69.70,82.60,0.2532,-1,-1,-1
311,50,1573.90,2.40,32.60,95.20,0.4495,-1,-1,-1
312,15,756.70,0.80,43.60,129.90,0.8862,-1,-1,-1
312,8,1302.80,48.40,85.50,259.60,0.8555,-1,-1,-1
312,9,791.60,130.80,86.40,99.90,0.7847,-1,-1,-1
312,16,1439.50,8.10,61.90,128.50,0.8169,-1,-1,-1
312,42,1526.50,0.70,49.30,135.20,0.7334,-1,-1,-1
312,13,1237.90,88.20,71.10,227.90,0.7129,-1,-1,-1
312,49,1433.90,1.50,40.20,125.80,0.6929,-1,-1,-1
312,43,1495.70,17.60,41.80,119.40,0.6289,-1,-1,-1
312,52,1616.10,113.30,40.20,77.20,0.5757,-1,-1,-1
312,60,1885.10,35.20,29.70,163.50,0.7104,-1,-1,-1
312,6,703.70,136.80,80.70,97.80,0.6060,-1,-1,-1
312,75,1510.50,115.30,118.20,80.40,0.3337,-1,-1,-1
312,51,1563.80,113.60,70.10,83.60,0.5010,-1,-1,-1
312,50,1574.20,3.20,32.10,94.40,0.3943,-1,-1,-1
312,67,840.30,45.10,84.60,171.80,0.8760,-1,-1,-1
312,86,1611.80,113.10,65.60,77.70,0.3364,-1,-1,-1
312,2,1053.70,48.60,66.10,209.90,0.9023,-1,-1,-1
312,14,1181.90,124.70,74.10,86.20,0.6362,-1,-1,-1
313,15,756.50,0.80,44.00,130.00,0.8853,-1,-1,-1
313,8,1303.50,51.60,83.80,256.30,0.8721,-1,-1,-1
313,9,791.70,130.90,84.80,99.70,0.7441,-1,-1,-1
313,16,1441.30,5.40,63.50,131.00,0.8330,-1,-1,-1
313,42,1526.60,0.80,49.60,135.40,0.7285,-1,-1,-1
313,13,1240.70,91.10,69.20,224.10,0.7139,-1,-1,-1
313,49,1433.80,1.80,40.10,125.90,0.7188,-1,-1,-1
313,43,1495.20,17.70,41.70,119.30,0.6226,-1,-1,-1
313,52,1615.50,113.40,39.70,76.90,0.3530,-1,-1,-1
313,60,1879.70,22.00,26.60,130.10,0.6060,-1,-1,-1
313,6,707.60,137.00,80.60,97.60,0.6885,-1,-1,-1
313,75,1511.40,115.30,117.60,79.90,0.4785,-1,-1,-1
313,51,1566.50,114.70,68.90,82.40,0.4590,-1,-1,-1
313,50,1572.40,3.80,31.70,93.50,0.3711,-1,-1,-1
313,67,841.60,47.30,83.30,170.30,0.8516,-1,-1,-1
313,86,1613.60,113.20,65.70,77.70,0.5547,-1,-1,-1
313,14,1182.60,125.10,72.70,85.70,0.7007,-1,-1,-1
314,15,756.30,0.70,44.40,130.00,0.8726,-1,-1,-1
314,8,1315.30,52.90,86.20,254.70,0.8413,-1,-1,-1
314,9,793.10,131.50,83.50,99.10,0.6768,-1,-1,-1
314,16,1440.50,4.30,64.10,132.60,0.8086,-1,-1,-1
314,42,1524.50,0.50,50.00,135.50,0.7148,-1,-1,-1
314,13,1244.00,90.60,70.10,225.90,0.7515,-1,-1,-1
314,49,1433.60,1.80,40.30,127.10,0.6953,-1,-1,-1
314,43,1494.60,18.20,41.40,119.30,0.5410,-1,-1,-1
314,52,1614.40,113.40,39.40,76.40,0.4341,-1,-1,-1
314,60,1876.80,16.80,27.50,121.50,0.7725,-1,-1,-1
314,6,709.00,137.00,80.70,97.60,0.7612,-1,-1,-1
314,75,1512.30,115.60,116.20,78.70,0.4121,-1,-1,-1
314,51,1565.30,114.40,68.90,82.80,0.4736,-1,-1,-1
314,50,1575.40,3.00,32.30,95.20,0.4844,-1,-1,-1
314,67,829.60,47.90,82.10,170.30,0.8125,-1,-1,-1
314,86,1614.20,112.80,65.80,77.80,0.3540,-1,-1,-1
314,14,1183.90,125.10,72.20,85.70,0.6899,-1,-1,-1
315,15,756.30,0.70,44.50,130.00,0.8745,-1,-1,-1
315,8,1322.10,52.70,90.20,255.20,0.8701,-1,-1,-1
315,9,761.20,68.30,143.90,181.10,0.8159,-1,-1,-1
315,16,1439.80,4.10,64.20,133.00,0.8384,-1,-1,-1
315,42,1522.40,0.30,50.30,135.20,0.7695,-1,-1,-1
315,13,1244.90,91.40,70.10,225.30,0.7051,-1,-1,-1
315,49,1433.70,2.40,40.00,126.30,0.7656,-1,-1,-1
315,43,1493.30,19.10,40.50,116.80,0.5029,-1,-1,-1
315,52,1613.70,113.50,39.70,77.10,0.3235,-1,-1,-1
315,60,1875.10,15.50,29.60,119.50,0.7178,-1,-1,-1
315,6,709.10,136.50,81.00,97.80,0.6621,-1,-1,-1
315,75,1511.20,114.80,118.50,80.20,0.3840,-1,-1,-1
315,51,1565.20,114.50,68.20,82.10,0.4131,-1,-1,-1
315,50,1574.90,1.70,33.70,97.40,0.7026,-1,-1,-1
315,67,822.40,49.60,84.10,177.50,0.5688,-1,-1,-1
315,86,1614.50,113.40,65.40,77.40,0.5767,-1,-1,-1
315,14,1184.80,125.40,71.20,85.30,0.7500,-1,-1,-1
316,15,755.50,0.70,44.30,128.30,0.8159,-1,-1,-1
316,8,1318.30,50.10,95.40,257.60,0.9038,-1,-1,-1
316,9,780.20,99.10,113.60,141.40,0.7939,-1,-1,-1
316,16,1440.20,5.60,62.80,131.10,0.8237,-1,-1,-1
316,42,1522.50,0.40,50.10,135.50,0.7695,-1,-1,-1
316,13,1242.40,92.20,68.80,222.70,0.6011,-1,-1,-1
316,49,1431.10,3.80,40.10,127.00,0.7476,-1,-1,-1
316,43,1490.20,17.90,41.40,119.20,0.6636,-1,-1,-1
316,52,1613.60,113.40,39.60,77.00,0.4863,-1,-1,-1
316,60,1872.90,17.10,31.50,117.50,0.7656,-1,-1,-1
316,6,676.10,65.70,141.30,180.50,0.8525,-1,-1,-1
316,75,1510.90,114.30,120.70,81.70,0.4504,-1,-1,-1
316,51,1564.80,114.00,68.60,82.90,0.3276,-1,-1,-1
316,50,1574.30,3.70,33.00,94.20,0.5332,-1,-1,-1
316,67,828.30,47.50,66.50,141.90,0.7656,-1,-1,-1
316,86,1614.50,113.40,65.40,77.30,0.2517,-1,-1,-1
316,14,1185.30,125.30,70.50,85.30,0.7075,-1,-1,-1
316,95,328.50,0.60,39.90,57.60,0.6343,-1,-1,-1
317,15,754.80,0.60,44.80,129.50,0.8882,-1,-1,-1
317,8,1304.90,50.00,96.30,260.50,0.8574,-1,-1,-1
317,9,793.00,119.30,93.80,115.30,0.5137,-1,-1,-1
317,16,1438.20,4.40,62.60,132.40,0.8027,-1,-1,-1
317,42,1523.60,0.90,50.40,134.90,0.8062,-1,-1,-1
317,13,1243.30,92.50,68.60,221.70,0.6665,-1,-1,-1
317,49,1433.00,2.40,39.50,126.10,0.7378,-1,-1,-1
317,43,1487.90,18.90,41.10,118.50,0.7310,-1,-1,-1
317,52,1613.70,113.70,39.30,76.60,0.4600,-1,-1,-1
317,60,1871.50,18.30,33.60,116.80,0.7949,-1,-1,-1
317,6,693.30,100.10,110.70,140.70,0.8110,-1,-1,-1
317,75,1510.50,115.20,119.00,80.10,0.3389,-1,-1,-1
317,51,1564.60,113.60,68.90,83.70,0.4902,-1,-1,-1
317,50,1573.60,3.30,33.60,95.50,0.5391,-1,-1,-1
317,67,829.10,46.40,62.00,134.60,0.7939,-1,-1,-1
317,86,1614.60,113.90,65.20,76.90,0.3345,-1,-1,-1
317,14,1185.70,125.50,70.00,85.10,0.7559,-1,-1,-1
317,95,317.20,0.60,38.60,56.00,0.6582,-1,-1,-1
318,15,754.50,0.50,45.10,129.90,0.8931,-1,-1,-1
318,8,1302.90,51.20,95.40,260.60,0.8794,-1,-1,-1
318,9,797.50,126.50,87.00,105.80,0.8296,-1,-1,-1
318,16,1439.00,6.00,61.50,130.90,0.7178,-1,-1,-1
318,42,1523.10,1.20,50.80,135.40,0.8184,-1,-1,-1
318,13,1245.00,92.30,68.80,223.30,0.7686,-1,-1,-1
318,49,1433.80,2.70,39.00,124.30,0.7319,-1,-1,-1
318,43,1487.00,19.20,41.10,118.20,0.6958,-1,-1,-1
318,52,1613.80,113.80,39.20,76.40,0.3328,-1,-1,-1
318,60,1871.40,19.00,35.70,116.60,0.8101,-1,-1,-1
318,6,704.70,122.90,90.20,113.50,0.8677,-1,-1,-1
318,75,1509.40,115.20,119.80,80.10,0.3748,-1,-1,-1
318,51,1564.60,114.00,68.80,83.50,0.4902,-1,-1,-1
318,50,1577.80,3.10,32.90,94.30,0.3477,-1,-1,-1
318,67,827.90,43.40,71.40,156.90,0.8721,-1,-1,-1
318,86,1614.50,113.90,65.30,77.10,0.5322,-1,-1,-1
318,14,1185.10,125.40,69.30,85.10,0.7871,-1,-1,-1
318,95,305.50,0.40,35.70,51.90,0.7710,-1,-1,-1
319,15,754.30,0.50,45.30,130.10,0.8931,-1,-1,-1
319,8,1304.30,51.20,94.70,260.60,0.9136,-1,-1,-1
319,9,799.00,129.50,84.70,102.10,0.8452,-1,-1,-1
319,16,1440.80,4.30,62.00,132.70,0.8003,-1,-1,-1
319,42,1524.80,0.90,50.70,135.40,0.7695,-1,-1,-1
319,13,1245.30,92.50,68.40,223.60,0.8013,-1,-1,-1
319,49,1433.90,2.40,39.20,124.00,0.7393,-1,-1,-1
319,43,1485.90,14.20,42.70,122.40,0.6958,-1,-1,-1
319,52,1614.70,113.40,39.30,77.30,0.4253,-1,-1,-1
319,60,1870.70,19.40,37.80,116.90,0.8262,-1,-1,-1
319,6,708.20,132.20,82.50,102.90,0.8657,-1,-1,-1
319,75,1510.40,114.90,119.30,79.70,0.5098,-1,-1,-1
319,51,1564.90,114.10,68.20,83.00,0.4341,-1,-1,-1
319,50,1578.30,2.60,32.70,94.50,0.3594,-1,-1,-1
319,67,813.00,38.20,75.40,166.60,0.8667,-1,-1,-1
319,86,1615.40,113.70,65.50,77.20,0.3630,-1,-1,-1
319,14,1185.30,125.60,68.20,84.60,0.7598,-1,-1,-1
319,95,295.90,0.60,31.60,46.00,0.3923,-1,-1,-1
320,15,754.30,0.40,45.30,129.60,0.8745,-1,-1,-1
320,8,1303.70,52.20,93.60,259.60,0.8779,-1,-1,-1
320,9,799.60,130.80,83.80,100.30,0.8228,-1,-1,-1
320,16,1440.70,4.20,61.90,132.70,0.8262,-1,-1,-1
320,42,1525.10,0.70,50.80,135.90,0.7241,-1,-1,-1
320,13,1245.20,92.60,67.80,223.30,0.7808,-1,-1,-1
320,49,1433.50,2.20,39.10,124.30,0.7559,-1,-1,-1
320,43,1489.40,14.80,43.30,121.80,0.5361,-1,-1,-1
320,52,1614.00,113.30,39.60,78.00,0.4026,-1,-1,-1
320,60,1869.80,19.30,39.90,117.70,0.8003,-1,-1,-1
320,6,709.70,135.10,80.30,99.50,0.8711,-1,-1,-1
320,75,1509.50,114.10,121.70,81.20,0.5332,-1,-1,-1
320,51,1562.90,113.50,68.30,82.70,0.2966,-1,-1,-1
320,50,1575.00,1.50,33.50,96.40,0.1176,-1,-1,-1
320,67,789.90,33.30,67.10,148.70,0.8384,-1,-1,-1
320,86,1614.80,113.90,65.40,77.10,0.3831,-1,-1,-1
320,14,1185.60,125.70,67.40,84.40,0.7529,-1,-1,-1
320,95,281.10,0.50,29.50,42.90,0.4436,-1,-1,-1
321,15,745.30,17.00,52.40,152.10,0.6875,-1,-1,-1
321,8,1303.30,52.90,92.70,259.10,0.8813,-1,-1,-1
321,9,799.30,130.70,84.50,100.60,0.8486,-1,-1,-1
321,16,1441.10,5.30,60.90,131.50,0.8359,-1,-1,-1
321,42,1525.50,1.20,50.40,135.40,0.6533,-1,-1,-1
321,13,1246.90,92.30,68.00,224.10,0.8052,-1,-1,-1
321,49,1431.80,1.60,39.20,124.60,0.7363,-1,-1,-1
321,43,1487.10,5.90,45.00,125.70,0.2366,-1,-1,-1
321,52,1613.90,113.50,39.20,77.30,0.2712,-1,-1,-1
321,60,1869.10,19.70,41.50,117.50,0.8086,-1,-1,-1
321,6,710.40,136.90,79.20,97.40,0.8647,-1,-1,-1
321,75,1511.80,116.70,117.30,77.80,0.2959,-1,-1,-1
321,51,1564.20,113.70,68.10,82.70,0.5400,-1,-1,-1
321,50,1578.60,2.70,32.10,92.60,0.1093,-1,-1,-1
321,86,1614.60,113.90,65.30,76.90,0.6226,-1,-1,-1
321,14,1186.00,125.90,66.60,84.30,0.7754,-1,-1,-1
321,95,264.60,0.50,28.50,40.80,0.7563,-1,-1,-1
322,15,751.10,7.50,48.10,139.30,0.8921,-1,-1,-1
322,8,1303.60,54.40,91.40,257.70,0.8813,-1,-1,-1
322,9,799.20,130.90,84.60,100.10,0.8218,-1,-1,-1
322,16,1441.40,5.10,60.20,131.50,0.8271,-1,-1,-1
322,42,1525.80,1.60,50.30,134.70,0.6162,-1,-1,-1
322,13,1247.60,92.10,68.00,224.40,0.7988,-1,-1,-1
322,49,1430.70,1.40,39.20,124.50,0.7515,-1,-1,-1
322,43,1490.20,12.80,43.60,122.30,0.5820,-1,-1,-1
322,52,1613.90,114.00,39.10,77.00,0.5869,-1,-1,-1
322,60,1868.20,19.80,43.30,118.10,0.8145,-1,-1,-1
322,6,711.20,138.30,78.70,96.10,0.8789,-1,-1,-1
322,75,1514.60,119.80,111.80,73.50,0.3999,-1,-1,-1
322,51,1565.30,114.80,66.80,81.10,0.4368,-1,-1,-1
322,50,1576.90,1.20,33.60,96.80,0.2372,-1,-1,-1
322,86,1614.30,114.00,65.70,77.40,0.2666,-1,-1,-1
322,14,1186.10,125.80,66.30,84.50,0.7754,-1,-1,-1
322,95,244.30,0.40,27.90,39.20,0.6807,-1,-1,-1
323,15,753.70,3.10,46.20,133.40,0.8828,-1,-1,-1
323,8,1303.90,54.40,90.50,257.70,0.8867,-1,-1,-1
323,9,798.40,130.50,85.30,100.40,0.8433,-1,-1,-1
323,16,1447.70,5.30,59.40,133.80,0.6626,-1,-1,-1
323,42,1527.00,0.80,50.10,135.00,0.7456,-1,-1,-1
323,13,1248.20,92.10,68.20,224.70,0.7974,-1,-1,-1
323,49,1430.30,1.40,40.10,126.10,0.5688,-1,-1,-1
323,43,1488.20,6.70,45.60,130.10,0.4941,-1,-1,-1
323,52,1615.00,113.80,38.90,77.10,0.4102,-1,-1,-1
323,60,1866.40,19.50,45.00,118.90,0.8203,-1,-1,-1
323,6,710.80,138.10,79.40,96.60,0.8647,-1,-1,-1
323,75,1510.30,116.00,120.40,79.30,0.5508,-1,-1,-1
323,51,1565.30,114.20,67.30,82.00,0.2798,-1,-1,-1
323,50,1576.60,0.80,33.50,97.50,0.2480,-1,-1,-1
323,86,1614.40,113.90,65.40,76.90,0.4629,-1,-1,-1
323,14,1186.40,125.70,65.80,84.70,0.7778,-1,-1,-1
323,95,216.10,0.40,26.20,34.10,0.6299,-1,-1,-1
324,15,754.60,1.40,45.60,131.30,0.8794,-1,-1,-1
324,8,1303.90,53.50,89.50,258.40,0.8794,-1,-1,-1
324,9,797.90,130.40,85.90,100.40,0.8433,-1,-1,-1
324,16,1449.90,6.40,57.60,133.60,0.6860,-1,-1,-1
324,42,1527.50,0.60,49.90,135.00,0.7910,-1,-1,-1
324,13,1247.00,91.90,68.20,225.10,0.8135,-1,-1,-1
324,49,1433.30,2.00,40.10,125.70,0.7485,-1,-1,-1
324,43,1488.30,15.10,42.70,122.50,0.6450,-1,-1,-1
324,52,1614.60,114.00,38.40,76.10,0.4387,-1,-1,-1
324,60,1866.50,20.00,46.10,118.20,0.7212,-1,-1,-1
324,6,710.70,137.80,80.00,96.90,0.8604,-1,-1,-1
324,75,1509.90,115.00,122.60,80.80,0.5728,-1,-1,-1
324,51,1563.90,113.80,68.20,82.90,0.2681,-1,-1,-1
324,50,1576.30,0.70,33.80,97.80,0.2698,-1,-1,-1
324,86,1614.30,113.60,65.60,77.10,0.4243,-1,-1,-1
324,14,1186.70,125.70,65.30,84.60,0.7769,-1,-1,-1
325,15,754.90,0.80,45.50,130.50,0.8813,-1,-1,-1
325,8,1303.30,53.10,88.30,258.70,0.8721,-1,-1,-1
325,9,798.20,130.50,86.10,100.40,0.8516,-1,-1,-1
325,16,1450.90,5.10,56.50,134.90,0.6021,-1,-1,-1
325,42,1529.80,0.30,49.60,135.50,0.7441,-1,-1,-1
325,13,1242.40,92.70,67.50,223.70,0.8135,-1,-1,-1
325,49,1435.20,1.90,40.60,125.90,0.7271,-1,-1,-1
325,43,1491.40,8.70,45.50,129.00,0.6611,-1,-1,-1
325,52,1614.10,114.00,39.00,77.40,0.4922,-1,-1,-1
325,60,1859.90,38.70,43.70,110.70,0.5557,-1,-1,-1
325,6,710.10,137.60,80.40,97.00,0.8384,-1,-1,-1
325,75,1509.30,114.30,123.00,81.10,0.5898,-1,-1,-1
325,51,1562.40,113.30,68.50,82.90,0.2502,-1,-1,-1
325,50,1576.80,2.50,32.70,95.40,0.2018,-1,-1,-1
325,86,1613.70,113.50,66.70,78.40,0.2998,-1,-1,-1
325,14,1186.00,125.70,64.70,84.40,0.7695,-1,-1,-1
325,102,1405.90,2.50,42.40,122.00,0.5566,-1,-1,-1
326,15,755.00,0.50,45.50,130.30,0.8779,-1,-1,-1
326,8,1304.50,53.10,87.00,257.90,0.8574,-1,-1,-1
326,9,798.20,130.30,86.50,100.70,0.8252,-1,-1,-1
326,16,1449.40,4.50,55.80,135.20,0.7114,-1,-1,-1
326,42,1530.70,0.20,49.30,135.80,0.6372,-1,-1,-1
326,13,1236.10,89.20,68.40,227.20,0.8159,-1,-1,-1
326,49,1435.30,1.00,41.00,127.10,0.2893,-1,-1,-1
326,43,1496.20,12.30,44.90,125.10,0.5991,-1,-1,-1
326,52,1613.90,113.40,39.20,77.90,0.3896,-1,-1,-1
326,60,1854.20,42.50,47.20,115.80,0.8076,-1,-1,-1
326,6,710.20,138.60,79.90,95.90,0.8433,-1,-1,-1
326,75,1508.30,114.30,124.60,82.30,0.5879,-1,-1,-1
326,51,1562.50,113.40,69.20,83.90,0.2128,-1,-1,-1
326,50,1579.20,4.10,31.90,93.40,0.3311,-1,-1,-1
326,86,1614.00,113.50,66.10,77.80,0.4226,-1,-1,-1
326,14,1189.20,125.80,65.50,84.60,0.7612,-1,-1,-1
326,102,1395.10,2.50,42.30,121.70,0.7695,-1,-1,-1
327,15,755.00,0.50,45.50,130.10,0.8862,-1,-1,-1
327,8,1311.20,51.70,86.00,259.50,0.8013,-1,-1,-1
327,9,799.10,130.20,86.70,100.90,0.8677,-1,-1,-1
327,16,1465.10,3.20,52.60,128.00,0.5469,-1,-1,-1
327,42,1532.90,0.30,49.50,135.20,0.5205,-1,-1,-1
327,13,1230.00,86.20,68.40,227.00,0.8062,-1,-1,-1
327,49,1440.90,2.30,42.90,132.50,0.8359,-1,-1,-1
327,43,1500.30,13.90,45.30,123.30,0.6133,-1,-1,-1
327,52,1614.00,113.90,38.90,77.30,0.5039,-1,-1,-1
327,60,1860.70,28.10,49.30,118.60,0.7148,-1,-1,-1
327,6,710.30,138.80,80.00,95.80,0.7754,-1,-1,-1
327,75,1508.50,114.20,124.10,82.00,0.5630,-1,-1,-1
327,51,1561.60,113.30,69.40,83.70,0.2379,-1,-1,-1
327,50,1579.70,2.50,32.30,95.50,0.2727,-1,-1,-1
327,86,1612.40,113.80,65.30,77.50,0.3408,-1,-1,-1
327,14,1186.70,125.90,64.30,84.00,0.6978,-1,-1,-1
327,102,1382.10,1.70,42.40,122.30,0.6851,-1,-1,-1
327,12,1805.00,43.00,55.90,123.70,0.7822,-1,-1,-1
328,15,754.90,0.40,45.70,130.20,0.8862,-1,-1,-1
328,8,1311.50,46.60,86.10,259.80,0.8467,-1,-1,-1
328,9,797.50,130.30,86.80,100.70,0.8340,-1,-1,-1
328,42,1532.50,0.30,50.00,134.50,0.6768,-1,-1,-1
328,13,1232.90,86.60,68.90,225.60,0.8394,-1,-1,-1
328,49,1441.90,2.30,43.80,135.20,0.7861,-1,-1,-1
328,43,1505.10,18.50,43.80,117.70,0.5947,-1,-1,-1
328,52,1614.00,113.70,38.90,77.30,0.4446,-1,-1,-1
328,60,1862.90,21.80,50.80,120.20,0.8101,-1,-1,-1
328,6,710.20,139.40,79.90,95.10,0.8721,-1,-1,-1
328,75,1508.70,114.00,123.70,81.80,0.6909,-1,-1,-1
328,51,1563.50,113.00,69.00,83.70,0.1772,-1,-1,-1
328,50,1578.00,2.20,32.30,96.30,0.3008,-1,-1,-1
328,86,1613.60,113.70,65.40,77.40,0.3433,-1,-1,-1
328,14,1185.40,126.00,63.60,84.00,0.7598,-1,-1,-1
328,102,1377.20,1.20,40.20,114.70,0.5737,-1,-1,-1
328,67,1766.00,43.20,50.10,124.00,0.7910,-1,-1,-1
329,15,754.90,0.30,45.70,130.10,0.8892,-1,-1,-1
329,8,1294.20,46.20,85.30,252.20,0.8433,-1,-1,-1
329,9,796.80,130.70,87.00,100.30,0.8535,-1,-1,-1
329,42,1531.20,0.20,50.30,134.20,0.6748,-1,-1,-1
329,13,1232.20,87.50,69.80,224.80,0.7900,-1,-1,-1
329,49,1447.40,2.00,45.60,138.10,0.8496,-1,-1,-1
329,43,1506.00,15.20,44.90,122.30,0.4514,-1,-1,-1
329,52,1613.80,113.40,39.30,78.00,0.5601,-1,-1,-1
329,60,1860.40,20.80,50.20,119.30,0.8135,-1,-1,-1
329,6,710.00,139.20,80.10,95.10,0.8604,-1,-1,-1
329,75,1509.40,114.20,122.20,80.70,0.5234,-1,-1,-1
329,51,1564.60,113.10,68.20,83.00,0.3286,-1,-1,-1
329,50,1576.40,3.20,32.20,95.70,0.2886,-1,-1,-1
329,14,1185.10,126.00,63.00,84.00,0.6440,-1,-1,-1
329,102,1367.90,1.80,40.30,115.10,0.6772,-1,-1,-1
329,40,1725.40,43.70,53.20,124.70,0.8296,-1,-1,-1
330,15,754.90,0.30,45.80,130.20,0.8921,-1,-1,-1
330,8,1269.80,35.50,80.50,243.40,0.7378,-1,-1,-1
330,9,799.00,132.10,86.10,99.20,0.8853,-1,-1,-1
330,42,1531.10,0.60,49.60,133.60,0.3867,-1,-1,-1
330,13,1221.80,86.10,70.70,225.30,0.7271,-1,-1,-1
330,49,1450.20,1.40,46.70,139.40,0.8638,-1,-1,-1
330,43,1508.00,19.30,42.90,118.70,0.4475,-1,-1,-1
330,52,1612.80,113.70,39.40,77.70,0.6162,-1,-1,-1
330,60,1857.70,19.60,49.40,119.30,0.7900,-1,-1,-1
330,6,709.80,139.00,80.40,95.10,0.8545,-1,-1,-1
330,75,1509.30,114.00,122.40,80.80,0.4272,-1,-1,-1
330,51,1563.80,113.20,68.20,83.10,0.3748,-1,-1,-1
330,14,1181.90,126.00,61.00,83.70,0.1124,-1,-1,-1
330,102,1365.50,2.50,41.90,120.00,0.7900,-1,-1,-1
330,37,1653.00,51.50,54.00,112.60,0.6460,-1,-1,-1
331,15,754.80,0.30,45.90,130.20,0.8916,-1,-1,-1
331,9,797.70,125.00,92.00,106.70,0.8735,-1,-1,-1
331,42,1526.40,0.40,48.80,131.30,0.4475,-1,-1,-1
331,13,1219.10,85.10,70.70,224.70,0.8101,-1,-1,-1
331,49,1451.40,3.30,46.80,137.70,0.8452,-1,-1,-1
331,43,1505.20,16.00,44.10,122.70,0.4407,-1,-1,-1
331,52,1612.80,113.70,38.60,76.60,0.5620,-1,-1,-1
331,60,1858.50,17.90,49.50,120.10,0.6748,-1,-1,-1
331,6,709.60,137.90,81.30,95.90,0.8286,-1,-1,-1
331,75,1508.80,114.00,123.40,81.40,0.5518,-1,-1,-1
331,51,1563.50,113.60,68.20,83.10,0.2114,-1,-1,-1
331,102,1367.60,4.60,42.20,120.30,0.7686,-1,-1,-1
331,77,1440.10,0.60,32.80,119.20,0.5850,-1,-1,-1
331,37,1640.50,47.40,56.80,120.40,0.6826,-1,-1,-1
332,15,754.80,0.30,45.90,130.30,0.8862,-1,-1,-1
332,9,800.40,130.20,87.90,101.60,0.8760,-1,-1,-1
332,42,1527.50,0.60,47.20,129.10,0.5244,-1,-1,-1
332,13,1217.30,83.70,70.40,223.20,0.8218,-1,-1,-1
332,49,1451.00,3.00,47.40,138.20,0.8496,-1,-1,-1
332,43,1502.30,13.00,44.40,124.20,0.6494,-1,-1,-1
332,52,1614.80,114.00,38.30,76.50,0.4514,-1,-1,-1
332,60,1857.20,19.20,56.80,136.40,0.8076,-1,-1,-1
332,6,709.60,137.30,82.00,96.90,0.8604,-1,-1,-1
332,75,1511.90,114.70,122.70,80.70,0.1779,-1,-1,-1
332,51,1564.90,114.60,67.30,81.30,0.3694,-1,-1,-1
332,102,1373.30,5.80,42.40,120.00,0.6621,-1,-1,-1
332,77,1441.20,0.90,32.90,119.60,0.5332,-1,-1,-1
332,14,1137.80,47.90,120.90,172.90,0.8574,-1,-1,-1
333,15,754.30,0.40,46.20,130.20,0.8838,-1,-1,-1
333,9,800.50,132.30,86.10,99.50,0.8813,-1,-1,-1
333,42,1517.10,1.20,57.70,155.60,0.1842,-1,-1,-1
333,13,1221.60,79.60,70.40,218.10,0.8027,-1,-1,-1
333,49,1450.70,3.40,47.80,138.00,0.8403,-1,-1,-1
333,43,1499.80,12.70,43.20,122.70,0.4922,-1,-1,-1
333,52,1614.60,114.60,38.10,76.00,0.4407,-1,-1,-1
333,60,1856.80,17.40,53.50,127.80,0.7363,-1,-1,-1
333,6,709.20,137.60,82.10,96.70,0.8701,-1,-1,-1
333,75,1512.30,116.60,119.90,78.70,0.1251,-1,-1,-1
333,51,1567.40,115.20,66.90,80.80,0.4504,-1,-1,-1
333,102,1376.60,5.10,42.60,120.70,0.6670,-1,-1,-1
333,77,1440.60,1.20,32.50,118.00,0.3442,-1,-1,-1
333,107,1858.80,728.00,61.20,346.30,0.4351,-1,-1,-1
333,14,1109.70,22.50,129.20,193.60,0.8945,-1,-1,-1
333,12,1804.70,27.20,65.20,136.70,0.8262,-1,-1,-1
334,15,754.50,0.40,46.20,130.40,0.8794,-1,-1,-1
334,9,800.70,133.60,85.10,98.20,0.8701,-1,-1,-1
334,13,1216.20,75.50,70.60,215.50,0.8638,-1,-1,-1
334,49,1451.30,5.70,47.40,134.10,0.6152,-1,-1,-1
334,43,1494.30,26.30,49.80,136.00,0.8433,-1,-1,-1
334,52,1614.30,114.10,38.50,76.70,0.4465,-1,-1,-1
334,60,1853.90,20.10,51.70,120.80,0.7598,-1,-1,-1
334,6,709.50,137.70,82.20,96.90,0.8721,-1,-1,-1
334,75,1511.00,115.10,122.30,80.50,0.3081,-1,-1,-1
334,51,1568.20,114.30,67.00,82.00,0.3970,-1,-1,-1
334,102,1379.80,4.40,42.90,122.20,0.6479,-1,-1,-1
334,77,1439.60,0.80,32.80,118.50,0.3943,-1,-1,-1
334,107,1860.40,721.30,59.60,352.20,0.2783,-1,-1,-1
334,86,1611.80,114.30,64.70,76.90,0.2917,-1,-1,-1
334,67,1769.20,27.20,56.80,138.80,0.6953,-1,-1,-1
334,50,1574.10,4.80,32.30,94.20,0.2815,-1,-1,-1
335,15,754.60,0.40,46.20,130.30,0.8779,-1,-1,-1
335,9,801.70,135.40,83.90,96.50,0.8779,-1,-1,-1
335,13,1201.60,65.90,70.00,211.90,0.8340,-1,-1,-1
335,49,1444.70,30.20,48.80,135.80,0.6216,-1,-1,-1
335,52,1614.20,113.90,38.60,76.80,0.5679,-1,-1,-1
335,60,1852.70,21.70,51.30,117.60,0.7847,-1,-1,-1
335,6,709.60,137.60,82.20,96.90,0.8638,-1,-1,-1
335,75,1508.90,114.00,124.40,82.10,0.5488,-1,-1,-1
335,51,1566.20,113.50,67.70,83.10,0.2925,-1,-1,-1
335,102,1382.10,4.70,43.00,124.40,0.6372,-1,-1,-1
335,107,1845.90,644.40,74.10,429.40,0.5293,-1,-1,-1
335,86,1612.60,113.70,64.80,77.40,0.2854,-1,-1,-1
335,50,1575.00,5.10,34.20,94.30,0.6724,-1,-1,-1
335,16,1484.50,6.80,47.30,120.00,0.4446,-1,-1,-1
335,40,1716.00,25.10,60.20,140.30,0.8604,-1,-1,-1
336,15,754.60,0.40,46.20,130.20,0.8726,-1,-1,-1
336,9,802.30,136.90,82.90,95.20,0.8813,-1,-1,-1
336,13,1188.80,58.40,68.50,206.90,0.8701,-1,-1,-1
336,49,1447.30,14.30,49.10,136.10,0.8350,-1,-1,-1
336,52,1615.20,113.60,38.50,77.10,0.5312,-1,-1,-1
336,60,1851.80,21.20,52.10,117.60,0.8252,-1,-1,-1
336,6,709.20,138.50,81.70,96.20,0.8755,-1,-1,-1
336,75,1509.30,113.60,124.30,82.30,0.5591,-1,-1,-1
336,51,1565.60,113.10,67.70,83.30,0.2502,-1,-1,-1
336,102,1386.60,26.30,47.70,135.60,0.7256,-1,-1,-1
336,107,1762.80,594.40,97.80,479.50,0.9302,-1,-1,-1
336,50,1581.60,6.50,34.20,93.50,0.6538,-1,-1,-1
336,16,1488.60,8.90,44.70,117.40,0.3567,-1,-1,-1
336,43,1504.50,22.00,45.70,121.50,0.5557,-1,-1,-1
336,77,1441.50,0.80,32.30,116.50,0.3337,-1,-1,-1
337,15,754.60,0.10,46.30,130.40,0.8691,-1,-1,-1
337,9,802.40,137.30,82.90,95.10,0.8789,-1,-1,-1
337,13,1172.90,53.80,66.40,198.60,0.8467,-1,-1,-1
337,49,1448.10,7.60,49.50,136.90,0.8525,-1,-1,-1
337,52,1615.70,113.40,38.30,77.00,0.3831,-1,-1,-1
337,60,1850.90,19.10,53.60,119.50,0.7393,-1,-1,-1
337,6,709.30,139.20,81.90,96.00,0.8608,-1,-1,-1
337,75,1508.80,113.10,124.10,82.20,0.2043,-1,-1,-1
337,51,1564.50,113.00,67.40,83.20,0.6050,-1,-1,-1
337,102,1381.80,12.10,46.10,131.80,0.5688,-1,-1,-1
337,50,1579.90,6.50,34.50,93.90,0.6792,-1,-1,-1
337,16,1487.40,8.90,43.80,116.70,0.3567,-1,-1,-1
337,82,1539.50,0.70,38.60,125.50,0.4580,-1,-1,-1
337,43,1506.40,24.00,43.90,115.00,0.5659,-1,-1,-1
337,77,1442.00,0.60,31.90,115.40,0.4082,-1,-1,-1
337,37,1622.50,26.20,53.40,114.50,0.5127,-1,-1,-1
338,15,754.60,0.30,46.30,130.40,0.8721,-1,-1,-1
338,9,801.80,137.00,83.00,95.20,0.8779,-1,-1,-1
338,13,1158.80,43.10,64.10,192.20,0.8315,-1,-1,-1
338,49,1448.70,4.70,50.00,137.60,0.8384,-1,-1,-1
338,52,1614.90,111.40,40.20,81.40,0.5176,-1,-1,-1
338,60,1851.00,17.60,55.30,121.00,0.7739,-1,-1,-1
338,6,709.30,139.30,81.60,95.70,0.8726,-1,-1,-1
338,51,1566.40,115.60,64.60,79.80,0.3667,-1,-1,-1
338,102,1380.00,7.70,44.20,128.10,0.6343,-1,-1,-1
338,50,1577.30,15.10,44.40,120.50,0.6538,-1,-1,-1
338,16,1493.70,11.60,41.90,114.80,0.3887,-1,-1,-1
338,82,1544.80,0.50,38.80,126.00,0.7188,-1,-1,-1
338,43,1507.50,21.50,44.40,114.60,0.5957,-1,-1,-1
338,77,1440.50,1.10,32.00,115.90,0.3904,-1,-1,-1
338,110,1325.50,596.90,344.20,475.30,0.9351,-1,-1,-1
338,2,958.70,30.00,55.40,183.30,0.8340,-1,-1,-1
338,90,1199.60,129.00,72.20,81.10,0.8477,-1,-1,-1
338,8,1260.20,49.90,45.30,132.00,0.6704,-1,-1,-1
339,15,754.10,0.30,46.30,130.50,0.8828,-1,-1,-1
339,9,802.20,137.30,82.90,94.90,0.8779,-1,-1,-1
339,13,1149.90,37.10,62.30,188.50,0.8467,-1,-1,-1
339,49,1449.30,3.90,50.40,137.50,0.8330,-1,-1,-1
339,52,1615.50,112.10,39.10,79.90,0.2213,-1,-1,-1
339,60,1850.00,17.20,56.10,121.10,0.8027,-1,-1,-1
339,6,709.30,139.20,81.90,95.90,0.8369,-1,-1,-1
339,51,1569.10,121.40,59.60,72.70,0.1466,-1,-1,-1
339,102,1380.40,4.70,43.40,128.00,0.6665,-1,-1,-1
339,50,1578.60,11.50,38.10,104.60,0.6279,-1,-1,-1
339,16,1488.70,10.50,41.70,116.80,0.1790,-1,-1,-1
339,43,1505.40,21.20,43.50,113.50,0.2917,-1,-1,-1
339,77,1438.70,0.90,32.50,117.60,0.4131,-1,-1,-1
339,110,1233.30,601.30,342.00,472.30,0.9316,-1,-1,-1
339,2,947.50,30.50,55.80,184.30,0.8394,-1,-1,-1
339,90,1195.10,126.50,75.00,83.90,0.7559,-1,-1,-1
339,86,1616.90,113.00,65.00,78.60,0.3738,-1,-1,-1
340,15,753.90,0.50,46.30,130.40,0.8838,-1,-1,-1
340,9,800.90,135.10,84.70,96.80,0.8813,-1,-1,-1
340,13,1136.70,32.10,61.80,183.20,0.8359,-1,-1,-1
340,49,1447.60,3.50,50.30,137.50,0.7456,-1,-1,-1
340,52,1613.40,112.30,39.30,79.50,0.6406,-1,-1,-1
340,60,1849.70,17.60,56.30,120.70,0.6636,-1,-1,-1
340,6,709.80,139.20,81.60,95.40,0.8677,-1,-1,-1
340,51,1563.80,111.00,66.20,82.00,0.6426,-1,-1,-1
340,102,1380.90,4.30,42.40,127.00,0.6206,-1,-1,-1
340,50,1578.80,8.50,35.80,97.90,0.6895,-1,-1,-1
340,16,1476.60,19.10,50.10,137.10,0.8184,-1,-1,-1
340,43,1503.80,24.40,40.70,110.10,0.1877,-1,-1,-1
340,77,1437.70,2.80,32.40,119.10,0.2000,-1,-1,-1
340,110,1142.80,605.10,339.30,469.00,0.9297,-1,-1,-1
340,2,938.00,31.90,56.80,187.60,0.8604,-1,-1,-1
340,90,1192.70,126.30,76.40,85.10,0.7964,-1,-1,-1
340,86,1611.90,112.40,63.80,79.00,0.2451,-1,-1,-1
340,107,1729.40,708.80,89.00,357.80,0.9204,-1,-1,-1
340,82,1539.40,0.30,40.60,129.30,0.7227,-1,-1,-1
341,15,753.90,0.70,46.20,129.90,0.8818,-1,-1,-1
341,9,797.80,132.70,86.60,98.30,0.8193,-1,-1,-1
341,13,1129.20,35.30,60.50,176.50,0.7568,-1,-1,-1
341,49,1452.80,3.30,48.50,135.50,0.2173,-1,-1,-1
341,52,1612.60,112.00,39.50,79.50,0.5962,-1,-1,-1
341,60,1847.50,14.80,56.60,122.00,0.6479,-1,-1,-1
341,6,709.30,138.50,82.40,96.20,0.8711,-1,-1,-1
341,51,1558.50,107.70,67.80,85.00,0.6050,-1,-1,-1
341,102,1381.60,6.80,41.10,124.40,0.6992,-1,-1,-1
341,50,1579.60,7.30,35.50,95.90,0.6772,-1,-1,-1
341,43,1505.70,16.30,42.80,118.20,0.4534,-1,-1,-1
341,77,1430.60,17.20,39.70,139.50,0.8403,-1,-1,-1
341,110,1179.80,729.90,256.10,343.10,0.8838,-1,-1,-1
341,2,932.20,34.40,56.60,186.30,0.8506,-1,-1,-1
341,90,1192.20,126.10,77.40,85.80,0.8330,-1,-1,-1
341,86,1610.20,112.30,63.30,78.90,0.2510,-1,-1,-1
341,82,1540.30,0.30,41.30,129.90,0.7349,-1,-1,-1
342,15,753.30,0.60,46.30,130.10,0.8745,-1,-1,-1
342,9,796.70,132.20,87.30,98.50,0.6450,-1,-1,-1
342,13,1120.40,40.20,58.60,169.30,0.8228,-1,-1,-1
342,49,1449.80,2.40,49.70,137.90,0.8555,-1,-1,-1
342,52,1613.30,111.60,39.50,79.50,0.6167,-1,-1,-1
342,60,1848.70,25.90,56.70,122.90,0.8027,-1,-1,-1
342,6,708.70,138.40,82.40,96.40,0.8726,-1,-1,-1
342,51,1555.70,107.40,67.90,85.10,0.5767,-1,-1,-1
342,50,1578.90,6.90,35.30,94.90,0.5679,-1,-1,-1
342,43,1506.60,19.50,43.00,117.20,0.6245,-1,-1,-1
342,2,933.20,33.80,56.90,187.60,0.8555,-1,-1,-1
342,90,1193.50,126.10,77.20,84.80,0.8638,-1,-1,-1
342,82,1543.90,0.20,41.20,129.20,0.6680,-1,-1,-1
342,35,1055.00,39.00,71.60,147.40,0.7598,-1,-1,-1
342,16,1479.00,8.80,45.20,124.20,0.4543,-1,-1,-1
343,15,753.60,0.50,46.30,130.10,0.8770,-1,-1,-1
343,9,796.30,131.90,87.50,98.50,0.7471,-1,-1,-1
343,13,1113.60,48.60,55.70,160.50,0.8467,-1,-1,-1
343,49,1444.40,4.20,48.90,136.20,0.7769,-1,-1,-1
343,52,1612.60,112.20,39.50,79.10,0.7520,-1,-1,-1
343,60,1855.80,21.50,55.30,121.30,0.5679,-1,-1,-1
343,6,708.80,138.30,82.30,96.20,0.8486,-1,-1,-1
343,51,1552.80,105.90,67.60,86.50,0.6670,-1,-1,-1
343,50,1578.50,6.60,35.50,95.50,0.5908,-1,-1,-1
343,43,1508.90,21.10,43.20,116.60,0.5815,-1,-1,-1
343,2,934.20,33.20,57.20,187.80,0.7583,-1,-1,-1
343,90,1193.80,126.00,77.60,84.50,0.8584,-1,-1,-1
343,82,1546.30,0.20,41.10,128.80,0.5972,-1,-1,-1
343,36,850.90,511.20,273.10,561.00,0.9268,-1,-1,-1
343,64,998.00,38.30,72.80,148.10,0.7974,-1,-1,-1
343,16,1483.70,13.00,42.00,115.00,0.2698,-1,-1,-1
343,12,1816.50,32.00,56.80,122.70,0.7319,-1,-1,-1
343,102,1382.40,3.90,41.90,126.70,0.6758,-1,-1,-1
344,15,753.70,0.50,46.40,130.20,0.8794,-1,-1,-1
344,9,796.00,130.80,88.80,99.60,0.8608,-1,-1,-1
344,13,1102.60,54.30,54.90,155.50,0.8340,-1,-1,-1
344,49,1442.40,5.80,48.30,134.50,0.7988,-1,-1,-1
344,52,1608.90,112.90,40.40,78.40,0.7217,-1,-1,-1
344,60,1851.70,17.80,56.50,122.70,0.7988,-1,-1,-1
344,6,709.20,138.20,82.60,96.60,0.8608,-1,-1,-1
344,51,1551.20,104.80,66.60,86.90,0.2561,-1,-1,-1
344,50,1577.80,2.80,36.70,98.80,0.5557,-1,-1,-1
344,43,1505.90,21.20,44.00,116.30,0.7485,-1,-1,-1
344,2,936.50,34.70,56.90,186.20,0.8169,-1,-1,-1
344,90,1193.40,126.30,77.70,83.80,0.8604,-1,-1,-1
344,82,1546.00,0.30,41.20,128.70,0.6929,-1,-1,-1
344,36,783.80,463.70,269.70,556.50,0.9058,-1,-1,-1
344,16,1483.90,10.80,41.60,114.90,0.2546,-1,-1,-1
344,102,1382.20,3.20,42.00,127.50,0.6968,-1,-1,-1
344,67,1795.90,31.90,52.80,125.40,0.7710,-1,-1,-1
344,75,1495.70,104.50,129.80,89.40,0.4446,-1,-1,-1
345,15,753.80,0.50,46.30,130.20,0.8789,-1,-1,-1
345,9,795.50,130.30,89.20,100.10,0.8296,-1,-1,-1
345,49,1440.90,6.90,47.70,133.40,0.7793,-1,-1,-1
345,52,1608.30,112.60,41.20,78.70,0.7256,-1,-1,-1
345,60,1850.50,18.80,56.30,120.50,0.7305,-1,-1,-1
345,6,709.70,139.50,82.00,95.50,0.8506,-1,-1,-1
345,51,1550.40,103.40,66.70,88.90,0.4407,-1,-1,-1
345,50,1577.70,1.50,36.80,99.70,0.5767,-1,-1,-1
345,43,1500.60,15.60,45.60,120.70,0.5947,-1,-1,-1
345,2,937.70,36.70,56.50,184.10,0.8271,-1,-1,-1
345,90,1192.40,125.20,79.50,85.10,0.7822,-1,-1,-1
345,82,1541.20,0.20,42.50,129.60,0.7017,-1,-1,-1
345,36,698.20,413.70,260.70,540.40,0.9297,-1,-1,-1
345,16,1478.40,6.60,42.40,117.50,0.3218,-1,-1,-1
345,102,1381.50,2.90,42.20,127.70,0.6899,-1,-1,-1
345,67,1773.80,33.00,55.10,124.30,0.7529,-1,-1,-1
345,75,1495.70,103.10,127.90,90.70,0.3657,-1,-1,-1
345,8,1222.60,25.80,46.80,131.80,0.5029,-1,-1,-1
345,35,1062.40,66.00,70.30,146.00,0.8452,-1,-1,-1
346,15,753.70,0.40,46.50,130.40,0.8477,-1,-1,-1
346,9,796.80,131.80,88.30,98.70,0.8384,-1,-1,-1
346,49,1440.40,8.20,47.30,131.90,0.7695,-1,-1,-1
346,52,1608.10,113.00,41.40,77.80,0.6533,-1,-1,-1
346,60,1849.70,18.40,56.80,120.90,0.7583,-1,-1,-1
346,6,709.30,139.40,81.90,95.60,0.8555,-1,-1,-1
346,51,1550.60,103.00,65.80,89.40,0.4688,-1,-1,-1
346,50,1577.60,0.90,37.00,100.20,0.5869,-1,-1,-1
346,43,1499.50,18.40,44.50,117.80,0.6602,-1,-1,-1
346,2,937.50,36.50,56.80,184.40,0.8452,-1,-1,-1
346,90,1193.10,126.70,79.10,83.80,0.8506,-1,-1,-1
346,82,1538.10,0.20,43.50,129.40,0.6943,-1,-1,-1
346,36,639.10,366.50,220.90,457.80,0.8755,-1,-1,-1
346,16,1476.50,8.00,40.60,114.00,0.2056,-1,-1,-1
346,102,1383.50,2.90,41.80,127.40,0.6592,-1,-1,-1
346,67,1758.90,32.50,54.60,126.50,0.6836,-1,-1,-1
346,75,1496.60,102.00,126.00,91.80,0.2998,-1,-1,-1
346,35,1048.50,65.80,70.80,150.10,0.7695,-1,-1,-1
346,14,1122.00,22.80,100.90,156.60,0.8789,-1,-1,-1
347,15,759.50,0.40,34.90,91.30,0.6758,-1,-1,-1
347,9,797.00,131.70,88.60,99.20,0.8745,-1,-1,-1
347,49,1444.20,8.60,48.20,132.30,0.7939,-1,-1,-1
347,52,1605.60,113.40,42.40,77.40,0.7295,-1,-1,-1
347,60,1849.50,18.10,56.90,120.70,0.7407,-1,-1,-1
347,6,708.30,137.60,83.60,97.60,0.6704,-1,-1,-1
347,51,1547.50,104.20,64.00,87.90,0.1871,-1,-1,-1
347,50,1577.60,0.70,36.90,100.40,0.6226,-1,-1,-1
347,43,1500.10,19.10,44.00,116.90,0.6206,-1,-1,-1
347,2,936.30,35.50,57.30,185.20,0.8496,-1,-1,-1
347,90,1193.10,127.20,79.40,83.20,0.8584,-1,-1,-1
347,82,1536.60,0.10,44.50,129.30,0.7202,-1,-1,-1
347,36,581.60,321.60,198.70,414.80,0.8877,-1,-1,-1
347,16,1477.20,9.50,39.10,111.50,0.1246,-1,-1,-1
347,102,1384.30,2.90,41.60,127.40,0.6934,-1,-1,-1
347,75,1497.70,103.00,121.90,91.00,0.5566,-1,-1,-1
347,35,1034.40,62.00,71.60,155.50,0.7471,-1,-1,-1
347,40,1730.50,31.30,54.10,128.80,0.8218,-1,-1,-1
347,13,1085.00,27.50,57.30,156.20,0.8506,-1,-1,-1
348,15,754.30,0.20,45.40,120.00,0.8735,-1,-1,-1
348,9,798.80,133.60,87.20,97.90,0.8516,-1,-1,-1
348,49,1448.20,5.40,50.40,135.60,0.8340,-1,-1,-1
348,52,1606.70,114.00,42.70,76.70,0.7139,-1,-1,-1
348,60,1848.90,16.70,58.00,122.70,0.6611,-1,-1,-1
348,6,708.50,138.50,83.00,96.70,0.8477,-1,-1,-1
348,51,1548.50,103.50,63.00,87.70,0.2637,-1,-1,-1
348,50,1577.50,0.10,37.10,101.10,0.6060,-1,-1,-1
348,43,1496.40,15.10,45.70,120.20,0.6807,-1,-1,-1
348,2,935.10,33.60,58.10,187.30,0.8433,-1,-1,-1
348,90,1192.00,127.40,79.80,82.90,0.8535,-1,-1,-1
348,82,1538.00,0.00,45.00,128.90,0.7065,-1,-1,-1
348,36,525.80,277.20,175.30,367.10,0.8862,-1,-1,-1
348,102,1384.20,3.50,41.30,127.00,0.6460,-1,-1,-1
348,75,1498.50,102.80,119.50,91.10,0.4358,-1,-1,-1
348,35,1032.20,35.40,72.40,161.20,0.6216,-1,-1,-1
348,21,48.10,16.10,93.10,188.00,0.7212,-1,-1,-1
348,12,1436.20,0.50,36.40,119.90,0.6343,-1,-1,-1
348,40,1708.10,33.20,54.50,127.60,0.8101,-1,-1,-1
348,64,1010.20,57.90,75.80,157.50,0.7485,-1,-1,-1
349,15,753.10,0.20,47.70,126.60,0.8677,-1,-1,-1
349,9,800.50,134.50,86.70,97.90,0.8667,-1,-1,-1
349,49,1445.70,5.30,51.40,135.90,0.8218,-1,-1,-1
349,52,1604.60,114.10,43.90,77.10,0.6187,-1,-1,-1
349,60,1848.90,17.30,57.90,121.80,0.7241,-1,-1,-1
349,6,708.60,139.10,82.30,95.80,0.8701,-1,-1,-1
349,51,1549.50,107.70,59.50,83.40,0.1901,-1,-1,-1
349,50,1577.60,0.40,36.90,100.60,0.5688,-1,-1,-1
349,43,1497.30,16.40,45.80,119.60,0.5391,-1,-1,-1
349,2,937.50,33.60,58.80,187.00,0.7104,-1,-1,-1
349,90,1192.20,127.50,80.70,83.00,0.8628,-1,-1,-1
349,82,1533.90,0.00,46.50,129.10,0.5918,-1,-1,-1
349,36,474.60,237.70,165.80,350.70,0.8838,-1,-1,-1
349,102,1383.40,3.30,41.80,127.30,0.6738,-1,-1,-1
349,75,1502.60,108.60,111.10,85.50,0.4504,-1,-1,-1
349,21,75.50,9.10,91.00,184.80,0.7456,-1,-1,-1
349,12,1436.30,0.40,35.90,118.30,0.4941,-1,-1,-1
349,40,1686.10,33.60,54.90,129.00,0.7939,-1,-1,-1
349,64,998.30,58.80,75.30,158.50,0.7949,-1,-1,-1
350,15,752.70,0.20,48.60,129.60,0.8667,-1,-1,-1
350,9,800.60,134.40,86.50,98.10,0.8638,-1,-1,-1
350,49,1444.70,6.80,51.70,134.40,0.8125,-1,-1,-1
350,52,1605.40,113.20,45.20,77.80,0.7007,-1,-1,-1
350,60,1847.70,16.70,58.40,122.60,0.6582,-1,-1,-1
350,6,709.20,139.50,82.30,95.70,0.8721,-1,-1,-1
350,51,1549.30,105.00,61.50,87.00,0.3040,-1,-1,-1
350,50,1577.70,0.20,36.70,100.60,0.6143,-1,-1,-1
350,43,1498.10,19.00,44.90,118.00,0.4397,-1,-1,-1
350,2,934.90,34.50,58.20,185.30,0.8125,-1,-1,-1
350,90,1191.70,127.50,81.20,82.90,0.8677,-1,-1,-1
350,82,1535.20,0.00,47.40,129.80,0.6133,-1,-1,-1
350,36,432.00,204.10,150.30,320.90,0.8628,-1,-1,-1
350,102,1382.70,3.10,41.80,127.40,0.6816,-1,-1,-1
350,75,1502.20,104.70,113.90,89.20,0.2622,-1,-1,-1
350,21,108.80,6.30,87.80,179.00,0.8359,-1,-1,-1
350,12,1435.80,1.00,35.70,117.20,0.4941,-1,-1,-1
350,40,1665.30,33.40,54.90,129.50,0.7964,-1,-1,-1
350,64,983.90,58.80,74.50,159.30,0.8433,-1,-1,-1
